ARM GAS  C:\Users\Antonio\AppData\Local\Temp\ccFL4Qk9.s 			page 1


   1              		.arch armv8.1-m.main
   2              		.fpu fpv5-d16
   3              		.arch_extension dsp
   4              		.arch_extension fp
   5              		.arch_extension fp.dp
   6              		.arch_extension mve
   7              		.arch_extension mve.fp
   8              		.eabi_attribute 5, "cortex-m55"
   9              		.eabi_attribute 28, 1
  10              		.eabi_attribute 20, 1
  11              		.eabi_attribute 21, 1
  12              		.eabi_attribute 23, 3
  13              		.eabi_attribute 24, 1
  14              		.eabi_attribute 25, 1
  15              		.eabi_attribute 26, 1
  16              		.eabi_attribute 30, 4
  17              		.eabi_attribute 34, 1
  18              		.eabi_attribute 38, 1
  19              		.eabi_attribute 18, 4
  20              		.file	"ninja_fruit_game.c"
  21              		.text
  22              	.Ltext0:
  23              		.cfi_sections	.debug_frame
  24              		.file 1 "Src/ninja_fruit_game.c"
  25              		.section	.text.ShowModeMessage,"ax",%progbits
  26              		.align	1
  27              		.syntax unified
  28              		.thumb
  29              		.thumb_func
  31              	ShowModeMessage:
  32              	.LVL0:
  33              	.LFB3357:
   1:Src/ninja_fruit_game.c **** 
   2:Src/ninja_fruit_game.c **** /**
   3:Src/ninja_fruit_game.c ****  ******************************************************************************
   4:Src/ninja_fruit_game.c ****  * @file    ninja_fruit_game.c
   5:Src/ninja_fruit_game.c ****  * @author  Antonio Mendoza
   6:Src/ninja_fruit_game.c ****  * @brief   Ninja Fruit Game Implementation
   7:Src/ninja_fruit_game.c ****  ******************************************************************************
   8:Src/ninja_fruit_game.c ****  */
   9:Src/ninja_fruit_game.c **** 
  10:Src/ninja_fruit_game.c **** #include "ninja_fruit_game.h"
  11:Src/ninja_fruit_game.c **** #include "utils.h"
  12:Src/ninja_fruit_game.c **** #include "stm32n6570_discovery.h"
  13:Src/ninja_fruit_game.c **** #include "cmw_camera.h"
  14:Src/ninja_fruit_game.c **** #include <stdlib.h>
  15:Src/ninja_fruit_game.c **** #include <math.h>
  16:Src/ninja_fruit_game.c **** 
  17:Src/ninja_fruit_game.c **** 
  18:Src/ninja_fruit_game.c **** #define SCREEN_WIDTH 800
  19:Src/ninja_fruit_game.c **** #define SCREEN_HEIGHT 480
  20:Src/ninja_fruit_game.c **** 
  21:Src/ninja_fruit_game.c **** // Fruit colors
  22:Src/ninja_fruit_game.c **** static const uint32_t fruit_colors[FRUIT_TYPES_COUNT] = {
  23:Src/ninja_fruit_game.c ****     UTIL_LCD_COLOR_RED,     // Apple
  24:Src/ninja_fruit_game.c ****     UTIL_LCD_COLOR_ORANGE,  // Orange
  25:Src/ninja_fruit_game.c ****     UTIL_LCD_COLOR_YELLOW,  // Banana
ARM GAS  C:\Users\Antonio\AppData\Local\Temp\ccFL4Qk9.s 			page 2


  26:Src/ninja_fruit_game.c ****     0xFFFF8080              // Strawberry (pink)
  27:Src/ninja_fruit_game.c **** };
  28:Src/ninja_fruit_game.c **** 
  29:Src/ninja_fruit_game.c **** // Fruit names for display
  30:Src/ninja_fruit_game.c **** static const char* fruit_names[FRUIT_TYPES_COUNT] = {
  31:Src/ninja_fruit_game.c ****     "Apple", "Orange", "Banana", "Berry"
  32:Src/ninja_fruit_game.c **** };
  33:Src/ninja_fruit_game.c **** 
  34:Src/ninja_fruit_game.c **** 
  35:Src/ninja_fruit_game.c **** static uint32_t last_mode_toggle = 0;
  36:Src/ninja_fruit_game.c **** static void CheckModeToggle(NinjaGame_t *game)
  37:Src/ninja_fruit_game.c **** {
  38:Src/ninja_fruit_game.c ****     uint32_t now = HAL_GetTick();
  39:Src/ninja_fruit_game.c **** 
  40:Src/ninja_fruit_game.c ****     if ((!game->game_started && !game->game_over) || game->game_over)
  41:Src/ninja_fruit_game.c ****     {
  42:Src/ninja_fruit_game.c ****         if ((BSP_PB_GetState(BUTTON_USER1) == GPIO_PIN_SET) &&
  43:Src/ninja_fruit_game.c ****             (now - last_mode_toggle > 300))
  44:Src/ninja_fruit_game.c ****         {
  45:Src/ninja_fruit_game.c ****             game->mode = (game->mode == NINJA_MODE_SLICE) ? NINJA_MODE_POP : NINJA_MODE_SLICE;
  46:Src/ninja_fruit_game.c ****             last_mode_toggle = now;
  47:Src/ninja_fruit_game.c ****         }
  48:Src/ninja_fruit_game.c ****     }
  49:Src/ninja_fruit_game.c **** }
  50:Src/ninja_fruit_game.c **** 
  51:Src/ninja_fruit_game.c **** 
  52:Src/ninja_fruit_game.c **** 
  53:Src/ninja_fruit_game.c **** void NinjaGame_Init(NinjaGame_t *game)
  54:Src/ninja_fruit_game.c **** {
  55:Src/ninja_fruit_game.c ****     memset(game, 0, sizeof(NinjaGame_t));
  56:Src/ninja_fruit_game.c **** 
  57:Src/ninja_fruit_game.c ****     // Initialize all fruits as inactive with no special effects
  58:Src/ninja_fruit_game.c ****        for (int i = 0; i < MAX_FRUITS; i++) {
  59:Src/ninja_fruit_game.c ****            game->fruits[i].state = FRUIT_STATE_INACTIVE;
  60:Src/ninja_fruit_game.c ****            game->fruits[i].effect = FRUIT_EFFECT_NONE;
  61:Src/ninja_fruit_game.c ****        }
  62:Src/ninja_fruit_game.c **** 
  63:Src/ninja_fruit_game.c ****     game->spawn_rate_multiplier = 1.0f;
  64:Src/ninja_fruit_game.c ****     game->level = 1;
  65:Src/ninja_fruit_game.c ****     game->mode = NINJA_MODE_SLICE;
  66:Src/ninja_fruit_game.c ****     game->mirror_mode_active = 0;
  67:Src/ninja_fruit_game.c ****     game->mode_message_end_time = 0;
  68:Src/ninja_fruit_game.c ****     game->mode_message[0] = '\0';
  69:Src/ninja_fruit_game.c ****     game->prev_nose_mode = 0;
  70:Src/ninja_fruit_game.c ****     game->prev_mirror_mode = 0;
  71:Src/ninja_fruit_game.c ****     CMW_CAMERA_SetMirrorFlip(CMW_MIRRORFLIP_NONE);
  72:Src/ninja_fruit_game.c **** 
  73:Src/ninja_fruit_game.c **** }
  74:Src/ninja_fruit_game.c **** 
  75:Src/ninja_fruit_game.c **** void NinjaGame_Update(NinjaGame_t *game, GestureDetector_t *gesture_detector, spe_pp_outBuffer_t *k
  76:Src/ninja_fruit_game.c **** {
  77:Src/ninja_fruit_game.c ****     uint32_t current_time = HAL_GetTick();
  78:Src/ninja_fruit_game.c ****     CheckModeToggle(game);
  79:Src/ninja_fruit_game.c **** 
  80:Src/ninja_fruit_game.c ****     if (game->mirror_mode_active && current_time >= game->mirror_mode_end_time) {
  81:Src/ninja_fruit_game.c ****         CMW_CAMERA_SetMirrorFlip(CMW_MIRRORFLIP_NONE);
  82:Src/ninja_fruit_game.c ****         game->mirror_mode_active = 0;
ARM GAS  C:\Users\Antonio\AppData\Local\Temp\ccFL4Qk9.s 			page 3


  83:Src/ninja_fruit_game.c ****     }
  84:Src/ninja_fruit_game.c ****     // Start game on first gesture detection
  85:Src/ninja_fruit_game.c ****     if (!game->game_started && !game->game_over) {
  86:Src/ninja_fruit_game.c ****         GestureType_t current_gesture = Gesture_GetCurrentDisplayGesture(gesture_detector);
  87:Src/ninja_fruit_game.c ****         if (current_gesture != GESTURE_NONE) {
  88:Src/ninja_fruit_game.c ****             game->game_started = 1;
  89:Src/ninja_fruit_game.c ****             game->game_start_time = current_time;
  90:Src/ninja_fruit_game.c ****         }
  91:Src/ninja_fruit_game.c ****         return;
  92:Src/ninja_fruit_game.c ****     }
  93:Src/ninja_fruit_game.c **** 
  94:Src/ninja_fruit_game.c ****     if (game->game_over) {
  95:Src/ninja_fruit_game.c ****         // Check for restart gesture
  96:Src/ninja_fruit_game.c ****         GestureType_t current_gesture = Gesture_GetCurrentDisplayGesture(gesture_detector);
  97:Src/ninja_fruit_game.c ****         if (current_gesture != GESTURE_NONE) {
  98:Src/ninja_fruit_game.c ****             NinjaGame_Reset(game);
  99:Src/ninja_fruit_game.c ****         }
 100:Src/ninja_fruit_game.c ****         return;
 101:Src/ninja_fruit_game.c ****     }
 102:Src/ninja_fruit_game.c **** 
 103:Src/ninja_fruit_game.c ****     // Update difficulty based on time played
 104:Src/ninja_fruit_game.c ****     uint32_t game_time = current_time - game->game_start_time;
 105:Src/ninja_fruit_game.c ****     game->level = (game_time / 30000) + 1; // Increase level every 30 seconds
 106:Src/ninja_fruit_game.c ****     game->spawn_rate_multiplier = 1.0f + (game->level - 1) * 0.3f;
 107:Src/ninja_fruit_game.c **** 
 108:Src/ninja_fruit_game.c ****     // Spawn new fruits
 109:Src/ninja_fruit_game.c ****     uint32_t spawn_interval = FRUIT_SPAWN_INTERVAL / game->spawn_rate_multiplier;
 110:Src/ninja_fruit_game.c ****     if (current_time - game->last_spawn_time > spawn_interval) {
 111:Src/ninja_fruit_game.c ****         SpawnFruit(game);
 112:Src/ninja_fruit_game.c ****         game->last_spawn_time = current_time;
 113:Src/ninja_fruit_game.c ****     }
 114:Src/ninja_fruit_game.c **** 
 115:Src/ninja_fruit_game.c ****     // Update existing fruits
 116:Src/ninja_fruit_game.c ****     UpdateFruits(game);
 117:Src/ninja_fruit_game.c **** 
 118:Src/ninja_fruit_game.c ****     if (game->mode == NINJA_MODE_SLICE) {
 119:Src/ninja_fruit_game.c ****             // Check for slicing gestures
 120:Src/ninja_fruit_game.c ****             GestureType_t detected_gesture = Gesture_GetCurrentDisplayGesture(gesture_detector);
 121:Src/ninja_fruit_game.c **** 
 122:Src/ninja_fruit_game.c ****             if (detected_gesture == GESTURE_LEFT_ARM_SWIPE_LEFT ||
 123:Src/ninja_fruit_game.c ****                 detected_gesture == GESTURE_LEFT_ARM_SWIPE_RIGHT ||
 124:Src/ninja_fruit_game.c ****                 detected_gesture == GESTURE_RIGHT_ARM_SWIPE_LEFT ||
 125:Src/ninja_fruit_game.c ****                 detected_gesture == GESTURE_RIGHT_ARM_SWIPE_RIGHT ||
 126:Src/ninja_fruit_game.c ****                 detected_gesture == GESTURE_SWORD_OVERHEAD_STRIKE ||
 127:Src/ninja_fruit_game.c ****                 detected_gesture == GESTURE_SWORD_SIDE_SLASH) {
 128:Src/ninja_fruit_game.c **** 
 129:Src/ninja_fruit_game.c ****                 // Create swipe trajectory from wrist movement
 130:Src/ninja_fruit_game.c ****                 SwipeTrajectory_t swipe = {0};
 131:Src/ninja_fruit_game.c **** 
 132:Src/ninja_fruit_game.c ****                 // Get current wrist position
 133:Src/ninja_fruit_game.c ****                 if (detected_gesture == GESTURE_LEFT_ARM_SWIPE_LEFT || detected_gesture == GESTURE_
 134:Src/ninja_fruit_game.c ****                     swipe.end_x = keypoints[KEYPOINT_LEFT_WRIST].x_center;
 135:Src/ninja_fruit_game.c ****                     swipe.end_y = keypoints[KEYPOINT_LEFT_WRIST].y_center;
 136:Src/ninja_fruit_game.c ****                 } else {
 137:Src/ninja_fruit_game.c ****                     swipe.end_x = keypoints[KEYPOINT_RIGHT_WRIST].x_center;
 138:Src/ninja_fruit_game.c ****                     swipe.end_y = keypoints[KEYPOINT_RIGHT_WRIST].y_center;
 139:Src/ninja_fruit_game.c ****                 }
ARM GAS  C:\Users\Antonio\AppData\Local\Temp\ccFL4Qk9.s 			page 4


 140:Src/ninja_fruit_game.c ****                 // Estimate start position based on gesture direction
 141:Src/ninja_fruit_game.c ****                            float32_t dx = (detected_gesture == GESTURE_LEFT_ARM_SWIPE_RIGHT ||
 142:Src/ninja_fruit_game.c ****                                           detected_gesture == GESTURE_RIGHT_ARM_SWIPE_RIGHT) ? -0.2
 143:Src/ninja_fruit_game.c ****                            float32_t dy = (detected_gesture == GESTURE_SWORD_OVERHEAD_STRIKE) ? -0.
 144:Src/ninja_fruit_game.c **** 		      swipe.start_x = swipe.end_x + dx;
 145:Src/ninja_fruit_game.c **** 			  swipe.start_y = swipe.end_y + dy;
 146:Src/ninja_fruit_game.c **** 			  swipe.timestamp = current_time;
 147:Src/ninja_fruit_game.c **** 			  swipe.active = 1;
 148:Src/ninja_fruit_game.c **** 			  CheckSlices(game, &swipe);
 149:Src/ninja_fruit_game.c ****         }
 150:Src/ninja_fruit_game.c ****     	} else {
 151:Src/ninja_fruit_game.c ****             // Pop mode: check if wrists are inside fruit circles
 152:Src/ninja_fruit_game.c ****             CheckBubblePops(game, keypoints);
 153:Src/ninja_fruit_game.c ****         }
 154:Src/ninja_fruit_game.c **** 
 155:Src/ninja_fruit_game.c **** 
 156:Src/ninja_fruit_game.c ****     // Check game over condition
 157:Src/ninja_fruit_game.c ****     if (game->missed_count >= MAX_MISSED_FRUITS) {
 158:Src/ninja_fruit_game.c ****         game->game_over = 1;
 159:Src/ninja_fruit_game.c ****     }
 160:Src/ninja_fruit_game.c ****     uint8_t nose_now = (current_time < game->nose_mode_end_time);
 161:Src/ninja_fruit_game.c ****      uint8_t mirror_now = (current_time < game->mirror_mode_end_time);
 162:Src/ninja_fruit_game.c ****      if (nose_now && !game->prev_nose_mode) {
 163:Src/ninja_fruit_game.c ****          ShowModeMessage(game, "NOSE MODE");
 164:Src/ninja_fruit_game.c ****      }
 165:Src/ninja_fruit_game.c ****      if (mirror_now && !game->prev_mirror_mode) {
 166:Src/ninja_fruit_game.c ****          ShowModeMessage(game, "MIRROR MODE");
 167:Src/ninja_fruit_game.c ****      }
 168:Src/ninja_fruit_game.c ****      if (!nose_now && !mirror_now && (game->prev_nose_mode || game->prev_mirror_mode)) {
 169:Src/ninja_fruit_game.c ****          ShowModeMessage(game, "NORMAL MODE");
 170:Src/ninja_fruit_game.c ****      }
 171:Src/ninja_fruit_game.c ****      game->prev_nose_mode = nose_now;
 172:Src/ninja_fruit_game.c ****      game->prev_mirror_mode = mirror_now;
 173:Src/ninja_fruit_game.c **** }
 174:Src/ninja_fruit_game.c **** 
 175:Src/ninja_fruit_game.c **** static void SpawnFruit(NinjaGame_t *game)
 176:Src/ninja_fruit_game.c **** {
 177:Src/ninja_fruit_game.c ****     // Find inactive fruit slot
 178:Src/ninja_fruit_game.c ****     for (int i = 0; i < MAX_FRUITS; i++) {
 179:Src/ninja_fruit_game.c ****         if (game->fruits[i].state == FRUIT_STATE_INACTIVE) {
 180:Src/ninja_fruit_game.c ****             Fruit_t *fruit = &game->fruits[i];
 181:Src/ninja_fruit_game.c **** 
 182:Src/ninja_fruit_game.c ****             // Random spawn position at top of screen
 183:Src/ninja_fruit_game.c ****             fruit->x = 0.25f + (rand() % 500) / 1000.0f; // Random X between 0.1 and 0.9
 184:Src/ninja_fruit_game.c ****             fruit->y = 0.03 + (FRUIT_SIZE/2)/SCREEN_HEIGHT;
 185:Src/ninja_fruit_game.c **** 
 186:Src/ninja_fruit_game.c ****             // Random horizontal drift
 187:Src/ninja_fruit_game.c ****             fruit->velocity_x = ((rand() % 100) - 50) / 10000.0f; // Small horizontal movement
 188:Src/ninja_fruit_game.c ****             fruit->velocity_y = FRUIT_FALL_SPEED + ((rand() % 50) / 1000.0f); // Random fall speed 
 189:Src/ninja_fruit_game.c **** 
 190:Src/ninja_fruit_game.c ****             // Random fruit type
 191:Src/ninja_fruit_game.c ****             fruit->type = rand() % FRUIT_TYPES_COUNT;
 192:Src/ninja_fruit_game.c ****             fruit->state = FRUIT_STATE_FALLING;
 193:Src/ninja_fruit_game.c ****             fruit->effect = FRUIT_EFFECT_NONE;
 194:Src/ninja_fruit_game.c ****             // Occasionally spawn special fruits with effects
 195:Src/ninja_fruit_game.c ****             if (rand() % 20 == 0) { // ~5% chance
 196:Src/ninja_fruit_game.c ****                 fruit->effect = (rand() % 2) ? FRUIT_EFFECT_NOSE_MODE : FRUIT_EFFECT_MIRROR_MODE;
ARM GAS  C:\Users\Antonio\AppData\Local\Temp\ccFL4Qk9.s 			page 5


 197:Src/ninja_fruit_game.c ****                 fruit->effect = FRUIT_EFFECT_NOSE_MODE;
 198:Src/ninja_fruit_game.c ****             }
 199:Src/ninja_fruit_game.c ****             fruit->spawn_time = HAL_GetTick();
 200:Src/ninja_fruit_game.c **** 
 201:Src/ninja_fruit_game.c ****             break;
 202:Src/ninja_fruit_game.c ****         }
 203:Src/ninja_fruit_game.c ****     }
 204:Src/ninja_fruit_game.c **** }
 205:Src/ninja_fruit_game.c **** 
 206:Src/ninja_fruit_game.c **** static void UpdateFruits(NinjaGame_t *game)
 207:Src/ninja_fruit_game.c **** {
 208:Src/ninja_fruit_game.c ****     uint32_t current_time = HAL_GetTick();
 209:Src/ninja_fruit_game.c ****     float32_t dt = 0.016f; // Assuming ~60fps update rate
 210:Src/ninja_fruit_game.c **** 
 211:Src/ninja_fruit_game.c ****     for (int i = 0; i < MAX_FRUITS; i++) {
 212:Src/ninja_fruit_game.c ****         Fruit_t *fruit = &game->fruits[i];
 213:Src/ninja_fruit_game.c **** 
 214:Src/ninja_fruit_game.c ****         if (fruit->state == FRUIT_STATE_FALLING) {
 215:Src/ninja_fruit_game.c ****             // Update position
 216:Src/ninja_fruit_game.c ****             fruit->y += fruit->velocity_y * dt;
 217:Src/ninja_fruit_game.c ****             fruit->x += fruit->velocity_x * dt;
 218:Src/ninja_fruit_game.c **** 
 219:Src/ninja_fruit_game.c ****             // Check if fruit fell off screen
 220:Src/ninja_fruit_game.c ****             if (fruit->y > (0.98- (FRUIT_SIZE/2)/SCREEN_HEIGHT)) {
 221:Src/ninja_fruit_game.c ****                 fruit->state = FRUIT_STATE_MISSED;
 222:Src/ninja_fruit_game.c ****                 game->missed_count++;
 223:Src/ninja_fruit_game.c ****             }
 224:Src/ninja_fruit_game.c ****         }
 225:Src/ninja_fruit_game.c ****         else if (fruit->state == FRUIT_STATE_SLICED) {
 226:Src/ninja_fruit_game.c ****             // Remove sliced fruits after animation time
 227:Src/ninja_fruit_game.c ****             if (current_time - fruit->slice_time > SLICE_ANIMATION_TIME) {
 228:Src/ninja_fruit_game.c ****                 fruit->state = FRUIT_STATE_INACTIVE;
 229:Src/ninja_fruit_game.c ****             }
 230:Src/ninja_fruit_game.c ****         }
 231:Src/ninja_fruit_game.c ****         else if (fruit->state == FRUIT_STATE_MISSED) {
 232:Src/ninja_fruit_game.c ****             // Remove missed fruits immediately
 233:Src/ninja_fruit_game.c ****             fruit->state = FRUIT_STATE_INACTIVE;
 234:Src/ninja_fruit_game.c ****         }
 235:Src/ninja_fruit_game.c ****     }
 236:Src/ninja_fruit_game.c **** }
 237:Src/ninja_fruit_game.c **** 
 238:Src/ninja_fruit_game.c **** static void CheckSlices(NinjaGame_t *game, SwipeTrajectory_t *swipe)
 239:Src/ninja_fruit_game.c **** {
 240:Src/ninja_fruit_game.c ****     if (!swipe->active) return;
 241:Src/ninja_fruit_game.c **** 
 242:Src/ninja_fruit_game.c ****     for (int i = 0; i < MAX_FRUITS; i++) {
 243:Src/ninja_fruit_game.c ****         Fruit_t *fruit = &game->fruits[i];
 244:Src/ninja_fruit_game.c **** 
 245:Src/ninja_fruit_game.c ****         if (fruit->state == FRUIT_STATE_FALLING) {
 246:Src/ninja_fruit_game.c ****             // Check if swipe line intersects with fruit circle
 247:Src/ninja_fruit_game.c ****             float32_t radius = FRUIT_SIZE / 2.0f / 800.0f; // Normalized radius
 248:Src/ninja_fruit_game.c **** 
 249:Src/ninja_fruit_game.c ****             if (LineIntersectsCircle(swipe->start_x, swipe->start_y,
 250:Src/ninja_fruit_game.c ****                                    swipe->end_x, swipe->end_y,
 251:Src/ninja_fruit_game.c ****                                    fruit->x, fruit->y, radius)) {
 252:Src/ninja_fruit_game.c **** 
 253:Src/ninja_fruit_game.c ****                 // Fruit sliced!
ARM GAS  C:\Users\Antonio\AppData\Local\Temp\ccFL4Qk9.s 			page 6


 254:Src/ninja_fruit_game.c ****                 fruit->state = FRUIT_STATE_SLICED;
 255:Src/ninja_fruit_game.c ****                 fruit->slice_time = HAL_GetTick();
 256:Src/ninja_fruit_game.c ****                 fruit->slice_direction = (swipe->end_x > swipe->start_x) ? 1 : 0;
 257:Src/ninja_fruit_game.c **** 
 258:Src/ninja_fruit_game.c ****                 // Increase score based on fruit type and level
 259:Src/ninja_fruit_game.c ****                 uint32_t base_score = 10;
 260:Src/ninja_fruit_game.c ****                 switch (fruit->type) {
 261:Src/ninja_fruit_game.c ****                     case FRUIT_APPLE: base_score = 10; break;
 262:Src/ninja_fruit_game.c ****                     case FRUIT_ORANGE: base_score = 15; break;
 263:Src/ninja_fruit_game.c ****                     case FRUIT_BANANA: base_score = 20; break;
 264:Src/ninja_fruit_game.c ****                     case FRUIT_STRAWBERRY: base_score = 25; break;
 265:Src/ninja_fruit_game.c ****                 }
 266:Src/ninja_fruit_game.c **** 
 267:Src/ninja_fruit_game.c ****                 game->score += base_score * game->level;
 268:Src/ninja_fruit_game.c ****                 // Activate special modes if this was a special fruit
 269:Src/ninja_fruit_game.c ****                 if (fruit->effect == FRUIT_EFFECT_NOSE_MODE) {
 270:Src/ninja_fruit_game.c ****                     game->nose_mode_end_time = HAL_GetTick() + SPECIAL_MODE_DURATION;
 271:Src/ninja_fruit_game.c ****                 } else if (fruit->effect == FRUIT_EFFECT_MIRROR_MODE) {
 272:Src/ninja_fruit_game.c ****                     game->mirror_mode_end_time = HAL_GetTick() + SPECIAL_MODE_DURATION;
 273:Src/ninja_fruit_game.c ****                     if (!game->mirror_mode_active) {
 274:Src/ninja_fruit_game.c ****                         CMW_CAMERA_SetMirrorFlip(CMW_MIRRORFLIP_MIRROR);
 275:Src/ninja_fruit_game.c ****                         game->mirror_mode_active = 1;
 276:Src/ninja_fruit_game.c ****                     }
 277:Src/ninja_fruit_game.c ****                 }
 278:Src/ninja_fruit_game.c ****             }
 279:Src/ninja_fruit_game.c ****         }
 280:Src/ninja_fruit_game.c ****     }
 281:Src/ninja_fruit_game.c **** }
 282:Src/ninja_fruit_game.c **** 
 283:Src/ninja_fruit_game.c **** static void CheckBubblePops(NinjaGame_t *game, spe_pp_outBuffer_t *keypoints)
 284:Src/ninja_fruit_game.c **** {
 285:Src/ninja_fruit_game.c **** 
 286:Src/ninja_fruit_game.c ****     float32_t radius = FRUIT_SIZE / 2.0f / 800.0f;
 287:Src/ninja_fruit_game.c ****     float32_t radius_sq = radius * radius;
 288:Src/ninja_fruit_game.c ****     uint8_t nose_mode = (HAL_GetTick() < game->nose_mode_end_time);
 289:Src/ninja_fruit_game.c **** 
 290:Src/ninja_fruit_game.c ****     for (int i = 0; i < MAX_FRUITS; i++) {
 291:Src/ninja_fruit_game.c ****         Fruit_t *fruit = &game->fruits[i];
 292:Src/ninja_fruit_game.c **** 
 293:Src/ninja_fruit_game.c ****         if (fruit->state == FRUIT_STATE_FALLING) {
 294:Src/ninja_fruit_game.c ****         	uint8_t popped = 0;
 295:Src/ninja_fruit_game.c **** 			if (nose_mode) {
 296:Src/ninja_fruit_game.c **** 				float32_t nx = keypoints[KEYPOINT_NOSE].x_center;
 297:Src/ninja_fruit_game.c **** 				float32_t ny = keypoints[KEYPOINT_NOSE].y_center;
 298:Src/ninja_fruit_game.c **** 				float32_t dx = nx - fruit->x;
 299:Src/ninja_fruit_game.c **** 				float32_t dy = ny - fruit->y;
 300:Src/ninja_fruit_game.c **** 				float32_t dist_nose_sq = dx * dx + dy * dy;
 301:Src/ninja_fruit_game.c **** 				if (dist_nose_sq <= radius_sq) {
 302:Src/ninja_fruit_game.c **** 					popped = 1;
 303:Src/ninja_fruit_game.c **** 				}
 304:Src/ninja_fruit_game.c **** 			} else {
 305:Src/ninja_fruit_game.c **** 				float32_t lx = keypoints[KEYPOINT_LEFT_WRIST].x_center;
 306:Src/ninja_fruit_game.c **** 				float32_t ly = keypoints[KEYPOINT_LEFT_WRIST].y_center;
 307:Src/ninja_fruit_game.c **** 				float32_t rx = keypoints[KEYPOINT_RIGHT_WRIST].x_center;
 308:Src/ninja_fruit_game.c **** 				float32_t ry = keypoints[KEYPOINT_RIGHT_WRIST].y_center;
 309:Src/ninja_fruit_game.c **** 				float32_t dx = lx - fruit->x;
 310:Src/ninja_fruit_game.c **** 				float32_t dy = ly - fruit->y;
ARM GAS  C:\Users\Antonio\AppData\Local\Temp\ccFL4Qk9.s 			page 7


 311:Src/ninja_fruit_game.c **** 				float32_t dist_left_sq = dx * dx + dy * dy;
 312:Src/ninja_fruit_game.c **** 
 313:Src/ninja_fruit_game.c **** 				dx = rx - fruit->x;
 314:Src/ninja_fruit_game.c **** 				dy = ry - fruit->y;
 315:Src/ninja_fruit_game.c **** 				float32_t dist_right_sq = dx * dx + dy * dy;
 316:Src/ninja_fruit_game.c **** 
 317:Src/ninja_fruit_game.c **** 				if (dist_left_sq <= radius_sq || dist_right_sq <= radius_sq) {
 318:Src/ninja_fruit_game.c **** 					popped = 1;
 319:Src/ninja_fruit_game.c **** 				}
 320:Src/ninja_fruit_game.c **** 			}
 321:Src/ninja_fruit_game.c **** 			if (popped) {
 322:Src/ninja_fruit_game.c ****                 fruit->state = FRUIT_STATE_SLICED;
 323:Src/ninja_fruit_game.c ****                 fruit->slice_time = HAL_GetTick();
 324:Src/ninja_fruit_game.c ****                 fruit->slice_direction = 0;
 325:Src/ninja_fruit_game.c **** 
 326:Src/ninja_fruit_game.c ****                 uint32_t base_score = 10;
 327:Src/ninja_fruit_game.c ****                 switch (fruit->type) {
 328:Src/ninja_fruit_game.c ****                     case FRUIT_APPLE: base_score = 10; break;
 329:Src/ninja_fruit_game.c ****                     case FRUIT_ORANGE: base_score = 15; break;
 330:Src/ninja_fruit_game.c ****                     case FRUIT_BANANA: base_score = 20; break;
 331:Src/ninja_fruit_game.c ****                     case FRUIT_STRAWBERRY: base_score = 25; break;
 332:Src/ninja_fruit_game.c ****                 }
 333:Src/ninja_fruit_game.c ****                 game->score += base_score * game->level;
 334:Src/ninja_fruit_game.c ****                 // Activate special effects if any
 335:Src/ninja_fruit_game.c ****                 if (fruit->effect == FRUIT_EFFECT_NOSE_MODE) {
 336:Src/ninja_fruit_game.c ****                     game->nose_mode_end_time = HAL_GetTick() + SPECIAL_MODE_DURATION;
 337:Src/ninja_fruit_game.c ****                 } else if (fruit->effect == FRUIT_EFFECT_MIRROR_MODE) {
 338:Src/ninja_fruit_game.c ****                     game->mirror_mode_end_time = HAL_GetTick() + SPECIAL_MODE_DURATION;
 339:Src/ninja_fruit_game.c ****                     if (!game->mirror_mode_active) {
 340:Src/ninja_fruit_game.c ****                         CMW_CAMERA_SetMirrorFlip(CMW_MIRRORFLIP_MIRROR);
 341:Src/ninja_fruit_game.c ****                         game->mirror_mode_active = 1;
 342:Src/ninja_fruit_game.c ****                     }
 343:Src/ninja_fruit_game.c ****                 }
 344:Src/ninja_fruit_game.c ****             }
 345:Src/ninja_fruit_game.c ****         }
 346:Src/ninja_fruit_game.c ****     }
 347:Src/ninja_fruit_game.c **** }
 348:Src/ninja_fruit_game.c **** 
 349:Src/ninja_fruit_game.c **** 
 350:Src/ninja_fruit_game.c **** static uint8_t LineIntersectsCircle(float32_t x1, float32_t y1, float32_t x2, float32_t y2,
 351:Src/ninja_fruit_game.c ****                                    float32_t cx, float32_t cy, float32_t radius)
 352:Src/ninja_fruit_game.c **** {
 353:Src/ninja_fruit_game.c ****     // Calculate distance from circle center to line segment
 354:Src/ninja_fruit_game.c ****     float32_t dx = x2 - x1;
 355:Src/ninja_fruit_game.c ****     float32_t dy = y2 - y1;
 356:Src/ninja_fruit_game.c ****     float32_t length = sqrtf(dx*dx + dy*dy);
 357:Src/ninja_fruit_game.c **** 
 358:Src/ninja_fruit_game.c ****     if (length < 0.001f) return 0; // Degenerate line
 359:Src/ninja_fruit_game.c **** 
 360:Src/ninja_fruit_game.c ****     // Normalize direction vector
 361:Src/ninja_fruit_game.c ****     dx /= length;
 362:Src/ninja_fruit_game.c ****     dy /= length;
 363:Src/ninja_fruit_game.c **** 
 364:Src/ninja_fruit_game.c ****     // Vector from line start to circle center
 365:Src/ninja_fruit_game.c ****     float32_t fx = cx - x1;
 366:Src/ninja_fruit_game.c ****     float32_t fy = cy - y1;
 367:Src/ninja_fruit_game.c **** 
ARM GAS  C:\Users\Antonio\AppData\Local\Temp\ccFL4Qk9.s 			page 8


 368:Src/ninja_fruit_game.c ****     // Project circle center onto line
 369:Src/ninja_fruit_game.c ****     float32_t t = fx * dx + fy * dy;
 370:Src/ninja_fruit_game.c **** 
 371:Src/ninja_fruit_game.c ****     // Clamp to line segment
 372:Src/ninja_fruit_game.c ****     if (t < 0) t = 0;
 373:Src/ninja_fruit_game.c ****     if (t > length) t = length;
 374:Src/ninja_fruit_game.c **** 
 375:Src/ninja_fruit_game.c ****     // Find closest point on line segment
 376:Src/ninja_fruit_game.c ****     float32_t closest_x = x1 + t * dx;
 377:Src/ninja_fruit_game.c ****     float32_t closest_y = y1 + t * dy;
 378:Src/ninja_fruit_game.c **** 
 379:Src/ninja_fruit_game.c ****     // Check distance to circle
 380:Src/ninja_fruit_game.c ****     float32_t dist_sq = (cx - closest_x) * (cx - closest_x) + (cy - closest_y) * (cy - closest_y);
 381:Src/ninja_fruit_game.c **** 
 382:Src/ninja_fruit_game.c ****     return dist_sq <= (radius * radius);
 383:Src/ninja_fruit_game.c **** }
 384:Src/ninja_fruit_game.c **** 
 385:Src/ninja_fruit_game.c **** void NinjaGame_Render(NinjaGame_t *game)
 386:Src/ninja_fruit_game.c **** {
 387:Src/ninja_fruit_game.c ****     uint32_t screen_width = SCREEN_WIDTH;
 388:Src/ninja_fruit_game.c ****     uint32_t screen_height = SCREEN_HEIGHT;
 389:Src/ninja_fruit_game.c ****     uint8_t mirror = (HAL_GetTick() < game->mirror_mode_end_time);
 390:Src/ninja_fruit_game.c **** 
 391:Src/ninja_fruit_game.c ****     if (!game->game_started && !game->game_over) {
 392:Src/ninja_fruit_game.c ****         // Show start screen
 393:Src/ninja_fruit_game.c ****         UTIL_LCD_SetBackColor(0x40000000);
 394:Src/ninja_fruit_game.c ****         UTIL_LCDEx_PrintfAt(0, LINE(8), CENTER_MODE, "NINJA FRUIT SLICER");
 395:Src/ninja_fruit_game.c ****         UTIL_LCDEx_PrintfAt(0, LINE(10), CENTER_MODE, "Make any gesture to start!");
 396:Src/ninja_fruit_game.c ****         UTIL_LCDEx_PrintfAt(0, LINE(12), CENTER_MODE, "Slice fruits with arm swipes");
 397:Src/ninja_fruit_game.c ****         UTIL_LCDEx_PrintfAt(0, LINE(13), CENTER_MODE, "Don't let %d fruits fall!", MAX_MISSED_FRUIT
 398:Src/ninja_fruit_game.c ****         UTIL_LCDEx_PrintfAt(0, LINE(15), CENTER_MODE, "Mode: %s", (game->mode == NINJA_MODE_SLICE) 
 399:Src/ninja_fruit_game.c ****         UTIL_LCD_SetBackColor(0);
 400:Src/ninja_fruit_game.c ****         return;
 401:Src/ninja_fruit_game.c ****     }
 402:Src/ninja_fruit_game.c **** 
 403:Src/ninja_fruit_game.c ****     if (game->game_over) {
 404:Src/ninja_fruit_game.c ****         // Show game over screen
 405:Src/ninja_fruit_game.c ****         UTIL_LCD_SetBackColor(0x40FF0000);
 406:Src/ninja_fruit_game.c ****         UTIL_LCDEx_PrintfAt(0, LINE(8), CENTER_MODE, "GAME OVER!");
 407:Src/ninja_fruit_game.c ****         UTIL_LCDEx_PrintfAt(0, LINE(10), CENTER_MODE, "Final Score: %lu", game->score);
 408:Src/ninja_fruit_game.c ****         UTIL_LCDEx_PrintfAt(0, LINE(11), CENTER_MODE, "Level Reached: %lu", game->level);
 409:Src/ninja_fruit_game.c ****         UTIL_LCDEx_PrintfAt(0, LINE(13), CENTER_MODE, "Make any gesture to restart");
 410:Src/ninja_fruit_game.c ****         UTIL_LCDEx_PrintfAt(0, LINE(15), CENTER_MODE, "Mode: %s", (game->mode == NINJA_MODE_SLICE) 
 411:Src/ninja_fruit_game.c ****         UTIL_LCD_SetBackColor(0);
 412:Src/ninja_fruit_game.c ****         return;
 413:Src/ninja_fruit_game.c ****     }
 414:Src/ninja_fruit_game.c **** 
 415:Src/ninja_fruit_game.c ****     // Render fruits
 416:Src/ninja_fruit_game.c ****     for (int i = 0; i < MAX_FRUITS; i++) {
 417:Src/ninja_fruit_game.c ****         if (game->fruits[i].state != FRUIT_STATE_INACTIVE) {
 418:Src/ninja_fruit_game.c ****         	RenderFruit(&game->fruits[i], screen_width, screen_height, mirror);
 419:Src/ninja_fruit_game.c ****         }
 420:Src/ninja_fruit_game.c ****     }
 421:Src/ninja_fruit_game.c **** 
 422:Src/ninja_fruit_game.c ****     // Render UI
 423:Src/ninja_fruit_game.c ****     RenderUI(game, screen_width, mirror);
 424:Src/ninja_fruit_game.c **** }
ARM GAS  C:\Users\Antonio\AppData\Local\Temp\ccFL4Qk9.s 			page 9


 425:Src/ninja_fruit_game.c **** 
 426:Src/ninja_fruit_game.c **** static void RenderFruit(Fruit_t *fruit, uint32_t screen_width, uint32_t screen_height, uint8_t mirr
 427:Src/ninja_fruit_game.c **** {
 428:Src/ninja_fruit_game.c ****     // Convert normalized coordinates to screen coordinates
 429:Src/ninja_fruit_game.c ****     int screen_x = (int)(fruit->x * screen_width);
 430:Src/ninja_fruit_game.c ****     int screen_y = (int)(fruit->y * screen_height);
 431:Src/ninja_fruit_game.c ****     if (mirror) {
 432:Src/ninja_fruit_game.c ****         screen_x = screen_width - screen_x;
 433:Src/ninja_fruit_game.c ****     }
 434:Src/ninja_fruit_game.c **** 
 435:Src/ninja_fruit_game.c ****     uint32_t color = fruit_colors[fruit->type];
 436:Src/ninja_fruit_game.c ****     if (fruit->effect == FRUIT_EFFECT_NOSE_MODE) {
 437:Src/ninja_fruit_game.c ****         color = UTIL_LCD_COLOR_CYAN;
 438:Src/ninja_fruit_game.c ****     } else if (fruit->effect == FRUIT_EFFECT_MIRROR_MODE) {
 439:Src/ninja_fruit_game.c ****         color = UTIL_LCD_COLOR_MAGENTA;
 440:Src/ninja_fruit_game.c ****     }
 441:Src/ninja_fruit_game.c **** 
 442:Src/ninja_fruit_game.c ****     if (fruit->state == FRUIT_STATE_FALLING) {
 443:Src/ninja_fruit_game.c ****         // Draw whole fruit
 444:Src/ninja_fruit_game.c ****         UTIL_LCD_FillCircle(screen_x, screen_y, FRUIT_SIZE/2, color);
 445:Src/ninja_fruit_game.c **** 
 446:Src/ninja_fruit_game.c ****         // Add highlight for 3D effect
 447:Src/ninja_fruit_game.c ****         UTIL_LCD_FillCircle(screen_x - FRUIT_SIZE/6, screen_y - FRUIT_SIZE/6, FRUIT_SIZE/8,
 448:Src/ninja_fruit_game.c ****                            UTIL_LCD_COLOR_WHITE);
 449:Src/ninja_fruit_game.c ****     }
 450:Src/ninja_fruit_game.c ****     else if (fruit->state == FRUIT_STATE_SLICED) {
 451:Src/ninja_fruit_game.c ****         // Draw sliced fruit halves
 452:Src/ninja_fruit_game.c ****         uint32_t elapsed = HAL_GetTick() - fruit->slice_time;
 453:Src/ninja_fruit_game.c ****         float32_t separation = (elapsed / (float32_t)SLICE_ANIMATION_TIME) * FRUIT_SIZE;
 454:Src/ninja_fruit_game.c **** 
 455:Src/ninja_fruit_game.c ****         if (fruit->slice_direction) {
 456:Src/ninja_fruit_game.c ****             // Right slice - left half moves left, right half moves right
 457:Src/ninja_fruit_game.c ****             UTIL_LCD_FillCircle(screen_x - separation/2, screen_y + separation/4, FRUIT_SIZE/3, col
 458:Src/ninja_fruit_game.c ****             UTIL_LCD_FillCircle(screen_x + separation/2, screen_y + separation/4, FRUIT_SIZE/3, col
 459:Src/ninja_fruit_game.c ****         } else {
 460:Src/ninja_fruit_game.c ****             // Left slice
 461:Src/ninja_fruit_game.c ****             UTIL_LCD_FillCircle(screen_x + separation/2, screen_y + separation/4, FRUIT_SIZE/3, col
 462:Src/ninja_fruit_game.c ****             UTIL_LCD_FillCircle(screen_x - separation/2, screen_y + separation/4, FRUIT_SIZE/3, col
 463:Src/ninja_fruit_game.c ****         }
 464:Src/ninja_fruit_game.c ****     }
 465:Src/ninja_fruit_game.c **** }
 466:Src/ninja_fruit_game.c **** 
 467:Src/ninja_fruit_game.c **** static void RenderUI(NinjaGame_t *game, uint32_t screen_width, uint8_t mirror)
 468:Src/ninja_fruit_game.c **** {
 469:Src/ninja_fruit_game.c ****     UTIL_LCD_SetBackColor(0x40000000);
 470:Src/ninja_fruit_game.c **** 
 471:Src/ninja_fruit_game.c ****     // Score
 472:Src/ninja_fruit_game.c ****     UTIL_LCD_SetTextColor(UTIL_LCD_COLOR_WHITE);
 473:Src/ninja_fruit_game.c ****     UTIL_LCDEx_PrintfAt(0, LINE(1), LEFT_MODE, "Score: %lu", game->score);
 474:Src/ninja_fruit_game.c **** 
 475:Src/ninja_fruit_game.c ****     // Level
 476:Src/ninja_fruit_game.c ****     UTIL_LCDEx_PrintfAt(0, LINE(2), LEFT_MODE, "Level: %lu", game->level);
 477:Src/ninja_fruit_game.c **** 
 478:Src/ninja_fruit_game.c ****     // Missed fruits
 479:Src/ninja_fruit_game.c ****     if (game->missed_count > MAX_MISSED_FRUITS / 2) {
 480:Src/ninja_fruit_game.c ****         UTIL_LCD_SetTextColor(UTIL_LCD_COLOR_RED);
 481:Src/ninja_fruit_game.c ****     }
ARM GAS  C:\Users\Antonio\AppData\Local\Temp\ccFL4Qk9.s 			page 10


 482:Src/ninja_fruit_game.c ****     UTIL_LCDEx_PrintfAt(0, LINE(3), LEFT_MODE, "Missed: %lu/%d", game->missed_count, MAX_MISSED_FRU
 483:Src/ninja_fruit_game.c ****     UTIL_LCD_SetTextColor(UTIL_LCD_COLOR_WHITE);
 484:Src/ninja_fruit_game.c **** 
 485:Src/ninja_fruit_game.c ****     // Game time
 486:Src/ninja_fruit_game.c ****     uint32_t game_time = (HAL_GetTick() - game->game_start_time) / 1000;
 487:Src/ninja_fruit_game.c ****     UTIL_LCDEx_PrintfAt(600, LINE(1), LEFT_MODE, "Time: %lus", game_time);
 488:Src/ninja_fruit_game.c **** 
 489:Src/ninja_fruit_game.c ****     // Show active special modes
 490:Src/ninja_fruit_game.c ****       if (HAL_GetTick() < game->nose_mode_end_time) {
 491:Src/ninja_fruit_game.c ****             UTIL_LCDEx_PrintfAt(0, LINE(4), CENTER_MODE, "NOSE MODE!");
 492:Src/ninja_fruit_game.c ****           }
 493:Src/ninja_fruit_game.c ****       if (HAL_GetTick() < game->mirror_mode_end_time) {
 494:Src/ninja_fruit_game.c ****             UTIL_LCDEx_PrintfAt(0, LINE(5), CENTER_MODE, "MIRROR MODE!");
 495:Src/ninja_fruit_game.c ****           }
 496:Src/ninja_fruit_game.c **** 
 497:Src/ninja_fruit_game.c ****       if (HAL_GetTick() < game->mode_message_end_time) {
 498:Src/ninja_fruit_game.c ****           sFONT *old_font = UTIL_LCD_GetFont();
 499:Src/ninja_fruit_game.c ****           UTIL_LCD_SetFont(&Font24);
 500:Src/ninja_fruit_game.c ****           UTIL_LCD_SetBackColor(0x40000000);
 501:Src/ninja_fruit_game.c ****           UTIL_LCD_SetTextColor(UTIL_LCD_COLOR_YELLOW);
 502:Src/ninja_fruit_game.c ****           UTIL_LCDEx_PrintfAt(0, LINE(8), CENTER_MODE, "%s", game->mode_message);
 503:Src/ninja_fruit_game.c ****           UTIL_LCD_SetTextColor(UTIL_LCD_COLOR_WHITE);
 504:Src/ninja_fruit_game.c ****           UTIL_LCD_SetBackColor(0);
 505:Src/ninja_fruit_game.c ****           UTIL_LCD_SetFont(old_font);
 506:Src/ninja_fruit_game.c ****       }
 507:Src/ninja_fruit_game.c **** 
 508:Src/ninja_fruit_game.c **** 
 509:Src/ninja_fruit_game.c **** 
 510:Src/ninja_fruit_game.c ****     UTIL_LCD_SetBackColor(0);
 511:Src/ninja_fruit_game.c **** }
 512:Src/ninja_fruit_game.c **** 
 513:Src/ninja_fruit_game.c **** void NinjaGame_Reset(NinjaGame_t *game)
 514:Src/ninja_fruit_game.c **** {
 515:Src/ninja_fruit_game.c ****     // Reset game state but keep high score for comparison
 516:Src/ninja_fruit_game.c ****     uint32_t high_score = (game->score > 0) ? game->score : 0;
 517:Src/ninja_fruit_game.c **** 
 518:Src/ninja_fruit_game.c ****     NinjaGame_Init(game);
 519:Src/ninja_fruit_game.c ****     game->game_started = 1;
 520:Src/ninja_fruit_game.c ****     game->game_start_time = HAL_GetTick();
 521:Src/ninja_fruit_game.c **** 
 522:Src/ninja_fruit_game.c ****     // Could store high score for display
 523:Src/ninja_fruit_game.c **** }
 524:Src/ninja_fruit_game.c **** 
 525:Src/ninja_fruit_game.c **** void NinjaGame_SetMode(NinjaGame_t *game, NinjaGameMode_t mode)
 526:Src/ninja_fruit_game.c **** {
 527:Src/ninja_fruit_game.c ****     game->mode = mode;
 528:Src/ninja_fruit_game.c **** }
 529:Src/ninja_fruit_game.c **** 
 530:Src/ninja_fruit_game.c **** static void ShowModeMessage(NinjaGame_t *game, const char *msg)
 531:Src/ninja_fruit_game.c **** {
  34              		.loc 1 531 1 view -0
  35              		.cfi_startproc
  36              		@ args = 0, pretend = 0, frame = 0
  37              		@ frame_needed = 0, uses_anonymous_args = 0
 532:Src/ninja_fruit_game.c ****     strncpy(game->mode_message, msg, sizeof(game->mode_message) - 1);
  38              		.loc 1 532 5 view .LVU1
 531:Src/ninja_fruit_game.c ****     strncpy(game->mode_message, msg, sizeof(game->mode_message) - 1);
ARM GAS  C:\Users\Antonio\AppData\Local\Temp\ccFL4Qk9.s 			page 11


  39              		.loc 1 531 1 is_stmt 0 view .LVU2
  40 0000 10B5     		push	{r4, lr}
  41              		.cfi_def_cfa_offset 8
  42              		.cfi_offset 4, -8
  43              		.cfi_offset 14, -4
  44              		.loc 1 532 5 view .LVU3
  45 0002 1322     		movs	r2, #19
 531:Src/ninja_fruit_game.c ****     strncpy(game->mode_message, msg, sizeof(game->mode_message) - 1);
  46              		.loc 1 531 1 view .LVU4
  47 0004 0446     		mov	r4, r0
  48              		.loc 1 532 5 view .LVU5
  49 0006 00F59870 		add	r0, r0, #304
  50              	.LVL1:
  51              		.loc 1 532 5 view .LVU6
  52 000a FFF7FEFF 		bl	strncpy
  53              	.LVL2:
 533:Src/ninja_fruit_game.c ****     game->mode_message[sizeof(game->mode_message) - 1] = '\0';
  54              		.loc 1 533 5 is_stmt 1 view .LVU7
  55              		.loc 1 533 56 is_stmt 0 view .LVU8
  56 000e 0023     		movs	r3, #0
  57 0010 84F84331 		strb	r3, [r4, #323]
 534:Src/ninja_fruit_game.c ****     game->mode_message_end_time = HAL_GetTick() + MODE_MESSAGE_DURATION;
  58              		.loc 1 534 5 is_stmt 1 view .LVU9
  59              		.loc 1 534 35 is_stmt 0 view .LVU10
  60 0014 FFF7FEFF 		bl	HAL_GetTick
  61              	.LVL3:
  62              		.loc 1 534 49 discriminator 1 view .LVU11
  63 0018 00F5FA60 		add	r0, r0, #2000
  64              		.loc 1 534 33 discriminator 1 view .LVU12
  65 001c C4F82C01 		str	r0, [r4, #300]
 535:Src/ninja_fruit_game.c **** }
  66              		.loc 1 535 1 view .LVU13
  67 0020 10BD     		pop	{r4, pc}
  68              		.loc 1 535 1 view .LVU14
  69              		.cfi_endproc
  70              	.LFE3357:
  72              		.section	.text.NinjaGame_Init,"ax",%progbits
  73              		.align	1
  74              		.global	NinjaGame_Init
  75              		.syntax unified
  76              		.thumb
  77              		.thumb_func
  79              	NinjaGame_Init:
  80              	.LVL4:
  81              	.LFB3345:
  54:Src/ninja_fruit_game.c ****     memset(game, 0, sizeof(NinjaGame_t));
  82              		.loc 1 54 1 is_stmt 1 view -0
  83              		.cfi_startproc
  84              		@ args = 0, pretend = 0, frame = 0
  85              		@ frame_needed = 0, uses_anonymous_args = 0
  55:Src/ninja_fruit_game.c **** 
  86              		.loc 1 55 5 view .LVU16
  54:Src/ninja_fruit_game.c ****     memset(game, 0, sizeof(NinjaGame_t));
  87              		.loc 1 54 1 is_stmt 0 view .LVU17
  88 0000 10B5     		push	{r4, lr}
  89              		.cfi_def_cfa_offset 8
  90              		.cfi_offset 4, -8
ARM GAS  C:\Users\Antonio\AppData\Local\Temp\ccFL4Qk9.s 			page 12


  91              		.cfi_offset 14, -4
  55:Src/ninja_fruit_game.c **** 
  92              		.loc 1 55 5 view .LVU18
  93 0002 4FF4A472 		mov	r2, #328
  94 0006 0021     		movs	r1, #0
  54:Src/ninja_fruit_game.c ****     memset(game, 0, sizeof(NinjaGame_t));
  95              		.loc 1 54 1 view .LVU19
  96 0008 0446     		mov	r4, r0
  55:Src/ninja_fruit_game.c **** 
  97              		.loc 1 55 5 view .LVU20
  98 000a FFF7FEFF 		bl	memset
  99              	.LVL5:
  58:Src/ninja_fruit_game.c ****            game->fruits[i].state = FRUIT_STATE_INACTIVE;
 100              		.loc 1 58 8 is_stmt 1 view .LVU21
 101              	.LBB2:
  58:Src/ninja_fruit_game.c ****            game->fruits[i].state = FRUIT_STATE_INACTIVE;
 102              		.loc 1 58 13 view .LVU22
  58:Src/ninja_fruit_game.c ****            game->fruits[i].state = FRUIT_STATE_INACTIVE;
 103              		.loc 1 58 26 discriminator 1 view .LVU23
  59:Src/ninja_fruit_game.c ****            game->fruits[i].effect = FRUIT_EFFECT_NONE;
 104              		.loc 1 59 12 view .LVU24
  59:Src/ninja_fruit_game.c ****            game->fruits[i].effect = FRUIT_EFFECT_NONE;
 105              		.loc 1 59 34 is_stmt 0 view .LVU25
 106 000e 0323     		movs	r3, #3
 107 0010 6374     		strb	r3, [r4, #17]
  60:Src/ninja_fruit_game.c ****        }
 108              		.loc 1 60 12 is_stmt 1 view .LVU26
  58:Src/ninja_fruit_game.c ****            game->fruits[i].state = FRUIT_STATE_INACTIVE;
 109              		.loc 1 58 41 discriminator 3 view .LVU27
 110              	.LVL6:
  58:Src/ninja_fruit_game.c ****            game->fruits[i].state = FRUIT_STATE_INACTIVE;
 111              		.loc 1 58 26 discriminator 1 view .LVU28
  59:Src/ninja_fruit_game.c ****            game->fruits[i].effect = FRUIT_EFFECT_NONE;
 112              		.loc 1 59 12 view .LVU29
  59:Src/ninja_fruit_game.c ****            game->fruits[i].effect = FRUIT_EFFECT_NONE;
 113              		.loc 1 59 34 is_stmt 0 view .LVU30
 114 0012 84F83130 		strb	r3, [r4, #49]
  60:Src/ninja_fruit_game.c ****        }
 115              		.loc 1 60 12 is_stmt 1 view .LVU31
  58:Src/ninja_fruit_game.c ****            game->fruits[i].state = FRUIT_STATE_INACTIVE;
 116              		.loc 1 58 41 discriminator 3 view .LVU32
 117              	.LVL7:
  58:Src/ninja_fruit_game.c ****            game->fruits[i].state = FRUIT_STATE_INACTIVE;
 118              		.loc 1 58 26 discriminator 1 view .LVU33
  59:Src/ninja_fruit_game.c ****            game->fruits[i].effect = FRUIT_EFFECT_NONE;
 119              		.loc 1 59 12 view .LVU34
  59:Src/ninja_fruit_game.c ****            game->fruits[i].effect = FRUIT_EFFECT_NONE;
 120              		.loc 1 59 34 is_stmt 0 view .LVU35
 121 0016 84F85130 		strb	r3, [r4, #81]
  60:Src/ninja_fruit_game.c ****        }
 122              		.loc 1 60 12 is_stmt 1 view .LVU36
  58:Src/ninja_fruit_game.c ****            game->fruits[i].state = FRUIT_STATE_INACTIVE;
 123              		.loc 1 58 41 discriminator 3 view .LVU37
 124              	.LVL8:
  58:Src/ninja_fruit_game.c ****            game->fruits[i].state = FRUIT_STATE_INACTIVE;
 125              		.loc 1 58 26 discriminator 1 view .LVU38
  59:Src/ninja_fruit_game.c ****            game->fruits[i].effect = FRUIT_EFFECT_NONE;
ARM GAS  C:\Users\Antonio\AppData\Local\Temp\ccFL4Qk9.s 			page 13


 126              		.loc 1 59 12 view .LVU39
  59:Src/ninja_fruit_game.c ****            game->fruits[i].effect = FRUIT_EFFECT_NONE;
 127              		.loc 1 59 34 is_stmt 0 view .LVU40
 128 001a 84F87130 		strb	r3, [r4, #113]
  60:Src/ninja_fruit_game.c ****        }
 129              		.loc 1 60 12 is_stmt 1 view .LVU41
  58:Src/ninja_fruit_game.c ****            game->fruits[i].state = FRUIT_STATE_INACTIVE;
 130              		.loc 1 58 41 discriminator 3 view .LVU42
 131              	.LVL9:
  58:Src/ninja_fruit_game.c ****            game->fruits[i].state = FRUIT_STATE_INACTIVE;
 132              		.loc 1 58 26 discriminator 1 view .LVU43
  59:Src/ninja_fruit_game.c ****            game->fruits[i].effect = FRUIT_EFFECT_NONE;
 133              		.loc 1 59 12 view .LVU44
  59:Src/ninja_fruit_game.c ****            game->fruits[i].effect = FRUIT_EFFECT_NONE;
 134              		.loc 1 59 34 is_stmt 0 view .LVU45
 135 001e 84F89130 		strb	r3, [r4, #145]
  60:Src/ninja_fruit_game.c ****        }
 136              		.loc 1 60 12 is_stmt 1 view .LVU46
  58:Src/ninja_fruit_game.c ****            game->fruits[i].state = FRUIT_STATE_INACTIVE;
 137              		.loc 1 58 41 discriminator 3 view .LVU47
 138              	.LVL10:
  58:Src/ninja_fruit_game.c ****            game->fruits[i].state = FRUIT_STATE_INACTIVE;
 139              		.loc 1 58 26 discriminator 1 view .LVU48
  59:Src/ninja_fruit_game.c ****            game->fruits[i].effect = FRUIT_EFFECT_NONE;
 140              		.loc 1 59 12 view .LVU49
  59:Src/ninja_fruit_game.c ****            game->fruits[i].effect = FRUIT_EFFECT_NONE;
 141              		.loc 1 59 34 is_stmt 0 view .LVU50
 142 0022 84F8B130 		strb	r3, [r4, #177]
  60:Src/ninja_fruit_game.c ****        }
 143              		.loc 1 60 12 is_stmt 1 view .LVU51
  58:Src/ninja_fruit_game.c ****            game->fruits[i].state = FRUIT_STATE_INACTIVE;
 144              		.loc 1 58 41 discriminator 3 view .LVU52
 145              	.LVL11:
  58:Src/ninja_fruit_game.c ****            game->fruits[i].state = FRUIT_STATE_INACTIVE;
 146              		.loc 1 58 26 discriminator 1 view .LVU53
  59:Src/ninja_fruit_game.c ****            game->fruits[i].effect = FRUIT_EFFECT_NONE;
 147              		.loc 1 59 12 view .LVU54
  59:Src/ninja_fruit_game.c ****            game->fruits[i].effect = FRUIT_EFFECT_NONE;
 148              		.loc 1 59 34 is_stmt 0 view .LVU55
 149 0026 84F8D130 		strb	r3, [r4, #209]
  60:Src/ninja_fruit_game.c ****        }
 150              		.loc 1 60 12 is_stmt 1 view .LVU56
  58:Src/ninja_fruit_game.c ****            game->fruits[i].state = FRUIT_STATE_INACTIVE;
 151              		.loc 1 58 41 discriminator 3 view .LVU57
 152              	.LVL12:
  58:Src/ninja_fruit_game.c ****            game->fruits[i].state = FRUIT_STATE_INACTIVE;
 153              		.loc 1 58 26 discriminator 1 view .LVU58
  59:Src/ninja_fruit_game.c ****            game->fruits[i].effect = FRUIT_EFFECT_NONE;
 154              		.loc 1 59 12 view .LVU59
  59:Src/ninja_fruit_game.c ****            game->fruits[i].effect = FRUIT_EFFECT_NONE;
 155              		.loc 1 59 34 is_stmt 0 view .LVU60
 156 002a 84F8F130 		strb	r3, [r4, #241]
  60:Src/ninja_fruit_game.c ****        }
 157              		.loc 1 60 12 is_stmt 1 view .LVU61
  58:Src/ninja_fruit_game.c ****            game->fruits[i].state = FRUIT_STATE_INACTIVE;
 158              		.loc 1 58 41 discriminator 3 view .LVU62
 159              	.LVL13:
ARM GAS  C:\Users\Antonio\AppData\Local\Temp\ccFL4Qk9.s 			page 14


  58:Src/ninja_fruit_game.c ****            game->fruits[i].state = FRUIT_STATE_INACTIVE;
 160              		.loc 1 58 26 discriminator 1 view .LVU63
 161              	.LBE2:
  63:Src/ninja_fruit_game.c ****     game->level = 1;
 162              		.loc 1 63 5 view .LVU64
  63:Src/ninja_fruit_game.c ****     game->level = 1;
 163              		.loc 1 63 33 is_stmt 0 view .LVU65
 164 002e 4FF07E53 		mov	r3, #1065353216
 165 0032 C4F81831 		str	r3, [r4, #280]	@ float
  64:Src/ninja_fruit_game.c ****     game->mode = NINJA_MODE_SLICE;
 166              		.loc 1 64 5 is_stmt 1 view .LVU66
  64:Src/ninja_fruit_game.c ****     game->mode = NINJA_MODE_SLICE;
 167              		.loc 1 64 17 is_stmt 0 view .LVU67
 168 0036 0123     		movs	r3, #1
  71:Src/ninja_fruit_game.c **** 
 169              		.loc 1 71 5 view .LVU68
 170 0038 0020     		movs	r0, #0
  64:Src/ninja_fruit_game.c ****     game->mode = NINJA_MODE_SLICE;
 171              		.loc 1 64 17 view .LVU69
 172 003a C4F81431 		str	r3, [r4, #276]
  65:Src/ninja_fruit_game.c ****     game->mirror_mode_active = 0;
 173              		.loc 1 65 5 is_stmt 1 view .LVU70
  66:Src/ninja_fruit_game.c ****     game->mode_message_end_time = 0;
 174              		.loc 1 66 5 view .LVU71
  67:Src/ninja_fruit_game.c ****     game->mode_message[0] = '\0';
 175              		.loc 1 67 5 view .LVU72
  68:Src/ninja_fruit_game.c ****     game->prev_nose_mode = 0;
 176              		.loc 1 68 5 view .LVU73
  69:Src/ninja_fruit_game.c ****     game->prev_mirror_mode = 0;
 177              		.loc 1 69 5 view .LVU74
  70:Src/ninja_fruit_game.c ****     CMW_CAMERA_SetMirrorFlip(CMW_MIRRORFLIP_NONE);
 178              		.loc 1 70 5 view .LVU75
  71:Src/ninja_fruit_game.c **** 
 179              		.loc 1 71 5 view .LVU76
  73:Src/ninja_fruit_game.c **** 
 180              		.loc 1 73 1 is_stmt 0 view .LVU77
 181 003e BDE81040 		pop	{r4, lr}
 182              		.cfi_restore 14
 183              		.cfi_restore 4
 184              		.cfi_def_cfa_offset 0
 185              	.LVL14:
  71:Src/ninja_fruit_game.c **** 
 186              		.loc 1 71 5 view .LVU78
 187 0042 FFF7FEBF 		b	CMW_CAMERA_SetMirrorFlip
 188              	.LVL15:
 189              		.cfi_endproc
 190              	.LFE3345:
 192              		.section	.rodata.NinjaGame_Render.str1.1,"aMS",%progbits,1
 193              	.LC0:
 194 0000 534C4943 		.ascii	"SLICE\000"
 194      4500
 195              	.LC1:
 196 0006 504F5000 		.ascii	"POP\000"
 197              	.LC2:
 198 000a 4E494E4A 		.ascii	"NINJA FRUIT SLICER\000"
 198      41204652 
 198      55495420 
ARM GAS  C:\Users\Antonio\AppData\Local\Temp\ccFL4Qk9.s 			page 15


 198      534C4943 
 198      455200
 199              	.LC3:
 200 001d 4D616B65 		.ascii	"Make any gesture to start!\000"
 200      20616E79 
 200      20676573 
 200      74757265 
 200      20746F20 
 201              	.LC4:
 202 0038 536C6963 		.ascii	"Slice fruits with arm swipes\000"
 202      65206672 
 202      75697473 
 202      20776974 
 202      68206172 
 203              	.LC5:
 204 0055 446F6E27 		.ascii	"Don't let %d fruits fall!\000"
 204      74206C65 
 204      74202564 
 204      20667275 
 204      69747320 
 205              	.LC6:
 206 006f 4D6F6465 		.ascii	"Mode: %s\000"
 206      3A202573 
 206      00
 207              	.LC7:
 208 0078 47414D45 		.ascii	"GAME OVER!\000"
 208      204F5645 
 208      522100
 209              	.LC8:
 210 0083 46696E61 		.ascii	"Final Score: %lu\000"
 210      6C205363 
 210      6F72653A 
 210      20256C75 
 210      00
 211              	.LC9:
 212 0094 4C657665 		.ascii	"Level Reached: %lu\000"
 212      6C205265 
 212      61636865 
 212      643A2025 
 212      6C7500
 213              	.LC10:
 214 00a7 4D616B65 		.ascii	"Make any gesture to restart\000"
 214      20616E79 
 214      20676573 
 214      74757265 
 214      20746F20 
 215              	.LC11:
 216 00c3 53636F72 		.ascii	"Score: %lu\000"
 216      653A2025 
 216      6C7500
 217              	.LC12:
 218 00ce 4C657665 		.ascii	"Level: %lu\000"
 218      6C3A2025 
 218      6C7500
 219              	.LC13:
 220 00d9 4D697373 		.ascii	"Missed: %lu/%d\000"
 220      65643A20 
ARM GAS  C:\Users\Antonio\AppData\Local\Temp\ccFL4Qk9.s 			page 16


 220      256C752F 
 220      256400
 221              	.LC14:
 222 00e8 54696D65 		.ascii	"Time: %lus\000"
 222      3A20256C 
 222      757300
 223              	.LC15:
 224 00f3 4E4F5345 		.ascii	"NOSE MODE!\000"
 224      204D4F44 
 224      452100
 225              	.LC16:
 226 00fe 4D495252 		.ascii	"MIRROR MODE!\000"
 226      4F52204D 
 226      4F444521 
 226      00
 227              	.LC17:
 228 010b 257300   		.ascii	"%s\000"
 229              		.section	.text.NinjaGame_Render,"ax",%progbits
 230              		.align	1
 231              		.global	NinjaGame_Render
 232              		.syntax unified
 233              		.thumb
 234              		.thumb_func
 236              	NinjaGame_Render:
 237              	.LVL16:
 238              	.LFB3352:
 386:Src/ninja_fruit_game.c ****     uint32_t screen_width = SCREEN_WIDTH;
 239              		.loc 1 386 1 is_stmt 1 view -0
 240              		.cfi_startproc
 241              		@ args = 0, pretend = 0, frame = 8
 242              		@ frame_needed = 0, uses_anonymous_args = 0
 387:Src/ninja_fruit_game.c ****     uint32_t screen_height = SCREEN_HEIGHT;
 243              		.loc 1 387 5 view .LVU80
 388:Src/ninja_fruit_game.c ****     uint8_t mirror = (HAL_GetTick() < game->mirror_mode_end_time);
 244              		.loc 1 388 5 view .LVU81
 389:Src/ninja_fruit_game.c **** 
 245              		.loc 1 389 5 view .LVU82
 386:Src/ninja_fruit_game.c ****     uint32_t screen_width = SCREEN_WIDTH;
 246              		.loc 1 386 1 is_stmt 0 view .LVU83
 247 0000 2DE9F04F 		push	{r4, r5, r6, r7, r8, r9, r10, fp, lr}
 248              		.cfi_def_cfa_offset 36
 249              		.cfi_offset 4, -36
 250              		.cfi_offset 5, -32
 251              		.cfi_offset 6, -28
 252              		.cfi_offset 7, -24
 253              		.cfi_offset 8, -20
 254              		.cfi_offset 9, -16
 255              		.cfi_offset 10, -12
 256              		.cfi_offset 11, -8
 257              		.cfi_offset 14, -4
 258 0004 2DED088B 		vpush.64	{d8, d9, d10, d11}
 259              		.cfi_def_cfa_offset 68
 260              		.cfi_offset 80, -68
 261              		.cfi_offset 81, -64
 262              		.cfi_offset 82, -60
 263              		.cfi_offset 83, -56
 264              		.cfi_offset 84, -52
ARM GAS  C:\Users\Antonio\AppData\Local\Temp\ccFL4Qk9.s 			page 17


 265              		.cfi_offset 85, -48
 266              		.cfi_offset 86, -44
 267              		.cfi_offset 87, -40
 268 0008 0446     		mov	r4, r0
 269 000a 85B0     		sub	sp, sp, #20
 270              		.cfi_def_cfa_offset 88
 389:Src/ninja_fruit_game.c **** 
 271              		.loc 1 389 23 view .LVU84
 272 000c FFF7FEFF 		bl	HAL_GetTick
 273              	.LVL17:
 391:Src/ninja_fruit_game.c ****         // Show start screen
 274              		.loc 1 391 8 view .LVU85
 275 0010 B4F80C51 		ldrh	r5, [r4, #268]
 389:Src/ninja_fruit_game.c **** 
 276              		.loc 1 389 23 view .LVU86
 277 0014 0646     		mov	r6, r0
 389:Src/ninja_fruit_game.c **** 
 278              		.loc 1 389 43 discriminator 1 view .LVU87
 279 0016 D4F82481 		ldr	r8, [r4, #292]
 280              	.LVL18:
 391:Src/ninja_fruit_game.c ****         // Show start screen
 281              		.loc 1 391 5 is_stmt 1 view .LVU88
 391:Src/ninja_fruit_game.c ****         // Show start screen
 282              		.loc 1 391 8 is_stmt 0 view .LVU89
 283 001a 002D     		cmp	r5, #0
 284 001c 46D1     		bne	.L4
 285              	.LBB14:
 393:Src/ninja_fruit_game.c ****         UTIL_LCDEx_PrintfAt(0, LINE(8), CENTER_MODE, "NINJA FRUIT SLICER");
 286              		.loc 1 393 9 is_stmt 1 view .LVU90
 287 001e 4FF08040 		mov	r0, #1073741824
 288              	.LVL19:
 393:Src/ninja_fruit_game.c ****         UTIL_LCDEx_PrintfAt(0, LINE(8), CENTER_MODE, "NINJA FRUIT SLICER");
 289              		.loc 1 393 9 is_stmt 0 view .LVU91
 290 0022 FFF7FEFF 		bl	UTIL_LCD_SetBackColor
 291              	.LVL20:
 394:Src/ninja_fruit_game.c ****         UTIL_LCDEx_PrintfAt(0, LINE(10), CENTER_MODE, "Make any gesture to start!");
 292              		.loc 1 394 9 is_stmt 1 view .LVU92
 394:Src/ninja_fruit_game.c ****         UTIL_LCDEx_PrintfAt(0, LINE(10), CENTER_MODE, "Make any gesture to start!");
 293              		.loc 1 394 32 is_stmt 0 view .LVU93
 294 0026 FFF7FEFF 		bl	UTIL_LCD_GetFont
 295              	.LVL21:
 394:Src/ninja_fruit_game.c ****         UTIL_LCDEx_PrintfAt(0, LINE(10), CENTER_MODE, "Make any gesture to start!");
 296              		.loc 1 394 32 discriminator 1 view .LVU94
 297 002a C188     		ldrh	r1, [r0, #6]
 394:Src/ninja_fruit_game.c ****         UTIL_LCDEx_PrintfAt(0, LINE(10), CENTER_MODE, "Make any gesture to start!");
 298              		.loc 1 394 9 discriminator 1 view .LVU95
 299 002c 0122     		movs	r2, #1
 300 002e D14B     		ldr	r3, .L29
 301 0030 C900     		lsls	r1, r1, #3
 302 0032 2846     		mov	r0, r5
 303 0034 FFF7FEFF 		bl	UTIL_LCDEx_PrintfAt
 304              	.LVL22:
 395:Src/ninja_fruit_game.c ****         UTIL_LCDEx_PrintfAt(0, LINE(12), CENTER_MODE, "Slice fruits with arm swipes");
 305              		.loc 1 395 9 is_stmt 1 view .LVU96
 395:Src/ninja_fruit_game.c ****         UTIL_LCDEx_PrintfAt(0, LINE(12), CENTER_MODE, "Slice fruits with arm swipes");
 306              		.loc 1 395 32 is_stmt 0 view .LVU97
 307 0038 FFF7FEFF 		bl	UTIL_LCD_GetFont
ARM GAS  C:\Users\Antonio\AppData\Local\Temp\ccFL4Qk9.s 			page 18


 308              	.LVL23:
 395:Src/ninja_fruit_game.c ****         UTIL_LCDEx_PrintfAt(0, LINE(12), CENTER_MODE, "Slice fruits with arm swipes");
 309              		.loc 1 395 32 discriminator 1 view .LVU98
 310 003c C188     		ldrh	r1, [r0, #6]
 395:Src/ninja_fruit_game.c ****         UTIL_LCDEx_PrintfAt(0, LINE(12), CENTER_MODE, "Slice fruits with arm swipes");
 311              		.loc 1 395 9 discriminator 1 view .LVU99
 312 003e 0A20     		movs	r0, #10
 313 0040 0122     		movs	r2, #1
 314 0042 4143     		muls	r1, r0, r1
 315 0044 CC4B     		ldr	r3, .L29+4
 316 0046 2846     		mov	r0, r5
 317 0048 FFF7FEFF 		bl	UTIL_LCDEx_PrintfAt
 318              	.LVL24:
 396:Src/ninja_fruit_game.c ****         UTIL_LCDEx_PrintfAt(0, LINE(13), CENTER_MODE, "Don't let %d fruits fall!", MAX_MISSED_FRUIT
 319              		.loc 1 396 9 is_stmt 1 view .LVU100
 396:Src/ninja_fruit_game.c ****         UTIL_LCDEx_PrintfAt(0, LINE(13), CENTER_MODE, "Don't let %d fruits fall!", MAX_MISSED_FRUIT
 320              		.loc 1 396 32 is_stmt 0 view .LVU101
 321 004c FFF7FEFF 		bl	UTIL_LCD_GetFont
 322              	.LVL25:
 396:Src/ninja_fruit_game.c ****         UTIL_LCDEx_PrintfAt(0, LINE(13), CENTER_MODE, "Don't let %d fruits fall!", MAX_MISSED_FRUIT
 323              		.loc 1 396 32 discriminator 1 view .LVU102
 324 0050 C188     		ldrh	r1, [r0, #6]
 396:Src/ninja_fruit_game.c ****         UTIL_LCDEx_PrintfAt(0, LINE(13), CENTER_MODE, "Don't let %d fruits fall!", MAX_MISSED_FRUIT
 325              		.loc 1 396 9 discriminator 1 view .LVU103
 326 0052 0C20     		movs	r0, #12
 327 0054 0122     		movs	r2, #1
 328 0056 4143     		muls	r1, r0, r1
 329 0058 C84B     		ldr	r3, .L29+8
 330 005a 2846     		mov	r0, r5
 331 005c FFF7FEFF 		bl	UTIL_LCDEx_PrintfAt
 332              	.LVL26:
 397:Src/ninja_fruit_game.c ****         UTIL_LCDEx_PrintfAt(0, LINE(15), CENTER_MODE, "Mode: %s", (game->mode == NINJA_MODE_SLICE) 
 333              		.loc 1 397 9 is_stmt 1 view .LVU104
 397:Src/ninja_fruit_game.c ****         UTIL_LCDEx_PrintfAt(0, LINE(15), CENTER_MODE, "Mode: %s", (game->mode == NINJA_MODE_SLICE) 
 334              		.loc 1 397 32 is_stmt 0 view .LVU105
 335 0060 FFF7FEFF 		bl	UTIL_LCD_GetFont
 336              	.LVL27:
 397:Src/ninja_fruit_game.c ****         UTIL_LCDEx_PrintfAt(0, LINE(15), CENTER_MODE, "Mode: %s", (game->mode == NINJA_MODE_SLICE) 
 337              		.loc 1 397 9 discriminator 1 view .LVU106
 338 0064 0523     		movs	r3, #5
 397:Src/ninja_fruit_game.c ****         UTIL_LCDEx_PrintfAt(0, LINE(15), CENTER_MODE, "Mode: %s", (game->mode == NINJA_MODE_SLICE) 
 339              		.loc 1 397 32 discriminator 1 view .LVU107
 340 0066 C188     		ldrh	r1, [r0, #6]
 397:Src/ninja_fruit_game.c ****         UTIL_LCDEx_PrintfAt(0, LINE(15), CENTER_MODE, "Mode: %s", (game->mode == NINJA_MODE_SLICE) 
 341              		.loc 1 397 9 discriminator 1 view .LVU108
 342 0068 0D20     		movs	r0, #13
 343 006a 0093     		str	r3, [sp]
 344 006c 4143     		muls	r1, r0, r1
 345 006e 0122     		movs	r2, #1
 346 0070 2846     		mov	r0, r5
 347 0072 C34B     		ldr	r3, .L29+12
 348 0074 FFF7FEFF 		bl	UTIL_LCDEx_PrintfAt
 349              	.LVL28:
 398:Src/ninja_fruit_game.c ****         UTIL_LCD_SetBackColor(0);
 350              		.loc 1 398 9 is_stmt 1 view .LVU109
 351              	.L28:
 352              	.LBE14:
ARM GAS  C:\Users\Antonio\AppData\Local\Temp\ccFL4Qk9.s 			page 19


 353              	.LBB15:
 410:Src/ninja_fruit_game.c ****         UTIL_LCD_SetBackColor(0);
 354              		.loc 1 410 9 view .LVU110
 410:Src/ninja_fruit_game.c ****         UTIL_LCD_SetBackColor(0);
 355              		.loc 1 410 32 is_stmt 0 view .LVU111
 356 0078 FFF7FEFF 		bl	UTIL_LCD_GetFont
 357              	.LVL29:
 410:Src/ninja_fruit_game.c ****         UTIL_LCD_SetBackColor(0);
 358              		.loc 1 410 9 discriminator 1 view .LVU112
 359 007c 94F81C31 		ldrb	r3, [r4, #284]	@ zero_extendqisi2
 360 0080 C04A     		ldr	r2, .L29+16
 361 0082 002B     		cmp	r3, #0
 362 0084 C04B     		ldr	r3, .L29+20
 363 0086 08BF     		it	eq
 364 0088 1346     		moveq	r3, r2
 410:Src/ninja_fruit_game.c ****         UTIL_LCD_SetBackColor(0);
 365              		.loc 1 410 32 discriminator 1 view .LVU113
 366 008a C188     		ldrh	r1, [r0, #6]
 410:Src/ninja_fruit_game.c ****         UTIL_LCD_SetBackColor(0);
 367              		.loc 1 410 9 discriminator 4 view .LVU114
 368 008c 0122     		movs	r2, #1
 369 008e 0093     		str	r3, [sp]
 370 0090 0020     		movs	r0, #0
 371 0092 BE4B     		ldr	r3, .L29+24
 372 0094 C1EB0111 		rsb	r1, r1, r1, lsl #4
 373 0098 FFF7FEFF 		bl	UTIL_LCDEx_PrintfAt
 374              	.LVL30:
 411:Src/ninja_fruit_game.c ****         return;
 375              		.loc 1 411 9 is_stmt 1 view .LVU115
 376              	.L17:
 411:Src/ninja_fruit_game.c ****         return;
 377              		.loc 1 411 9 is_stmt 0 view .LVU116
 378              	.LBE15:
 379              	.LBB16:
 380              	.LBB17:
 510:Src/ninja_fruit_game.c **** }
 381              		.loc 1 510 5 is_stmt 1 view .LVU117
 382 009c 0020     		movs	r0, #0
 383              	.LBE17:
 384              	.LBE16:
 424:Src/ninja_fruit_game.c **** 
 385              		.loc 1 424 1 is_stmt 0 view .LVU118
 386 009e 05B0     		add	sp, sp, #20
 387              		.cfi_remember_state
 388              		.cfi_def_cfa_offset 68
 389              		@ sp needed
 390 00a0 BDEC088B 		vldm	sp!, {d8-d11}
 391              		.cfi_restore 86
 392              		.cfi_restore 87
 393              		.cfi_restore 84
 394              		.cfi_restore 85
 395              		.cfi_restore 82
 396              		.cfi_restore 83
 397              		.cfi_restore 80
 398              		.cfi_restore 81
 399              		.cfi_def_cfa_offset 36
 400 00a4 BDE8F04F 		pop	{r4, r5, r6, r7, r8, r9, r10, fp, lr}
ARM GAS  C:\Users\Antonio\AppData\Local\Temp\ccFL4Qk9.s 			page 20


 401              		.cfi_restore 14
 402              		.cfi_restore 11
 403              		.cfi_restore 10
 404              		.cfi_restore 9
 405              		.cfi_restore 8
 406              		.cfi_restore 7
 407              		.cfi_restore 6
 408              		.cfi_restore 5
 409              		.cfi_restore 4
 410              		.cfi_def_cfa_offset 0
 411              	.LVL31:
 412              	.LBB21:
 413              	.LBB19:
 510:Src/ninja_fruit_game.c **** }
 414              		.loc 1 510 5 view .LVU119
 415 00a8 FFF7FEBF 		b	UTIL_LCD_SetBackColor
 416              	.LVL32:
 417              	.L4:
 418              		.cfi_restore_state
 510:Src/ninja_fruit_game.c **** }
 419              		.loc 1 510 5 view .LVU120
 420              	.LBE19:
 421              	.LBE21:
 403:Src/ninja_fruit_game.c ****         // Show game over screen
 422              		.loc 1 403 5 is_stmt 1 view .LVU121
 403:Src/ninja_fruit_game.c ****         // Show game over screen
 423              		.loc 1 403 8 is_stmt 0 view .LVU122
 424 00ac 94F80C31 		ldrb	r3, [r4, #268]	@ zero_extendqisi2
 425 00b0 83B3     		cbz	r3, .L6
 426              	.LBB22:
 405:Src/ninja_fruit_game.c ****         UTIL_LCDEx_PrintfAt(0, LINE(8), CENTER_MODE, "GAME OVER!");
 427              		.loc 1 405 9 is_stmt 1 view .LVU123
 428 00b2 B748     		ldr	r0, .L29+28
 429              	.LVL33:
 405:Src/ninja_fruit_game.c ****         UTIL_LCDEx_PrintfAt(0, LINE(8), CENTER_MODE, "GAME OVER!");
 430              		.loc 1 405 9 is_stmt 0 view .LVU124
 431 00b4 FFF7FEFF 		bl	UTIL_LCD_SetBackColor
 432              	.LVL34:
 406:Src/ninja_fruit_game.c ****         UTIL_LCDEx_PrintfAt(0, LINE(10), CENTER_MODE, "Final Score: %lu", game->score);
 433              		.loc 1 406 9 is_stmt 1 view .LVU125
 406:Src/ninja_fruit_game.c ****         UTIL_LCDEx_PrintfAt(0, LINE(10), CENTER_MODE, "Final Score: %lu", game->score);
 434              		.loc 1 406 32 is_stmt 0 view .LVU126
 435 00b8 FFF7FEFF 		bl	UTIL_LCD_GetFont
 436              	.LVL35:
 406:Src/ninja_fruit_game.c ****         UTIL_LCDEx_PrintfAt(0, LINE(10), CENTER_MODE, "Final Score: %lu", game->score);
 437              		.loc 1 406 32 discriminator 1 view .LVU127
 438 00bc C188     		ldrh	r1, [r0, #6]
 406:Src/ninja_fruit_game.c ****         UTIL_LCDEx_PrintfAt(0, LINE(10), CENTER_MODE, "Final Score: %lu", game->score);
 439              		.loc 1 406 9 discriminator 1 view .LVU128
 440 00be 0122     		movs	r2, #1
 441 00c0 B44B     		ldr	r3, .L29+32
 442 00c2 C900     		lsls	r1, r1, #3
 443 00c4 0020     		movs	r0, #0
 444 00c6 FFF7FEFF 		bl	UTIL_LCDEx_PrintfAt
 445              	.LVL36:
 407:Src/ninja_fruit_game.c ****         UTIL_LCDEx_PrintfAt(0, LINE(11), CENTER_MODE, "Level Reached: %lu", game->level);
 446              		.loc 1 407 9 is_stmt 1 view .LVU129
ARM GAS  C:\Users\Antonio\AppData\Local\Temp\ccFL4Qk9.s 			page 21


 407:Src/ninja_fruit_game.c ****         UTIL_LCDEx_PrintfAt(0, LINE(11), CENTER_MODE, "Level Reached: %lu", game->level);
 447              		.loc 1 407 32 is_stmt 0 view .LVU130
 448 00ca FFF7FEFF 		bl	UTIL_LCD_GetFont
 449              	.LVL37:
 407:Src/ninja_fruit_game.c ****         UTIL_LCDEx_PrintfAt(0, LINE(11), CENTER_MODE, "Level Reached: %lu", game->level);
 450              		.loc 1 407 32 discriminator 1 view .LVU131
 451 00ce C188     		ldrh	r1, [r0, #6]
 407:Src/ninja_fruit_game.c ****         UTIL_LCDEx_PrintfAt(0, LINE(11), CENTER_MODE, "Level Reached: %lu", game->level);
 452              		.loc 1 407 9 discriminator 1 view .LVU132
 453 00d0 0A20     		movs	r0, #10
 454 00d2 D4F80031 		ldr	r3, [r4, #256]
 455 00d6 4143     		muls	r1, r0, r1
 456 00d8 0122     		movs	r2, #1
 457 00da 0093     		str	r3, [sp]
 458 00dc 0020     		movs	r0, #0
 459 00de AE4B     		ldr	r3, .L29+36
 460 00e0 FFF7FEFF 		bl	UTIL_LCDEx_PrintfAt
 461              	.LVL38:
 408:Src/ninja_fruit_game.c ****         UTIL_LCDEx_PrintfAt(0, LINE(13), CENTER_MODE, "Make any gesture to restart");
 462              		.loc 1 408 9 is_stmt 1 view .LVU133
 408:Src/ninja_fruit_game.c ****         UTIL_LCDEx_PrintfAt(0, LINE(13), CENTER_MODE, "Make any gesture to restart");
 463              		.loc 1 408 32 is_stmt 0 view .LVU134
 464 00e4 FFF7FEFF 		bl	UTIL_LCD_GetFont
 465              	.LVL39:
 408:Src/ninja_fruit_game.c ****         UTIL_LCDEx_PrintfAt(0, LINE(13), CENTER_MODE, "Make any gesture to restart");
 466              		.loc 1 408 32 discriminator 1 view .LVU135
 467 00e8 C188     		ldrh	r1, [r0, #6]
 408:Src/ninja_fruit_game.c ****         UTIL_LCDEx_PrintfAt(0, LINE(13), CENTER_MODE, "Make any gesture to restart");
 468              		.loc 1 408 9 discriminator 1 view .LVU136
 469 00ea 0B20     		movs	r0, #11
 470 00ec D4F81431 		ldr	r3, [r4, #276]
 471 00f0 4143     		muls	r1, r0, r1
 472 00f2 0122     		movs	r2, #1
 473 00f4 0093     		str	r3, [sp]
 474 00f6 0020     		movs	r0, #0
 475 00f8 A84B     		ldr	r3, .L29+40
 476 00fa FFF7FEFF 		bl	UTIL_LCDEx_PrintfAt
 477              	.LVL40:
 409:Src/ninja_fruit_game.c ****         UTIL_LCDEx_PrintfAt(0, LINE(15), CENTER_MODE, "Mode: %s", (game->mode == NINJA_MODE_SLICE) 
 478              		.loc 1 409 9 is_stmt 1 view .LVU137
 409:Src/ninja_fruit_game.c ****         UTIL_LCDEx_PrintfAt(0, LINE(15), CENTER_MODE, "Mode: %s", (game->mode == NINJA_MODE_SLICE) 
 479              		.loc 1 409 32 is_stmt 0 view .LVU138
 480 00fe FFF7FEFF 		bl	UTIL_LCD_GetFont
 481              	.LVL41:
 409:Src/ninja_fruit_game.c ****         UTIL_LCDEx_PrintfAt(0, LINE(15), CENTER_MODE, "Mode: %s", (game->mode == NINJA_MODE_SLICE) 
 482              		.loc 1 409 32 discriminator 1 view .LVU139
 483 0102 C188     		ldrh	r1, [r0, #6]
 409:Src/ninja_fruit_game.c ****         UTIL_LCDEx_PrintfAt(0, LINE(15), CENTER_MODE, "Mode: %s", (game->mode == NINJA_MODE_SLICE) 
 484              		.loc 1 409 9 discriminator 1 view .LVU140
 485 0104 0D20     		movs	r0, #13
 486 0106 0122     		movs	r2, #1
 487 0108 4143     		muls	r1, r0, r1
 488 010a A54B     		ldr	r3, .L29+44
 489 010c 0020     		movs	r0, #0
 490 010e FFF7FEFF 		bl	UTIL_LCDEx_PrintfAt
 491              	.LVL42:
 492 0112 B1E7     		b	.L28
ARM GAS  C:\Users\Antonio\AppData\Local\Temp\ccFL4Qk9.s 			page 22


 493              	.LVL43:
 494              	.L6:
 409:Src/ninja_fruit_game.c ****         UTIL_LCDEx_PrintfAt(0, LINE(15), CENTER_MODE, "Mode: %s", (game->mode == NINJA_MODE_SLICE) 
 495              		.loc 1 409 9 discriminator 1 view .LVU141
 496 0114 2546     		mov	r5, r4
 497              	.LBE22:
 498              	.LBB23:
 499              	.LBB24:
 500              	.LBB25:
 429:Src/ninja_fruit_game.c ****     int screen_y = (int)(fruit->y * screen_height);
 501              		.loc 1 429 35 view .LVU142
 502 0116 DFEDA39A 		vldr.32	s19, .L29+48
 430:Src/ninja_fruit_game.c ****     if (mirror) {
 503              		.loc 1 430 35 view .LVU143
 504 011a 9FEDA3AA 		vldr.32	s20, .L29+52
 435:Src/ninja_fruit_game.c ****     if (fruit->effect == FRUIT_EFFECT_NOSE_MODE) {
 505              		.loc 1 435 14 view .LVU144
 506 011e DFF8B892 		ldr	r9, .L29+100
 507 0122 04F58077 		add	r7, r4, #256
 508              	.LVL44:
 509              	.L13:
 435:Src/ninja_fruit_game.c ****     if (fruit->effect == FRUIT_EFFECT_NOSE_MODE) {
 510              		.loc 1 435 14 view .LVU145
 511              	.LBE25:
 512              	.LBE24:
 417:Src/ninja_fruit_game.c ****         	RenderFruit(&game->fruits[i], screen_width, screen_height, mirror);
 513              		.loc 1 417 9 is_stmt 1 view .LVU146
 417:Src/ninja_fruit_game.c ****         	RenderFruit(&game->fruits[i], screen_width, screen_height, mirror);
 514              		.loc 1 417 28 is_stmt 0 view .LVU147
 515 0126 6B7C     		ldrb	r3, [r5, #17]	@ zero_extendqisi2
 417:Src/ninja_fruit_game.c ****         	RenderFruit(&game->fruits[i], screen_width, screen_height, mirror);
 516              		.loc 1 417 12 view .LVU148
 517 0128 032B     		cmp	r3, #3
 518 012a 31D0     		beq	.L8
 418:Src/ninja_fruit_game.c ****         }
 519              		.loc 1 418 10 is_stmt 1 view .LVU149
 520              	.LVL45:
 521              	.LBB30:
 522              	.LBI24:
 426:Src/ninja_fruit_game.c **** {
 523              		.loc 1 426 13 view .LVU150
 524              	.LBB28:
 429:Src/ninja_fruit_game.c ****     int screen_y = (int)(fruit->y * screen_height);
 525              		.loc 1 429 5 view .LVU151
 429:Src/ninja_fruit_game.c ****     int screen_y = (int)(fruit->y * screen_height);
 526              		.loc 1 429 35 is_stmt 0 view .LVU152
 527 012c D5ED007A 		vldr.32	s15, [r5]
 528 0130 67EEA97A 		vmul.f32	s15, s15, s19
 429:Src/ninja_fruit_game.c ****     int screen_y = (int)(fruit->y * screen_height);
 529              		.loc 1 429 9 view .LVU153
 530 0134 FDEEE77A 		vcvt.s32.f32	s15, s15
 430:Src/ninja_fruit_game.c ****     if (mirror) {
 531              		.loc 1 430 35 view .LVU154
 532 0138 95ED018A 		vldr.32	s16, [r5, #4]
 429:Src/ninja_fruit_game.c ****     int screen_y = (int)(fruit->y * screen_height);
 533              		.loc 1 429 9 view .LVU155
 534 013c 17EE90BA 		vmov	fp, s15	@ int
ARM GAS  C:\Users\Antonio\AppData\Local\Temp\ccFL4Qk9.s 			page 23


 535              	.LVL46:
 430:Src/ninja_fruit_game.c ****     if (mirror) {
 536              		.loc 1 430 5 is_stmt 1 view .LVU156
 430:Src/ninja_fruit_game.c ****     if (mirror) {
 537              		.loc 1 430 35 is_stmt 0 view .LVU157
 538 0140 28EE0A8A 		vmul.f32	s16, s16, s20
 432:Src/ninja_fruit_game.c ****     }
 539              		.loc 1 432 33 view .LVU158
 540 0144 CBF54872 		rsb	r2, fp, #800
 541 0148 4645     		cmp	r6, r8
 542 014a 38BF     		it	cc
 543 014c 9346     		movcc	fp, r2
 544              	.LVL47:
 435:Src/ninja_fruit_game.c ****     if (fruit->effect == FRUIT_EFFECT_NOSE_MODE) {
 545              		.loc 1 435 40 view .LVU159
 546 014e 2A7C     		ldrb	r2, [r5, #16]	@ zero_extendqisi2
 430:Src/ninja_fruit_game.c ****     if (mirror) {
 547              		.loc 1 430 9 view .LVU160
 548 0150 BDEEC88A 		vcvt.s32.f32	s16, s16
 549              	.LVL48:
 431:Src/ninja_fruit_game.c ****         screen_x = screen_width - screen_x;
 550              		.loc 1 431 5 is_stmt 1 view .LVU161
 435:Src/ninja_fruit_game.c ****     if (fruit->effect == FRUIT_EFFECT_NOSE_MODE) {
 551              		.loc 1 435 5 view .LVU162
 435:Src/ninja_fruit_game.c ****     if (fruit->effect == FRUIT_EFFECT_NOSE_MODE) {
 552              		.loc 1 435 14 is_stmt 0 view .LVU163
 553 0154 59F822A0 		ldr	r10, [r9, r2, lsl #2]
 554              	.LVL49:
 436:Src/ninja_fruit_game.c ****         color = UTIL_LCD_COLOR_CYAN;
 555              		.loc 1 436 5 is_stmt 1 view .LVU164
 436:Src/ninja_fruit_game.c ****         color = UTIL_LCD_COLOR_CYAN;
 556              		.loc 1 436 14 is_stmt 0 view .LVU165
 557 0158 AA7C     		ldrb	r2, [r5, #18]	@ zero_extendqisi2
 436:Src/ninja_fruit_game.c ****         color = UTIL_LCD_COLOR_CYAN;
 558              		.loc 1 436 8 view .LVU166
 559 015a 012A     		cmp	r2, #1
 560 015c 00F0B280 		beq	.L20
 438:Src/ninja_fruit_game.c ****         color = UTIL_LCD_COLOR_MAGENTA;
 561              		.loc 1 438 12 is_stmt 1 view .LVU167
 439:Src/ninja_fruit_game.c ****     }
 562              		.loc 1 439 15 is_stmt 0 view .LVU168
 563 0160 022A     		cmp	r2, #2
 564 0162 08BF     		it	eq
 565 0164 6FF47F4A 		mvneq	r10, #65280
 566              	.LVL50:
 567              	.L10:
 442:Src/ninja_fruit_game.c ****         // Draw whole fruit
 568              		.loc 1 442 5 is_stmt 1 view .LVU169
 442:Src/ninja_fruit_game.c ****         // Draw whole fruit
 569              		.loc 1 442 8 is_stmt 0 view .LVU170
 570 0168 002B     		cmp	r3, #0
 571 016a 40F0AE80 		bne	.L11
 444:Src/ninja_fruit_game.c **** 
 572              		.loc 1 444 9 is_stmt 1 view .LVU171
 573 016e 5346     		mov	r3, r10
 574 0170 1422     		movs	r2, #20
 575 0172 18EE101A 		vmov	r1, s16	@ int
ARM GAS  C:\Users\Antonio\AppData\Local\Temp\ccFL4Qk9.s 			page 24


 576 0176 5846     		mov	r0, fp
 577 0178 FFF7FEFF 		bl	UTIL_LCD_FillCircle
 578              	.LVL51:
 447:Src/ninja_fruit_game.c ****                            UTIL_LCD_COLOR_WHITE);
 579              		.loc 1 447 9 view .LVU172
 580 017c 18EE101A 		vmov	r1, s16	@ int
 581 0180 4FF0FF33 		mov	r3, #-1
 582 0184 0522     		movs	r2, #5
 583 0186 0639     		subs	r1, r1, #6
 584 0188 ABF10600 		sub	r0, fp, #6
 585              	.LVL52:
 586              	.L26:
 587              	.LBB26:
 462:Src/ninja_fruit_game.c ****         }
 588              		.loc 1 462 13 is_stmt 0 view .LVU173
 589 018c FFF7FEFF 		bl	UTIL_LCD_FillCircle
 590              	.LVL53:
 591              	.L8:
 462:Src/ninja_fruit_game.c ****         }
 592              		.loc 1 462 13 view .LVU174
 593              	.LBE26:
 594              	.LBE28:
 595              	.LBE30:
 416:Src/ninja_fruit_game.c ****         if (game->fruits[i].state != FRUIT_STATE_INACTIVE) {
 596              		.loc 1 416 38 is_stmt 1 discriminator 2 view .LVU175
 416:Src/ninja_fruit_game.c ****         if (game->fruits[i].state != FRUIT_STATE_INACTIVE) {
 597              		.loc 1 416 23 discriminator 1 view .LVU176
 598 0190 2035     		adds	r5, r5, #32
 599 0192 BD42     		cmp	r5, r7
 600 0194 C7D1     		bne	.L13
 601              	.LBE23:
 423:Src/ninja_fruit_game.c **** }
 602              		.loc 1 423 5 view .LVU177
 603              	.LVL54:
 604              	.LBB32:
 605              	.LBI16:
 467:Src/ninja_fruit_game.c **** {
 606              		.loc 1 467 13 view .LVU178
 607              	.LBB20:
 469:Src/ninja_fruit_game.c **** 
 608              		.loc 1 469 5 view .LVU179
 609 0196 4FF08040 		mov	r0, #1073741824
 610 019a FFF7FEFF 		bl	UTIL_LCD_SetBackColor
 611              	.LVL55:
 472:Src/ninja_fruit_game.c ****     UTIL_LCDEx_PrintfAt(0, LINE(1), LEFT_MODE, "Score: %lu", game->score);
 612              		.loc 1 472 5 view .LVU180
 613 019e 4FF0FF30 		mov	r0, #-1
 614 01a2 FFF7FEFF 		bl	UTIL_LCD_SetTextColor
 615              	.LVL56:
 473:Src/ninja_fruit_game.c **** 
 616              		.loc 1 473 5 view .LVU181
 473:Src/ninja_fruit_game.c **** 
 617              		.loc 1 473 28 is_stmt 0 view .LVU182
 618 01a6 FFF7FEFF 		bl	UTIL_LCD_GetFont
 619              	.LVL57:
 473:Src/ninja_fruit_game.c **** 
 620              		.loc 1 473 5 discriminator 1 view .LVU183
ARM GAS  C:\Users\Antonio\AppData\Local\Temp\ccFL4Qk9.s 			page 25


 621 01aa D4F80031 		ldr	r3, [r4, #256]
 622 01ae C188     		ldrh	r1, [r0, #6]
 623 01b0 0322     		movs	r2, #3
 624 01b2 0093     		str	r3, [sp]
 625 01b4 0020     		movs	r0, #0
 626 01b6 7D4B     		ldr	r3, .L29+56
 627 01b8 FFF7FEFF 		bl	UTIL_LCDEx_PrintfAt
 628              	.LVL58:
 476:Src/ninja_fruit_game.c **** 
 629              		.loc 1 476 5 is_stmt 1 view .LVU184
 476:Src/ninja_fruit_game.c **** 
 630              		.loc 1 476 28 is_stmt 0 view .LVU185
 631 01bc FFF7FEFF 		bl	UTIL_LCD_GetFont
 632              	.LVL59:
 476:Src/ninja_fruit_game.c **** 
 633              		.loc 1 476 5 discriminator 1 view .LVU186
 634 01c0 D4F81431 		ldr	r3, [r4, #276]
 476:Src/ninja_fruit_game.c **** 
 635              		.loc 1 476 28 discriminator 1 view .LVU187
 636 01c4 C188     		ldrh	r1, [r0, #6]
 476:Src/ninja_fruit_game.c **** 
 637              		.loc 1 476 5 discriminator 1 view .LVU188
 638 01c6 0322     		movs	r2, #3
 639 01c8 0093     		str	r3, [sp]
 640 01ca 0020     		movs	r0, #0
 641 01cc 784B     		ldr	r3, .L29+60
 642 01ce 4900     		lsls	r1, r1, #1
 643 01d0 FFF7FEFF 		bl	UTIL_LCDEx_PrintfAt
 644              	.LVL60:
 479:Src/ninja_fruit_game.c ****         UTIL_LCD_SetTextColor(UTIL_LCD_COLOR_RED);
 645              		.loc 1 479 5 is_stmt 1 view .LVU189
 479:Src/ninja_fruit_game.c ****         UTIL_LCD_SetTextColor(UTIL_LCD_COLOR_RED);
 646              		.loc 1 479 8 is_stmt 0 view .LVU190
 647 01d4 D4F80431 		ldr	r3, [r4, #260]
 648 01d8 022B     		cmp	r3, #2
 649 01da 02D9     		bls	.L14
 480:Src/ninja_fruit_game.c ****     }
 650              		.loc 1 480 9 is_stmt 1 view .LVU191
 651 01dc 7548     		ldr	r0, .L29+64
 652 01de FFF7FEFF 		bl	UTIL_LCD_SetTextColor
 653              	.LVL61:
 654              	.L14:
 482:Src/ninja_fruit_game.c ****     UTIL_LCD_SetTextColor(UTIL_LCD_COLOR_WHITE);
 655              		.loc 1 482 5 view .LVU192
 482:Src/ninja_fruit_game.c ****     UTIL_LCD_SetTextColor(UTIL_LCD_COLOR_WHITE);
 656              		.loc 1 482 28 is_stmt 0 view .LVU193
 657 01e2 FFF7FEFF 		bl	UTIL_LCD_GetFont
 658              	.LVL62:
 482:Src/ninja_fruit_game.c ****     UTIL_LCD_SetTextColor(UTIL_LCD_COLOR_WHITE);
 659              		.loc 1 482 5 discriminator 1 view .LVU194
 660 01e6 0523     		movs	r3, #5
 482:Src/ninja_fruit_game.c ****     UTIL_LCD_SetTextColor(UTIL_LCD_COLOR_WHITE);
 661              		.loc 1 482 28 discriminator 1 view .LVU195
 662 01e8 C188     		ldrh	r1, [r0, #6]
 482:Src/ninja_fruit_game.c ****     UTIL_LCD_SetTextColor(UTIL_LCD_COLOR_WHITE);
 663              		.loc 1 482 5 discriminator 1 view .LVU196
 664 01ea 0193     		str	r3, [sp, #4]
ARM GAS  C:\Users\Antonio\AppData\Local\Temp\ccFL4Qk9.s 			page 26


 665 01ec D4F80431 		ldr	r3, [r4, #260]
 666 01f0 0322     		movs	r2, #3
 667 01f2 01EB4101 		add	r1, r1, r1, lsl #1
 668 01f6 0093     		str	r3, [sp]
 669 01f8 0020     		movs	r0, #0
 670 01fa 6F4B     		ldr	r3, .L29+68
 671 01fc FFF7FEFF 		bl	UTIL_LCDEx_PrintfAt
 672              	.LVL63:
 483:Src/ninja_fruit_game.c **** 
 673              		.loc 1 483 5 is_stmt 1 view .LVU197
 674 0200 4FF0FF30 		mov	r0, #-1
 675 0204 FFF7FEFF 		bl	UTIL_LCD_SetTextColor
 676              	.LVL64:
 486:Src/ninja_fruit_game.c ****     UTIL_LCDEx_PrintfAt(600, LINE(1), LEFT_MODE, "Time: %lus", game_time);
 677              		.loc 1 486 5 view .LVU198
 486:Src/ninja_fruit_game.c ****     UTIL_LCDEx_PrintfAt(600, LINE(1), LEFT_MODE, "Time: %lus", game_time);
 678              		.loc 1 486 27 is_stmt 0 view .LVU199
 679 0208 FFF7FEFF 		bl	HAL_GetTick
 680              	.LVL65:
 486:Src/ninja_fruit_game.c ****     UTIL_LCDEx_PrintfAt(600, LINE(1), LEFT_MODE, "Time: %lus", game_time);
 681              		.loc 1 486 41 discriminator 1 view .LVU200
 682 020c D4F81031 		ldr	r3, [r4, #272]
 683 0210 C51A     		subs	r5, r0, r3
 486:Src/ninja_fruit_game.c ****     UTIL_LCDEx_PrintfAt(600, LINE(1), LEFT_MODE, "Time: %lus", game_time);
 684              		.loc 1 486 14 discriminator 1 view .LVU201
 685 0212 4FF47A73 		mov	r3, #1000
 686 0216 B5FBF3F5 		udiv	r5, r5, r3
 687              	.LVL66:
 487:Src/ninja_fruit_game.c **** 
 688              		.loc 1 487 5 is_stmt 1 view .LVU202
 487:Src/ninja_fruit_game.c **** 
 689              		.loc 1 487 30 is_stmt 0 view .LVU203
 690 021a FFF7FEFF 		bl	UTIL_LCD_GetFont
 691              	.LVL67:
 487:Src/ninja_fruit_game.c **** 
 692              		.loc 1 487 5 discriminator 1 view .LVU204
 693 021e 674B     		ldr	r3, .L29+72
 694 0220 C188     		ldrh	r1, [r0, #6]
 695 0222 0322     		movs	r2, #3
 696 0224 4FF41670 		mov	r0, #600
 697 0228 0095     		str	r5, [sp]
 698 022a FFF7FEFF 		bl	UTIL_LCDEx_PrintfAt
 699              	.LVL68:
 490:Src/ninja_fruit_game.c ****             UTIL_LCDEx_PrintfAt(0, LINE(4), CENTER_MODE, "NOSE MODE!");
 700              		.loc 1 490 7 is_stmt 1 view .LVU205
 490:Src/ninja_fruit_game.c ****             UTIL_LCDEx_PrintfAt(0, LINE(4), CENTER_MODE, "NOSE MODE!");
 701              		.loc 1 490 11 is_stmt 0 view .LVU206
 702 022e FFF7FEFF 		bl	HAL_GetTick
 703              	.LVL69:
 490:Src/ninja_fruit_game.c ****             UTIL_LCDEx_PrintfAt(0, LINE(4), CENTER_MODE, "NOSE MODE!");
 704              		.loc 1 490 10 discriminator 1 view .LVU207
 705 0232 D4F82031 		ldr	r3, [r4, #288]
 706 0236 9842     		cmp	r0, r3
 707 0238 08D2     		bcs	.L15
 491:Src/ninja_fruit_game.c ****           }
 708              		.loc 1 491 13 is_stmt 1 view .LVU208
 491:Src/ninja_fruit_game.c ****           }
ARM GAS  C:\Users\Antonio\AppData\Local\Temp\ccFL4Qk9.s 			page 27


 709              		.loc 1 491 36 is_stmt 0 view .LVU209
 710 023a FFF7FEFF 		bl	UTIL_LCD_GetFont
 711              	.LVL70:
 491:Src/ninja_fruit_game.c ****           }
 712              		.loc 1 491 36 discriminator 1 view .LVU210
 713 023e C188     		ldrh	r1, [r0, #6]
 491:Src/ninja_fruit_game.c ****           }
 714              		.loc 1 491 13 discriminator 1 view .LVU211
 715 0240 0122     		movs	r2, #1
 716 0242 0020     		movs	r0, #0
 717 0244 5E4B     		ldr	r3, .L29+76
 718 0246 8900     		lsls	r1, r1, #2
 719 0248 FFF7FEFF 		bl	UTIL_LCDEx_PrintfAt
 720              	.LVL71:
 721              	.L15:
 493:Src/ninja_fruit_game.c ****             UTIL_LCDEx_PrintfAt(0, LINE(5), CENTER_MODE, "MIRROR MODE!");
 722              		.loc 1 493 7 is_stmt 1 view .LVU212
 493:Src/ninja_fruit_game.c ****             UTIL_LCDEx_PrintfAt(0, LINE(5), CENTER_MODE, "MIRROR MODE!");
 723              		.loc 1 493 11 is_stmt 0 view .LVU213
 724 024c FFF7FEFF 		bl	HAL_GetTick
 725              	.LVL72:
 493:Src/ninja_fruit_game.c ****             UTIL_LCDEx_PrintfAt(0, LINE(5), CENTER_MODE, "MIRROR MODE!");
 726              		.loc 1 493 10 discriminator 1 view .LVU214
 727 0250 D4F82431 		ldr	r3, [r4, #292]
 728 0254 9842     		cmp	r0, r3
 729 0256 09D2     		bcs	.L16
 494:Src/ninja_fruit_game.c ****           }
 730              		.loc 1 494 13 is_stmt 1 view .LVU215
 494:Src/ninja_fruit_game.c ****           }
 731              		.loc 1 494 36 is_stmt 0 view .LVU216
 732 0258 FFF7FEFF 		bl	UTIL_LCD_GetFont
 733              	.LVL73:
 494:Src/ninja_fruit_game.c ****           }
 734              		.loc 1 494 36 discriminator 1 view .LVU217
 735 025c C188     		ldrh	r1, [r0, #6]
 494:Src/ninja_fruit_game.c ****           }
 736              		.loc 1 494 13 discriminator 1 view .LVU218
 737 025e 0122     		movs	r2, #1
 738 0260 0020     		movs	r0, #0
 739 0262 584B     		ldr	r3, .L29+80
 740 0264 01EB8101 		add	r1, r1, r1, lsl #2
 741 0268 FFF7FEFF 		bl	UTIL_LCDEx_PrintfAt
 742              	.LVL74:
 743              	.L16:
 497:Src/ninja_fruit_game.c ****           sFONT *old_font = UTIL_LCD_GetFont();
 744              		.loc 1 497 7 is_stmt 1 view .LVU219
 497:Src/ninja_fruit_game.c ****           sFONT *old_font = UTIL_LCD_GetFont();
 745              		.loc 1 497 11 is_stmt 0 view .LVU220
 746 026c FFF7FEFF 		bl	HAL_GetTick
 747              	.LVL75:
 497:Src/ninja_fruit_game.c ****           sFONT *old_font = UTIL_LCD_GetFont();
 748              		.loc 1 497 10 discriminator 1 view .LVU221
 749 0270 D4F82C31 		ldr	r3, [r4, #300]
 750 0274 9842     		cmp	r0, r3
 751 0276 BFF411AF 		bcs	.L17
 752              	.LBB18:
 498:Src/ninja_fruit_game.c ****           UTIL_LCD_SetFont(&Font24);
ARM GAS  C:\Users\Antonio\AppData\Local\Temp\ccFL4Qk9.s 			page 28


 753              		.loc 1 498 11 is_stmt 1 view .LVU222
 498:Src/ninja_fruit_game.c ****           UTIL_LCD_SetFont(&Font24);
 754              		.loc 1 498 29 is_stmt 0 view .LVU223
 755 027a FFF7FEFF 		bl	UTIL_LCD_GetFont
 756              	.LVL76:
 757 027e 0546     		mov	r5, r0
 758              	.LVL77:
 499:Src/ninja_fruit_game.c ****           UTIL_LCD_SetBackColor(0x40000000);
 759              		.loc 1 499 11 is_stmt 1 view .LVU224
 760 0280 5148     		ldr	r0, .L29+84
 761              	.LVL78:
 499:Src/ninja_fruit_game.c ****           UTIL_LCD_SetBackColor(0x40000000);
 762              		.loc 1 499 11 is_stmt 0 view .LVU225
 763 0282 FFF7FEFF 		bl	UTIL_LCD_SetFont
 764              	.LVL79:
 500:Src/ninja_fruit_game.c ****           UTIL_LCD_SetTextColor(UTIL_LCD_COLOR_YELLOW);
 765              		.loc 1 500 11 is_stmt 1 view .LVU226
 766 0286 4FF08040 		mov	r0, #1073741824
 767 028a FFF7FEFF 		bl	UTIL_LCD_SetBackColor
 768              	.LVL80:
 501:Src/ninja_fruit_game.c ****           UTIL_LCDEx_PrintfAt(0, LINE(8), CENTER_MODE, "%s", game->mode_message);
 769              		.loc 1 501 11 view .LVU227
 770 028e 6FF0FF00 		mvn	r0, #255
 771 0292 FFF7FEFF 		bl	UTIL_LCD_SetTextColor
 772              	.LVL81:
 502:Src/ninja_fruit_game.c ****           UTIL_LCD_SetTextColor(UTIL_LCD_COLOR_WHITE);
 773              		.loc 1 502 11 view .LVU228
 502:Src/ninja_fruit_game.c ****           UTIL_LCD_SetTextColor(UTIL_LCD_COLOR_WHITE);
 774              		.loc 1 502 34 is_stmt 0 view .LVU229
 775 0296 FFF7FEFF 		bl	UTIL_LCD_GetFont
 776              	.LVL82:
 502:Src/ninja_fruit_game.c ****           UTIL_LCD_SetTextColor(UTIL_LCD_COLOR_WHITE);
 777              		.loc 1 502 34 discriminator 1 view .LVU230
 778 029a C188     		ldrh	r1, [r0, #6]
 502:Src/ninja_fruit_game.c ****           UTIL_LCD_SetTextColor(UTIL_LCD_COLOR_WHITE);
 779              		.loc 1 502 66 discriminator 1 view .LVU231
 780 029c 04F59874 		add	r4, r4, #304
 781              	.LVL83:
 502:Src/ninja_fruit_game.c ****           UTIL_LCD_SetTextColor(UTIL_LCD_COLOR_WHITE);
 782              		.loc 1 502 11 discriminator 1 view .LVU232
 783 02a0 0122     		movs	r2, #1
 784 02a2 4A4B     		ldr	r3, .L29+88
 785 02a4 C900     		lsls	r1, r1, #3
 786 02a6 0094     		str	r4, [sp]
 787 02a8 0020     		movs	r0, #0
 788 02aa FFF7FEFF 		bl	UTIL_LCDEx_PrintfAt
 789              	.LVL84:
 503:Src/ninja_fruit_game.c ****           UTIL_LCD_SetBackColor(0);
 790              		.loc 1 503 11 is_stmt 1 view .LVU233
 791 02ae 4FF0FF30 		mov	r0, #-1
 792 02b2 FFF7FEFF 		bl	UTIL_LCD_SetTextColor
 793              	.LVL85:
 504:Src/ninja_fruit_game.c ****           UTIL_LCD_SetFont(old_font);
 794              		.loc 1 504 11 view .LVU234
 795 02b6 0020     		movs	r0, #0
 796 02b8 FFF7FEFF 		bl	UTIL_LCD_SetBackColor
 797              	.LVL86:
ARM GAS  C:\Users\Antonio\AppData\Local\Temp\ccFL4Qk9.s 			page 29


 505:Src/ninja_fruit_game.c ****       }
 798              		.loc 1 505 11 view .LVU235
 799 02bc 2846     		mov	r0, r5
 800 02be FFF7FEFF 		bl	UTIL_LCD_SetFont
 801              	.LVL87:
 802 02c2 EBE6     		b	.L17
 803              	.LVL88:
 804              	.L20:
 505:Src/ninja_fruit_game.c ****       }
 805              		.loc 1 505 11 is_stmt 0 view .LVU236
 806              	.LBE18:
 807              	.LBE20:
 808              	.LBE32:
 809              	.LBB33:
 810              	.LBB31:
 811              	.LBB29:
 437:Src/ninja_fruit_game.c ****     } else if (fruit->effect == FRUIT_EFFECT_MIRROR_MODE) {
 812              		.loc 1 437 15 view .LVU237
 813 02c4 6FF47F0A 		mvn	r10, #16711680
 814              	.LVL89:
 437:Src/ninja_fruit_game.c ****     } else if (fruit->effect == FRUIT_EFFECT_MIRROR_MODE) {
 815              		.loc 1 437 15 view .LVU238
 816 02c8 4EE7     		b	.L10
 817              	.LVL90:
 818              	.L11:
 450:Src/ninja_fruit_game.c ****         // Draw sliced fruit halves
 819              		.loc 1 450 10 is_stmt 1 view .LVU239
 450:Src/ninja_fruit_game.c ****         // Draw sliced fruit halves
 820              		.loc 1 450 13 is_stmt 0 view .LVU240
 821 02ca 012B     		cmp	r3, #1
 822 02cc 7FF460AF 		bne	.L8
 823              	.LBB27:
 452:Src/ninja_fruit_game.c ****         float32_t separation = (elapsed / (float32_t)SLICE_ANIMATION_TIME) * FRUIT_SIZE;
 824              		.loc 1 452 9 is_stmt 1 view .LVU241
 452:Src/ninja_fruit_game.c ****         float32_t separation = (elapsed / (float32_t)SLICE_ANIMATION_TIME) * FRUIT_SIZE;
 825              		.loc 1 452 28 is_stmt 0 view .LVU242
 826 02d0 FFF7FEFF 		bl	HAL_GetTick
 827              	.LVL91:
 453:Src/ninja_fruit_game.c **** 
 828              		.loc 1 453 9 is_stmt 1 view .LVU243
 452:Src/ninja_fruit_game.c ****         float32_t separation = (elapsed / (float32_t)SLICE_ANIMATION_TIME) * FRUIT_SIZE;
 829              		.loc 1 452 18 is_stmt 0 discriminator 1 view .LVU244
 830 02d4 AB69     		ldr	r3, [r5, #24]
 453:Src/ninja_fruit_game.c **** 
 831              		.loc 1 453 41 view .LVU245
 832 02d6 9FED3E7A 		vldr.32	s14, .L29+92
 452:Src/ninja_fruit_game.c ****         float32_t separation = (elapsed / (float32_t)SLICE_ANIMATION_TIME) * FRUIT_SIZE;
 833              		.loc 1 452 18 discriminator 1 view .LVU246
 834 02da C01A     		subs	r0, r0, r3
 835              	.LVL92:
 453:Src/ninja_fruit_game.c **** 
 836              		.loc 1 453 41 view .LVU247
 837 02dc 07EE900A 		vmov	s15, r0	@ int
 838 02e0 F8EE677A 		vcvt.f32.u32	s15, s15
 839 02e4 87EE879A 		vdiv.f32	s18, s15, s14
 453:Src/ninja_fruit_game.c **** 
 840              		.loc 1 453 19 view .LVU248
ARM GAS  C:\Users\Antonio\AppData\Local\Temp\ccFL4Qk9.s 			page 30


 841 02e8 DFED3A7A 		vldr.32	s15, .L29+96
 842 02ec 29EE279A 		vmul.f32	s18, s18, s15
 843              	.LVL93:
 455:Src/ninja_fruit_game.c ****             // Right slice - left half moves left, right half moves right
 844              		.loc 1 455 9 is_stmt 1 view .LVU249
 845 02f0 07EE90BA 		vmov	s15, fp	@ int
 846 02f4 F8EEE78A 		vcvt.f32.s32	s17, s15
 455:Src/ninja_fruit_game.c ****             // Right slice - left half moves left, right half moves right
 847              		.loc 1 455 12 is_stmt 0 view .LVU250
 848 02f8 2B7F     		ldrb	r3, [r5, #28]	@ zero_extendqisi2
 849 02fa B1EE49BA 		vneg.f32	s22, s18
 850 02fe F6EE00AA 		vmov.f32	s21, #5.0e-1
 851 0302 B8EEC88A 		vcvt.f32.s32	s16, s16
 852              	.LVL94:
 455:Src/ninja_fruit_game.c ****             // Right slice - left half moves left, right half moves right
 853              		.loc 1 455 12 view .LVU251
 854 0306 F5EE007A 		vmov.f32	s15, #2.5e-1
 457:Src/ninja_fruit_game.c ****             UTIL_LCD_FillCircle(screen_x + separation/2, screen_y + separation/4, FRUIT_SIZE/3, col
 855              		.loc 1 457 42 view .LVU252
 856 030a B0EE687A 		vmov.f32	s14, s17
 455:Src/ninja_fruit_game.c ****             // Right slice - left half moves left, right half moves right
 857              		.loc 1 455 12 view .LVU253
 858 030e DBB1     		cbz	r3, .L12
 457:Src/ninja_fruit_game.c ****             UTIL_LCD_FillCircle(screen_x + separation/2, screen_y + separation/4, FRUIT_SIZE/3, col
 859              		.loc 1 457 13 is_stmt 1 view .LVU254
 457:Src/ninja_fruit_game.c ****             UTIL_LCD_FillCircle(screen_x + separation/2, screen_y + separation/4, FRUIT_SIZE/3, col
 860              		.loc 1 457 67 is_stmt 0 view .LVU255
 861 0310 A9EE278A 		vfma.f32	s16, s18, s15
 457:Src/ninja_fruit_game.c ****             UTIL_LCD_FillCircle(screen_x + separation/2, screen_y + separation/4, FRUIT_SIZE/3, col
 862              		.loc 1 457 42 view .LVU256
 863 0314 ABEE2A7A 		vfma.f32	s14, s22, s21
 457:Src/ninja_fruit_game.c ****             UTIL_LCD_FillCircle(screen_x + separation/2, screen_y + separation/4, FRUIT_SIZE/3, col
 864              		.loc 1 457 13 view .LVU257
 865 0318 FCEEC87A 		vcvt.u32.f32	s15, s16
 866 031c 17EE901A 		vmov	r1, s15	@ int
 867 0320 CDED037A 		vstr.32	s15, [sp, #12]	@ int
 868 0324 FCEEC77A 		vcvt.u32.f32	s15, s14
 869 0328 5346     		mov	r3, r10
 870 032a 0D22     		movs	r2, #13
 871 032c 17EE900A 		vmov	r0, s15	@ int
 872              	.LVL95:
 457:Src/ninja_fruit_game.c ****             UTIL_LCD_FillCircle(screen_x + separation/2, screen_y + separation/4, FRUIT_SIZE/3, col
 873              		.loc 1 457 13 view .LVU258
 874 0330 FFF7FEFF 		bl	UTIL_LCD_FillCircle
 875              	.LVL96:
 458:Src/ninja_fruit_game.c ****         } else {
 876              		.loc 1 458 13 is_stmt 1 view .LVU259
 458:Src/ninja_fruit_game.c ****         } else {
 877              		.loc 1 458 42 is_stmt 0 view .LVU260
 878 0334 E9EE2A8A 		vfma.f32	s17, s18, s21
 879              	.L27:
 462:Src/ninja_fruit_game.c ****         }
 880              		.loc 1 462 13 view .LVU261
 881 0338 FCEEE87A 		vcvt.u32.f32	s15, s17
 882 033c 5346     		mov	r3, r10
 883 033e 0D22     		movs	r2, #13
 884 0340 17EE900A 		vmov	r0, s15	@ int
ARM GAS  C:\Users\Antonio\AppData\Local\Temp\ccFL4Qk9.s 			page 31


 885 0344 0399     		ldr	r1, [sp, #12]
 886 0346 21E7     		b	.L26
 887              	.LVL97:
 888              	.L12:
 461:Src/ninja_fruit_game.c ****             UTIL_LCD_FillCircle(screen_x - separation/2, screen_y + separation/4, FRUIT_SIZE/3, col
 889              		.loc 1 461 13 is_stmt 1 view .LVU262
 461:Src/ninja_fruit_game.c ****             UTIL_LCD_FillCircle(screen_x - separation/2, screen_y + separation/4, FRUIT_SIZE/3, col
 890              		.loc 1 461 67 is_stmt 0 view .LVU263
 891 0348 A9EE278A 		vfma.f32	s16, s18, s15
 461:Src/ninja_fruit_game.c ****             UTIL_LCD_FillCircle(screen_x - separation/2, screen_y + separation/4, FRUIT_SIZE/3, col
 892              		.loc 1 461 42 view .LVU264
 893 034c A9EE2A7A 		vfma.f32	s14, s18, s21
 461:Src/ninja_fruit_game.c ****             UTIL_LCD_FillCircle(screen_x - separation/2, screen_y + separation/4, FRUIT_SIZE/3, col
 894              		.loc 1 461 13 view .LVU265
 895 0350 FCEEC87A 		vcvt.u32.f32	s15, s16
 896 0354 17EE901A 		vmov	r1, s15	@ int
 897 0358 CDED037A 		vstr.32	s15, [sp, #12]	@ int
 898 035c FCEEC77A 		vcvt.u32.f32	s15, s14
 899 0360 5346     		mov	r3, r10
 900 0362 0D22     		movs	r2, #13
 901 0364 17EE900A 		vmov	r0, s15	@ int
 902              	.LVL98:
 461:Src/ninja_fruit_game.c ****             UTIL_LCD_FillCircle(screen_x - separation/2, screen_y + separation/4, FRUIT_SIZE/3, col
 903              		.loc 1 461 13 view .LVU266
 904 0368 FFF7FEFF 		bl	UTIL_LCD_FillCircle
 905              	.LVL99:
 462:Src/ninja_fruit_game.c ****         }
 906              		.loc 1 462 13 is_stmt 1 view .LVU267
 462:Src/ninja_fruit_game.c ****         }
 907              		.loc 1 462 42 is_stmt 0 view .LVU268
 908 036c EBEE2A8A 		vfma.f32	s17, s22, s21
 909 0370 E2E7     		b	.L27
 910              	.L30:
 911 0372 00BF     		.align	2
 912              	.L29:
 913 0374 0A000000 		.word	.LC2
 914 0378 1D000000 		.word	.LC3
 915 037c 38000000 		.word	.LC4
 916 0380 55000000 		.word	.LC5
 917 0384 00000000 		.word	.LC0
 918 0388 06000000 		.word	.LC1
 919 038c 6F000000 		.word	.LC6
 920 0390 0000FF40 		.word	1090453504
 921 0394 78000000 		.word	.LC7
 922 0398 83000000 		.word	.LC8
 923 039c 94000000 		.word	.LC9
 924 03a0 A7000000 		.word	.LC10
 925 03a4 00004844 		.word	1145569280
 926 03a8 0000F043 		.word	1139802112
 927 03ac C3000000 		.word	.LC11
 928 03b0 CE000000 		.word	.LC12
 929 03b4 0000FFFF 		.word	-65536
 930 03b8 D9000000 		.word	.LC13
 931 03bc E8000000 		.word	.LC14
 932 03c0 F3000000 		.word	.LC15
 933 03c4 FE000000 		.word	.LC16
 934 03c8 00000000 		.word	Font24
ARM GAS  C:\Users\Antonio\AppData\Local\Temp\ccFL4Qk9.s 			page 32


 935 03cc 0B010000 		.word	.LC17
 936 03d0 0000FA43 		.word	1140457472
 937 03d4 00002042 		.word	1109393408
 938 03d8 00000000 		.word	fruit_colors
 939              	.LBE27:
 940              	.LBE29:
 941              	.LBE31:
 942              	.LBE33:
 943              		.cfi_endproc
 944              	.LFE3352:
 946              		.section	.text.NinjaGame_Reset,"ax",%progbits
 947              		.align	1
 948              		.global	NinjaGame_Reset
 949              		.syntax unified
 950              		.thumb
 951              		.thumb_func
 953              	NinjaGame_Reset:
 954              	.LVL100:
 955              	.LFB3355:
 514:Src/ninja_fruit_game.c ****     // Reset game state but keep high score for comparison
 956              		.loc 1 514 1 is_stmt 1 view -0
 957              		.cfi_startproc
 958              		@ args = 0, pretend = 0, frame = 0
 959              		@ frame_needed = 0, uses_anonymous_args = 0
 516:Src/ninja_fruit_game.c **** 
 960              		.loc 1 516 5 view .LVU270
 514:Src/ninja_fruit_game.c ****     // Reset game state but keep high score for comparison
 961              		.loc 1 514 1 is_stmt 0 view .LVU271
 962 0000 10B5     		push	{r4, lr}
 963              		.cfi_def_cfa_offset 8
 964              		.cfi_offset 4, -8
 965              		.cfi_offset 14, -4
 514:Src/ninja_fruit_game.c ****     // Reset game state but keep high score for comparison
 966              		.loc 1 514 1 view .LVU272
 967 0002 0446     		mov	r4, r0
 968              	.LVL101:
 518:Src/ninja_fruit_game.c ****     game->game_started = 1;
 969              		.loc 1 518 5 is_stmt 1 view .LVU273
 970 0004 FFF7FEFF 		bl	NinjaGame_Init
 971              	.LVL102:
 519:Src/ninja_fruit_game.c ****     game->game_start_time = HAL_GetTick();
 972              		.loc 1 519 5 view .LVU274
 519:Src/ninja_fruit_game.c ****     game->game_start_time = HAL_GetTick();
 973              		.loc 1 519 24 is_stmt 0 view .LVU275
 974 0008 0123     		movs	r3, #1
 975 000a 84F80D31 		strb	r3, [r4, #269]
 520:Src/ninja_fruit_game.c **** 
 976              		.loc 1 520 5 is_stmt 1 view .LVU276
 520:Src/ninja_fruit_game.c **** 
 977              		.loc 1 520 29 is_stmt 0 view .LVU277
 978 000e FFF7FEFF 		bl	HAL_GetTick
 979              	.LVL103:
 520:Src/ninja_fruit_game.c **** 
 980              		.loc 1 520 27 discriminator 1 view .LVU278
 981 0012 C4F81001 		str	r0, [r4, #272]
 523:Src/ninja_fruit_game.c **** 
 982              		.loc 1 523 1 view .LVU279
ARM GAS  C:\Users\Antonio\AppData\Local\Temp\ccFL4Qk9.s 			page 33


 983 0016 10BD     		pop	{r4, pc}
 523:Src/ninja_fruit_game.c **** 
 984              		.loc 1 523 1 view .LVU280
 985              		.cfi_endproc
 986              	.LFE3355:
 988              		.section	.rodata.NinjaGame_Update.str1.1,"aMS",%progbits,1
 989              	.LC18:
 990 0000 4E4F5345 		.ascii	"NOSE MODE\000"
 990      204D4F44 
 990      4500
 991              	.LC19:
 992 000a 4D495252 		.ascii	"MIRROR MODE\000"
 992      4F52204D 
 992      4F444500 
 993              	.LC20:
 994 0016 4E4F524D 		.ascii	"NORMAL MODE\000"
 994      414C204D 
 994      4F444500 
 995              		.section	.text.NinjaGame_Update,"ax",%progbits
 996              		.align	1
 997              		.global	NinjaGame_Update
 998              		.syntax unified
 999              		.thumb
 1000              		.thumb_func
 1002              	NinjaGame_Update:
 1003              	.LVL104:
 1004              	.LFB3346:
  76:Src/ninja_fruit_game.c ****     uint32_t current_time = HAL_GetTick();
 1005              		.loc 1 76 1 is_stmt 1 view -0
 1006              		.cfi_startproc
 1007              		@ args = 0, pretend = 0, frame = 8
 1008              		@ frame_needed = 0, uses_anonymous_args = 0
  77:Src/ninja_fruit_game.c ****     CheckModeToggle(game);
 1009              		.loc 1 77 5 view .LVU282
  76:Src/ninja_fruit_game.c ****     uint32_t current_time = HAL_GetTick();
 1010              		.loc 1 76 1 is_stmt 0 view .LVU283
 1011 0000 2DE9F04F 		push	{r4, r5, r6, r7, r8, r9, r10, fp, lr}
 1012              		.cfi_def_cfa_offset 36
 1013              		.cfi_offset 4, -36
 1014              		.cfi_offset 5, -32
 1015              		.cfi_offset 6, -28
 1016              		.cfi_offset 7, -24
 1017              		.cfi_offset 8, -20
 1018              		.cfi_offset 9, -16
 1019              		.cfi_offset 10, -12
 1020              		.cfi_offset 11, -8
 1021              		.cfi_offset 14, -4
 1022 0004 2DED0A8B 		vpush.64	{d8, d9, d10, d11, d12}
 1023              		.cfi_def_cfa_offset 76
 1024              		.cfi_offset 80, -76
 1025              		.cfi_offset 81, -72
 1026              		.cfi_offset 82, -68
 1027              		.cfi_offset 83, -64
 1028              		.cfi_offset 84, -60
 1029              		.cfi_offset 85, -56
 1030              		.cfi_offset 86, -52
 1031              		.cfi_offset 87, -48
ARM GAS  C:\Users\Antonio\AppData\Local\Temp\ccFL4Qk9.s 			page 34


 1032              		.cfi_offset 88, -44
 1033              		.cfi_offset 89, -40
 1034 0008 83B0     		sub	sp, sp, #12
 1035              		.cfi_def_cfa_offset 88
  76:Src/ninja_fruit_game.c ****     uint32_t current_time = HAL_GetTick();
 1036              		.loc 1 76 1 view .LVU284
 1037 000a 0446     		mov	r4, r0
 1038 000c 0F46     		mov	r7, r1
 1039 000e 1646     		mov	r6, r2
  77:Src/ninja_fruit_game.c ****     CheckModeToggle(game);
 1040              		.loc 1 77 29 view .LVU285
 1041 0010 FFF7FEFF 		bl	HAL_GetTick
 1042              	.LVL105:
  77:Src/ninja_fruit_game.c ****     CheckModeToggle(game);
 1043              		.loc 1 77 29 view .LVU286
 1044 0014 0546     		mov	r5, r0
 1045              	.LVL106:
  78:Src/ninja_fruit_game.c **** 
 1046              		.loc 1 78 5 is_stmt 1 view .LVU287
 1047              	.LBB68:
 1048              	.LBI68:
  36:Src/ninja_fruit_game.c **** {
 1049              		.loc 1 36 13 view .LVU288
 1050              	.LBB69:
  38:Src/ninja_fruit_game.c **** 
 1051              		.loc 1 38 5 view .LVU289
  38:Src/ninja_fruit_game.c **** 
 1052              		.loc 1 38 20 is_stmt 0 view .LVU290
 1053 0016 FFF7FEFF 		bl	HAL_GetTick
 1054              	.LVL107:
  40:Src/ninja_fruit_game.c ****     {
 1055              		.loc 1 40 8 view .LVU291
 1056 001a B4F80C31 		ldrh	r3, [r4, #268]
  38:Src/ninja_fruit_game.c **** 
 1057              		.loc 1 38 20 view .LVU292
 1058 001e 8046     		mov	r8, r0
 1059              	.LVL108:
  40:Src/ninja_fruit_game.c ****     {
 1060              		.loc 1 40 5 is_stmt 1 view .LVU293
  40:Src/ninja_fruit_game.c ****     {
 1061              		.loc 1 40 8 is_stmt 0 view .LVU294
 1062 0020 13B1     		cbz	r3, .L33
  40:Src/ninja_fruit_game.c ****     {
 1063              		.loc 1 40 51 discriminator 1 view .LVU295
 1064 0022 94F80C31 		ldrb	r3, [r4, #268]	@ zero_extendqisi2
 1065 0026 A3B1     		cbz	r3, .L34
 1066              	.L33:
  42:Src/ninja_fruit_game.c ****             (now - last_mode_toggle > 300))
 1067              		.loc 1 42 9 is_stmt 1 view .LVU296
  42:Src/ninja_fruit_game.c ****             (now - last_mode_toggle > 300))
 1068              		.loc 1 42 14 is_stmt 0 view .LVU297
 1069 0028 0020     		movs	r0, #0
 1070              	.LVL109:
  42:Src/ninja_fruit_game.c ****             (now - last_mode_toggle > 300))
 1071              		.loc 1 42 14 view .LVU298
 1072 002a FFF7FEFF 		bl	BSP_PB_GetState
 1073              	.LVL110:
ARM GAS  C:\Users\Antonio\AppData\Local\Temp\ccFL4Qk9.s 			page 35


  42:Src/ninja_fruit_game.c ****             (now - last_mode_toggle > 300))
 1074              		.loc 1 42 12 discriminator 1 view .LVU299
 1075 002e 0128     		cmp	r0, #1
 1076 0030 0FD1     		bne	.L34
  43:Src/ninja_fruit_game.c ****         {
 1077              		.loc 1 43 18 view .LVU300
 1078 0032 9D4A     		ldr	r2, .L112+8
 1079 0034 1368     		ldr	r3, [r2]
 1080 0036 A8EB0303 		sub	r3, r8, r3
  42:Src/ninja_fruit_game.c ****             (now - last_mode_toggle > 300))
 1081              		.loc 1 42 61 discriminator 1 view .LVU301
 1082 003a B3F5967F 		cmp	r3, #300
 1083 003e 08D9     		bls	.L34
  45:Src/ninja_fruit_game.c ****             last_mode_toggle = now;
 1084              		.loc 1 45 13 is_stmt 1 view .LVU302
  45:Src/ninja_fruit_game.c ****             last_mode_toggle = now;
 1085              		.loc 1 45 76 is_stmt 0 view .LVU303
 1086 0040 94F81C31 		ldrb	r3, [r4, #284]	@ zero_extendqisi2
  46:Src/ninja_fruit_game.c ****         }
 1087              		.loc 1 46 30 view .LVU304
 1088 0044 C2F80080 		str	r8, [r2]
  45:Src/ninja_fruit_game.c ****             last_mode_toggle = now;
 1089              		.loc 1 45 76 view .LVU305
 1090 0048 B3FA83F3 		clz	r3, r3
 1091 004c 5B09     		lsrs	r3, r3, #5
 1092 004e 84F81C31 		strb	r3, [r4, #284]
  46:Src/ninja_fruit_game.c ****         }
 1093              		.loc 1 46 13 is_stmt 1 view .LVU306
 1094              	.L34:
 1095              	.LVL111:
  46:Src/ninja_fruit_game.c ****         }
 1096              		.loc 1 46 13 is_stmt 0 view .LVU307
 1097              	.LBE69:
 1098              	.LBE68:
  80:Src/ninja_fruit_game.c ****         CMW_CAMERA_SetMirrorFlip(CMW_MIRRORFLIP_NONE);
 1099              		.loc 1 80 5 is_stmt 1 view .LVU308
  80:Src/ninja_fruit_game.c ****         CMW_CAMERA_SetMirrorFlip(CMW_MIRRORFLIP_NONE);
 1100              		.loc 1 80 8 is_stmt 0 view .LVU309
 1101 0052 94F82831 		ldrb	r3, [r4, #296]	@ zero_extendqisi2
 1102 0056 4BB1     		cbz	r3, .L36
  80:Src/ninja_fruit_game.c ****         CMW_CAMERA_SetMirrorFlip(CMW_MIRRORFLIP_NONE);
 1103              		.loc 1 80 34 discriminator 1 view .LVU310
 1104 0058 D4F82431 		ldr	r3, [r4, #292]
 1105 005c AB42     		cmp	r3, r5
 1106 005e 05D8     		bhi	.L36
  81:Src/ninja_fruit_game.c ****         game->mirror_mode_active = 0;
 1107              		.loc 1 81 9 is_stmt 1 view .LVU311
 1108 0060 0020     		movs	r0, #0
 1109 0062 FFF7FEFF 		bl	CMW_CAMERA_SetMirrorFlip
 1110              	.LVL112:
  82:Src/ninja_fruit_game.c ****     }
 1111              		.loc 1 82 9 view .LVU312
  82:Src/ninja_fruit_game.c ****     }
 1112              		.loc 1 82 34 is_stmt 0 view .LVU313
 1113 0066 0023     		movs	r3, #0
 1114 0068 84F82831 		strb	r3, [r4, #296]
 1115              	.L36:
ARM GAS  C:\Users\Antonio\AppData\Local\Temp\ccFL4Qk9.s 			page 36


  85:Src/ninja_fruit_game.c ****         GestureType_t current_gesture = Gesture_GetCurrentDisplayGesture(gesture_detector);
 1116              		.loc 1 85 5 is_stmt 1 view .LVU314
  85:Src/ninja_fruit_game.c ****         GestureType_t current_gesture = Gesture_GetCurrentDisplayGesture(gesture_detector);
 1117              		.loc 1 85 8 is_stmt 0 view .LVU315
 1118 006c B4F80C31 		ldrh	r3, [r4, #268]
 1119 0070 73B9     		cbnz	r3, .L37
 1120              	.LBB70:
  86:Src/ninja_fruit_game.c ****         if (current_gesture != GESTURE_NONE) {
 1121              		.loc 1 86 9 is_stmt 1 view .LVU316
  86:Src/ninja_fruit_game.c ****         if (current_gesture != GESTURE_NONE) {
 1122              		.loc 1 86 41 is_stmt 0 view .LVU317
 1123 0072 3846     		mov	r0, r7
 1124 0074 FFF7FEFF 		bl	Gesture_GetCurrentDisplayGesture
 1125              	.LVL113:
  87:Src/ninja_fruit_game.c ****             game->game_started = 1;
 1126              		.loc 1 87 9 is_stmt 1 view .LVU318
  87:Src/ninja_fruit_game.c ****             game->game_started = 1;
 1127              		.loc 1 87 12 is_stmt 0 view .LVU319
 1128 0078 C0B2     		uxtb	r0, r0
  87:Src/ninja_fruit_game.c ****             game->game_started = 1;
 1129              		.loc 1 87 12 view .LVU320
 1130 007a 20B1     		cbz	r0, .L32
  88:Src/ninja_fruit_game.c ****             game->game_start_time = current_time;
 1131              		.loc 1 88 13 is_stmt 1 view .LVU321
  88:Src/ninja_fruit_game.c ****             game->game_start_time = current_time;
 1132              		.loc 1 88 32 is_stmt 0 view .LVU322
 1133 007c 0123     		movs	r3, #1
  89:Src/ninja_fruit_game.c ****         }
 1134              		.loc 1 89 35 view .LVU323
 1135 007e C4F81051 		str	r5, [r4, #272]
  88:Src/ninja_fruit_game.c ****             game->game_start_time = current_time;
 1136              		.loc 1 88 32 view .LVU324
 1137 0082 84F80D31 		strb	r3, [r4, #269]
  89:Src/ninja_fruit_game.c ****         }
 1138              		.loc 1 89 13 is_stmt 1 view .LVU325
 1139              	.LVL114:
 1140              	.L32:
  89:Src/ninja_fruit_game.c ****         }
 1141              		.loc 1 89 13 is_stmt 0 view .LVU326
 1142              	.LBE70:
 173:Src/ninja_fruit_game.c **** 
 1143              		.loc 1 173 1 view .LVU327
 1144 0086 03B0     		add	sp, sp, #12
 1145              		.cfi_remember_state
 1146              		.cfi_def_cfa_offset 76
 1147              		@ sp needed
 1148 0088 BDEC0A8B 		vldm	sp!, {d8-d12}
 1149              		.cfi_restore 88
 1150              		.cfi_restore 89
 1151              		.cfi_restore 86
 1152              		.cfi_restore 87
 1153              		.cfi_restore 84
 1154              		.cfi_restore 85
 1155              		.cfi_restore 82
 1156              		.cfi_restore 83
 1157              		.cfi_restore 80
 1158              		.cfi_restore 81
ARM GAS  C:\Users\Antonio\AppData\Local\Temp\ccFL4Qk9.s 			page 37


 1159              		.cfi_def_cfa_offset 36
 1160 008c BDE8F08F 		pop	{r4, r5, r6, r7, r8, r9, r10, fp, pc}
 1161              	.LVL115:
 1162              	.L37:
 1163              		.cfi_restore_state
  94:Src/ninja_fruit_game.c ****         // Check for restart gesture
 1164              		.loc 1 94 5 is_stmt 1 view .LVU328
  94:Src/ninja_fruit_game.c ****         // Check for restart gesture
 1165              		.loc 1 94 8 is_stmt 0 view .LVU329
 1166 0090 94F80C21 		ldrb	r2, [r4, #268]	@ zero_extendqisi2
 1167 0094 6AB1     		cbz	r2, .L40
 1168              	.LBB71:
  96:Src/ninja_fruit_game.c ****         if (current_gesture != GESTURE_NONE) {
 1169              		.loc 1 96 9 is_stmt 1 view .LVU330
  96:Src/ninja_fruit_game.c ****         if (current_gesture != GESTURE_NONE) {
 1170              		.loc 1 96 41 is_stmt 0 view .LVU331
 1171 0096 3846     		mov	r0, r7
 1172 0098 FFF7FEFF 		bl	Gesture_GetCurrentDisplayGesture
 1173              	.LVL116:
  97:Src/ninja_fruit_game.c ****             NinjaGame_Reset(game);
 1174              		.loc 1 97 9 is_stmt 1 view .LVU332
  97:Src/ninja_fruit_game.c ****             NinjaGame_Reset(game);
 1175              		.loc 1 97 12 is_stmt 0 view .LVU333
 1176 009c C0B2     		uxtb	r0, r0
  97:Src/ninja_fruit_game.c ****             NinjaGame_Reset(game);
 1177              		.loc 1 97 12 view .LVU334
 1178 009e 0028     		cmp	r0, #0
 1179 00a0 F1D0     		beq	.L32
  98:Src/ninja_fruit_game.c ****         }
 1180              		.loc 1 98 13 is_stmt 1 view .LVU335
 1181 00a2 2046     		mov	r0, r4
 1182              	.LVL117:
  98:Src/ninja_fruit_game.c ****         }
 1183              		.loc 1 98 13 is_stmt 0 view .LVU336
 1184              	.LBE71:
 173:Src/ninja_fruit_game.c **** 
 1185              		.loc 1 173 1 view .LVU337
 1186 00a4 03B0     		add	sp, sp, #12
 1187              		.cfi_remember_state
 1188              		.cfi_def_cfa_offset 76
 1189              		@ sp needed
 1190 00a6 BDEC0A8B 		vldm	sp!, {d8-d12}
 1191              		.cfi_restore 88
 1192              		.cfi_restore 89
 1193              		.cfi_restore 86
 1194              		.cfi_restore 87
 1195              		.cfi_restore 84
 1196              		.cfi_restore 85
 1197              		.cfi_restore 82
 1198              		.cfi_restore 83
 1199              		.cfi_restore 80
 1200              		.cfi_restore 81
 1201              		.cfi_def_cfa_offset 36
 1202 00aa BDE8F04F 		pop	{r4, r5, r6, r7, r8, r9, r10, fp, lr}
 1203              		.cfi_restore 14
 1204              		.cfi_restore 11
 1205              		.cfi_restore 10
ARM GAS  C:\Users\Antonio\AppData\Local\Temp\ccFL4Qk9.s 			page 38


 1206              		.cfi_restore 9
 1207              		.cfi_restore 8
 1208              		.cfi_restore 7
 1209              		.cfi_restore 6
 1210              		.cfi_restore 5
 1211              		.cfi_restore 4
 1212              		.cfi_def_cfa_offset 0
 1213              	.LVL118:
 1214              	.LBB72:
  98:Src/ninja_fruit_game.c ****         }
 1215              		.loc 1 98 13 view .LVU338
 1216 00ae FFF7FEBF 		b	NinjaGame_Reset
 1217              	.LVL119:
 1218              	.L40:
 1219              		.cfi_restore_state
  98:Src/ninja_fruit_game.c ****         }
 1220              		.loc 1 98 13 view .LVU339
 1221              	.LBE72:
 104:Src/ninja_fruit_game.c ****     game->level = (game_time / 30000) + 1; // Increase level every 30 seconds
 1222              		.loc 1 104 5 is_stmt 1 view .LVU340
 105:Src/ninja_fruit_game.c ****     game->spawn_rate_multiplier = 1.0f + (game->level - 1) * 0.3f;
 1223              		.loc 1 105 5 view .LVU341
 105:Src/ninja_fruit_game.c ****     game->spawn_rate_multiplier = 1.0f + (game->level - 1) * 0.3f;
 1224              		.loc 1 105 30 is_stmt 0 view .LVU342
 1225 00b2 47F23051 		movw	r1, #30000
 104:Src/ninja_fruit_game.c ****     game->level = (game_time / 30000) + 1; // Increase level every 30 seconds
 1226              		.loc 1 104 14 view .LVU343
 1227 00b6 D4F81031 		ldr	r3, [r4, #272]
 106:Src/ninja_fruit_game.c **** 
 1228              		.loc 1 106 40 view .LVU344
 1229 00ba DFED7C6A 		vldr.32	s13, .L112+12
 104:Src/ninja_fruit_game.c ****     game->level = (game_time / 30000) + 1; // Increase level every 30 seconds
 1230              		.loc 1 104 14 view .LVU345
 1231 00be EB1A     		subs	r3, r5, r3
 1232              	.LVL120:
 105:Src/ninja_fruit_game.c ****     game->spawn_rate_multiplier = 1.0f + (game->level - 1) * 0.3f;
 1233              		.loc 1 105 30 view .LVU346
 1234 00c0 B3FBF1F3 		udiv	r3, r3, r1
 1235              	.LVL121:
 106:Src/ninja_fruit_game.c **** 
 1236              		.loc 1 106 60 view .LVU347
 1237 00c4 07EE903A 		vmov	s15, r3	@ int
 106:Src/ninja_fruit_game.c **** 
 1238              		.loc 1 106 40 view .LVU348
 1239 00c8 B7EE007A 		vmov.f32	s14, #1.0e+0
 106:Src/ninja_fruit_game.c **** 
 1240              		.loc 1 106 60 view .LVU349
 1241 00cc F8EEE77A 		vcvt.f32.s32	s15, s15
 106:Src/ninja_fruit_game.c **** 
 1242              		.loc 1 106 40 view .LVU350
 1243 00d0 A7EEA67A 		vfma.f32	s14, s15, s13
 109:Src/ninja_fruit_game.c ****     if (current_time - game->last_spawn_time > spawn_interval) {
 1244              		.loc 1 109 52 view .LVU351
 1245 00d4 DFED766A 		vldr.32	s13, .L112+16
 1246 00d8 C6EE877A 		vdiv.f32	s15, s13, s14
 109:Src/ninja_fruit_game.c ****     if (current_time - game->last_spawn_time > spawn_interval) {
 1247              		.loc 1 109 14 view .LVU352
ARM GAS  C:\Users\Antonio\AppData\Local\Temp\ccFL4Qk9.s 			page 39


 1248 00dc FCEEE77A 		vcvt.u32.f32	s15, s15
 105:Src/ninja_fruit_game.c ****     game->spawn_rate_multiplier = 1.0f + (game->level - 1) * 0.3f;
 1249              		.loc 1 105 39 view .LVU353
 1250 00e0 591C     		adds	r1, r3, #1
 105:Src/ninja_fruit_game.c ****     game->spawn_rate_multiplier = 1.0f + (game->level - 1) * 0.3f;
 1251              		.loc 1 105 17 view .LVU354
 1252 00e2 C4F81411 		str	r1, [r4, #276]
 106:Src/ninja_fruit_game.c **** 
 1253              		.loc 1 106 5 is_stmt 1 view .LVU355
 110:Src/ninja_fruit_game.c ****         SpawnFruit(game);
 1254              		.loc 1 110 8 is_stmt 0 view .LVU356
 1255 00e6 17EE901A 		vmov	r1, s15	@ int
 110:Src/ninja_fruit_game.c ****         SpawnFruit(game);
 1256              		.loc 1 110 22 view .LVU357
 1257 00ea D4F80831 		ldr	r3, [r4, #264]
 106:Src/ninja_fruit_game.c **** 
 1258              		.loc 1 106 33 view .LVU358
 1259 00ee 84ED467A 		vstr.32	s14, [r4, #280]
 109:Src/ninja_fruit_game.c ****     if (current_time - game->last_spawn_time > spawn_interval) {
 1260              		.loc 1 109 5 is_stmt 1 view .LVU359
 1261              	.LVL122:
 110:Src/ninja_fruit_game.c ****         SpawnFruit(game);
 1262              		.loc 1 110 5 view .LVU360
 110:Src/ninja_fruit_game.c ****         SpawnFruit(game);
 1263              		.loc 1 110 22 is_stmt 0 view .LVU361
 1264 00f2 EB1A     		subs	r3, r5, r3
 110:Src/ninja_fruit_game.c ****         SpawnFruit(game);
 1265              		.loc 1 110 8 view .LVU362
 1266 00f4 8B42     		cmp	r3, r1
 1267 00f6 6ED9     		bls	.L42
 1268              	.LBB73:
 1269              	.LBB74:
 178:Src/ninja_fruit_game.c ****         if (game->fruits[i].state == FRUIT_STATE_INACTIVE) {
 1270              		.loc 1 178 14 view .LVU363
 1271 00f8 1346     		mov	r3, r2
 179:Src/ninja_fruit_game.c ****             Fruit_t *fruit = &game->fruits[i];
 1272              		.loc 1 179 28 view .LVU364
 1273 00fa 0822     		movs	r2, #8
 1274 00fc 04F11101 		add	r1, r4, #17
 1275              	.L46:
 1276              	.LVL123:
 179:Src/ninja_fruit_game.c ****             Fruit_t *fruit = &game->fruits[i];
 1277              		.loc 1 179 9 is_stmt 1 view .LVU365
 1278 0100 4FEA4319 		lsl	r9, r3, #5
 179:Src/ninja_fruit_game.c ****             Fruit_t *fruit = &game->fruits[i];
 1279              		.loc 1 179 12 is_stmt 0 view .LVU366
 1280 0104 11F80900 		ldrb	r0, [r1, r9]	@ zero_extendqisi2
 1281 0108 0328     		cmp	r0, #3
 1282 010a 40F0B680 		bne	.L43
 1283              	.LBB75:
 180:Src/ninja_fruit_game.c **** 
 1284              		.loc 1 180 13 is_stmt 1 view .LVU367
 1285              	.LVL124:
 183:Src/ninja_fruit_game.c ****             fruit->y = 0.03 + (FRUIT_SIZE/2)/SCREEN_HEIGHT;
 1286              		.loc 1 183 13 view .LVU368
 183:Src/ninja_fruit_game.c ****             fruit->y = 0.03 + (FRUIT_SIZE/2)/SCREEN_HEIGHT;
 1287              		.loc 1 183 33 is_stmt 0 view .LVU369
ARM GAS  C:\Users\Antonio\AppData\Local\Temp\ccFL4Qk9.s 			page 40


 1288 010e FFF7FEFF 		bl	rand
 1289              	.LVL125:
 183:Src/ninja_fruit_game.c ****             fruit->y = 0.03 + (FRUIT_SIZE/2)/SCREEN_HEIGHT;
 1290              		.loc 1 183 40 discriminator 1 view .LVU370
 1291 0112 4FF4FA73 		mov	r3, #500
 1292 0116 90FBF3F2 		sdiv	r2, r0, r3
 1293 011a 02FB1300 		mls	r0, r2, r3, r0
 183:Src/ninja_fruit_game.c ****             fruit->y = 0.03 + (FRUIT_SIZE/2)/SCREEN_HEIGHT;
 1294              		.loc 1 183 47 discriminator 1 view .LVU371
 1295 011e 07EE900A 		vmov	s15, r0	@ int
 1296 0122 9FED648A 		vldr.32	s16, .L112+20
 1297 0126 F8EEE77A 		vcvt.f32.s32	s15, s15
 1298 012a 87EE887A 		vdiv.f32	s14, s15, s16
 183:Src/ninja_fruit_game.c ****             fruit->y = 0.03 + (FRUIT_SIZE/2)/SCREEN_HEIGHT;
 1299              		.loc 1 183 30 discriminator 1 view .LVU372
 1300 012e F5EE007A 		vmov.f32	s15, #2.5e-1
 1301 0132 77EE277A 		vadd.f32	s15, s14, s15
 184:Src/ninja_fruit_game.c **** 
 1302              		.loc 1 184 22 view .LVU373
 1303 0136 604B     		ldr	r3, .L112+24
 1304 0138 04EB0908 		add	r8, r4, r9
 183:Src/ninja_fruit_game.c ****             fruit->y = 0.03 + (FRUIT_SIZE/2)/SCREEN_HEIGHT;
 1305              		.loc 1 183 22 discriminator 1 view .LVU374
 1306 013c C8ED007A 		vstr.32	s15, [r8]
 184:Src/ninja_fruit_game.c **** 
 1307              		.loc 1 184 13 is_stmt 1 view .LVU375
 184:Src/ninja_fruit_game.c **** 
 1308              		.loc 1 184 22 is_stmt 0 view .LVU376
 1309 0140 C8F80430 		str	r3, [r8, #4]	@ float
 187:Src/ninja_fruit_game.c ****             fruit->velocity_y = FRUIT_FALL_SPEED + ((rand() % 50) / 1000.0f); // Random fall speed 
 1310              		.loc 1 187 13 is_stmt 1 view .LVU377
 187:Src/ninja_fruit_game.c ****             fruit->velocity_y = FRUIT_FALL_SPEED + ((rand() % 50) / 1000.0f); // Random fall speed 
 1311              		.loc 1 187 35 is_stmt 0 view .LVU378
 1312 0144 FFF7FEFF 		bl	rand
 1313              	.LVL126:
 187:Src/ninja_fruit_game.c ****             fruit->velocity_y = FRUIT_FALL_SPEED + ((rand() % 50) / 1000.0f); // Random fall speed 
 1314              		.loc 1 187 42 discriminator 1 view .LVU379
 1315 0148 6423     		movs	r3, #100
 1316 014a 90FBF3F2 		sdiv	r2, r0, r3
 1317 014e 02FB1300 		mls	r0, r2, r3, r0
 187:Src/ninja_fruit_game.c ****             fruit->velocity_y = FRUIT_FALL_SPEED + ((rand() % 50) / 1000.0f); // Random fall speed 
 1318              		.loc 1 187 49 discriminator 1 view .LVU380
 1319 0152 3238     		subs	r0, r0, #50
 187:Src/ninja_fruit_game.c ****             fruit->velocity_y = FRUIT_FALL_SPEED + ((rand() % 50) / 1000.0f); // Random fall speed 
 1320              		.loc 1 187 55 discriminator 1 view .LVU381
 1321 0154 07EE900A 		vmov	s15, r0	@ int
 1322 0158 DFED586A 		vldr.32	s13, .L112+28
 1323 015c F8EEE77A 		vcvt.f32.s32	s15, s15
 1324 0160 87EEA67A 		vdiv.f32	s14, s15, s13
 187:Src/ninja_fruit_game.c ****             fruit->velocity_y = FRUIT_FALL_SPEED + ((rand() % 50) / 1000.0f); // Random fall speed 
 1325              		.loc 1 187 31 discriminator 1 view .LVU382
 1326 0164 88ED037A 		vstr.32	s14, [r8, #12]
 188:Src/ninja_fruit_game.c **** 
 1327              		.loc 1 188 13 is_stmt 1 view .LVU383
 188:Src/ninja_fruit_game.c **** 
 1328              		.loc 1 188 54 is_stmt 0 view .LVU384
 1329 0168 FFF7FEFF 		bl	rand
ARM GAS  C:\Users\Antonio\AppData\Local\Temp\ccFL4Qk9.s 			page 41


 1330              	.LVL127:
 188:Src/ninja_fruit_game.c **** 
 1331              		.loc 1 188 61 discriminator 1 view .LVU385
 1332 016c 3223     		movs	r3, #50
 1333 016e 90FBF3F2 		sdiv	r2, r0, r3
 1334 0172 02FB1300 		mls	r0, r2, r3, r0
 188:Src/ninja_fruit_game.c **** 
 1335              		.loc 1 188 67 discriminator 1 view .LVU386
 1336 0176 07EE900A 		vmov	s15, r0	@ int
 1337 017a F8EEE77A 		vcvt.f32.s32	s15, s15
 1338 017e 87EE887A 		vdiv.f32	s14, s15, s16
 188:Src/ninja_fruit_game.c **** 
 1339              		.loc 1 188 50 discriminator 1 view .LVU387
 1340 0182 DFED4F7A 		vldr.32	s15, .L112+32
 1341 0186 77EE277A 		vadd.f32	s15, s14, s15
 188:Src/ninja_fruit_game.c **** 
 1342              		.loc 1 188 31 discriminator 1 view .LVU388
 1343 018a C8ED027A 		vstr.32	s15, [r8, #8]
 191:Src/ninja_fruit_game.c ****             fruit->state = FRUIT_STATE_FALLING;
 1344              		.loc 1 191 13 is_stmt 1 view .LVU389
 191:Src/ninja_fruit_game.c ****             fruit->state = FRUIT_STATE_FALLING;
 1345              		.loc 1 191 27 is_stmt 0 view .LVU390
 1346 018e FFF7FEFF 		bl	rand
 1347              	.LVL128:
 191:Src/ninja_fruit_game.c ****             fruit->state = FRUIT_STATE_FALLING;
 1348              		.loc 1 191 34 discriminator 1 view .LVU391
 1349 0192 4242     		rsbs	r2, r0, #0
 1350 0194 02F00302 		and	r2, r2, #3
 1351 0198 00F00303 		and	r3, r0, #3
 1352 019c 53EA42B3 		csneg	r3, r3, r2, mi
 1353 01a0 88F81030 		strb	r3, [r8, #16]
 192:Src/ninja_fruit_game.c ****             fruit->effect = FRUIT_EFFECT_NONE;
 1354              		.loc 1 192 13 is_stmt 1 view .LVU392
 192:Src/ninja_fruit_game.c ****             fruit->effect = FRUIT_EFFECT_NONE;
 1355              		.loc 1 192 26 is_stmt 0 view .LVU393
 1356 01a4 0023     		movs	r3, #0
 1357 01a6 88F81130 		strb	r3, [r8, #17]
 193:Src/ninja_fruit_game.c ****             // Occasionally spawn special fruits with effects
 1358              		.loc 1 193 13 is_stmt 1 view .LVU394
 193:Src/ninja_fruit_game.c ****             // Occasionally spawn special fruits with effects
 1359              		.loc 1 193 27 is_stmt 0 view .LVU395
 1360 01aa 88F81230 		strb	r3, [r8, #18]
 195:Src/ninja_fruit_game.c ****                 fruit->effect = (rand() % 2) ? FRUIT_EFFECT_NOSE_MODE : FRUIT_EFFECT_MIRROR_MODE;
 1361              		.loc 1 195 13 is_stmt 1 view .LVU396
 195:Src/ninja_fruit_game.c ****                 fruit->effect = (rand() % 2) ? FRUIT_EFFECT_NOSE_MODE : FRUIT_EFFECT_MIRROR_MODE;
 1362              		.loc 1 195 17 is_stmt 0 view .LVU397
 1363 01ae FFF7FEFF 		bl	rand
 1364              	.LVL129:
 1365 01b2 1423     		movs	r3, #20
 1366 01b4 90FBF3F2 		sdiv	r2, r0, r3
 1367 01b8 02FB1300 		mls	r0, r2, r3, r0
 195:Src/ninja_fruit_game.c ****                 fruit->effect = (rand() % 2) ? FRUIT_EFFECT_NOSE_MODE : FRUIT_EFFECT_MIRROR_MODE;
 1368              		.loc 1 195 16 discriminator 1 view .LVU398
 1369 01bc 20B9     		cbnz	r0, .L44
 196:Src/ninja_fruit_game.c ****                 fruit->effect = FRUIT_EFFECT_NOSE_MODE;
 1370              		.loc 1 196 17 is_stmt 1 view .LVU399
 196:Src/ninja_fruit_game.c ****                 fruit->effect = FRUIT_EFFECT_NOSE_MODE;
ARM GAS  C:\Users\Antonio\AppData\Local\Temp\ccFL4Qk9.s 			page 42


 1371              		.loc 1 196 34 is_stmt 0 view .LVU400
 1372 01be FFF7FEFF 		bl	rand
 1373              	.LVL130:
 197:Src/ninja_fruit_game.c ****             }
 1374              		.loc 1 197 17 is_stmt 1 view .LVU401
 197:Src/ninja_fruit_game.c ****             }
 1375              		.loc 1 197 31 is_stmt 0 view .LVU402
 1376 01c2 0123     		movs	r3, #1
 1377 01c4 88F81230 		strb	r3, [r8, #18]
 1378              	.L44:
 199:Src/ninja_fruit_game.c **** 
 1379              		.loc 1 199 13 is_stmt 1 view .LVU403
 199:Src/ninja_fruit_game.c **** 
 1380              		.loc 1 199 33 is_stmt 0 view .LVU404
 1381 01c8 FFF7FEFF 		bl	HAL_GetTick
 1382              	.LVL131:
 199:Src/ninja_fruit_game.c **** 
 1383              		.loc 1 199 31 discriminator 1 view .LVU405
 1384 01cc A144     		add	r9, r9, r4
 1385 01ce C9F81400 		str	r0, [r9, #20]
 201:Src/ninja_fruit_game.c ****         }
 1386              		.loc 1 201 13 is_stmt 1 view .LVU406
 1387              	.LVL132:
 1388              	.L45:
 201:Src/ninja_fruit_game.c ****         }
 1389              		.loc 1 201 13 is_stmt 0 view .LVU407
 1390              	.LBE75:
 1391              	.LBE74:
 1392              	.LBE73:
 112:Src/ninja_fruit_game.c ****     }
 1393              		.loc 1 112 9 is_stmt 1 view .LVU408
 112:Src/ninja_fruit_game.c ****     }
 1394              		.loc 1 112 31 is_stmt 0 view .LVU409
 1395 01d2 C4F80851 		str	r5, [r4, #264]
 1396              	.L42:
 116:Src/ninja_fruit_game.c **** 
 1397              		.loc 1 116 5 is_stmt 1 view .LVU410
 1398              	.LVL133:
 1399              	.LBB77:
 1400              	.LBI77:
 206:Src/ninja_fruit_game.c **** {
 1401              		.loc 1 206 13 view .LVU411
 1402              	.LBB78:
 208:Src/ninja_fruit_game.c ****     float32_t dt = 0.016f; // Assuming ~60fps update rate
 1403              		.loc 1 208 5 view .LVU412
 208:Src/ninja_fruit_game.c ****     float32_t dt = 0.016f; // Assuming ~60fps update rate
 1404              		.loc 1 208 29 is_stmt 0 view .LVU413
 1405 01d6 FFF7FEFF 		bl	HAL_GetTick
 1406              	.LVL134:
 209:Src/ninja_fruit_game.c **** 
 1407              		.loc 1 209 5 is_stmt 1 view .LVU414
 211:Src/ninja_fruit_game.c ****         Fruit_t *fruit = &game->fruits[i];
 1408              		.loc 1 211 5 view .LVU415
 1409              	.LBB79:
 211:Src/ninja_fruit_game.c ****         Fruit_t *fruit = &game->fruits[i];
 1410              		.loc 1 211 10 view .LVU416
 211:Src/ninja_fruit_game.c ****         Fruit_t *fruit = &game->fruits[i];
ARM GAS  C:\Users\Antonio\AppData\Local\Temp\ccFL4Qk9.s 			page 43


 1411              		.loc 1 211 23 discriminator 1 view .LVU417
 1412 01da A146     		mov	r9, r4
 1413              	.LBE79:
 208:Src/ninja_fruit_game.c ****     float32_t dt = 0.016f; // Assuming ~60fps update rate
 1414              		.loc 1 208 29 is_stmt 0 view .LVU418
 1415 01dc 2246     		mov	r2, r4
 1416              	.LBB82:
 1417              	.LBB80:
 216:Src/ninja_fruit_game.c ****             fruit->x += fruit->velocity_x * dt;
 1418              		.loc 1 216 22 view .LVU419
 1419 01de DFED396A 		vldr.32	s13, .L112+36
 220:Src/ninja_fruit_game.c ****                 fruit->state = FRUIT_STATE_MISSED;
 1420              		.loc 1 220 16 view .LVU420
 1421 01e2 9FED2F5B 		vldr.64	d5, .L112
 221:Src/ninja_fruit_game.c ****                 game->missed_count++;
 1422              		.loc 1 221 30 view .LVU421
 1423 01e6 4FF0020E 		mov	lr, #2
 1424 01ea 4FF0080C 		mov	ip, #8
 1425 01ee 04F58078 		add	r8, r4, #256
 1426              	.LVL135:
 1427              	.L52:
 212:Src/ninja_fruit_game.c **** 
 1428              		.loc 1 212 9 is_stmt 1 view .LVU422
 214:Src/ninja_fruit_game.c ****             // Update position
 1429              		.loc 1 214 9 view .LVU423
 214:Src/ninja_fruit_game.c ****             // Update position
 1430              		.loc 1 214 18 is_stmt 0 view .LVU424
 1431 01f2 517C     		ldrb	r1, [r2, #17]	@ zero_extendqisi2
 214:Src/ninja_fruit_game.c ****             // Update position
 1432              		.loc 1 214 12 view .LVU425
 1433 01f4 0029     		cmp	r1, #0
 1434 01f6 46D1     		bne	.L47
 216:Src/ninja_fruit_game.c ****             fruit->x += fruit->velocity_x * dt;
 1435              		.loc 1 216 13 is_stmt 1 view .LVU426
 216:Src/ninja_fruit_game.c ****             fruit->x += fruit->velocity_x * dt;
 1436              		.loc 1 216 22 is_stmt 0 view .LVU427
 1437 01f8 D2ED027A 		vldr.32	s15, [r2, #8]
 1438 01fc 92ED017A 		vldr.32	s14, [r2, #4]
 217:Src/ninja_fruit_game.c **** 
 1439              		.loc 1 217 22 view .LVU428
 1440 0200 92ED036A 		vldr.32	s12, [r2, #12]
 216:Src/ninja_fruit_game.c ****             fruit->x += fruit->velocity_x * dt;
 1441              		.loc 1 216 22 view .LVU429
 1442 0204 A7EEA67A 		vfma.f32	s14, s15, s13
 217:Src/ninja_fruit_game.c **** 
 1443              		.loc 1 217 22 view .LVU430
 1444 0208 D2ED007A 		vldr.32	s15, [r2]
 1445 020c E6EE267A 		vfma.f32	s15, s12, s13
 216:Src/ninja_fruit_game.c ****             fruit->x += fruit->velocity_x * dt;
 1446              		.loc 1 216 22 view .LVU431
 1447 0210 82ED017A 		vstr.32	s14, [r2, #4]
 217:Src/ninja_fruit_game.c **** 
 1448              		.loc 1 217 13 is_stmt 1 view .LVU432
 217:Src/ninja_fruit_game.c **** 
 1449              		.loc 1 217 22 is_stmt 0 view .LVU433
 1450 0214 C2ED007A 		vstr.32	s15, [r2]
 220:Src/ninja_fruit_game.c ****                 fruit->state = FRUIT_STATE_MISSED;
ARM GAS  C:\Users\Antonio\AppData\Local\Temp\ccFL4Qk9.s 			page 44


 1451              		.loc 1 220 13 is_stmt 1 view .LVU434
 220:Src/ninja_fruit_game.c ****                 fruit->state = FRUIT_STATE_MISSED;
 1452              		.loc 1 220 22 is_stmt 0 view .LVU435
 1453 0218 B7EEC77A 		vcvt.f64.f32	d7, s14
 220:Src/ninja_fruit_game.c ****                 fruit->state = FRUIT_STATE_MISSED;
 1454              		.loc 1 220 16 view .LVU436
 1455 021c B4EEC57B 		vcmpe.f64	d7, d5
 1456 0220 F1EE10FA 		vmrs	APSR_nzcv, FPSCR
 1457 0224 06DD     		ble	.L49
 221:Src/ninja_fruit_game.c ****                 game->missed_count++;
 1458              		.loc 1 221 17 is_stmt 1 view .LVU437
 221:Src/ninja_fruit_game.c ****                 game->missed_count++;
 1459              		.loc 1 221 30 is_stmt 0 view .LVU438
 1460 0226 82F811E0 		strb	lr, [r2, #17]
 222:Src/ninja_fruit_game.c ****             }
 1461              		.loc 1 222 17 is_stmt 1 view .LVU439
 222:Src/ninja_fruit_game.c ****             }
 1462              		.loc 1 222 35 is_stmt 0 view .LVU440
 1463 022a D4F80411 		ldr	r1, [r4, #260]
 1464 022e 0131     		adds	r1, r1, #1
 1465 0230 C4F80411 		str	r1, [r4, #260]
 1466              	.L49:
 222:Src/ninja_fruit_game.c ****             }
 1467              		.loc 1 222 35 view .LVU441
 1468              	.LBE80:
 211:Src/ninja_fruit_game.c ****         Fruit_t *fruit = &game->fruits[i];
 1469              		.loc 1 211 38 is_stmt 1 discriminator 2 view .LVU442
 211:Src/ninja_fruit_game.c ****         Fruit_t *fruit = &game->fruits[i];
 1470              		.loc 1 211 23 discriminator 1 view .LVU443
 1471 0234 BCF1010C 		subs	ip, ip, #1
 1472 0238 02F12002 		add	r2, r2, #32
 1473 023c D9D1     		bne	.L52
 1474              	.LVL136:
 211:Src/ninja_fruit_game.c ****         Fruit_t *fruit = &game->fruits[i];
 1475              		.loc 1 211 23 is_stmt 0 discriminator 1 view .LVU444
 1476              	.LBE82:
 1477              	.LBE78:
 1478              	.LBE77:
 118:Src/ninja_fruit_game.c ****             // Check for slicing gestures
 1479              		.loc 1 118 5 is_stmt 1 view .LVU445
 118:Src/ninja_fruit_game.c ****             // Check for slicing gestures
 1480              		.loc 1 118 8 is_stmt 0 view .LVU446
 1481 023e 94F81C21 		ldrb	r2, [r4, #284]	@ zero_extendqisi2
 1482 0242 002A     		cmp	r2, #0
 1483 0244 40F01F81 		bne	.L53
 1484              	.LBB85:
 120:Src/ninja_fruit_game.c **** 
 1485              		.loc 1 120 13 is_stmt 1 view .LVU447
 120:Src/ninja_fruit_game.c **** 
 1486              		.loc 1 120 46 is_stmt 0 view .LVU448
 1487 0248 3846     		mov	r0, r7
 1488 024a FFF7FEFF 		bl	Gesture_GetCurrentDisplayGesture
 1489              	.LVL137:
 120:Src/ninja_fruit_game.c **** 
 1490              		.loc 1 120 27 discriminator 1 view .LVU449
 1491 024e C0B2     		uxtb	r0, r0
 1492              	.LVL138:
ARM GAS  C:\Users\Antonio\AppData\Local\Temp\ccFL4Qk9.s 			page 45


 122:Src/ninja_fruit_game.c ****                 detected_gesture == GESTURE_LEFT_ARM_SWIPE_RIGHT ||
 1493              		.loc 1 122 13 is_stmt 1 view .LVU450
 122:Src/ninja_fruit_game.c ****                 detected_gesture == GESTURE_LEFT_ARM_SWIPE_RIGHT ||
 1494              		.loc 1 122 16 is_stmt 0 view .LVU451
 1495 0250 C21E     		subs	r2, r0, #3
 1496 0252 012A     		cmp	r2, #1
 1497 0254 44D9     		bls	.L54
 123:Src/ninja_fruit_game.c ****                 detected_gesture == GESTURE_RIGHT_ARM_SWIPE_LEFT ||
 1498              		.loc 1 123 66 view .LVU452
 1499 0256 421E     		subs	r2, r0, #1
 1500 0258 012A     		cmp	r2, #1
 1501 025a 03D9     		bls	.L55
 125:Src/ninja_fruit_game.c ****                 detected_gesture == GESTURE_SWORD_OVERHEAD_STRIKE ||
 1502              		.loc 1 125 67 view .LVU453
 1503 025c 821F     		subs	r2, r0, #6
 1504 025e 012A     		cmp	r2, #1
 1505 0260 00F2CB80 		bhi	.L56
 1506              	.L55:
 1507              	.LBB86:
 130:Src/ninja_fruit_game.c **** 
 1508              		.loc 1 130 17 is_stmt 1 view .LVU454
 133:Src/ninja_fruit_game.c ****                     swipe.end_x = keypoints[KEYPOINT_LEFT_WRIST].x_center;
 1509              		.loc 1 133 17 view .LVU455
 137:Src/ninja_fruit_game.c ****                     swipe.end_y = keypoints[KEYPOINT_RIGHT_WRIST].y_center;
 1510              		.loc 1 137 21 view .LVU456
 1511 0264 0628     		cmp	r0, #6
 137:Src/ninja_fruit_game.c ****                     swipe.end_y = keypoints[KEYPOINT_RIGHT_WRIST].y_center;
 1512              		.loc 1 137 66 is_stmt 0 view .LVU457
 1513 0266 96ED12AA 		vldr.32	s20, [r6, #72]
 1514              	.LVL139:
 138:Src/ninja_fruit_game.c ****                 }
 1515              		.loc 1 138 21 is_stmt 1 view .LVU458
 138:Src/ninja_fruit_game.c ****                 }
 1516              		.loc 1 138 66 is_stmt 0 view .LVU459
 1517 026a D6ED13AA 		vldr.32	s21, [r6, #76]
 1518              	.LVL140:
 141:Src/ninja_fruit_game.c ****                                           detected_gesture == GESTURE_RIGHT_ARM_SWIPE_RIGHT) ? -0.2
 1519              		.loc 1 141 28 is_stmt 1 view .LVU460
 141:Src/ninja_fruit_game.c ****                                           detected_gesture == GESTURE_RIGHT_ARM_SWIPE_RIGHT) ? -0.2
 1520              		.loc 1 141 28 is_stmt 0 view .LVU461
 1521 026e 3ED1     		bne	.L58
 138:Src/ninja_fruit_game.c ****                 }
 1522              		.loc 1 138 66 view .LVU462
 1523 0270 9FED178A 		vldr.32	s16, .L112+48
 1524 0274 9FED149A 		vldr.32	s18, .L112+40
 1525 0278 42E0     		b	.L57
 1526              	.LVL141:
 1527              	.L43:
 138:Src/ninja_fruit_game.c ****                 }
 1528              		.loc 1 138 66 view .LVU463
 1529              	.LBE86:
 1530              	.LBE85:
 1531              	.LBB108:
 1532              	.LBB76:
 178:Src/ninja_fruit_game.c ****         if (game->fruits[i].state == FRUIT_STATE_INACTIVE) {
 1533              		.loc 1 178 38 is_stmt 1 discriminator 2 view .LVU464
 178:Src/ninja_fruit_game.c ****         if (game->fruits[i].state == FRUIT_STATE_INACTIVE) {
ARM GAS  C:\Users\Antonio\AppData\Local\Temp\ccFL4Qk9.s 			page 46


 1534              		.loc 1 178 23 is_stmt 0 discriminator 1 view .LVU465
 1535 027a 013A     		subs	r2, r2, #1
 178:Src/ninja_fruit_game.c ****         if (game->fruits[i].state == FRUIT_STATE_INACTIVE) {
 1536              		.loc 1 178 38 discriminator 2 view .LVU466
 1537 027c 03F10103 		add	r3, r3, #1
 1538              	.LVL142:
 178:Src/ninja_fruit_game.c ****         if (game->fruits[i].state == FRUIT_STATE_INACTIVE) {
 1539              		.loc 1 178 23 is_stmt 1 discriminator 1 view .LVU467
 1540 0280 7FF43EAF 		bne	.L46
 1541 0284 A5E7     		b	.L45
 1542              	.LVL143:
 1543              	.L47:
 178:Src/ninja_fruit_game.c ****         if (game->fruits[i].state == FRUIT_STATE_INACTIVE) {
 1544              		.loc 1 178 23 is_stmt 0 discriminator 1 view .LVU468
 1545              	.LBE76:
 1546              	.LBE108:
 1547              	.LBB109:
 1548              	.LBB84:
 1549              	.LBB83:
 1550              	.LBB81:
 225:Src/ninja_fruit_game.c ****             // Remove sliced fruits after animation time
 1551              		.loc 1 225 14 is_stmt 1 view .LVU469
 225:Src/ninja_fruit_game.c ****             // Remove sliced fruits after animation time
 1552              		.loc 1 225 17 is_stmt 0 view .LVU470
 1553 0286 0129     		cmp	r1, #1
 1554 0288 07D1     		bne	.L50
 227:Src/ninja_fruit_game.c ****                 fruit->state = FRUIT_STATE_INACTIVE;
 1555              		.loc 1 227 13 is_stmt 1 view .LVU471
 227:Src/ninja_fruit_game.c ****                 fruit->state = FRUIT_STATE_INACTIVE;
 1556              		.loc 1 227 30 is_stmt 0 view .LVU472
 1557 028a 9169     		ldr	r1, [r2, #24]
 1558 028c 411A     		subs	r1, r0, r1
 227:Src/ninja_fruit_game.c ****                 fruit->state = FRUIT_STATE_INACTIVE;
 1559              		.loc 1 227 16 view .LVU473
 1560 028e B1F5FA7F 		cmp	r1, #500
 1561 0292 CFD9     		bls	.L49
 1562              	.L108:
 233:Src/ninja_fruit_game.c ****         }
 1563              		.loc 1 233 13 is_stmt 1 view .LVU474
 233:Src/ninja_fruit_game.c ****         }
 1564              		.loc 1 233 26 is_stmt 0 view .LVU475
 1565 0294 0321     		movs	r1, #3
 1566 0296 5174     		strb	r1, [r2, #17]
 1567 0298 CCE7     		b	.L49
 1568              	.L50:
 231:Src/ninja_fruit_game.c ****             // Remove missed fruits immediately
 1569              		.loc 1 231 14 is_stmt 1 view .LVU476
 231:Src/ninja_fruit_game.c ****             // Remove missed fruits immediately
 1570              		.loc 1 231 17 is_stmt 0 view .LVU477
 1571 029a 0229     		cmp	r1, #2
 1572 029c CAD1     		bne	.L49
 1573 029e F9E7     		b	.L108
 1574              	.L113:
 1575              		.align	3
 1576              	.L112:
 1577 02a0 5C8FC2F5 		.word	-171798692
 1578 02a4 285CEF3F 		.word	1072651304
ARM GAS  C:\Users\Antonio\AppData\Local\Temp\ccFL4Qk9.s 			page 47


 1579 02a8 00000000 		.word	last_mode_toggle
 1580 02ac 9A99993E 		.word	1050253722
 1581 02b0 0000FA44 		.word	1157234688
 1582 02b4 00007A44 		.word	1148846080
 1583 02b8 8FC2F53C 		.word	1022739087
 1584 02bc 00401C46 		.word	1176256512
 1585 02c0 9A99193E 		.word	1041865114
 1586 02c4 6F12833C 		.word	1015222895
 1587 02c8 9A9999BE 		.word	-1097229926
 1588 02cc CDCC4CBE 		.word	-1102263091
 1589 02d0 CDCC4C3E 		.word	1045220557
 1590 02d4 00000000 		.word	0
 1591 02d8 6F12833A 		.word	981668463
 1592 02dc 0BD7233A 		.word	975427339
 1593              	.LVL144:
 1594              	.L54:
 231:Src/ninja_fruit_game.c ****             // Remove missed fruits immediately
 1595              		.loc 1 231 17 view .LVU478
 1596              	.LBE81:
 1597              	.LBE83:
 1598              	.LBE84:
 1599              	.LBE109:
 1600              	.LBB110:
 1601              	.LBB106:
 134:Src/ninja_fruit_game.c ****                     swipe.end_y = keypoints[KEYPOINT_LEFT_WRIST].y_center;
 1602              		.loc 1 134 21 is_stmt 1 view .LVU479
 1603 02e0 0428     		cmp	r0, #4
 134:Src/ninja_fruit_game.c ****                     swipe.end_y = keypoints[KEYPOINT_LEFT_WRIST].y_center;
 1604              		.loc 1 134 65 is_stmt 0 view .LVU480
 1605 02e2 96ED0FAA 		vldr.32	s20, [r6, #60]
 1606              	.LVL145:
 135:Src/ninja_fruit_game.c ****                 } else {
 1607              		.loc 1 135 21 is_stmt 1 view .LVU481
 135:Src/ninja_fruit_game.c ****                 } else {
 1608              		.loc 1 135 65 is_stmt 0 view .LVU482
 1609 02e6 D6ED10AA 		vldr.32	s21, [r6, #64]
 1610              	.LVL146:
 141:Src/ninja_fruit_game.c ****                                           detected_gesture == GESTURE_RIGHT_ARM_SWIPE_RIGHT) ? -0.2
 1611              		.loc 1 141 28 is_stmt 1 view .LVU483
 1612 02ea 00F0B380 		beq	.L84
 1613              	.L58:
 1614              	.LVL147:
 138:Src/ninja_fruit_game.c ****                 }
 1615              		.loc 1 138 66 is_stmt 0 view .LVU484
 1616 02ee 1FED098A 		vldr.32	s16, .L112+44
 1617 02f2 5FED097A 		vldr.32	s15, .L112+48
 1618 02f6 0228     		cmp	r0, #2
 1619 02f8 08FE278A 		vseleq.f32	s16, s16, s15
 1620              	.L109:
 135:Src/ninja_fruit_game.c ****                 } else {
 1621              		.loc 1 135 65 view .LVU485
 1622 02fc 1FED0B9A 		vldr.32	s18, .L112+52
 1623              	.L57:
 1624              	.LVL148:
 144:Src/ninja_fruit_game.c **** 			  swipe.start_y = swipe.end_y + dy;
 1625              		.loc 1 144 9 is_stmt 1 view .LVU486
 144:Src/ninja_fruit_game.c **** 			  swipe.start_y = swipe.end_y + dy;
ARM GAS  C:\Users\Antonio\AppData\Local\Temp\ccFL4Qk9.s 			page 48


 1626              		.loc 1 144 37 is_stmt 0 view .LVU487
 1627 0300 38EE0A8A 		vadd.f32	s16, s16, s20
 145:Src/ninja_fruit_game.c **** 			  swipe.timestamp = current_time;
 1628              		.loc 1 145 6 is_stmt 1 view .LVU488
 145:Src/ninja_fruit_game.c **** 			  swipe.timestamp = current_time;
 1629              		.loc 1 145 34 is_stmt 0 view .LVU489
 1630 0304 39EE2A9A 		vadd.f32	s18, s18, s21
 1631              	.LVL149:
 146:Src/ninja_fruit_game.c **** 			  swipe.active = 1;
 1632              		.loc 1 146 6 is_stmt 1 view .LVU490
 147:Src/ninja_fruit_game.c **** 			  CheckSlices(game, &swipe);
 1633              		.loc 1 147 6 view .LVU491
 148:Src/ninja_fruit_game.c ****         }
 1634              		.loc 1 148 6 view .LVU492
 1635              	.LBB87:
 1636              	.LBI87:
 238:Src/ninja_fruit_game.c **** {
 1637              		.loc 1 238 13 view .LVU493
 240:Src/ninja_fruit_game.c **** 
 1638              		.loc 1 240 5 view .LVU494
 1639              	.LBB88:
 242:Src/ninja_fruit_game.c ****         Fruit_t *fruit = &game->fruits[i];
 1640              		.loc 1 242 23 discriminator 1 view .LVU495
 1641              	.LBB89:
 1642              	.LBB90:
 1643              	.LBB91:
 1644              	.LBB92:
 358:Src/ninja_fruit_game.c **** 
 1645              		.loc 1 358 8 is_stmt 0 view .LVU496
 1646 0308 1FED0DBA 		vldr.32	s22, .L112+56
 1647              	.LBE92:
 1648              	.LBE91:
 249:Src/ninja_fruit_game.c ****                                    swipe->end_x, swipe->end_y,
 1649              		.loc 1 249 16 discriminator 1 view .LVU497
 1650 030c 5FED0DBA 		vldr.32	s23, .L112+60
 1651              	.LVL150:
 1652              	.L66:
 249:Src/ninja_fruit_game.c ****                                    swipe->end_x, swipe->end_y,
 1653              		.loc 1 249 16 discriminator 1 view .LVU498
 1654              	.LBE90:
 243:Src/ninja_fruit_game.c **** 
 1655              		.loc 1 243 9 is_stmt 1 view .LVU499
 245:Src/ninja_fruit_game.c ****             // Check if swipe line intersects with fruit circle
 1656              		.loc 1 245 9 view .LVU500
 245:Src/ninja_fruit_game.c ****             // Check if swipe line intersects with fruit circle
 1657              		.loc 1 245 12 is_stmt 0 view .LVU501
 1658 0310 99F81120 		ldrb	r2, [r9, #17]	@ zero_extendqisi2
 1659 0314 002A     		cmp	r2, #0
 1660 0316 6CD1     		bne	.L60
 1661              	.LBB101:
 247:Src/ninja_fruit_game.c **** 
 1662              		.loc 1 247 13 is_stmt 1 view .LVU502
 1663              	.LVL151:
 249:Src/ninja_fruit_game.c ****                                    swipe->end_x, swipe->end_y,
 1664              		.loc 1 249 13 view .LVU503
 1665              	.LBB96:
 1666              	.LBB93:
ARM GAS  C:\Users\Antonio\AppData\Local\Temp\ccFL4Qk9.s 			page 49


 355:Src/ninja_fruit_game.c ****     float32_t length = sqrtf(dx*dx + dy*dy);
 1667              		.loc 1 355 15 is_stmt 0 view .LVU504
 1668 0318 3AEEC9CA 		vsub.f32	s24, s21, s18
 354:Src/ninja_fruit_game.c ****     float32_t dy = y2 - y1;
 1669              		.loc 1 354 15 view .LVU505
 1670 031c 7AEE48CA 		vsub.f32	s25, s20, s16
 356:Src/ninja_fruit_game.c **** 
 1671              		.loc 1 356 40 view .LVU506
 1672 0320 2CEE0C0A 		vmul.f32	s0, s24, s24
 356:Src/ninja_fruit_game.c **** 
 1673              		.loc 1 356 24 view .LVU507
 1674 0324 ACEEAC0A 		vfma.f32	s0, s25, s25
 1675              	.LBE93:
 1676              	.LBE96:
 249:Src/ninja_fruit_game.c ****                                    swipe->end_x, swipe->end_y,
 1677              		.loc 1 249 17 view .LVU508
 1678 0328 D9ED009A 		vldr.32	s19, [r9]
 1679 032c D9ED018A 		vldr.32	s17, [r9, #4]
 1680              	.LVL152:
 1681              	.LBB97:
 1682              	.LBI91:
 350:Src/ninja_fruit_game.c ****                                    float32_t cx, float32_t cy, float32_t radius)
 1683              		.loc 1 350 16 is_stmt 1 view .LVU509
 1684              	.LBB94:
 354:Src/ninja_fruit_game.c ****     float32_t dy = y2 - y1;
 1685              		.loc 1 354 5 view .LVU510
 355:Src/ninja_fruit_game.c ****     float32_t length = sqrtf(dx*dx + dy*dy);
 1686              		.loc 1 355 5 view .LVU511
 356:Src/ninja_fruit_game.c **** 
 1687              		.loc 1 356 5 view .LVU512
 356:Src/ninja_fruit_game.c **** 
 1688              		.loc 1 356 24 is_stmt 0 view .LVU513
 1689 0330 FFF7FEFF 		bl	sqrtf
 1690              	.LVL153:
 358:Src/ninja_fruit_game.c **** 
 1691              		.loc 1 358 5 is_stmt 1 view .LVU514
 358:Src/ninja_fruit_game.c **** 
 1692              		.loc 1 358 8 is_stmt 0 view .LVU515
 1693 0334 B4EECB0A 		vcmpe.f32	s0, s22
 1694 0338 F1EE10FA 		vmrs	APSR_nzcv, FPSCR
 1695 033c 59D4     		bmi	.L60
 361:Src/ninja_fruit_game.c ****     dy /= length;
 1696              		.loc 1 361 5 is_stmt 1 view .LVU516
 362:Src/ninja_fruit_game.c **** 
 1697              		.loc 1 362 8 is_stmt 0 view .LVU517
 1698 033e CCEE006A 		vdiv.f32	s13, s24, s0
 366:Src/ninja_fruit_game.c **** 
 1699              		.loc 1 366 15 view .LVU518
 1700 0342 78EEC97A 		vsub.f32	s15, s17, s18
 361:Src/ninja_fruit_game.c ****     dy /= length;
 1701              		.loc 1 361 8 view .LVU519
 1702 0346 8CEE806A 		vdiv.f32	s12, s25, s0
 1703              	.LVL154:
 362:Src/ninja_fruit_game.c **** 
 1704              		.loc 1 362 5 is_stmt 1 view .LVU520
 365:Src/ninja_fruit_game.c ****     float32_t fy = cy - y1;
 1705              		.loc 1 365 5 view .LVU521
ARM GAS  C:\Users\Antonio\AppData\Local\Temp\ccFL4Qk9.s 			page 50


 366:Src/ninja_fruit_game.c **** 
 1706              		.loc 1 366 5 view .LVU522
 369:Src/ninja_fruit_game.c **** 
 1707              		.loc 1 369 5 view .LVU523
 365:Src/ninja_fruit_game.c ****     float32_t fy = cy - y1;
 1708              		.loc 1 365 15 is_stmt 0 view .LVU524
 1709 034a 39EEC87A 		vsub.f32	s14, s19, s16
 1710              	.LVL155:
 369:Src/ninja_fruit_game.c **** 
 1711              		.loc 1 369 32 view .LVU525
 1712 034e 67EEA67A 		vmul.f32	s15, s15, s13
 1713              	.LVL156:
 369:Src/ninja_fruit_game.c **** 
 1714              		.loc 1 369 15 view .LVU526
 1715 0352 E6EE077A 		vfma.f32	s15, s12, s14
 1716              	.LVL157:
 372:Src/ninja_fruit_game.c ****     if (t > length) t = length;
 1717              		.loc 1 372 5 is_stmt 1 view .LVU527
 372:Src/ninja_fruit_game.c ****     if (t > length) t = length;
 1718              		.loc 1 372 8 is_stmt 0 view .LVU528
 1719 0356 F5EEC07A 		vcmpe.f32	s15, #0
 1720 035a F1EE10FA 		vmrs	APSR_nzcv, FPSCR
 1721 035e 7CD4     		bmi	.L87
 373:Src/ninja_fruit_game.c **** 
 1722              		.loc 1 373 5 is_stmt 1 view .LVU529
 373:Src/ninja_fruit_game.c **** 
 1723              		.loc 1 373 8 is_stmt 0 view .LVU530
 1724 0360 B4EEE70A 		vcmpe.f32	s0, s15
 1725 0364 F1EE10FA 		vmrs	APSR_nzcv, FPSCR
 1726 0368 58BF     		it	pl
 1727 036a B0EE670A 		vmovpl.f32	s0, s15
 1728              	.LVL158:
 1729              	.L62:
 376:Src/ninja_fruit_game.c ****     float32_t closest_y = y1 + t * dy;
 1730              		.loc 1 376 5 is_stmt 1 view .LVU531
 377:Src/ninja_fruit_game.c **** 
 1731              		.loc 1 377 15 is_stmt 0 view .LVU532
 1732 036e F0EE497A 		vmov.f32	s15, s18
 376:Src/ninja_fruit_game.c ****     float32_t closest_y = y1 + t * dy;
 1733              		.loc 1 376 15 view .LVU533
 1734 0372 B0EE487A 		vmov.f32	s14, s16
 1735              	.LVL159:
 377:Src/ninja_fruit_game.c **** 
 1736              		.loc 1 377 15 view .LVU534
 1737 0376 E6EE807A 		vfma.f32	s15, s13, s0
 376:Src/ninja_fruit_game.c ****     float32_t closest_y = y1 + t * dy;
 1738              		.loc 1 376 15 view .LVU535
 1739 037a A6EE007A 		vfma.f32	s14, s12, s0
 1740              	.LVL160:
 377:Src/ninja_fruit_game.c **** 
 1741              		.loc 1 377 5 is_stmt 1 view .LVU536
 380:Src/ninja_fruit_game.c **** 
 1742              		.loc 1 380 5 view .LVU537
 380:Src/ninja_fruit_game.c **** 
 1743              		.loc 1 380 67 is_stmt 0 view .LVU538
 1744 037e 78EEE78A 		vsub.f32	s17, s17, s15
 1745              	.LVL161:
ARM GAS  C:\Users\Antonio\AppData\Local\Temp\ccFL4Qk9.s 			page 51


 380:Src/ninja_fruit_game.c **** 
 1746              		.loc 1 380 29 view .LVU539
 1747 0382 79EEC79A 		vsub.f32	s19, s19, s14
 1748              	.LVL162:
 380:Src/ninja_fruit_game.c **** 
 1749              		.loc 1 380 80 view .LVU540
 1750 0386 68EEA88A 		vmul.f32	s17, s17, s17
 380:Src/ninja_fruit_game.c **** 
 1751              		.loc 1 380 15 view .LVU541
 1752 038a E9EEA98A 		vfma.f32	s17, s19, s19
 1753              	.LVL163:
 382:Src/ninja_fruit_game.c **** }
 1754              		.loc 1 382 5 is_stmt 1 view .LVU542
 382:Src/ninja_fruit_game.c **** }
 1755              		.loc 1 382 5 is_stmt 0 view .LVU543
 1756              	.LBE94:
 1757              	.LBE97:
 249:Src/ninja_fruit_game.c ****                                    swipe->end_x, swipe->end_y,
 1758              		.loc 1 249 16 discriminator 1 view .LVU544
 1759 038e F4EEEB8A 		vcmpe.f32	s17, s23
 1760 0392 F1EE10FA 		vmrs	APSR_nzcv, FPSCR
 1761 0396 2CD8     		bhi	.L60
 1762              	.LBB98:
 254:Src/ninja_fruit_game.c ****                 fruit->slice_time = HAL_GetTick();
 1763              		.loc 1 254 17 is_stmt 1 view .LVU545
 254:Src/ninja_fruit_game.c ****                 fruit->slice_time = HAL_GetTick();
 1764              		.loc 1 254 30 is_stmt 0 view .LVU546
 1765 0398 0126     		movs	r6, #1
 1766 039a 89F81160 		strb	r6, [r9, #17]
 255:Src/ninja_fruit_game.c ****                 fruit->slice_direction = (swipe->end_x > swipe->start_x) ? 1 : 0;
 1767              		.loc 1 255 17 is_stmt 1 view .LVU547
 255:Src/ninja_fruit_game.c ****                 fruit->slice_direction = (swipe->end_x > swipe->start_x) ? 1 : 0;
 1768              		.loc 1 255 37 is_stmt 0 view .LVU548
 1769 039e FFF7FEFF 		bl	HAL_GetTick
 1770              	.LVL164:
 256:Src/ninja_fruit_game.c **** 
 1771              		.loc 1 256 78 view .LVU549
 1772 03a2 B4EECA8A 		vcmpe.f32	s16, s20
 1773 03a6 F1EE10FA 		vmrs	APSR_nzcv, FPSCR
 1774 03aa 4CBF     		ite	mi
 1775 03ac 3246     		movmi	r2, r6
 1776 03ae 0022     		movpl	r2, #0
 1777 03b0 89F81C20 		strb	r2, [r9, #28]
 260:Src/ninja_fruit_game.c ****                     case FRUIT_APPLE: base_score = 10; break;
 1778              		.loc 1 260 30 view .LVU550
 1779 03b4 99F81020 		ldrb	r2, [r9, #16]	@ zero_extendqisi2
 255:Src/ninja_fruit_game.c ****                 fruit->slice_direction = (swipe->end_x > swipe->start_x) ? 1 : 0;
 1780              		.loc 1 255 35 discriminator 1 view .LVU551
 1781 03b8 C9F81800 		str	r0, [r9, #24]
 256:Src/ninja_fruit_game.c **** 
 1782              		.loc 1 256 17 is_stmt 1 view .LVU552
 259:Src/ninja_fruit_game.c ****                 switch (fruit->type) {
 1783              		.loc 1 259 17 view .LVU553
 1784              	.LVL165:
 260:Src/ninja_fruit_game.c ****                     case FRUIT_APPLE: base_score = 10; break;
 1785              		.loc 1 260 17 view .LVU554
 1786 03bc 511E     		subs	r1, r2, #1
ARM GAS  C:\Users\Antonio\AppData\Local\Temp\ccFL4Qk9.s 			page 52


 1787 03be 0229     		cmp	r1, #2
 1788 03c0 02EB8202 		add	r2, r2, r2, lsl #2
 1789 03c4 02F10A02 		add	r2, r2, #10
 1790 03c8 88BF     		it	hi
 1791 03ca 0A22     		movhi	r2, #10
 1792              	.LVL166:
 267:Src/ninja_fruit_game.c ****                 // Activate special modes if this was a special fruit
 1793              		.loc 1 267 17 view .LVU555
 267:Src/ninja_fruit_game.c ****                 // Activate special modes if this was a special fruit
 1794              		.loc 1 267 29 is_stmt 0 view .LVU556
 1795 03cc D4F80011 		ldr	r1, [r4, #256]
 267:Src/ninja_fruit_game.c ****                 // Activate special modes if this was a special fruit
 1796              		.loc 1 267 43 view .LVU557
 1797 03d0 D4F81401 		ldr	r0, [r4, #276]
 267:Src/ninja_fruit_game.c ****                 // Activate special modes if this was a special fruit
 1798              		.loc 1 267 29 view .LVU558
 1799 03d4 00FB0211 		mla	r1, r0, r2, r1
 1800 03d8 C4F80011 		str	r1, [r4, #256]
 269:Src/ninja_fruit_game.c ****                     game->nose_mode_end_time = HAL_GetTick() + SPECIAL_MODE_DURATION;
 1801              		.loc 1 269 17 is_stmt 1 view .LVU559
 269:Src/ninja_fruit_game.c ****                     game->nose_mode_end_time = HAL_GetTick() + SPECIAL_MODE_DURATION;
 1802              		.loc 1 269 26 is_stmt 0 view .LVU560
 1803 03dc 99F81270 		ldrb	r7, [r9, #18]	@ zero_extendqisi2
 269:Src/ninja_fruit_game.c ****                     game->nose_mode_end_time = HAL_GetTick() + SPECIAL_MODE_DURATION;
 1804              		.loc 1 269 20 view .LVU561
 1805 03e0 B742     		cmp	r7, r6
 1806 03e2 3DD1     		bne	.L65
 270:Src/ninja_fruit_game.c ****                 } else if (fruit->effect == FRUIT_EFFECT_MIRROR_MODE) {
 1807              		.loc 1 270 21 is_stmt 1 view .LVU562
 270:Src/ninja_fruit_game.c ****                 } else if (fruit->effect == FRUIT_EFFECT_MIRROR_MODE) {
 1808              		.loc 1 270 48 is_stmt 0 view .LVU563
 1809 03e4 FFF7FEFF 		bl	HAL_GetTick
 1810              	.LVL167:
 270:Src/ninja_fruit_game.c ****                 } else if (fruit->effect == FRUIT_EFFECT_MIRROR_MODE) {
 1811              		.loc 1 270 62 discriminator 1 view .LVU564
 1812 03e8 00F59C40 		add	r0, r0, #19968
 1813 03ec 2030     		adds	r0, r0, #32
 270:Src/ninja_fruit_game.c ****                 } else if (fruit->effect == FRUIT_EFFECT_MIRROR_MODE) {
 1814              		.loc 1 270 46 discriminator 1 view .LVU565
 1815 03ee C4F82001 		str	r0, [r4, #288]
 1816              	.LVL168:
 1817              	.L60:
 270:Src/ninja_fruit_game.c ****                 } else if (fruit->effect == FRUIT_EFFECT_MIRROR_MODE) {
 1818              		.loc 1 270 46 discriminator 1 view .LVU566
 1819              	.LBE98:
 1820              	.LBE101:
 1821              	.LBE89:
 242:Src/ninja_fruit_game.c ****         Fruit_t *fruit = &game->fruits[i];
 1822              		.loc 1 242 38 is_stmt 1 discriminator 2 view .LVU567
 242:Src/ninja_fruit_game.c ****         Fruit_t *fruit = &game->fruits[i];
 1823              		.loc 1 242 23 discriminator 1 view .LVU568
 1824 03f2 09F12009 		add	r9, r9, #32
 1825 03f6 C845     		cmp	r8, r9
 1826 03f8 8AD1     		bne	.L66
 1827              	.LVL169:
 1828              	.L56:
 242:Src/ninja_fruit_game.c ****         Fruit_t *fruit = &game->fruits[i];
ARM GAS  C:\Users\Antonio\AppData\Local\Temp\ccFL4Qk9.s 			page 53


 1829              		.loc 1 242 23 is_stmt 0 discriminator 1 view .LVU569
 1830              	.LBE88:
 1831              	.LBE87:
 1832              	.LBE106:
 1833              	.LBE110:
 157:Src/ninja_fruit_game.c ****         game->game_over = 1;
 1834              		.loc 1 157 5 is_stmt 1 view .LVU570
 157:Src/ninja_fruit_game.c ****         game->game_over = 1;
 1835              		.loc 1 157 8 is_stmt 0 view .LVU571
 1836 03fa D4F80431 		ldr	r3, [r4, #260]
 161:Src/ninja_fruit_game.c ****      if (nose_now && !game->prev_nose_mode) {
 1837              		.loc 1 161 47 view .LVU572
 1838 03fe D4F82461 		ldr	r6, [r4, #292]
 157:Src/ninja_fruit_game.c ****         game->game_over = 1;
 1839              		.loc 1 157 8 view .LVU573
 1840 0402 042B     		cmp	r3, #4
 158:Src/ninja_fruit_game.c ****     }
 1841              		.loc 1 158 9 is_stmt 1 view .LVU574
 158:Src/ninja_fruit_game.c ****     }
 1842              		.loc 1 158 25 is_stmt 0 view .LVU575
 1843 0404 84BF     		itt	hi
 1844 0406 0123     		movhi	r3, #1
 1845 0408 84F80C31 		strbhi	r3, [r4, #268]
 160:Src/ninja_fruit_game.c ****      uint8_t mirror_now = (current_time < game->mirror_mode_end_time);
 1846              		.loc 1 160 5 is_stmt 1 view .LVU576
 160:Src/ninja_fruit_game.c ****      uint8_t mirror_now = (current_time < game->mirror_mode_end_time);
 1847              		.loc 1 160 44 is_stmt 0 view .LVU577
 1848 040c D4F82031 		ldr	r3, [r4, #288]
 160:Src/ninja_fruit_game.c ****      uint8_t mirror_now = (current_time < game->mirror_mode_end_time);
 1849              		.loc 1 160 13 view .LVU578
 1850 0410 AB42     		cmp	r3, r5
 1851 0412 94BF     		ite	ls
 1852 0414 0027     		movls	r7, #0
 1853 0416 0127     		movhi	r7, #1
 1854              	.LVL170:
 161:Src/ninja_fruit_game.c ****      if (nose_now && !game->prev_nose_mode) {
 1855              		.loc 1 161 6 is_stmt 1 view .LVU579
 161:Src/ninja_fruit_game.c ****      if (nose_now && !game->prev_nose_mode) {
 1856              		.loc 1 161 14 is_stmt 0 view .LVU580
 1857 0418 AE42     		cmp	r6, r5
 1858 041a 94BF     		ite	ls
 1859 041c 4FF00008 		movls	r8, #0
 1860 0420 4FF00108 		movhi	r8, #1
 1861              	.LVL171:
 162:Src/ninja_fruit_game.c ****          ShowModeMessage(game, "NOSE MODE");
 1862              		.loc 1 162 6 is_stmt 1 view .LVU581
 162:Src/ninja_fruit_game.c ****          ShowModeMessage(game, "NOSE MODE");
 1863              		.loc 1 162 9 is_stmt 0 view .LVU582
 1864 0424 AB42     		cmp	r3, r5
 1865 0426 40F2AF80 		bls	.L78
 162:Src/ninja_fruit_game.c ****          ShowModeMessage(game, "NOSE MODE");
 1866              		.loc 1 162 19 discriminator 1 view .LVU583
 1867 042a 94F84431 		ldrb	r3, [r4, #324]	@ zero_extendqisi2
 1868 042e 1BB9     		cbnz	r3, .L79
 163:Src/ninja_fruit_game.c ****      }
 1869              		.loc 1 163 10 is_stmt 1 view .LVU584
 1870 0430 2046     		mov	r0, r4
ARM GAS  C:\Users\Antonio\AppData\Local\Temp\ccFL4Qk9.s 			page 54


 1871 0432 5A49     		ldr	r1, .L114
 1872 0434 FFF7FEFF 		bl	ShowModeMessage
 1873              	.LVL172:
 1874              	.L79:
 165:Src/ninja_fruit_game.c ****          ShowModeMessage(game, "MIRROR MODE");
 1875              		.loc 1 165 6 view .LVU585
 165:Src/ninja_fruit_game.c ****          ShowModeMessage(game, "MIRROR MODE");
 1876              		.loc 1 165 9 is_stmt 0 view .LVU586
 1877 0438 AE42     		cmp	r6, r5
 1878 043a 06D9     		bls	.L81
 1879              	.L82:
 165:Src/ninja_fruit_game.c ****          ShowModeMessage(game, "MIRROR MODE");
 1880              		.loc 1 165 21 discriminator 1 view .LVU587
 1881 043c 94F84531 		ldrb	r3, [r4, #325]	@ zero_extendqisi2
 1882 0440 1BB9     		cbnz	r3, .L81
 166:Src/ninja_fruit_game.c ****      }
 1883              		.loc 1 166 10 is_stmt 1 view .LVU588
 1884 0442 5749     		ldr	r1, .L114+4
 1885              	.L111:
 169:Src/ninja_fruit_game.c ****      }
 1886              		.loc 1 169 10 is_stmt 0 view .LVU589
 1887 0444 2046     		mov	r0, r4
 1888 0446 FFF7FEFF 		bl	ShowModeMessage
 1889              	.LVL173:
 1890              	.L81:
 171:Src/ninja_fruit_game.c ****      game->prev_mirror_mode = mirror_now;
 1891              		.loc 1 171 6 is_stmt 1 view .LVU590
 171:Src/ninja_fruit_game.c ****      game->prev_mirror_mode = mirror_now;
 1892              		.loc 1 171 27 is_stmt 0 view .LVU591
 1893 044a 84F84471 		strb	r7, [r4, #324]
 172:Src/ninja_fruit_game.c **** }
 1894              		.loc 1 172 6 is_stmt 1 view .LVU592
 172:Src/ninja_fruit_game.c **** }
 1895              		.loc 1 172 29 is_stmt 0 view .LVU593
 1896 044e 84F84581 		strb	r8, [r4, #325]
 1897 0452 18E6     		b	.L32
 1898              	.LVL174:
 1899              	.L84:
 1900              	.LBB111:
 1901              	.LBB107:
 135:Src/ninja_fruit_game.c ****                 } else {
 1902              		.loc 1 135 65 view .LVU594
 1903 0454 9FED538A 		vldr.32	s16, .L114+8
 1904 0458 50E7     		b	.L109
 1905              	.LVL175:
 1906              	.L87:
 1907              	.LBB105:
 1908              	.LBB104:
 1909              	.LBB103:
 1910              	.LBB102:
 1911              	.LBB99:
 1912              	.LBB95:
 372:Src/ninja_fruit_game.c ****     if (t > length) t = length;
 1913              		.loc 1 372 18 discriminator 1 view .LVU595
 1914 045a 9FED530A 		vldr.32	s0, .L114+12
 1915              	.LVL176:
 372:Src/ninja_fruit_game.c ****     if (t > length) t = length;
ARM GAS  C:\Users\Antonio\AppData\Local\Temp\ccFL4Qk9.s 			page 55


 1916              		.loc 1 372 18 discriminator 1 view .LVU596
 1917 045e 86E7     		b	.L62
 1918              	.LVL177:
 1919              	.L65:
 372:Src/ninja_fruit_game.c ****     if (t > length) t = length;
 1920              		.loc 1 372 18 discriminator 1 view .LVU597
 1921              	.LBE95:
 1922              	.LBE99:
 1923              	.LBB100:
 271:Src/ninja_fruit_game.c ****                     game->mirror_mode_end_time = HAL_GetTick() + SPECIAL_MODE_DURATION;
 1924              		.loc 1 271 24 is_stmt 1 view .LVU598
 271:Src/ninja_fruit_game.c ****                     game->mirror_mode_end_time = HAL_GetTick() + SPECIAL_MODE_DURATION;
 1925              		.loc 1 271 27 is_stmt 0 view .LVU599
 1926 0460 022F     		cmp	r7, #2
 1927 0462 C6D1     		bne	.L60
 272:Src/ninja_fruit_game.c ****                     if (!game->mirror_mode_active) {
 1928              		.loc 1 272 21 is_stmt 1 view .LVU600
 272:Src/ninja_fruit_game.c ****                     if (!game->mirror_mode_active) {
 1929              		.loc 1 272 50 is_stmt 0 view .LVU601
 1930 0464 FFF7FEFF 		bl	HAL_GetTick
 1931              	.LVL178:
 273:Src/ninja_fruit_game.c ****                         CMW_CAMERA_SetMirrorFlip(CMW_MIRRORFLIP_MIRROR);
 1932              		.loc 1 273 24 view .LVU602
 1933 0468 94F82821 		ldrb	r2, [r4, #296]	@ zero_extendqisi2
 272:Src/ninja_fruit_game.c ****                     if (!game->mirror_mode_active) {
 1934              		.loc 1 272 64 discriminator 1 view .LVU603
 1935 046c 00F59C40 		add	r0, r0, #19968
 1936 0470 2030     		adds	r0, r0, #32
 272:Src/ninja_fruit_game.c ****                     if (!game->mirror_mode_active) {
 1937              		.loc 1 272 48 discriminator 1 view .LVU604
 1938 0472 C4F82401 		str	r0, [r4, #292]
 273:Src/ninja_fruit_game.c ****                         CMW_CAMERA_SetMirrorFlip(CMW_MIRRORFLIP_MIRROR);
 1939              		.loc 1 273 21 is_stmt 1 view .LVU605
 273:Src/ninja_fruit_game.c ****                         CMW_CAMERA_SetMirrorFlip(CMW_MIRRORFLIP_MIRROR);
 1940              		.loc 1 273 24 is_stmt 0 view .LVU606
 1941 0476 002A     		cmp	r2, #0
 1942 0478 BBD1     		bne	.L60
 274:Src/ninja_fruit_game.c ****                         game->mirror_mode_active = 1;
 1943              		.loc 1 274 25 is_stmt 1 view .LVU607
 1944 047a 3846     		mov	r0, r7
 1945 047c FFF7FEFF 		bl	CMW_CAMERA_SetMirrorFlip
 1946              	.LVL179:
 275:Src/ninja_fruit_game.c ****                     }
 1947              		.loc 1 275 25 view .LVU608
 275:Src/ninja_fruit_game.c ****                     }
 1948              		.loc 1 275 50 is_stmt 0 view .LVU609
 1949 0480 84F82861 		strb	r6, [r4, #296]
 1950 0484 B5E7     		b	.L60
 1951              	.LVL180:
 1952              	.L53:
 275:Src/ninja_fruit_game.c ****                     }
 1953              		.loc 1 275 50 view .LVU610
 1954              	.LBE100:
 1955              	.LBE102:
 1956              	.LBE103:
 1957              	.LBE104:
 1958              	.LBE105:
ARM GAS  C:\Users\Antonio\AppData\Local\Temp\ccFL4Qk9.s 			page 56


 1959              	.LBE107:
 1960              	.LBE111:
 152:Src/ninja_fruit_game.c ****         }
 1961              		.loc 1 152 13 is_stmt 1 view .LVU611
 1962              	.LBB112:
 1963              	.LBI112:
 283:Src/ninja_fruit_game.c **** {
 1964              		.loc 1 283 13 view .LVU612
 1965              	.LBB113:
 286:Src/ninja_fruit_game.c ****     float32_t radius_sq = radius * radius;
 1966              		.loc 1 286 5 view .LVU613
 287:Src/ninja_fruit_game.c ****     uint8_t nose_mode = (HAL_GetTick() < game->nose_mode_end_time);
 1967              		.loc 1 287 5 view .LVU614
 288:Src/ninja_fruit_game.c **** 
 1968              		.loc 1 288 5 view .LVU615
 288:Src/ninja_fruit_game.c **** 
 1969              		.loc 1 288 26 is_stmt 0 view .LVU616
 1970 0486 FFF7FEFF 		bl	HAL_GetTick
 1971              	.LVL181:
 1972 048a 9FED488A 		vldr.32	s16, .L114+16
 1973 048e 0746     		mov	r7, r0
 1974              	.LVL182:
 1975              	.LBB114:
 1976              	.LBB115:
 1977              	.LBB116:
 1978              	.LBB117:
 322:Src/ninja_fruit_game.c ****                 fruit->slice_time = HAL_GetTick();
 1979              		.loc 1 322 30 view .LVU617
 1980 0490 4FF0010A 		mov	r10, #1
 324:Src/ninja_fruit_game.c **** 
 1981              		.loc 1 324 40 view .LVU618
 1982 0494 4FF0000B 		mov	fp, #0
 1983              	.LBE117:
 1984              	.LBE116:
 1985              	.LBE115:
 1986              	.LBE114:
 288:Src/ninja_fruit_game.c **** 
 1987              		.loc 1 288 46 discriminator 1 view .LVU619
 1988 0498 D4F82031 		ldr	r3, [r4, #288]
 1989 049c 0093     		str	r3, [sp]
 1990              	.LVL183:
 290:Src/ninja_fruit_game.c ****         Fruit_t *fruit = &game->fruits[i];
 1991              		.loc 1 290 5 is_stmt 1 view .LVU620
 1992              	.LBB129:
 290:Src/ninja_fruit_game.c ****         Fruit_t *fruit = &game->fruits[i];
 1993              		.loc 1 290 10 view .LVU621
 290:Src/ninja_fruit_game.c ****         Fruit_t *fruit = &game->fruits[i];
 1994              		.loc 1 290 23 discriminator 1 view .LVU622
 1995              	.L75:
 1996              	.LBB127:
 291:Src/ninja_fruit_game.c **** 
 1997              		.loc 1 291 9 view .LVU623
 293:Src/ninja_fruit_game.c ****         	uint8_t popped = 0;
 1998              		.loc 1 293 9 view .LVU624
 293:Src/ninja_fruit_game.c ****         	uint8_t popped = 0;
 1999              		.loc 1 293 12 is_stmt 0 view .LVU625
 2000 049e 99F81120 		ldrb	r2, [r9, #17]	@ zero_extendqisi2
ARM GAS  C:\Users\Antonio\AppData\Local\Temp\ccFL4Qk9.s 			page 57


 2001 04a2 E2BB     		cbnz	r2, .L68
 2002              	.LBB125:
 294:Src/ninja_fruit_game.c **** 			if (nose_mode) {
 2003              		.loc 1 294 10 is_stmt 1 view .LVU626
 2004              	.LVL184:
 295:Src/ninja_fruit_game.c **** 				float32_t nx = keypoints[KEYPOINT_NOSE].x_center;
 2005              		.loc 1 295 4 view .LVU627
 295:Src/ninja_fruit_game.c **** 				float32_t nx = keypoints[KEYPOINT_NOSE].x_center;
 2006              		.loc 1 295 7 is_stmt 0 view .LVU628
 2007 04a4 009B     		ldr	r3, [sp]
 2008              	.LBB118:
 298:Src/ninja_fruit_game.c **** 				float32_t dy = ny - fruit->y;
 2009              		.loc 1 298 30 view .LVU629
 2010 04a6 D9ED006A 		vldr.32	s13, [r9]
 2011              	.LBE118:
 295:Src/ninja_fruit_game.c **** 				float32_t nx = keypoints[KEYPOINT_NOSE].x_center;
 2012              		.loc 1 295 7 view .LVU630
 2013 04aa 9F42     		cmp	r7, r3
 2014              	.LBB119:
 299:Src/ninja_fruit_game.c **** 				float32_t dist_nose_sq = dx * dx + dy * dy;
 2015              		.loc 1 299 30 view .LVU631
 2016 04ac 99ED016A 		vldr.32	s12, [r9, #4]
 2017              	.LBE119:
 295:Src/ninja_fruit_game.c **** 				float32_t nx = keypoints[KEYPOINT_NOSE].x_center;
 2018              		.loc 1 295 7 view .LVU632
 2019 04b0 3AD2     		bcs	.L69
 2020              	.LBB120:
 296:Src/ninja_fruit_game.c **** 				float32_t ny = keypoints[KEYPOINT_NOSE].y_center;
 2021              		.loc 1 296 5 is_stmt 1 view .LVU633
 2022              	.LVL185:
 297:Src/ninja_fruit_game.c **** 				float32_t dx = nx - fruit->x;
 2023              		.loc 1 297 5 view .LVU634
 298:Src/ninja_fruit_game.c **** 				float32_t dy = ny - fruit->y;
 2024              		.loc 1 298 5 view .LVU635
 298:Src/ninja_fruit_game.c **** 				float32_t dy = ny - fruit->y;
 2025              		.loc 1 298 15 is_stmt 0 view .LVU636
 2026 04b2 96ED007A 		vldr.32	s14, [r6]
 299:Src/ninja_fruit_game.c **** 				float32_t dist_nose_sq = dx * dx + dy * dy;
 2027              		.loc 1 299 15 view .LVU637
 2028 04b6 D6ED017A 		vldr.32	s15, [r6, #4]
 298:Src/ninja_fruit_game.c **** 				float32_t dy = ny - fruit->y;
 2029              		.loc 1 298 15 view .LVU638
 2030 04ba 37EE667A 		vsub.f32	s14, s14, s13
 2031              	.LVL186:
 299:Src/ninja_fruit_game.c **** 				float32_t dist_nose_sq = dx * dx + dy * dy;
 2032              		.loc 1 299 5 is_stmt 1 view .LVU639
 299:Src/ninja_fruit_game.c **** 				float32_t dist_nose_sq = dx * dx + dy * dy;
 2033              		.loc 1 299 15 is_stmt 0 view .LVU640
 2034 04be 77EEC67A 		vsub.f32	s15, s15, s12
 2035              	.LVL187:
 300:Src/ninja_fruit_game.c **** 				if (dist_nose_sq <= radius_sq) {
 2036              		.loc 1 300 5 is_stmt 1 view .LVU641
 2037              	.L110:
 300:Src/ninja_fruit_game.c **** 				if (dist_nose_sq <= radius_sq) {
 2038              		.loc 1 300 5 is_stmt 0 view .LVU642
 2039              	.LBE120:
 2040              	.LBB121:
ARM GAS  C:\Users\Antonio\AppData\Local\Temp\ccFL4Qk9.s 			page 58


 315:Src/ninja_fruit_game.c **** 
 2041              		.loc 1 315 34 view .LVU643
 2042 04c2 67EEA77A 		vmul.f32	s15, s15, s15
 315:Src/ninja_fruit_game.c **** 
 2043              		.loc 1 315 15 view .LVU644
 2044 04c6 E7EE077A 		vfma.f32	s15, s14, s14
 317:Src/ninja_fruit_game.c **** 					popped = 1;
 2045              		.loc 1 317 35 discriminator 1 view .LVU645
 2046 04ca F4EEC87A 		vcmpe.f32	s15, s16
 2047 04ce F1EE10FA 		vmrs	APSR_nzcv, FPSCR
 2048 04d2 24D8     		bhi	.L68
 2049              	.L70:
 2050              	.LVL188:
 317:Src/ninja_fruit_game.c **** 					popped = 1;
 2051              		.loc 1 317 35 discriminator 1 view .LVU646
 2052              	.LBE121:
 2053              	.LBB122:
 322:Src/ninja_fruit_game.c ****                 fruit->slice_time = HAL_GetTick();
 2054              		.loc 1 322 17 is_stmt 1 view .LVU647
 322:Src/ninja_fruit_game.c ****                 fruit->slice_time = HAL_GetTick();
 2055              		.loc 1 322 30 is_stmt 0 view .LVU648
 2056 04d4 89F811A0 		strb	r10, [r9, #17]
 323:Src/ninja_fruit_game.c ****                 fruit->slice_direction = 0;
 2057              		.loc 1 323 17 is_stmt 1 view .LVU649
 323:Src/ninja_fruit_game.c ****                 fruit->slice_direction = 0;
 2058              		.loc 1 323 37 is_stmt 0 view .LVU650
 2059 04d8 FFF7FEFF 		bl	HAL_GetTick
 2060              	.LVL189:
 327:Src/ninja_fruit_game.c ****                     case FRUIT_APPLE: base_score = 10; break;
 2061              		.loc 1 327 30 view .LVU651
 2062 04dc 99F81020 		ldrb	r2, [r9, #16]	@ zero_extendqisi2
 323:Src/ninja_fruit_game.c ****                 fruit->slice_direction = 0;
 2063              		.loc 1 323 35 discriminator 1 view .LVU652
 2064 04e0 C9F81800 		str	r0, [r9, #24]
 324:Src/ninja_fruit_game.c **** 
 2065              		.loc 1 324 17 is_stmt 1 view .LVU653
 2066 04e4 511E     		subs	r1, r2, #1
 2067 04e6 0229     		cmp	r1, #2
 2068 04e8 02EB8202 		add	r2, r2, r2, lsl #2
 2069 04ec 02F10A02 		add	r2, r2, #10
 2070 04f0 88BF     		it	hi
 2071 04f2 0A22     		movhi	r2, #10
 324:Src/ninja_fruit_game.c **** 
 2072              		.loc 1 324 40 is_stmt 0 view .LVU654
 2073 04f4 89F81CB0 		strb	fp, [r9, #28]
 326:Src/ninja_fruit_game.c ****                 switch (fruit->type) {
 2074              		.loc 1 326 17 is_stmt 1 view .LVU655
 2075              	.LVL190:
 327:Src/ninja_fruit_game.c ****                     case FRUIT_APPLE: base_score = 10; break;
 2076              		.loc 1 327 17 view .LVU656
 333:Src/ninja_fruit_game.c ****                 // Activate special effects if any
 2077              		.loc 1 333 17 view .LVU657
 333:Src/ninja_fruit_game.c ****                 // Activate special effects if any
 2078              		.loc 1 333 29 is_stmt 0 view .LVU658
 2079 04f8 D4F80011 		ldr	r1, [r4, #256]
 333:Src/ninja_fruit_game.c ****                 // Activate special effects if any
 2080              		.loc 1 333 43 view .LVU659
ARM GAS  C:\Users\Antonio\AppData\Local\Temp\ccFL4Qk9.s 			page 59


 2081 04fc D4F81401 		ldr	r0, [r4, #276]
 333:Src/ninja_fruit_game.c ****                 // Activate special effects if any
 2082              		.loc 1 333 29 view .LVU660
 2083 0500 00FB0211 		mla	r1, r0, r2, r1
 2084 0504 C4F80011 		str	r1, [r4, #256]
 335:Src/ninja_fruit_game.c ****                     game->nose_mode_end_time = HAL_GetTick() + SPECIAL_MODE_DURATION;
 2085              		.loc 1 335 17 is_stmt 1 view .LVU661
 335:Src/ninja_fruit_game.c ****                     game->nose_mode_end_time = HAL_GetTick() + SPECIAL_MODE_DURATION;
 2086              		.loc 1 335 26 is_stmt 0 view .LVU662
 2087 0508 99F81220 		ldrb	r2, [r9, #18]	@ zero_extendqisi2
 2088              	.LVL191:
 335:Src/ninja_fruit_game.c ****                     game->nose_mode_end_time = HAL_GetTick() + SPECIAL_MODE_DURATION;
 2089              		.loc 1 335 20 view .LVU663
 2090 050c 012A     		cmp	r2, #1
 335:Src/ninja_fruit_game.c ****                     game->nose_mode_end_time = HAL_GetTick() + SPECIAL_MODE_DURATION;
 2091              		.loc 1 335 20 view .LVU664
 2092 050e 25D1     		bne	.L74
 336:Src/ninja_fruit_game.c ****                 } else if (fruit->effect == FRUIT_EFFECT_MIRROR_MODE) {
 2093              		.loc 1 336 21 is_stmt 1 view .LVU665
 336:Src/ninja_fruit_game.c ****                 } else if (fruit->effect == FRUIT_EFFECT_MIRROR_MODE) {
 2094              		.loc 1 336 48 is_stmt 0 view .LVU666
 2095 0510 FFF7FEFF 		bl	HAL_GetTick
 2096              	.LVL192:
 336:Src/ninja_fruit_game.c ****                 } else if (fruit->effect == FRUIT_EFFECT_MIRROR_MODE) {
 2097              		.loc 1 336 62 discriminator 1 view .LVU667
 2098 0514 00F59C40 		add	r0, r0, #19968
 2099 0518 2030     		adds	r0, r0, #32
 336:Src/ninja_fruit_game.c ****                 } else if (fruit->effect == FRUIT_EFFECT_MIRROR_MODE) {
 2100              		.loc 1 336 46 discriminator 1 view .LVU668
 2101 051a C4F82001 		str	r0, [r4, #288]
 2102              	.LVL193:
 2103              	.L68:
 336:Src/ninja_fruit_game.c ****                 } else if (fruit->effect == FRUIT_EFFECT_MIRROR_MODE) {
 2104              		.loc 1 336 46 discriminator 1 view .LVU669
 2105              	.LBE122:
 2106              	.LBE125:
 2107              	.LBE127:
 290:Src/ninja_fruit_game.c ****         Fruit_t *fruit = &game->fruits[i];
 2108              		.loc 1 290 38 is_stmt 1 discriminator 2 view .LVU670
 290:Src/ninja_fruit_game.c ****         Fruit_t *fruit = &game->fruits[i];
 2109              		.loc 1 290 23 discriminator 1 view .LVU671
 2110 051e 09F12009 		add	r9, r9, #32
 2111 0522 C845     		cmp	r8, r9
 2112 0524 BBD1     		bne	.L75
 2113 0526 68E7     		b	.L56
 2114              	.LVL194:
 2115              	.L69:
 2116              	.LBB128:
 2117              	.LBB126:
 2118              	.LBB123:
 305:Src/ninja_fruit_game.c **** 				float32_t ly = keypoints[KEYPOINT_LEFT_WRIST].y_center;
 2119              		.loc 1 305 5 view .LVU672
 306:Src/ninja_fruit_game.c **** 				float32_t rx = keypoints[KEYPOINT_RIGHT_WRIST].x_center;
 2120              		.loc 1 306 5 view .LVU673
 307:Src/ninja_fruit_game.c **** 				float32_t ry = keypoints[KEYPOINT_RIGHT_WRIST].y_center;
 2121              		.loc 1 307 5 view .LVU674
 308:Src/ninja_fruit_game.c **** 				float32_t dx = lx - fruit->x;
ARM GAS  C:\Users\Antonio\AppData\Local\Temp\ccFL4Qk9.s 			page 60


 2122              		.loc 1 308 5 view .LVU675
 309:Src/ninja_fruit_game.c **** 				float32_t dy = ly - fruit->y;
 2123              		.loc 1 309 5 view .LVU676
 310:Src/ninja_fruit_game.c **** 				float32_t dist_left_sq = dx * dx + dy * dy;
 2124              		.loc 1 310 15 is_stmt 0 view .LVU677
 2125 0528 D6ED107A 		vldr.32	s15, [r6, #64]
 309:Src/ninja_fruit_game.c **** 				float32_t dy = ly - fruit->y;
 2126              		.loc 1 309 15 view .LVU678
 2127 052c 96ED0F7A 		vldr.32	s14, [r6, #60]
 310:Src/ninja_fruit_game.c **** 				float32_t dist_left_sq = dx * dx + dy * dy;
 2128              		.loc 1 310 15 view .LVU679
 2129 0530 77EEC67A 		vsub.f32	s15, s15, s12
 309:Src/ninja_fruit_game.c **** 				float32_t dy = ly - fruit->y;
 2130              		.loc 1 309 15 view .LVU680
 2131 0534 37EE667A 		vsub.f32	s14, s14, s13
 2132              	.LVL195:
 310:Src/ninja_fruit_game.c **** 				float32_t dist_left_sq = dx * dx + dy * dy;
 2133              		.loc 1 310 5 is_stmt 1 view .LVU681
 311:Src/ninja_fruit_game.c **** 
 2134              		.loc 1 311 5 view .LVU682
 311:Src/ninja_fruit_game.c **** 
 2135              		.loc 1 311 43 is_stmt 0 view .LVU683
 2136 0538 67EEA77A 		vmul.f32	s15, s15, s15
 2137              	.LVL196:
 311:Src/ninja_fruit_game.c **** 
 2138              		.loc 1 311 15 view .LVU684
 2139 053c E7EE077A 		vfma.f32	s15, s14, s14
 2140              	.LVL197:
 313:Src/ninja_fruit_game.c **** 				dy = ry - fruit->y;
 2141              		.loc 1 313 5 is_stmt 1 view .LVU685
 314:Src/ninja_fruit_game.c **** 				float32_t dist_right_sq = dx * dx + dy * dy;
 2142              		.loc 1 314 5 view .LVU686
 315:Src/ninja_fruit_game.c **** 
 2143              		.loc 1 315 5 view .LVU687
 317:Src/ninja_fruit_game.c **** 					popped = 1;
 2144              		.loc 1 317 5 view .LVU688
 317:Src/ninja_fruit_game.c **** 					popped = 1;
 2145              		.loc 1 317 8 is_stmt 0 view .LVU689
 2146 0540 F4EEC87A 		vcmpe.f32	s15, s16
 2147 0544 F1EE10FA 		vmrs	APSR_nzcv, FPSCR
 2148 0548 C4D9     		bls	.L70
 314:Src/ninja_fruit_game.c **** 				float32_t dist_right_sq = dx * dx + dy * dy;
 2149              		.loc 1 314 8 view .LVU690
 2150 054a 96ED137A 		vldr.32	s14, [r6, #76]
 313:Src/ninja_fruit_game.c **** 				dy = ry - fruit->y;
 2151              		.loc 1 313 8 view .LVU691
 2152 054e D6ED127A 		vldr.32	s15, [r6, #72]
 2153              	.LVL198:
 314:Src/ninja_fruit_game.c **** 				float32_t dist_right_sq = dx * dx + dy * dy;
 2154              		.loc 1 314 8 view .LVU692
 2155 0552 37EE467A 		vsub.f32	s14, s14, s12
 313:Src/ninja_fruit_game.c **** 				dy = ry - fruit->y;
 2156              		.loc 1 313 8 view .LVU693
 2157 0556 77EEE67A 		vsub.f32	s15, s15, s13
 2158 055a B2E7     		b	.L110
 2159              	.LVL199:
 2160              	.L74:
ARM GAS  C:\Users\Antonio\AppData\Local\Temp\ccFL4Qk9.s 			page 61


 313:Src/ninja_fruit_game.c **** 				dy = ry - fruit->y;
 2161              		.loc 1 313 8 view .LVU694
 2162              	.LBE123:
 2163              	.LBB124:
 337:Src/ninja_fruit_game.c ****                     game->mirror_mode_end_time = HAL_GetTick() + SPECIAL_MODE_DURATION;
 2164              		.loc 1 337 24 is_stmt 1 view .LVU695
 337:Src/ninja_fruit_game.c ****                     game->mirror_mode_end_time = HAL_GetTick() + SPECIAL_MODE_DURATION;
 2165              		.loc 1 337 27 is_stmt 0 view .LVU696
 2166 055c 022A     		cmp	r2, #2
 2167 055e DED1     		bne	.L68
 2168 0560 0192     		str	r2, [sp, #4]
 338:Src/ninja_fruit_game.c ****                     if (!game->mirror_mode_active) {
 2169              		.loc 1 338 21 is_stmt 1 view .LVU697
 338:Src/ninja_fruit_game.c ****                     if (!game->mirror_mode_active) {
 2170              		.loc 1 338 50 is_stmt 0 view .LVU698
 2171 0562 FFF7FEFF 		bl	HAL_GetTick
 2172              	.LVL200:
 339:Src/ninja_fruit_game.c ****                         CMW_CAMERA_SetMirrorFlip(CMW_MIRRORFLIP_MIRROR);
 2173              		.loc 1 339 24 view .LVU699
 2174 0566 94F82811 		ldrb	r1, [r4, #296]	@ zero_extendqisi2
 338:Src/ninja_fruit_game.c ****                     if (!game->mirror_mode_active) {
 2175              		.loc 1 338 64 discriminator 1 view .LVU700
 2176 056a 00F59C40 		add	r0, r0, #19968
 2177 056e 2030     		adds	r0, r0, #32
 339:Src/ninja_fruit_game.c ****                         CMW_CAMERA_SetMirrorFlip(CMW_MIRRORFLIP_MIRROR);
 2178              		.loc 1 339 24 view .LVU701
 2179 0570 019A     		ldr	r2, [sp, #4]
 338:Src/ninja_fruit_game.c ****                     if (!game->mirror_mode_active) {
 2180              		.loc 1 338 48 discriminator 1 view .LVU702
 2181 0572 C4F82401 		str	r0, [r4, #292]
 339:Src/ninja_fruit_game.c ****                         CMW_CAMERA_SetMirrorFlip(CMW_MIRRORFLIP_MIRROR);
 2182              		.loc 1 339 21 is_stmt 1 view .LVU703
 339:Src/ninja_fruit_game.c ****                         CMW_CAMERA_SetMirrorFlip(CMW_MIRRORFLIP_MIRROR);
 2183              		.loc 1 339 24 is_stmt 0 view .LVU704
 2184 0576 0029     		cmp	r1, #0
 2185 0578 D1D1     		bne	.L68
 340:Src/ninja_fruit_game.c ****                         game->mirror_mode_active = 1;
 2186              		.loc 1 340 25 is_stmt 1 view .LVU705
 2187 057a 1046     		mov	r0, r2
 2188 057c FFF7FEFF 		bl	CMW_CAMERA_SetMirrorFlip
 2189              	.LVL201:
 341:Src/ninja_fruit_game.c ****                     }
 2190              		.loc 1 341 25 view .LVU706
 341:Src/ninja_fruit_game.c ****                     }
 2191              		.loc 1 341 50 is_stmt 0 view .LVU707
 2192 0580 0122     		movs	r2, #1
 2193 0582 84F82821 		strb	r2, [r4, #296]
 2194 0586 CAE7     		b	.L68
 2195              	.LVL202:
 2196              	.L78:
 341:Src/ninja_fruit_game.c ****                     }
 2197              		.loc 1 341 50 view .LVU708
 2198              	.LBE124:
 2199              	.LBE126:
 2200              	.LBE128:
 2201              	.LBE129:
 2202              	.LBE113:
ARM GAS  C:\Users\Antonio\AppData\Local\Temp\ccFL4Qk9.s 			page 62


 2203              	.LBE112:
 165:Src/ninja_fruit_game.c ****          ShowModeMessage(game, "MIRROR MODE");
 2204              		.loc 1 165 6 is_stmt 1 view .LVU709
 165:Src/ninja_fruit_game.c ****          ShowModeMessage(game, "MIRROR MODE");
 2205              		.loc 1 165 9 is_stmt 0 view .LVU710
 2206 0588 AE42     		cmp	r6, r5
 2207 058a 3FF657AF 		bhi	.L82
 168:Src/ninja_fruit_game.c ****          ShowModeMessage(game, "NORMAL MODE");
 2208              		.loc 1 168 35 discriminator 2 view .LVU711
 2209 058e B4F84431 		ldrh	r3, [r4, #324]
 2210 0592 002B     		cmp	r3, #0
 2211 0594 3FF459AF 		beq	.L81
 169:Src/ninja_fruit_game.c ****      }
 2212              		.loc 1 169 10 is_stmt 1 view .LVU712
 2213 0598 0549     		ldr	r1, .L114+20
 2214 059a 53E7     		b	.L111
 2215              	.L115:
 2216              		.align	2
 2217              	.L114:
 2218 059c 00000000 		.word	.LC18
 2219 05a0 0A000000 		.word	.LC19
 2220 05a4 CDCC4CBE 		.word	-1102263091
 2221 05a8 00000000 		.word	0
 2222 05ac 0BD7233A 		.word	975427339
 2223 05b0 16000000 		.word	.LC20
 2224              		.cfi_endproc
 2225              	.LFE3346:
 2227              		.section	.text.NinjaGame_SetMode,"ax",%progbits
 2228              		.align	1
 2229              		.global	NinjaGame_SetMode
 2230              		.syntax unified
 2231              		.thumb
 2232              		.thumb_func
 2234              	NinjaGame_SetMode:
 2235              	.LVL203:
 2236              	.LFB3356:
 526:Src/ninja_fruit_game.c ****     game->mode = mode;
 2237              		.loc 1 526 1 view -0
 2238              		.cfi_startproc
 2239              		@ args = 0, pretend = 0, frame = 0
 2240              		@ frame_needed = 0, uses_anonymous_args = 0
 2241              		@ link register save eliminated.
 527:Src/ninja_fruit_game.c **** }
 2242              		.loc 1 527 5 view .LVU714
 527:Src/ninja_fruit_game.c **** }
 2243              		.loc 1 527 16 is_stmt 0 view .LVU715
 2244 0000 80F81C11 		strb	r1, [r0, #284]
 528:Src/ninja_fruit_game.c **** 
 2245              		.loc 1 528 1 view .LVU716
 2246 0004 7047     		bx	lr
 2247              		.cfi_endproc
 2248              	.LFE3356:
 2250              		.section	.bss.last_mode_toggle,"aw",%nobits
 2251              		.align	2
 2254              	last_mode_toggle:
 2255 0000 00000000 		.space	4
 2256              		.section	.rodata.fruit_colors,"a"
ARM GAS  C:\Users\Antonio\AppData\Local\Temp\ccFL4Qk9.s 			page 63


 2257              		.align	2
 2260              	fruit_colors:
 2261 0000 0000FFFF 		.word	-65536
 2262 0004 00A5FFFF 		.word	-23296
 2263 0008 00FFFFFF 		.word	-256
 2264 000c 8080FFFF 		.word	-32640
 2265              		.text
 2266              	.Letext0:
 2267              		.file 2 "C:\\ST\\STM32CubeIDE_1.19.0\\STM32CubeIDE\\plugins\\com.st.stm32cube.ide.mcu.externaltool
 2268              		.file 3 "C:\\ST\\STM32CubeIDE_1.19.0\\STM32CubeIDE\\plugins\\com.st.stm32cube.ide.mcu.externaltool
 2269              		.file 4 "C:\\ST\\STM32CubeIDE_1.19.0\\STM32CubeIDE\\plugins\\com.st.stm32cube.ide.mcu.externaltool
 2270              		.file 5 "../../STM32Cube_FW_N6/Utilities/lcd/../Fonts/fonts.h"
 2271              		.file 6 "../../STM32Cube_FW_N6/Drivers/STM32N6xx_HAL_Driver/Inc/stm32n6xx_hal_gpio.h"
 2272              		.file 7 "../../STM32Cube_FW_N6/Utilities/lcd/stm32_lcd.h"
 2273              		.file 8 "C:\\ST\\STM32CubeIDE_1.19.0\\STM32CubeIDE\\plugins\\com.st.stm32cube.ide.mcu.externaltool
 2274              		.file 9 "../../Middlewares/lib_vision_models_pp/lib_vision_models_pp/Inc/spe_pp_output_if.h"
 2275              		.file 10 "Inc/gesture_detection.h"
 2276              		.file 11 "Inc/ninja_fruit_game.h"
 2277              		.file 12 "../../STM32Cube_FW_N6/Drivers/BSP/STM32N6570-DK/stm32n6570_discovery.h"
 2278              		.file 13 "C:\\ST\\STM32CubeIDE_1.19.0\\STM32CubeIDE\\plugins\\com.st.stm32cube.ide.mcu.externaltoo
 2279              		.file 14 "C:\\ST\\STM32CubeIDE_1.19.0\\STM32CubeIDE\\plugins\\com.st.stm32cube.ide.mcu.externaltoo
 2280              		.file 15 "C:\\ST\\STM32CubeIDE_1.19.0\\STM32CubeIDE\\plugins\\com.st.stm32cube.ide.mcu.externaltoo
 2281              		.file 16 "../../STM32Cube_FW_N6/Drivers/STM32N6xx_HAL_Driver/Inc/stm32n6xx_hal.h"
 2282              		.file 17 "../../Middlewares/Camera_Middleware/cmw_camera.h"
 2283              		.file 18 "<built-in>"
ARM GAS  C:\Users\Antonio\AppData\Local\Temp\ccFL4Qk9.s 			page 64


DEFINED SYMBOLS
                            *ABS*:00000000 ninja_fruit_game.c
C:\Users\Antonio\AppData\Local\Temp\ccFL4Qk9.s:26     .text.ShowModeMessage:00000000 $t
C:\Users\Antonio\AppData\Local\Temp\ccFL4Qk9.s:31     .text.ShowModeMessage:00000000 ShowModeMessage
C:\Users\Antonio\AppData\Local\Temp\ccFL4Qk9.s:73     .text.NinjaGame_Init:00000000 $t
C:\Users\Antonio\AppData\Local\Temp\ccFL4Qk9.s:79     .text.NinjaGame_Init:00000000 NinjaGame_Init
C:\Users\Antonio\AppData\Local\Temp\ccFL4Qk9.s:230    .text.NinjaGame_Render:00000000 $t
C:\Users\Antonio\AppData\Local\Temp\ccFL4Qk9.s:236    .text.NinjaGame_Render:00000000 NinjaGame_Render
C:\Users\Antonio\AppData\Local\Temp\ccFL4Qk9.s:913    .text.NinjaGame_Render:00000374 $d
C:\Users\Antonio\AppData\Local\Temp\ccFL4Qk9.s:2260   .rodata.fruit_colors:00000000 fruit_colors
C:\Users\Antonio\AppData\Local\Temp\ccFL4Qk9.s:947    .text.NinjaGame_Reset:00000000 $t
C:\Users\Antonio\AppData\Local\Temp\ccFL4Qk9.s:953    .text.NinjaGame_Reset:00000000 NinjaGame_Reset
C:\Users\Antonio\AppData\Local\Temp\ccFL4Qk9.s:996    .text.NinjaGame_Update:00000000 $t
C:\Users\Antonio\AppData\Local\Temp\ccFL4Qk9.s:1002   .text.NinjaGame_Update:00000000 NinjaGame_Update
C:\Users\Antonio\AppData\Local\Temp\ccFL4Qk9.s:1577   .text.NinjaGame_Update:000002a0 $d
C:\Users\Antonio\AppData\Local\Temp\ccFL4Qk9.s:2254   .bss.last_mode_toggle:00000000 last_mode_toggle
C:\Users\Antonio\AppData\Local\Temp\ccFL4Qk9.s:1603   .text.NinjaGame_Update:000002e0 $t
C:\Users\Antonio\AppData\Local\Temp\ccFL4Qk9.s:2218   .text.NinjaGame_Update:0000059c $d
C:\Users\Antonio\AppData\Local\Temp\ccFL4Qk9.s:2228   .text.NinjaGame_SetMode:00000000 $t
C:\Users\Antonio\AppData\Local\Temp\ccFL4Qk9.s:2234   .text.NinjaGame_SetMode:00000000 NinjaGame_SetMode
C:\Users\Antonio\AppData\Local\Temp\ccFL4Qk9.s:2251   .bss.last_mode_toggle:00000000 $d
C:\Users\Antonio\AppData\Local\Temp\ccFL4Qk9.s:2257   .rodata.fruit_colors:00000000 $d
                           .group:00000000 wm4.0.edffc6ad2f5eb1e671bbefdf8c481eb3
                           .group:00000000 wm4.stm32n6xx_hal_conf.h.21.e108a0e1f8e9094b9ec5c3fbf543a831
                           .group:00000000 wm4.stddef.h.39.0dc9006b34572d4d9cae4c8b422c4971
                           .group:00000000 wm4.arm_cmse.h.103.a0d15a79c4c9a67da8d5831704d7248e
                           .group:00000000 wm4.stm32n6xx.h.34.80585dd08aa426c932f6311fdb7386da
                           .group:00000000 wm4.stm32n657xx.h.26.acd272cb67318cc1a4791ce2f0720ca6
                           .group:00000000 wm4._newlib_version.h.4.411db44ea2338a62eca2f0777f81481b
                           .group:00000000 wm4.features.h.33.e0c9f337c65cb9f22ed5f23d082bc78b
                           .group:00000000 wm4._default_types.h.15.247e5cd201eca3442cbf5404108c4935
                           .group:00000000 wm4._intsup.h.10.48bafbb683905c4daa4565a85aeeb264
                           .group:00000000 wm4._stdint.h.10.c24fa3af3bc1706662bb5593a907e841
                           .group:00000000 wm4.stdint.h.23.d53047a68f4a85177f80b422d52785ed
                           .group:00000000 wm4.cmsis_version.h.32.0ac195c83bb4537824e6ad1c47474b79
                           .group:00000000 wm4.core_cm55.h.68.832d5cf835639cc0d28219c3d2867330
                           .group:00000000 wm4.cmsis_gcc.h.26.7a5fd1a99dbedde687044a4433ab3e15
                           .group:00000000 wm4.core_cm55.h.196.52e437a270752da561676e507b35baeb
                           .group:00000000 wm4.mpu_armv8.h.32.9d72426c8e2b47753456dcb84802c5b3
                           .group:00000000 wm4.pmu_armv8.h.32.eaa95f88a71b29390b135fd81c071b6b
                           .group:00000000 wm4.core_cm55.h.4411.860dad8650880893dd57b815844f7186
                           .group:00000000 wm4.cachel1_armv7.h.32.abd77761a989e008b0c60891114a33c7
                           .group:00000000 wm4.stm32n657xx.h.575.1c2a5e6bedffc6f9083dcc857bc6d09d
                           .group:00000000 wm4.stm32n6xx.h.114.5cf793d8af485e14f110e3e24bde1aa5
                           .group:00000000 wm4.stm32_hal_legacy.h.22.87fb12bf5a1a1e00fc134f22bc9aa8c4
                           .group:00000000 wm4.newlib.h.7.a37ffbe9e5aff74303f4e60b1cc1c01b
                           .group:00000000 wm4.ieeefp.h.77.bd5feb87d9990dd328793ced294f6a87
                           .group:00000000 wm4.config.h.224.10ee1ad185d877c6e334e6581faab44d
                           .group:00000000 wm4._ansi.h.31.de524f58584151836e90d8620a16f8e8
                           .group:00000000 wm4.cdefs.h.49.70fc7af612f78ddcace70fdd90b5623b
                           .group:00000000 wm4._types.h.20.dd0d04dca3800a0d2a6129b87f3adbb2
                           .group:00000000 wm4.stddef.h.158.6f8e08a347b1cff664332fa350bfceb3
                           .group:00000000 wm4._types.h.127.3bdfe3ff8ea2d0985b03d9cbe93480e3
                           .group:00000000 wm4.reent.h.18.25503cdc8b7e55dd0d6ea7b3e5af7a03
                           .group:00000000 wm4.lock.h.2.1461d1fff82dffe8bfddc23307f6484f
                           .group:00000000 wm4.reent.h.78.6b87466b04591b1f1cb88c14fdf2ba9e
                           .group:00000000 wm4.math.h.13.47cfc34cae8a1153323939c4d32cf7c2
ARM GAS  C:\Users\Antonio\AppData\Local\Temp\ccFL4Qk9.s 			page 65


                           .group:00000000 wm4.stm32n6xx_hal_def.h.63.3a8f01490e8852464e9fcb69092e9c75
                           .group:00000000 wm4.stm32n6xx_ll_bus.h.38.2366a295ee4cdb04833997d3787fcd2d
                           .group:00000000 wm4.stm32n6xx_ll_rcc.h.21.002e22a16fd7f67dde6dce41e8ba9620
                           .group:00000000 wm4.stm32n6xx_hal_rcc.h.194.1cb1283e40f9bebcd3fba2a9a961838e
                           .group:00000000 wm4.stm32n6xx_hal_rcc_ex.h.21.79aa32178dfef625fbd20d362449acfa
                           .group:00000000 wm4.stm32n6xx_hal_rcc.h.4359.3f0b7ad33826d95438602c9aebc08af9
                           .group:00000000 wm4.stm32n6xx_hal_gpio.h.21.89d54af663b98eb8fc098192053f7eeb
                           .group:00000000 wm4.stm32n6xx_hal_gpio_ex.h.22.4acb2e3511a98bb48b81cfc8e09fd59e
                           .group:00000000 wm4.stm32n6xx_hal_rif.h.21.424d0bafb874a777dee3742a22e13037
                           .group:00000000 wm4.stm32n6xx_hal_dma.h.21.61e48c5c2e8d25d22177834b232fe45c
                           .group:00000000 wm4.stm32n6xx_hal_dma_ex.h.21.66e597beb090a165329d6ccf665e41bc
                           .group:00000000 wm4.stm32n6xx_hal_dma.h.1020.87e2180c009560b617c1f8208140c950
                           .group:00000000 wm4.stm32n6xx_hal_cortex.h.21.f493623cc58f9454ab4eae41e395c5cc
                           .group:00000000 wm4.stm32n6xx_hal_bsec.h.21.61b309e67dd810e28897a01b1b21a97f
                           .group:00000000 wm4.stm32n6xx_hal_dcmipp.h.21.f538bfd785c6469670251ac9bc7af55d
                           .group:00000000 wm4.stm32n6xx_hal_dma2d.h.21.75c8d46cdbb72970123b3f34ae2043d7
                           .group:00000000 wm4.stm32n6xx_hal_exti.h.21.fda87e715ea6b98239ec30171d1df594
                           .group:00000000 wm4.stm32n6xx_hal_i2c.h.21.3f483626ff64c5bf027265bb2e1d1331
                           .group:00000000 wm4.stm32n6xx_hal_i2c_ex.h.21.79e9196c22282cdaf6b4047893638c45
                           .group:00000000 wm4.stm32n6xx_hal_i2c.h.741.1084702632703acc669e4282b3043372
                           .group:00000000 wm4.stm32n6xx_hal_ltdc.h.21.ae1eb09930e7e550e48e418ac5849e4d
                           .group:00000000 wm4.stm32n6xx_hal_ltdc.h.1002.b13ede7fc94ed5ad1c6768a157d2149a
                           .group:00000000 wm4.stm32n6xx_hal_mdf.h.21.6eb130451a4e0db5b8befb63f326c92c
                           .group:00000000 wm4.stm32n6xx_hal_pwr.h.21.cdb73e4869c3fed3fc84f901ec0e5f0a
                           .group:00000000 wm4.stm32n6xx_hal_pwr_ex.h.21.1a673224a58b0c1e5fad8eeda6514208
                           .group:00000000 wm4.stm32n6xx_hal_ramcfg.h.21.a62dfbb4d2c14e9a8c634a215e37bd3d
                           .group:00000000 wm4.stm32n6xx_hal_sai.h.21.d6c5e096d8c222239b66c09476942511
                           .group:00000000 wm4.stm32n6xx_hal_sai_ex.h.21.98cc4c637392fcbacd0a3564bad4bba3
                           .group:00000000 wm4.stm32n6xx_hal_sai.h.825.fc46628357edde5e604f90f7e222e919
                           .group:00000000 wm4.stm32n6xx_ll_sdmmc.h.21.a8483ddbe319d8ff397cbc0087d2c233
                           .group:00000000 wm4.stm32n6xx_ll_dlyb.h.21.05e6efa24db86ad89cfd13eda5cfcd3e
                           .group:00000000 wm4.stm32n6xx_hal_sd.h.71.b83d10af03e36c820c893444588bae05
                           .group:00000000 wm4.stm32n6xx_hal_sd_ex.h.21.0294125df092827b72ace449508982b9
                           .group:00000000 wm4.stm32n6xx_hal_uart.h.21.230f549bfa0d5ebfd77bfb311b2aca15
                           .group:00000000 wm4.stm32n6xx_hal_uart_ex.h.21.a0d5511e1d0703b7b5278c8f5472b96d
                           .group:00000000 wm4.stm32n6xx_hal_xspi.h.21.e17898be2073b6b6b19faf30b4e304e9
                           .group:00000000 wm4.stm32n6xx_hal_cacheaxi.h.21.7c3375b7903ec42376e4883320997f74
                           .group:00000000 wm4.stm32n6xx_hal.h.81.5e59143eba07faca3e9aeaa5470826c8
                           .group:00000000 wm4.lcd.h.21.98701c105e66fef2e089854e5bc0fe32
                           .group:00000000 wm4.stm32_lcd.h.55.1a04e503950bf34ef3721d2ebb9542fc
                           .group:00000000 wm4.main.h.30.caab52a0a8de64f9677f2eb568935933
                           .group:00000000 wm4.string.h.8.c4b8571ce60dff2817f43fec8b86aecd
                           .group:00000000 wm4.stddef.h.158.eec8bf00b5213f43d095cb984c5f22e3
                           .group:00000000 wm4.string.h.177.59a005921fa78485abc80a0267de5752
                           .group:00000000 wm4.float.h.29.0e9d9baf95ec39f9555dc80c6e28186b
                           .group:00000000 wm4.syslimits.h.34.de5cbd310098bc5895998b6bde577ed2
                           .group:00000000 wm4.limits.h.9.70fb0ada6f71b16202a66baaa6d8ea70
                           .group:00000000 wm4.limits.h.60.56a1ae353e2028a24298ec6463b8b593
                           .group:00000000 wm4.arm_math_types.h.94.a6c8422e2657ad4cd95bd8be69ba02aa
                           .group:00000000 wm4.stdbool.h.29.c08aa3eec75cf5b9b5003883f43253f0
                           .group:00000000 wm4.arm_mve.h.38.47b22bbd301ce82bc6dafd1a387f65a3
                           .group:00000000 wm4.arm_math_types.h.559.cab78f278b684a3ea2271947c7aea680
                           .group:00000000 wm4.arm_math_memory.h.28.fe8a81c6a9ac13061a5f748732089249
                           .group:00000000 wm4.none.h.185.db055cca83e83f96d8d0bb450fbdf4bb
                           .group:00000000 wm4.utils.h.27.57524573fe37b04009eecf3582a4c591
                           .group:00000000 wm4.fast_math_functions.h.28.8eb7477260c1d6b62047c49a01c4cbaa
                           .group:00000000 wm4.controller_functions.h.28.7bed7d7a726df2f65b8a3d89cff01247
ARM GAS  C:\Users\Antonio\AppData\Local\Temp\ccFL4Qk9.s 			page 66


                           .group:00000000 wm4.filtering_functions.h.46.6cf1424fb1f86d5f9958d208b83340a1
                           .group:00000000 wm4.app_config.h.24.f038a6307a621be7ff1c53b769c184df
                           .group:00000000 wm4.spe_pp_output_if.h.11.7212d2990e83c8afeadfa97fa05d17c4
                           .group:00000000 wm4.gesture_detection.h.10.d7513471c97a364c41f0081fc9baf7b8
                           .group:00000000 wm4.ninja_fruit_game.h.17.f20dc7b5caeabfa104afff5c6f7492ba
                           .group:00000000 wm4.utils.h.20.a122c519940ea111a25b4d1f17b5f8d3
                           .group:00000000 wm4.stm32n6570_discovery_conf.h.21.fd3099f4c2507f680f451b0b998b83c3
                           .group:00000000 wm4.stm32n6570_discovery_errno.h.22.80e523b09444a11ebe4b6e24ae914f0e
                           .group:00000000 wm4.stdio.h.27.3fc80220048df77954e38daec3bb9670
                           .group:00000000 wm4.stdarg.h.34.3a23a216c0c293b3d2ea2e89281481e6
                           .group:00000000 wm4.stdio.h.47.dc31ec4674d7bcb103c9f08809549f45
                           .group:00000000 wm4.stdio.h.2.4aa87247282eca6c8f36f9de33d8df1a
                           .group:00000000 wm4.stdio.h.87.a1e20d2651f9bfb66e51bfbe849db00a
                           .group:00000000 wm4.stm32n6570_discovery.h.60.fc3704802df68626cd6fd14123d1f0c4
                           .group:00000000 wm4.cmw_errno.h.21.91021ac9b2627a1ce6b8517d105715d1
                           .group:00000000 wm4.stm32n6570_discovery_bus.h.21.b416b223d0dfc7b00f9832b1e74e1f47
                           .group:00000000 wm4.cmw_camera_conf.h.44.f5b7142add155602b098cc3d0e29cc86
                           .group:00000000 wm4.isp_conf.h.21.f38432dbfef47e2ce2a64e60ef6a2d79
                           .group:00000000 wm4.stdlib.h.13.4ed386f5c1a80d71e72172885d946ef2
                           .group:00000000 wm4.alloca.h.8.dfc0c703c47ec3e69746825b17d9e66d
                           .group:00000000 wm4.stdlib.h.56.f4862cfbf4363a1db01842d5bdf72c18
                           .group:00000000 wm4.isp_core.h.109.be5387f515355b6edcb70af2607f9a68
                           .group:00000000 wm4.cmw_camera.h.33.b34cbb506ffb5bbc0bae0cee9fc48966

UNDEFINED SYMBOLS
strncpy
HAL_GetTick
memset
CMW_CAMERA_SetMirrorFlip
UTIL_LCD_SetBackColor
UTIL_LCD_GetFont
UTIL_LCDEx_PrintfAt
UTIL_LCD_FillCircle
UTIL_LCD_SetTextColor
UTIL_LCD_SetFont
Font24
BSP_PB_GetState
Gesture_GetCurrentDisplayGesture
rand
sqrtf
