ARM GAS  C:\Users\Antonio\AppData\Local\Temp\ccmFwfsh.s 			page 1


   1              		.arch armv8.1-m.main
   2              		.fpu fpv5-d16
   3              		.arch_extension dsp
   4              		.arch_extension fp
   5              		.arch_extension fp.dp
   6              		.arch_extension mve
   7              		.arch_extension mve.fp
   8              		.eabi_attribute 5, "cortex-m55"
   9              		.eabi_attribute 28, 1
  10              		.eabi_attribute 20, 1
  11              		.eabi_attribute 21, 1
  12              		.eabi_attribute 23, 3
  13              		.eabi_attribute 24, 1
  14              		.eabi_attribute 25, 1
  15              		.eabi_attribute 26, 1
  16              		.eabi_attribute 30, 4
  17              		.eabi_attribute 34, 1
  18              		.eabi_attribute 38, 1
  19              		.eabi_attribute 18, 4
  20              		.file	"stm32n6xx_hal_sai.c"
  21              		.text
  22              	.Ltext0:
  23              		.cfi_sections	.debug_frame
  24              		.file 1 "../../STM32Cube_FW_N6/Drivers/STM32N6xx_HAL_Driver/Src/stm32n6xx_hal_sai.c"
  25              		.section	.text.SAI_FillFifo,"ax",%progbits
  26              		.align	1
  27              		.syntax unified
  28              		.thumb
  29              		.thumb_func
  31              	SAI_FillFifo:
  32              	.LVL0:
  33              	.LFB866:
   1:../../STM32Cube_FW_N6/Drivers/STM32N6xx_HAL_Driver/Src/stm32n6xx_hal_sai.c **** /**
   2:../../STM32Cube_FW_N6/Drivers/STM32N6xx_HAL_Driver/Src/stm32n6xx_hal_sai.c ****   ******************************************************************************
   3:../../STM32Cube_FW_N6/Drivers/STM32N6xx_HAL_Driver/Src/stm32n6xx_hal_sai.c ****   * @file    stm32n6xx_hal_sai.c
   4:../../STM32Cube_FW_N6/Drivers/STM32N6xx_HAL_Driver/Src/stm32n6xx_hal_sai.c ****   * @author  MCD Application Team
   5:../../STM32Cube_FW_N6/Drivers/STM32N6xx_HAL_Driver/Src/stm32n6xx_hal_sai.c ****   * @brief   SAI HAL module driver.
   6:../../STM32Cube_FW_N6/Drivers/STM32N6xx_HAL_Driver/Src/stm32n6xx_hal_sai.c ****   *          This file provides firmware functions to manage the following
   7:../../STM32Cube_FW_N6/Drivers/STM32N6xx_HAL_Driver/Src/stm32n6xx_hal_sai.c ****   *          functionalities of the Serial Audio Interface (SAI) peripheral:
   8:../../STM32Cube_FW_N6/Drivers/STM32N6xx_HAL_Driver/Src/stm32n6xx_hal_sai.c ****   *           + Initialization/de-initialization functions
   9:../../STM32Cube_FW_N6/Drivers/STM32N6xx_HAL_Driver/Src/stm32n6xx_hal_sai.c ****   *           + I/O operation functions
  10:../../STM32Cube_FW_N6/Drivers/STM32N6xx_HAL_Driver/Src/stm32n6xx_hal_sai.c ****   *           + Peripheral Control functions
  11:../../STM32Cube_FW_N6/Drivers/STM32N6xx_HAL_Driver/Src/stm32n6xx_hal_sai.c ****   *           + Peripheral State functions
  12:../../STM32Cube_FW_N6/Drivers/STM32N6xx_HAL_Driver/Src/stm32n6xx_hal_sai.c ****   *
  13:../../STM32Cube_FW_N6/Drivers/STM32N6xx_HAL_Driver/Src/stm32n6xx_hal_sai.c ****   ******************************************************************************
  14:../../STM32Cube_FW_N6/Drivers/STM32N6xx_HAL_Driver/Src/stm32n6xx_hal_sai.c ****   * @attention
  15:../../STM32Cube_FW_N6/Drivers/STM32N6xx_HAL_Driver/Src/stm32n6xx_hal_sai.c ****   *
  16:../../STM32Cube_FW_N6/Drivers/STM32N6xx_HAL_Driver/Src/stm32n6xx_hal_sai.c ****   * Copyright (c) 2023 STMicroelectronics.
  17:../../STM32Cube_FW_N6/Drivers/STM32N6xx_HAL_Driver/Src/stm32n6xx_hal_sai.c ****   * All rights reserved.
  18:../../STM32Cube_FW_N6/Drivers/STM32N6xx_HAL_Driver/Src/stm32n6xx_hal_sai.c ****   *
  19:../../STM32Cube_FW_N6/Drivers/STM32N6xx_HAL_Driver/Src/stm32n6xx_hal_sai.c ****   * This software is licensed under terms that can be found in the LICENSE file
  20:../../STM32Cube_FW_N6/Drivers/STM32N6xx_HAL_Driver/Src/stm32n6xx_hal_sai.c ****   * in the root directory of this software component.
  21:../../STM32Cube_FW_N6/Drivers/STM32N6xx_HAL_Driver/Src/stm32n6xx_hal_sai.c ****   * If no LICENSE file comes with this software, it is provided AS-IS.
  22:../../STM32Cube_FW_N6/Drivers/STM32N6xx_HAL_Driver/Src/stm32n6xx_hal_sai.c ****   *
  23:../../STM32Cube_FW_N6/Drivers/STM32N6xx_HAL_Driver/Src/stm32n6xx_hal_sai.c ****   ******************************************************************************
  24:../../STM32Cube_FW_N6/Drivers/STM32N6xx_HAL_Driver/Src/stm32n6xx_hal_sai.c ****   @verbatim
  25:../../STM32Cube_FW_N6/Drivers/STM32N6xx_HAL_Driver/Src/stm32n6xx_hal_sai.c ****   ==============================================================================
ARM GAS  C:\Users\Antonio\AppData\Local\Temp\ccmFwfsh.s 			page 2


  26:../../STM32Cube_FW_N6/Drivers/STM32N6xx_HAL_Driver/Src/stm32n6xx_hal_sai.c ****                   ##### How to use this driver #####
  27:../../STM32Cube_FW_N6/Drivers/STM32N6xx_HAL_Driver/Src/stm32n6xx_hal_sai.c ****   ==============================================================================
  28:../../STM32Cube_FW_N6/Drivers/STM32N6xx_HAL_Driver/Src/stm32n6xx_hal_sai.c **** 
  29:../../STM32Cube_FW_N6/Drivers/STM32N6xx_HAL_Driver/Src/stm32n6xx_hal_sai.c ****   [..]
  30:../../STM32Cube_FW_N6/Drivers/STM32N6xx_HAL_Driver/Src/stm32n6xx_hal_sai.c ****     The SAI HAL driver can be used as follows:
  31:../../STM32Cube_FW_N6/Drivers/STM32N6xx_HAL_Driver/Src/stm32n6xx_hal_sai.c **** 
  32:../../STM32Cube_FW_N6/Drivers/STM32N6xx_HAL_Driver/Src/stm32n6xx_hal_sai.c ****     (#) Declare a SAI_HandleTypeDef handle structure (eg. SAI_HandleTypeDef hsai).
  33:../../STM32Cube_FW_N6/Drivers/STM32N6xx_HAL_Driver/Src/stm32n6xx_hal_sai.c ****     (#) Initialize the SAI low level resources by implementing the HAL_SAI_MspInit() API:
  34:../../STM32Cube_FW_N6/Drivers/STM32N6xx_HAL_Driver/Src/stm32n6xx_hal_sai.c ****         (##) Enable the SAI interface clock.
  35:../../STM32Cube_FW_N6/Drivers/STM32N6xx_HAL_Driver/Src/stm32n6xx_hal_sai.c ****         (##) SAI pins configuration:
  36:../../STM32Cube_FW_N6/Drivers/STM32N6xx_HAL_Driver/Src/stm32n6xx_hal_sai.c ****             (+++) Enable the clock for the SAI GPIOs.
  37:../../STM32Cube_FW_N6/Drivers/STM32N6xx_HAL_Driver/Src/stm32n6xx_hal_sai.c ****             (+++) Configure these SAI pins as alternate function pull-up.
  38:../../STM32Cube_FW_N6/Drivers/STM32N6xx_HAL_Driver/Src/stm32n6xx_hal_sai.c ****         (##) NVIC configuration if you need to use interrupt process (HAL_SAI_Transmit_IT()
  39:../../STM32Cube_FW_N6/Drivers/STM32N6xx_HAL_Driver/Src/stm32n6xx_hal_sai.c ****              and HAL_SAI_Receive_IT() APIs):
  40:../../STM32Cube_FW_N6/Drivers/STM32N6xx_HAL_Driver/Src/stm32n6xx_hal_sai.c ****             (+++) Configure the SAI interrupt priority.
  41:../../STM32Cube_FW_N6/Drivers/STM32N6xx_HAL_Driver/Src/stm32n6xx_hal_sai.c ****             (+++) Enable the NVIC SAI IRQ handle.
  42:../../STM32Cube_FW_N6/Drivers/STM32N6xx_HAL_Driver/Src/stm32n6xx_hal_sai.c **** 
  43:../../STM32Cube_FW_N6/Drivers/STM32N6xx_HAL_Driver/Src/stm32n6xx_hal_sai.c ****         (##) DMA Configuration if you need to use DMA process (HAL_SAI_Transmit_DMA()
  44:../../STM32Cube_FW_N6/Drivers/STM32N6xx_HAL_Driver/Src/stm32n6xx_hal_sai.c ****              and HAL_SAI_Receive_DMA() APIs):
  45:../../STM32Cube_FW_N6/Drivers/STM32N6xx_HAL_Driver/Src/stm32n6xx_hal_sai.c ****             (+++) Declare a DMA handle structure for the Tx/Rx stream.
  46:../../STM32Cube_FW_N6/Drivers/STM32N6xx_HAL_Driver/Src/stm32n6xx_hal_sai.c ****             (+++) Enable the DMAx interface clock.
  47:../../STM32Cube_FW_N6/Drivers/STM32N6xx_HAL_Driver/Src/stm32n6xx_hal_sai.c ****             (+++) Configure the declared DMA handle structure with the required Tx/Rx parameters.
  48:../../STM32Cube_FW_N6/Drivers/STM32N6xx_HAL_Driver/Src/stm32n6xx_hal_sai.c ****             (+++) Configure the DMA Tx/Rx Stream.
  49:../../STM32Cube_FW_N6/Drivers/STM32N6xx_HAL_Driver/Src/stm32n6xx_hal_sai.c ****             (+++) Associate the initialized DMA handle to the SAI DMA Tx/Rx handle.
  50:../../STM32Cube_FW_N6/Drivers/STM32N6xx_HAL_Driver/Src/stm32n6xx_hal_sai.c ****             (+++) Configure the priority and enable the NVIC for the transfer complete interrupt on
  51:../../STM32Cube_FW_N6/Drivers/STM32N6xx_HAL_Driver/Src/stm32n6xx_hal_sai.c ****                 DMA Tx/Rx Stream.
  52:../../STM32Cube_FW_N6/Drivers/STM32N6xx_HAL_Driver/Src/stm32n6xx_hal_sai.c **** 
  53:../../STM32Cube_FW_N6/Drivers/STM32N6xx_HAL_Driver/Src/stm32n6xx_hal_sai.c ****     (#) The initialization can be done by two ways
  54:../../STM32Cube_FW_N6/Drivers/STM32N6xx_HAL_Driver/Src/stm32n6xx_hal_sai.c ****         (##) Expert mode : Initialize the structures Init, FrameInit and SlotInit and call HAL_SAI_
  55:../../STM32Cube_FW_N6/Drivers/STM32N6xx_HAL_Driver/Src/stm32n6xx_hal_sai.c ****         (##) Simplified mode : Initialize the high part of Init Structure and call HAL_SAI_InitProt
  56:../../STM32Cube_FW_N6/Drivers/STM32N6xx_HAL_Driver/Src/stm32n6xx_hal_sai.c **** 
  57:../../STM32Cube_FW_N6/Drivers/STM32N6xx_HAL_Driver/Src/stm32n6xx_hal_sai.c ****   [..]
  58:../../STM32Cube_FW_N6/Drivers/STM32N6xx_HAL_Driver/Src/stm32n6xx_hal_sai.c ****     (@) The specific SAI interrupts (FIFO request and Overrun underrun interrupt)
  59:../../STM32Cube_FW_N6/Drivers/STM32N6xx_HAL_Driver/Src/stm32n6xx_hal_sai.c ****         will be managed using the macros __HAL_SAI_ENABLE_IT() and __HAL_SAI_DISABLE_IT()
  60:../../STM32Cube_FW_N6/Drivers/STM32N6xx_HAL_Driver/Src/stm32n6xx_hal_sai.c ****         inside the transmit and receive process.
  61:../../STM32Cube_FW_N6/Drivers/STM32N6xx_HAL_Driver/Src/stm32n6xx_hal_sai.c ****   [..]
  62:../../STM32Cube_FW_N6/Drivers/STM32N6xx_HAL_Driver/Src/stm32n6xx_hal_sai.c ****     (@) Make sure that either:
  63:../../STM32Cube_FW_N6/Drivers/STM32N6xx_HAL_Driver/Src/stm32n6xx_hal_sai.c ****         (+@) PLLSAI1CLK output is configured or
  64:../../STM32Cube_FW_N6/Drivers/STM32N6xx_HAL_Driver/Src/stm32n6xx_hal_sai.c ****         (+@) PLLSAI2CLK output is configured or
  65:../../STM32Cube_FW_N6/Drivers/STM32N6xx_HAL_Driver/Src/stm32n6xx_hal_sai.c ****         (+@) PLLSAI3CLK output is configured or
  66:../../STM32Cube_FW_N6/Drivers/STM32N6xx_HAL_Driver/Src/stm32n6xx_hal_sai.c ****         (+@) External clock source is configured after setting correctly
  67:../../STM32Cube_FW_N6/Drivers/STM32N6xx_HAL_Driver/Src/stm32n6xx_hal_sai.c ****              the define constant EXTERNAL_SAI1_CLOCK_VALUE or EXTERNAL_SAI2_CLOCK_VALUE
  68:../../STM32Cube_FW_N6/Drivers/STM32N6xx_HAL_Driver/Src/stm32n6xx_hal_sai.c ****              in the stm32n6xx_hal_conf.h file.
  69:../../STM32Cube_FW_N6/Drivers/STM32N6xx_HAL_Driver/Src/stm32n6xx_hal_sai.c **** 
  70:../../STM32Cube_FW_N6/Drivers/STM32N6xx_HAL_Driver/Src/stm32n6xx_hal_sai.c ****   [..]
  71:../../STM32Cube_FW_N6/Drivers/STM32N6xx_HAL_Driver/Src/stm32n6xx_hal_sai.c ****     (@) In master Tx mode: enabling the audio block immediately generates the bit clock
  72:../../STM32Cube_FW_N6/Drivers/STM32N6xx_HAL_Driver/Src/stm32n6xx_hal_sai.c ****         for the external slaves even if there is no data in the FIFO, However FS signal
  73:../../STM32Cube_FW_N6/Drivers/STM32N6xx_HAL_Driver/Src/stm32n6xx_hal_sai.c ****         generation is conditioned by the presence of data in the FIFO.
  74:../../STM32Cube_FW_N6/Drivers/STM32N6xx_HAL_Driver/Src/stm32n6xx_hal_sai.c **** 
  75:../../STM32Cube_FW_N6/Drivers/STM32N6xx_HAL_Driver/Src/stm32n6xx_hal_sai.c ****   [..]
  76:../../STM32Cube_FW_N6/Drivers/STM32N6xx_HAL_Driver/Src/stm32n6xx_hal_sai.c ****     (@) In master Rx mode: enabling the audio block immediately generates the bit clock
  77:../../STM32Cube_FW_N6/Drivers/STM32N6xx_HAL_Driver/Src/stm32n6xx_hal_sai.c ****         and FS signal for the external slaves.
  78:../../STM32Cube_FW_N6/Drivers/STM32N6xx_HAL_Driver/Src/stm32n6xx_hal_sai.c **** 
  79:../../STM32Cube_FW_N6/Drivers/STM32N6xx_HAL_Driver/Src/stm32n6xx_hal_sai.c ****   [..]
  80:../../STM32Cube_FW_N6/Drivers/STM32N6xx_HAL_Driver/Src/stm32n6xx_hal_sai.c ****     (@) It is mandatory to respect the following conditions in order to avoid bad SAI behavior:
  81:../../STM32Cube_FW_N6/Drivers/STM32N6xx_HAL_Driver/Src/stm32n6xx_hal_sai.c ****         (+@) First bit Offset <= (SLOT size - Data size)
  82:../../STM32Cube_FW_N6/Drivers/STM32N6xx_HAL_Driver/Src/stm32n6xx_hal_sai.c ****         (+@) Data size <= SLOT size
ARM GAS  C:\Users\Antonio\AppData\Local\Temp\ccmFwfsh.s 			page 3


  83:../../STM32Cube_FW_N6/Drivers/STM32N6xx_HAL_Driver/Src/stm32n6xx_hal_sai.c ****         (+@) Number of SLOT x SLOT size = Frame length
  84:../../STM32Cube_FW_N6/Drivers/STM32N6xx_HAL_Driver/Src/stm32n6xx_hal_sai.c ****         (+@) The number of slots should be even when SAI_FS_CHANNEL_IDENTIFICATION is selected.
  85:../../STM32Cube_FW_N6/Drivers/STM32N6xx_HAL_Driver/Src/stm32n6xx_hal_sai.c **** 
  86:../../STM32Cube_FW_N6/Drivers/STM32N6xx_HAL_Driver/Src/stm32n6xx_hal_sai.c ****   [..]
  87:../../STM32Cube_FW_N6/Drivers/STM32N6xx_HAL_Driver/Src/stm32n6xx_hal_sai.c ****     (@) PDM interface can be activated through HAL_SAI_Init function.
  88:../../STM32Cube_FW_N6/Drivers/STM32N6xx_HAL_Driver/Src/stm32n6xx_hal_sai.c ****         Please note that PDM interface is only available for SAI1 sub-block A.
  89:../../STM32Cube_FW_N6/Drivers/STM32N6xx_HAL_Driver/Src/stm32n6xx_hal_sai.c ****         PDM microphone delays can be tuned with HAL_SAIEx_ConfigPdmMicDelay function.
  90:../../STM32Cube_FW_N6/Drivers/STM32N6xx_HAL_Driver/Src/stm32n6xx_hal_sai.c **** 
  91:../../STM32Cube_FW_N6/Drivers/STM32N6xx_HAL_Driver/Src/stm32n6xx_hal_sai.c ****   [..]
  92:../../STM32Cube_FW_N6/Drivers/STM32N6xx_HAL_Driver/Src/stm32n6xx_hal_sai.c ****     Three operation modes are available within this driver :
  93:../../STM32Cube_FW_N6/Drivers/STM32N6xx_HAL_Driver/Src/stm32n6xx_hal_sai.c **** 
  94:../../STM32Cube_FW_N6/Drivers/STM32N6xx_HAL_Driver/Src/stm32n6xx_hal_sai.c ****     *** Polling mode IO operation ***
  95:../../STM32Cube_FW_N6/Drivers/STM32N6xx_HAL_Driver/Src/stm32n6xx_hal_sai.c ****     =================================
  96:../../STM32Cube_FW_N6/Drivers/STM32N6xx_HAL_Driver/Src/stm32n6xx_hal_sai.c ****     [..]
  97:../../STM32Cube_FW_N6/Drivers/STM32N6xx_HAL_Driver/Src/stm32n6xx_hal_sai.c ****       (+) Send an amount of data in blocking mode using HAL_SAI_Transmit()
  98:../../STM32Cube_FW_N6/Drivers/STM32N6xx_HAL_Driver/Src/stm32n6xx_hal_sai.c ****       (+) Receive an amount of data in blocking mode using HAL_SAI_Receive()
  99:../../STM32Cube_FW_N6/Drivers/STM32N6xx_HAL_Driver/Src/stm32n6xx_hal_sai.c **** 
 100:../../STM32Cube_FW_N6/Drivers/STM32N6xx_HAL_Driver/Src/stm32n6xx_hal_sai.c ****     *** Interrupt mode IO operation ***
 101:../../STM32Cube_FW_N6/Drivers/STM32N6xx_HAL_Driver/Src/stm32n6xx_hal_sai.c ****     ===================================
 102:../../STM32Cube_FW_N6/Drivers/STM32N6xx_HAL_Driver/Src/stm32n6xx_hal_sai.c ****     [..]
 103:../../STM32Cube_FW_N6/Drivers/STM32N6xx_HAL_Driver/Src/stm32n6xx_hal_sai.c ****       (+) Send an amount of data in non-blocking mode using HAL_SAI_Transmit_IT()
 104:../../STM32Cube_FW_N6/Drivers/STM32N6xx_HAL_Driver/Src/stm32n6xx_hal_sai.c ****       (+) At transmission end of transfer HAL_SAI_TxCpltCallback() is executed and user can
 105:../../STM32Cube_FW_N6/Drivers/STM32N6xx_HAL_Driver/Src/stm32n6xx_hal_sai.c ****           add his own code by customization of function pointer HAL_SAI_TxCpltCallback()
 106:../../STM32Cube_FW_N6/Drivers/STM32N6xx_HAL_Driver/Src/stm32n6xx_hal_sai.c ****       (+) Receive an amount of data in non-blocking mode using HAL_SAI_Receive_IT()
 107:../../STM32Cube_FW_N6/Drivers/STM32N6xx_HAL_Driver/Src/stm32n6xx_hal_sai.c ****       (+) At reception end of transfer HAL_SAI_RxCpltCallback() is executed and user can
 108:../../STM32Cube_FW_N6/Drivers/STM32N6xx_HAL_Driver/Src/stm32n6xx_hal_sai.c ****           add his own code by customization of function pointer HAL_SAI_RxCpltCallback()
 109:../../STM32Cube_FW_N6/Drivers/STM32N6xx_HAL_Driver/Src/stm32n6xx_hal_sai.c ****       (+) In case of flag error, HAL_SAI_ErrorCallback() function is executed and user can
 110:../../STM32Cube_FW_N6/Drivers/STM32N6xx_HAL_Driver/Src/stm32n6xx_hal_sai.c ****           add his own code by customization of function pointer HAL_SAI_ErrorCallback()
 111:../../STM32Cube_FW_N6/Drivers/STM32N6xx_HAL_Driver/Src/stm32n6xx_hal_sai.c **** 
 112:../../STM32Cube_FW_N6/Drivers/STM32N6xx_HAL_Driver/Src/stm32n6xx_hal_sai.c ****     *** DMA mode IO operation ***
 113:../../STM32Cube_FW_N6/Drivers/STM32N6xx_HAL_Driver/Src/stm32n6xx_hal_sai.c ****     =============================
 114:../../STM32Cube_FW_N6/Drivers/STM32N6xx_HAL_Driver/Src/stm32n6xx_hal_sai.c ****     [..]
 115:../../STM32Cube_FW_N6/Drivers/STM32N6xx_HAL_Driver/Src/stm32n6xx_hal_sai.c ****       (+) Send an amount of data in non-blocking mode (DMA) using HAL_SAI_Transmit_DMA()
 116:../../STM32Cube_FW_N6/Drivers/STM32N6xx_HAL_Driver/Src/stm32n6xx_hal_sai.c ****       (+) At transmission end of transfer HAL_SAI_TxCpltCallback() is executed and user can
 117:../../STM32Cube_FW_N6/Drivers/STM32N6xx_HAL_Driver/Src/stm32n6xx_hal_sai.c ****           add his own code by customization of function pointer HAL_SAI_TxCpltCallback()
 118:../../STM32Cube_FW_N6/Drivers/STM32N6xx_HAL_Driver/Src/stm32n6xx_hal_sai.c ****       (+) Receive an amount of data in non-blocking mode (DMA) using HAL_SAI_Receive_DMA()
 119:../../STM32Cube_FW_N6/Drivers/STM32N6xx_HAL_Driver/Src/stm32n6xx_hal_sai.c ****       (+) At reception end of transfer HAL_SAI_RxCpltCallback() is executed and user can
 120:../../STM32Cube_FW_N6/Drivers/STM32N6xx_HAL_Driver/Src/stm32n6xx_hal_sai.c ****           add his own code by customization of function pointer HAL_SAI_RxCpltCallback()
 121:../../STM32Cube_FW_N6/Drivers/STM32N6xx_HAL_Driver/Src/stm32n6xx_hal_sai.c ****       (+) In case of flag error, HAL_SAI_ErrorCallback() function is executed and user can
 122:../../STM32Cube_FW_N6/Drivers/STM32N6xx_HAL_Driver/Src/stm32n6xx_hal_sai.c ****           add his own code by customization of function pointer HAL_SAI_ErrorCallback()
 123:../../STM32Cube_FW_N6/Drivers/STM32N6xx_HAL_Driver/Src/stm32n6xx_hal_sai.c ****       (+) Pause the DMA Transfer using HAL_SAI_DMAPause()
 124:../../STM32Cube_FW_N6/Drivers/STM32N6xx_HAL_Driver/Src/stm32n6xx_hal_sai.c ****       (+) Resume the DMA Transfer using HAL_SAI_DMAResume()
 125:../../STM32Cube_FW_N6/Drivers/STM32N6xx_HAL_Driver/Src/stm32n6xx_hal_sai.c ****       (+) Stop the DMA Transfer using HAL_SAI_DMAStop()
 126:../../STM32Cube_FW_N6/Drivers/STM32N6xx_HAL_Driver/Src/stm32n6xx_hal_sai.c **** 
 127:../../STM32Cube_FW_N6/Drivers/STM32N6xx_HAL_Driver/Src/stm32n6xx_hal_sai.c ****     *** SAI HAL driver additional function list ***
 128:../../STM32Cube_FW_N6/Drivers/STM32N6xx_HAL_Driver/Src/stm32n6xx_hal_sai.c ****     ===============================================
 129:../../STM32Cube_FW_N6/Drivers/STM32N6xx_HAL_Driver/Src/stm32n6xx_hal_sai.c ****     [..]
 130:../../STM32Cube_FW_N6/Drivers/STM32N6xx_HAL_Driver/Src/stm32n6xx_hal_sai.c ****       Below the list the others API available SAI HAL driver :
 131:../../STM32Cube_FW_N6/Drivers/STM32N6xx_HAL_Driver/Src/stm32n6xx_hal_sai.c **** 
 132:../../STM32Cube_FW_N6/Drivers/STM32N6xx_HAL_Driver/Src/stm32n6xx_hal_sai.c ****       (+) HAL_SAI_EnableTxMuteMode(): Enable the mute in tx mode
 133:../../STM32Cube_FW_N6/Drivers/STM32N6xx_HAL_Driver/Src/stm32n6xx_hal_sai.c ****       (+) HAL_SAI_DisableTxMuteMode(): Disable the mute in tx mode
 134:../../STM32Cube_FW_N6/Drivers/STM32N6xx_HAL_Driver/Src/stm32n6xx_hal_sai.c ****       (+) HAL_SAI_EnableRxMuteMode(): Enable the mute in Rx mode
 135:../../STM32Cube_FW_N6/Drivers/STM32N6xx_HAL_Driver/Src/stm32n6xx_hal_sai.c ****       (+) HAL_SAI_DisableRxMuteMode(): Disable the mute in Rx mode
 136:../../STM32Cube_FW_N6/Drivers/STM32N6xx_HAL_Driver/Src/stm32n6xx_hal_sai.c ****       (+) HAL_SAI_FlushRxFifo(): Flush the rx fifo.
 137:../../STM32Cube_FW_N6/Drivers/STM32N6xx_HAL_Driver/Src/stm32n6xx_hal_sai.c ****       (+) HAL_SAI_Abort(): Abort the current transfer
 138:../../STM32Cube_FW_N6/Drivers/STM32N6xx_HAL_Driver/Src/stm32n6xx_hal_sai.c **** 
 139:../../STM32Cube_FW_N6/Drivers/STM32N6xx_HAL_Driver/Src/stm32n6xx_hal_sai.c ****     *** SAI HAL driver macros list ***
ARM GAS  C:\Users\Antonio\AppData\Local\Temp\ccmFwfsh.s 			page 4


 140:../../STM32Cube_FW_N6/Drivers/STM32N6xx_HAL_Driver/Src/stm32n6xx_hal_sai.c ****     ==================================
 141:../../STM32Cube_FW_N6/Drivers/STM32N6xx_HAL_Driver/Src/stm32n6xx_hal_sai.c ****     [..]
 142:../../STM32Cube_FW_N6/Drivers/STM32N6xx_HAL_Driver/Src/stm32n6xx_hal_sai.c ****       Below the list of most used macros in SAI HAL driver :
 143:../../STM32Cube_FW_N6/Drivers/STM32N6xx_HAL_Driver/Src/stm32n6xx_hal_sai.c **** 
 144:../../STM32Cube_FW_N6/Drivers/STM32N6xx_HAL_Driver/Src/stm32n6xx_hal_sai.c ****       (+) __HAL_SAI_ENABLE(): Enable the SAI peripheral
 145:../../STM32Cube_FW_N6/Drivers/STM32N6xx_HAL_Driver/Src/stm32n6xx_hal_sai.c ****       (+) __HAL_SAI_DISABLE(): Disable the SAI peripheral
 146:../../STM32Cube_FW_N6/Drivers/STM32N6xx_HAL_Driver/Src/stm32n6xx_hal_sai.c ****       (+) __HAL_SAI_ENABLE_IT(): Enable the specified SAI interrupts
 147:../../STM32Cube_FW_N6/Drivers/STM32N6xx_HAL_Driver/Src/stm32n6xx_hal_sai.c ****       (+) __HAL_SAI_DISABLE_IT(): Disable the specified SAI interrupts
 148:../../STM32Cube_FW_N6/Drivers/STM32N6xx_HAL_Driver/Src/stm32n6xx_hal_sai.c ****       (+) __HAL_SAI_GET_IT_SOURCE(): Check if the specified SAI interrupt source is
 149:../../STM32Cube_FW_N6/Drivers/STM32N6xx_HAL_Driver/Src/stm32n6xx_hal_sai.c ****           enabled or disabled
 150:../../STM32Cube_FW_N6/Drivers/STM32N6xx_HAL_Driver/Src/stm32n6xx_hal_sai.c ****       (+) __HAL_SAI_GET_FLAG(): Check whether the specified SAI flag is set or not
 151:../../STM32Cube_FW_N6/Drivers/STM32N6xx_HAL_Driver/Src/stm32n6xx_hal_sai.c **** 
 152:../../STM32Cube_FW_N6/Drivers/STM32N6xx_HAL_Driver/Src/stm32n6xx_hal_sai.c ****     *** Callback registration ***
 153:../../STM32Cube_FW_N6/Drivers/STM32N6xx_HAL_Driver/Src/stm32n6xx_hal_sai.c ****     =============================
 154:../../STM32Cube_FW_N6/Drivers/STM32N6xx_HAL_Driver/Src/stm32n6xx_hal_sai.c ****     [..]
 155:../../STM32Cube_FW_N6/Drivers/STM32N6xx_HAL_Driver/Src/stm32n6xx_hal_sai.c ****     The compilation define USE_HAL_SAI_REGISTER_CALLBACKS when set to 1
 156:../../STM32Cube_FW_N6/Drivers/STM32N6xx_HAL_Driver/Src/stm32n6xx_hal_sai.c ****     allows the user to configure dynamically the driver callbacks.
 157:../../STM32Cube_FW_N6/Drivers/STM32N6xx_HAL_Driver/Src/stm32n6xx_hal_sai.c ****     Use functions HAL_SAI_RegisterCallback() to register a user callback.
 158:../../STM32Cube_FW_N6/Drivers/STM32N6xx_HAL_Driver/Src/stm32n6xx_hal_sai.c **** 
 159:../../STM32Cube_FW_N6/Drivers/STM32N6xx_HAL_Driver/Src/stm32n6xx_hal_sai.c ****     [..]
 160:../../STM32Cube_FW_N6/Drivers/STM32N6xx_HAL_Driver/Src/stm32n6xx_hal_sai.c ****     Function HAL_SAI_RegisterCallback() allows to register following callbacks:
 161:../../STM32Cube_FW_N6/Drivers/STM32N6xx_HAL_Driver/Src/stm32n6xx_hal_sai.c ****       (+) RxCpltCallback     : SAI receive complete.
 162:../../STM32Cube_FW_N6/Drivers/STM32N6xx_HAL_Driver/Src/stm32n6xx_hal_sai.c ****       (+) RxHalfCpltCallback : SAI receive half complete.
 163:../../STM32Cube_FW_N6/Drivers/STM32N6xx_HAL_Driver/Src/stm32n6xx_hal_sai.c ****       (+) TxCpltCallback     : SAI transmit complete.
 164:../../STM32Cube_FW_N6/Drivers/STM32N6xx_HAL_Driver/Src/stm32n6xx_hal_sai.c ****       (+) TxHalfCpltCallback : SAI transmit half complete.
 165:../../STM32Cube_FW_N6/Drivers/STM32N6xx_HAL_Driver/Src/stm32n6xx_hal_sai.c ****       (+) ErrorCallback      : SAI error.
 166:../../STM32Cube_FW_N6/Drivers/STM32N6xx_HAL_Driver/Src/stm32n6xx_hal_sai.c ****       (+) MspInitCallback    : SAI MspInit.
 167:../../STM32Cube_FW_N6/Drivers/STM32N6xx_HAL_Driver/Src/stm32n6xx_hal_sai.c ****       (+) MspDeInitCallback  : SAI MspDeInit.
 168:../../STM32Cube_FW_N6/Drivers/STM32N6xx_HAL_Driver/Src/stm32n6xx_hal_sai.c ****     [..]
 169:../../STM32Cube_FW_N6/Drivers/STM32N6xx_HAL_Driver/Src/stm32n6xx_hal_sai.c ****     This function takes as parameters the HAL peripheral handle, the callback ID
 170:../../STM32Cube_FW_N6/Drivers/STM32N6xx_HAL_Driver/Src/stm32n6xx_hal_sai.c ****     and a pointer to the user callback function.
 171:../../STM32Cube_FW_N6/Drivers/STM32N6xx_HAL_Driver/Src/stm32n6xx_hal_sai.c **** 
 172:../../STM32Cube_FW_N6/Drivers/STM32N6xx_HAL_Driver/Src/stm32n6xx_hal_sai.c ****     [..]
 173:../../STM32Cube_FW_N6/Drivers/STM32N6xx_HAL_Driver/Src/stm32n6xx_hal_sai.c ****     Use function HAL_SAI_UnRegisterCallback() to reset a callback to the default
 174:../../STM32Cube_FW_N6/Drivers/STM32N6xx_HAL_Driver/Src/stm32n6xx_hal_sai.c ****     weak function.
 175:../../STM32Cube_FW_N6/Drivers/STM32N6xx_HAL_Driver/Src/stm32n6xx_hal_sai.c ****     HAL_SAI_UnRegisterCallback() takes as parameters the HAL peripheral handle,
 176:../../STM32Cube_FW_N6/Drivers/STM32N6xx_HAL_Driver/Src/stm32n6xx_hal_sai.c ****     and the callback ID.
 177:../../STM32Cube_FW_N6/Drivers/STM32N6xx_HAL_Driver/Src/stm32n6xx_hal_sai.c ****     [..]
 178:../../STM32Cube_FW_N6/Drivers/STM32N6xx_HAL_Driver/Src/stm32n6xx_hal_sai.c ****     This function allows to reset following callbacks:
 179:../../STM32Cube_FW_N6/Drivers/STM32N6xx_HAL_Driver/Src/stm32n6xx_hal_sai.c ****       (+) RxCpltCallback     : SAI receive complete.
 180:../../STM32Cube_FW_N6/Drivers/STM32N6xx_HAL_Driver/Src/stm32n6xx_hal_sai.c ****       (+) RxHalfCpltCallback : SAI receive half complete.
 181:../../STM32Cube_FW_N6/Drivers/STM32N6xx_HAL_Driver/Src/stm32n6xx_hal_sai.c ****       (+) TxCpltCallback     : SAI transmit complete.
 182:../../STM32Cube_FW_N6/Drivers/STM32N6xx_HAL_Driver/Src/stm32n6xx_hal_sai.c ****       (+) TxHalfCpltCallback : SAI transmit half complete.
 183:../../STM32Cube_FW_N6/Drivers/STM32N6xx_HAL_Driver/Src/stm32n6xx_hal_sai.c ****       (+) ErrorCallback      : SAI error.
 184:../../STM32Cube_FW_N6/Drivers/STM32N6xx_HAL_Driver/Src/stm32n6xx_hal_sai.c ****       (+) MspInitCallback    : SAI MspInit.
 185:../../STM32Cube_FW_N6/Drivers/STM32N6xx_HAL_Driver/Src/stm32n6xx_hal_sai.c ****       (+) MspDeInitCallback  : SAI MspDeInit.
 186:../../STM32Cube_FW_N6/Drivers/STM32N6xx_HAL_Driver/Src/stm32n6xx_hal_sai.c **** 
 187:../../STM32Cube_FW_N6/Drivers/STM32N6xx_HAL_Driver/Src/stm32n6xx_hal_sai.c ****     [..]
 188:../../STM32Cube_FW_N6/Drivers/STM32N6xx_HAL_Driver/Src/stm32n6xx_hal_sai.c ****     By default, after the HAL_SAI_Init and if the state is HAL_SAI_STATE_RESET
 189:../../STM32Cube_FW_N6/Drivers/STM32N6xx_HAL_Driver/Src/stm32n6xx_hal_sai.c ****     all callbacks are reset to the corresponding legacy weak functions:
 190:../../STM32Cube_FW_N6/Drivers/STM32N6xx_HAL_Driver/Src/stm32n6xx_hal_sai.c ****     examples HAL_SAI_RxCpltCallback(), HAL_SAI_ErrorCallback().
 191:../../STM32Cube_FW_N6/Drivers/STM32N6xx_HAL_Driver/Src/stm32n6xx_hal_sai.c ****     Exception done for MspInit and MspDeInit callbacks that are respectively
 192:../../STM32Cube_FW_N6/Drivers/STM32N6xx_HAL_Driver/Src/stm32n6xx_hal_sai.c ****     reset to the legacy weak functions in the HAL_SAI_Init
 193:../../STM32Cube_FW_N6/Drivers/STM32N6xx_HAL_Driver/Src/stm32n6xx_hal_sai.c ****     and HAL_SAI_DeInit only when these callbacks are null (not registered beforehand).
 194:../../STM32Cube_FW_N6/Drivers/STM32N6xx_HAL_Driver/Src/stm32n6xx_hal_sai.c ****     If not, MspInit or MspDeInit are not null, the HAL_SAI_Init and HAL_SAI_DeInit
 195:../../STM32Cube_FW_N6/Drivers/STM32N6xx_HAL_Driver/Src/stm32n6xx_hal_sai.c ****     keep and use the user MspInit/MspDeInit callbacks (registered beforehand).
 196:../../STM32Cube_FW_N6/Drivers/STM32N6xx_HAL_Driver/Src/stm32n6xx_hal_sai.c **** 
ARM GAS  C:\Users\Antonio\AppData\Local\Temp\ccmFwfsh.s 			page 5


 197:../../STM32Cube_FW_N6/Drivers/STM32N6xx_HAL_Driver/Src/stm32n6xx_hal_sai.c ****     [..]
 198:../../STM32Cube_FW_N6/Drivers/STM32N6xx_HAL_Driver/Src/stm32n6xx_hal_sai.c ****     Callbacks can be registered/unregistered in READY state only.
 199:../../STM32Cube_FW_N6/Drivers/STM32N6xx_HAL_Driver/Src/stm32n6xx_hal_sai.c ****     Exception done for MspInit/MspDeInit callbacks that can be registered/unregistered
 200:../../STM32Cube_FW_N6/Drivers/STM32N6xx_HAL_Driver/Src/stm32n6xx_hal_sai.c ****     in READY or RESET state, thus registered (user) MspInit/DeInit callbacks can be used
 201:../../STM32Cube_FW_N6/Drivers/STM32N6xx_HAL_Driver/Src/stm32n6xx_hal_sai.c ****     during the Init/DeInit.
 202:../../STM32Cube_FW_N6/Drivers/STM32N6xx_HAL_Driver/Src/stm32n6xx_hal_sai.c ****     In that case first register the MspInit/MspDeInit user callbacks
 203:../../STM32Cube_FW_N6/Drivers/STM32N6xx_HAL_Driver/Src/stm32n6xx_hal_sai.c ****     using HAL_SAI_RegisterCallback before calling HAL_SAI_DeInit
 204:../../STM32Cube_FW_N6/Drivers/STM32N6xx_HAL_Driver/Src/stm32n6xx_hal_sai.c ****     or HAL_SAI_Init function.
 205:../../STM32Cube_FW_N6/Drivers/STM32N6xx_HAL_Driver/Src/stm32n6xx_hal_sai.c **** 
 206:../../STM32Cube_FW_N6/Drivers/STM32N6xx_HAL_Driver/Src/stm32n6xx_hal_sai.c ****     [..]
 207:../../STM32Cube_FW_N6/Drivers/STM32N6xx_HAL_Driver/Src/stm32n6xx_hal_sai.c ****     When the compilation define USE_HAL_SAI_REGISTER_CALLBACKS is set to 0 or
 208:../../STM32Cube_FW_N6/Drivers/STM32N6xx_HAL_Driver/Src/stm32n6xx_hal_sai.c ****     not defined, the callback registering feature is not available
 209:../../STM32Cube_FW_N6/Drivers/STM32N6xx_HAL_Driver/Src/stm32n6xx_hal_sai.c ****     and weak callbacks are used.
 210:../../STM32Cube_FW_N6/Drivers/STM32N6xx_HAL_Driver/Src/stm32n6xx_hal_sai.c **** 
 211:../../STM32Cube_FW_N6/Drivers/STM32N6xx_HAL_Driver/Src/stm32n6xx_hal_sai.c ****   @endverbatim
 212:../../STM32Cube_FW_N6/Drivers/STM32N6xx_HAL_Driver/Src/stm32n6xx_hal_sai.c ****   */
 213:../../STM32Cube_FW_N6/Drivers/STM32N6xx_HAL_Driver/Src/stm32n6xx_hal_sai.c **** 
 214:../../STM32Cube_FW_N6/Drivers/STM32N6xx_HAL_Driver/Src/stm32n6xx_hal_sai.c **** /* Includes ------------------------------------------------------------------*/
 215:../../STM32Cube_FW_N6/Drivers/STM32N6xx_HAL_Driver/Src/stm32n6xx_hal_sai.c **** #include "stm32n6xx_hal.h"
 216:../../STM32Cube_FW_N6/Drivers/STM32N6xx_HAL_Driver/Src/stm32n6xx_hal_sai.c **** 
 217:../../STM32Cube_FW_N6/Drivers/STM32N6xx_HAL_Driver/Src/stm32n6xx_hal_sai.c **** /** @addtogroup STM32N6xx_HAL_Driver
 218:../../STM32Cube_FW_N6/Drivers/STM32N6xx_HAL_Driver/Src/stm32n6xx_hal_sai.c ****   * @{
 219:../../STM32Cube_FW_N6/Drivers/STM32N6xx_HAL_Driver/Src/stm32n6xx_hal_sai.c ****   */
 220:../../STM32Cube_FW_N6/Drivers/STM32N6xx_HAL_Driver/Src/stm32n6xx_hal_sai.c **** 
 221:../../STM32Cube_FW_N6/Drivers/STM32N6xx_HAL_Driver/Src/stm32n6xx_hal_sai.c **** /** @defgroup SAI SAI
 222:../../STM32Cube_FW_N6/Drivers/STM32N6xx_HAL_Driver/Src/stm32n6xx_hal_sai.c ****   * @brief SAI HAL module driver
 223:../../STM32Cube_FW_N6/Drivers/STM32N6xx_HAL_Driver/Src/stm32n6xx_hal_sai.c ****   * @{
 224:../../STM32Cube_FW_N6/Drivers/STM32N6xx_HAL_Driver/Src/stm32n6xx_hal_sai.c ****   */
 225:../../STM32Cube_FW_N6/Drivers/STM32N6xx_HAL_Driver/Src/stm32n6xx_hal_sai.c **** 
 226:../../STM32Cube_FW_N6/Drivers/STM32N6xx_HAL_Driver/Src/stm32n6xx_hal_sai.c **** #ifdef HAL_SAI_MODULE_ENABLED
 227:../../STM32Cube_FW_N6/Drivers/STM32N6xx_HAL_Driver/Src/stm32n6xx_hal_sai.c **** 
 228:../../STM32Cube_FW_N6/Drivers/STM32N6xx_HAL_Driver/Src/stm32n6xx_hal_sai.c **** /* Private typedef -----------------------------------------------------------*/
 229:../../STM32Cube_FW_N6/Drivers/STM32N6xx_HAL_Driver/Src/stm32n6xx_hal_sai.c **** /** @defgroup SAI_Private_Typedefs  SAI Private Typedefs
 230:../../STM32Cube_FW_N6/Drivers/STM32N6xx_HAL_Driver/Src/stm32n6xx_hal_sai.c ****   * @{
 231:../../STM32Cube_FW_N6/Drivers/STM32N6xx_HAL_Driver/Src/stm32n6xx_hal_sai.c ****   */
 232:../../STM32Cube_FW_N6/Drivers/STM32N6xx_HAL_Driver/Src/stm32n6xx_hal_sai.c **** typedef enum
 233:../../STM32Cube_FW_N6/Drivers/STM32N6xx_HAL_Driver/Src/stm32n6xx_hal_sai.c **** {
 234:../../STM32Cube_FW_N6/Drivers/STM32N6xx_HAL_Driver/Src/stm32n6xx_hal_sai.c ****   SAI_MODE_DMA,
 235:../../STM32Cube_FW_N6/Drivers/STM32N6xx_HAL_Driver/Src/stm32n6xx_hal_sai.c ****   SAI_MODE_IT
 236:../../STM32Cube_FW_N6/Drivers/STM32N6xx_HAL_Driver/Src/stm32n6xx_hal_sai.c **** } SAI_ModeTypedef;
 237:../../STM32Cube_FW_N6/Drivers/STM32N6xx_HAL_Driver/Src/stm32n6xx_hal_sai.c **** /**
 238:../../STM32Cube_FW_N6/Drivers/STM32N6xx_HAL_Driver/Src/stm32n6xx_hal_sai.c ****   * @}
 239:../../STM32Cube_FW_N6/Drivers/STM32N6xx_HAL_Driver/Src/stm32n6xx_hal_sai.c ****   */
 240:../../STM32Cube_FW_N6/Drivers/STM32N6xx_HAL_Driver/Src/stm32n6xx_hal_sai.c **** 
 241:../../STM32Cube_FW_N6/Drivers/STM32N6xx_HAL_Driver/Src/stm32n6xx_hal_sai.c **** /* Private define ------------------------------------------------------------*/
 242:../../STM32Cube_FW_N6/Drivers/STM32N6xx_HAL_Driver/Src/stm32n6xx_hal_sai.c **** /** @defgroup SAI_Private_Constants  SAI Private Constants
 243:../../STM32Cube_FW_N6/Drivers/STM32N6xx_HAL_Driver/Src/stm32n6xx_hal_sai.c ****   * @{
 244:../../STM32Cube_FW_N6/Drivers/STM32N6xx_HAL_Driver/Src/stm32n6xx_hal_sai.c ****   */
 245:../../STM32Cube_FW_N6/Drivers/STM32N6xx_HAL_Driver/Src/stm32n6xx_hal_sai.c **** #define SAI_DEFAULT_TIMEOUT      4U
 246:../../STM32Cube_FW_N6/Drivers/STM32N6xx_HAL_Driver/Src/stm32n6xx_hal_sai.c **** #define SAI_LONG_TIMEOUT         1000U
 247:../../STM32Cube_FW_N6/Drivers/STM32N6xx_HAL_Driver/Src/stm32n6xx_hal_sai.c **** #define SAI_SPDIF_FRAME_LENGTH   64U
 248:../../STM32Cube_FW_N6/Drivers/STM32N6xx_HAL_Driver/Src/stm32n6xx_hal_sai.c **** #define SAI_AC97_FRAME_LENGTH    256U
 249:../../STM32Cube_FW_N6/Drivers/STM32N6xx_HAL_Driver/Src/stm32n6xx_hal_sai.c **** /**
 250:../../STM32Cube_FW_N6/Drivers/STM32N6xx_HAL_Driver/Src/stm32n6xx_hal_sai.c ****   * @}
 251:../../STM32Cube_FW_N6/Drivers/STM32N6xx_HAL_Driver/Src/stm32n6xx_hal_sai.c ****   */
 252:../../STM32Cube_FW_N6/Drivers/STM32N6xx_HAL_Driver/Src/stm32n6xx_hal_sai.c **** 
 253:../../STM32Cube_FW_N6/Drivers/STM32N6xx_HAL_Driver/Src/stm32n6xx_hal_sai.c **** /* Private macro -------------------------------------------------------------*/
ARM GAS  C:\Users\Antonio\AppData\Local\Temp\ccmFwfsh.s 			page 6


 254:../../STM32Cube_FW_N6/Drivers/STM32N6xx_HAL_Driver/Src/stm32n6xx_hal_sai.c **** /* Private variables ---------------------------------------------------------*/
 255:../../STM32Cube_FW_N6/Drivers/STM32N6xx_HAL_Driver/Src/stm32n6xx_hal_sai.c **** /* Private function prototypes -----------------------------------------------*/
 256:../../STM32Cube_FW_N6/Drivers/STM32N6xx_HAL_Driver/Src/stm32n6xx_hal_sai.c **** /** @defgroup SAI_Private_Functions  SAI Private Functions
 257:../../STM32Cube_FW_N6/Drivers/STM32N6xx_HAL_Driver/Src/stm32n6xx_hal_sai.c ****   * @{
 258:../../STM32Cube_FW_N6/Drivers/STM32N6xx_HAL_Driver/Src/stm32n6xx_hal_sai.c ****   */
 259:../../STM32Cube_FW_N6/Drivers/STM32N6xx_HAL_Driver/Src/stm32n6xx_hal_sai.c **** static void SAI_FillFifo(SAI_HandleTypeDef *hsai);
 260:../../STM32Cube_FW_N6/Drivers/STM32N6xx_HAL_Driver/Src/stm32n6xx_hal_sai.c **** static uint32_t SAI_InterruptFlag(const SAI_HandleTypeDef *hsai, SAI_ModeTypedef mode);
 261:../../STM32Cube_FW_N6/Drivers/STM32N6xx_HAL_Driver/Src/stm32n6xx_hal_sai.c **** static HAL_StatusTypeDef SAI_InitI2S(SAI_HandleTypeDef *hsai, uint32_t protocol, uint32_t datasize,
 262:../../STM32Cube_FW_N6/Drivers/STM32N6xx_HAL_Driver/Src/stm32n6xx_hal_sai.c **** static HAL_StatusTypeDef SAI_InitPCM(SAI_HandleTypeDef *hsai, uint32_t protocol, uint32_t datasize,
 263:../../STM32Cube_FW_N6/Drivers/STM32N6xx_HAL_Driver/Src/stm32n6xx_hal_sai.c **** 
 264:../../STM32Cube_FW_N6/Drivers/STM32N6xx_HAL_Driver/Src/stm32n6xx_hal_sai.c **** static HAL_StatusTypeDef SAI_Disable(SAI_HandleTypeDef *hsai);
 265:../../STM32Cube_FW_N6/Drivers/STM32N6xx_HAL_Driver/Src/stm32n6xx_hal_sai.c **** static void SAI_Transmit_IT8Bit(SAI_HandleTypeDef *hsai);
 266:../../STM32Cube_FW_N6/Drivers/STM32N6xx_HAL_Driver/Src/stm32n6xx_hal_sai.c **** static void SAI_Transmit_IT16Bit(SAI_HandleTypeDef *hsai);
 267:../../STM32Cube_FW_N6/Drivers/STM32N6xx_HAL_Driver/Src/stm32n6xx_hal_sai.c **** static void SAI_Transmit_IT32Bit(SAI_HandleTypeDef *hsai);
 268:../../STM32Cube_FW_N6/Drivers/STM32N6xx_HAL_Driver/Src/stm32n6xx_hal_sai.c **** static void SAI_Receive_IT8Bit(SAI_HandleTypeDef *hsai);
 269:../../STM32Cube_FW_N6/Drivers/STM32N6xx_HAL_Driver/Src/stm32n6xx_hal_sai.c **** static void SAI_Receive_IT16Bit(SAI_HandleTypeDef *hsai);
 270:../../STM32Cube_FW_N6/Drivers/STM32N6xx_HAL_Driver/Src/stm32n6xx_hal_sai.c **** static void SAI_Receive_IT32Bit(SAI_HandleTypeDef *hsai);
 271:../../STM32Cube_FW_N6/Drivers/STM32N6xx_HAL_Driver/Src/stm32n6xx_hal_sai.c **** 
 272:../../STM32Cube_FW_N6/Drivers/STM32N6xx_HAL_Driver/Src/stm32n6xx_hal_sai.c **** static void SAI_DMATxCplt(DMA_HandleTypeDef *hdma);
 273:../../STM32Cube_FW_N6/Drivers/STM32N6xx_HAL_Driver/Src/stm32n6xx_hal_sai.c **** static void SAI_DMATxHalfCplt(DMA_HandleTypeDef *hdma);
 274:../../STM32Cube_FW_N6/Drivers/STM32N6xx_HAL_Driver/Src/stm32n6xx_hal_sai.c **** static void SAI_DMARxCplt(DMA_HandleTypeDef *hdma);
 275:../../STM32Cube_FW_N6/Drivers/STM32N6xx_HAL_Driver/Src/stm32n6xx_hal_sai.c **** static void SAI_DMARxHalfCplt(DMA_HandleTypeDef *hdma);
 276:../../STM32Cube_FW_N6/Drivers/STM32N6xx_HAL_Driver/Src/stm32n6xx_hal_sai.c **** static void SAI_DMAError(DMA_HandleTypeDef *hdma);
 277:../../STM32Cube_FW_N6/Drivers/STM32N6xx_HAL_Driver/Src/stm32n6xx_hal_sai.c **** static void SAI_DMAAbort(DMA_HandleTypeDef *hdma);
 278:../../STM32Cube_FW_N6/Drivers/STM32N6xx_HAL_Driver/Src/stm32n6xx_hal_sai.c **** /**
 279:../../STM32Cube_FW_N6/Drivers/STM32N6xx_HAL_Driver/Src/stm32n6xx_hal_sai.c ****   * @}
 280:../../STM32Cube_FW_N6/Drivers/STM32N6xx_HAL_Driver/Src/stm32n6xx_hal_sai.c ****   */
 281:../../STM32Cube_FW_N6/Drivers/STM32N6xx_HAL_Driver/Src/stm32n6xx_hal_sai.c **** 
 282:../../STM32Cube_FW_N6/Drivers/STM32N6xx_HAL_Driver/Src/stm32n6xx_hal_sai.c **** /* Exported functions ---------------------------------------------------------*/
 283:../../STM32Cube_FW_N6/Drivers/STM32N6xx_HAL_Driver/Src/stm32n6xx_hal_sai.c **** /** @defgroup SAI_Exported_Functions SAI Exported Functions
 284:../../STM32Cube_FW_N6/Drivers/STM32N6xx_HAL_Driver/Src/stm32n6xx_hal_sai.c ****   * @{
 285:../../STM32Cube_FW_N6/Drivers/STM32N6xx_HAL_Driver/Src/stm32n6xx_hal_sai.c ****   */
 286:../../STM32Cube_FW_N6/Drivers/STM32N6xx_HAL_Driver/Src/stm32n6xx_hal_sai.c **** 
 287:../../STM32Cube_FW_N6/Drivers/STM32N6xx_HAL_Driver/Src/stm32n6xx_hal_sai.c **** /** @defgroup SAI_Exported_Functions_Group1 Initialization and de-initialization functions
 288:../../STM32Cube_FW_N6/Drivers/STM32N6xx_HAL_Driver/Src/stm32n6xx_hal_sai.c ****   * @brief    Initialization and Configuration functions
 289:../../STM32Cube_FW_N6/Drivers/STM32N6xx_HAL_Driver/Src/stm32n6xx_hal_sai.c ****   *
 290:../../STM32Cube_FW_N6/Drivers/STM32N6xx_HAL_Driver/Src/stm32n6xx_hal_sai.c **** @verbatim
 291:../../STM32Cube_FW_N6/Drivers/STM32N6xx_HAL_Driver/Src/stm32n6xx_hal_sai.c ****  ===============================================================================
 292:../../STM32Cube_FW_N6/Drivers/STM32N6xx_HAL_Driver/Src/stm32n6xx_hal_sai.c ****              ##### Initialization and de-initialization functions #####
 293:../../STM32Cube_FW_N6/Drivers/STM32N6xx_HAL_Driver/Src/stm32n6xx_hal_sai.c ****  ===============================================================================
 294:../../STM32Cube_FW_N6/Drivers/STM32N6xx_HAL_Driver/Src/stm32n6xx_hal_sai.c ****   [..]  This subsection provides a set of functions allowing to initialize and
 295:../../STM32Cube_FW_N6/Drivers/STM32N6xx_HAL_Driver/Src/stm32n6xx_hal_sai.c ****         de-initialize the SAIx peripheral:
 296:../../STM32Cube_FW_N6/Drivers/STM32N6xx_HAL_Driver/Src/stm32n6xx_hal_sai.c **** 
 297:../../STM32Cube_FW_N6/Drivers/STM32N6xx_HAL_Driver/Src/stm32n6xx_hal_sai.c ****       (+) User must implement HAL_SAI_MspInit() function in which he configures
 298:../../STM32Cube_FW_N6/Drivers/STM32N6xx_HAL_Driver/Src/stm32n6xx_hal_sai.c ****           all related peripherals resources (CLOCK, GPIO, DMA, IT and NVIC ).
 299:../../STM32Cube_FW_N6/Drivers/STM32N6xx_HAL_Driver/Src/stm32n6xx_hal_sai.c **** 
 300:../../STM32Cube_FW_N6/Drivers/STM32N6xx_HAL_Driver/Src/stm32n6xx_hal_sai.c ****       (+) Call the function HAL_SAI_Init() to configure the selected device with
 301:../../STM32Cube_FW_N6/Drivers/STM32N6xx_HAL_Driver/Src/stm32n6xx_hal_sai.c ****           the selected configuration:
 302:../../STM32Cube_FW_N6/Drivers/STM32N6xx_HAL_Driver/Src/stm32n6xx_hal_sai.c ****         (++) Mode (Master/slave TX/RX)
 303:../../STM32Cube_FW_N6/Drivers/STM32N6xx_HAL_Driver/Src/stm32n6xx_hal_sai.c ****         (++) Protocol
 304:../../STM32Cube_FW_N6/Drivers/STM32N6xx_HAL_Driver/Src/stm32n6xx_hal_sai.c ****         (++) Data Size
 305:../../STM32Cube_FW_N6/Drivers/STM32N6xx_HAL_Driver/Src/stm32n6xx_hal_sai.c ****         (++) MCLK Output
 306:../../STM32Cube_FW_N6/Drivers/STM32N6xx_HAL_Driver/Src/stm32n6xx_hal_sai.c ****         (++) Audio frequency
 307:../../STM32Cube_FW_N6/Drivers/STM32N6xx_HAL_Driver/Src/stm32n6xx_hal_sai.c ****         (++) FIFO Threshold
 308:../../STM32Cube_FW_N6/Drivers/STM32N6xx_HAL_Driver/Src/stm32n6xx_hal_sai.c ****         (++) Frame Config
 309:../../STM32Cube_FW_N6/Drivers/STM32N6xx_HAL_Driver/Src/stm32n6xx_hal_sai.c ****         (++) Slot Config
 310:../../STM32Cube_FW_N6/Drivers/STM32N6xx_HAL_Driver/Src/stm32n6xx_hal_sai.c ****         (++) PDM Config
ARM GAS  C:\Users\Antonio\AppData\Local\Temp\ccmFwfsh.s 			page 7


 311:../../STM32Cube_FW_N6/Drivers/STM32N6xx_HAL_Driver/Src/stm32n6xx_hal_sai.c **** 
 312:../../STM32Cube_FW_N6/Drivers/STM32N6xx_HAL_Driver/Src/stm32n6xx_hal_sai.c ****       (+) Call the function HAL_SAI_DeInit() to restore the default configuration
 313:../../STM32Cube_FW_N6/Drivers/STM32N6xx_HAL_Driver/Src/stm32n6xx_hal_sai.c ****           of the selected SAI peripheral.
 314:../../STM32Cube_FW_N6/Drivers/STM32N6xx_HAL_Driver/Src/stm32n6xx_hal_sai.c **** 
 315:../../STM32Cube_FW_N6/Drivers/STM32N6xx_HAL_Driver/Src/stm32n6xx_hal_sai.c **** @endverbatim
 316:../../STM32Cube_FW_N6/Drivers/STM32N6xx_HAL_Driver/Src/stm32n6xx_hal_sai.c ****   * @{
 317:../../STM32Cube_FW_N6/Drivers/STM32N6xx_HAL_Driver/Src/stm32n6xx_hal_sai.c ****   */
 318:../../STM32Cube_FW_N6/Drivers/STM32N6xx_HAL_Driver/Src/stm32n6xx_hal_sai.c **** 
 319:../../STM32Cube_FW_N6/Drivers/STM32N6xx_HAL_Driver/Src/stm32n6xx_hal_sai.c **** /**
 320:../../STM32Cube_FW_N6/Drivers/STM32N6xx_HAL_Driver/Src/stm32n6xx_hal_sai.c ****   * @brief  Initialize the structure FrameInit, SlotInit and the low part of
 321:../../STM32Cube_FW_N6/Drivers/STM32N6xx_HAL_Driver/Src/stm32n6xx_hal_sai.c ****   *         Init according to the specified parameters and call the function
 322:../../STM32Cube_FW_N6/Drivers/STM32N6xx_HAL_Driver/Src/stm32n6xx_hal_sai.c ****   *         HAL_SAI_Init to initialize the SAI block.
 323:../../STM32Cube_FW_N6/Drivers/STM32N6xx_HAL_Driver/Src/stm32n6xx_hal_sai.c ****   * @param  hsai pointer to a SAI_HandleTypeDef structure that contains
 324:../../STM32Cube_FW_N6/Drivers/STM32N6xx_HAL_Driver/Src/stm32n6xx_hal_sai.c ****   *              the configuration information for SAI module.
 325:../../STM32Cube_FW_N6/Drivers/STM32N6xx_HAL_Driver/Src/stm32n6xx_hal_sai.c ****   * @param  protocol one of the supported protocol @ref SAI_Protocol
 326:../../STM32Cube_FW_N6/Drivers/STM32N6xx_HAL_Driver/Src/stm32n6xx_hal_sai.c ****   * @param  datasize one of the supported datasize @ref SAI_Protocol_DataSize
 327:../../STM32Cube_FW_N6/Drivers/STM32N6xx_HAL_Driver/Src/stm32n6xx_hal_sai.c ****   *                   the configuration information for SAI module.
 328:../../STM32Cube_FW_N6/Drivers/STM32N6xx_HAL_Driver/Src/stm32n6xx_hal_sai.c ****   * @param  nbslot Number of slot.
 329:../../STM32Cube_FW_N6/Drivers/STM32N6xx_HAL_Driver/Src/stm32n6xx_hal_sai.c ****   * @retval HAL status
 330:../../STM32Cube_FW_N6/Drivers/STM32N6xx_HAL_Driver/Src/stm32n6xx_hal_sai.c ****   */
 331:../../STM32Cube_FW_N6/Drivers/STM32N6xx_HAL_Driver/Src/stm32n6xx_hal_sai.c **** HAL_StatusTypeDef HAL_SAI_InitProtocol(SAI_HandleTypeDef *hsai, uint32_t protocol, uint32_t datasiz
 332:../../STM32Cube_FW_N6/Drivers/STM32N6xx_HAL_Driver/Src/stm32n6xx_hal_sai.c **** {
 333:../../STM32Cube_FW_N6/Drivers/STM32N6xx_HAL_Driver/Src/stm32n6xx_hal_sai.c ****   HAL_StatusTypeDef status;
 334:../../STM32Cube_FW_N6/Drivers/STM32N6xx_HAL_Driver/Src/stm32n6xx_hal_sai.c **** 
 335:../../STM32Cube_FW_N6/Drivers/STM32N6xx_HAL_Driver/Src/stm32n6xx_hal_sai.c ****   /* Check the parameters */
 336:../../STM32Cube_FW_N6/Drivers/STM32N6xx_HAL_Driver/Src/stm32n6xx_hal_sai.c ****   assert_param(IS_SAI_SUPPORTED_PROTOCOL(protocol));
 337:../../STM32Cube_FW_N6/Drivers/STM32N6xx_HAL_Driver/Src/stm32n6xx_hal_sai.c ****   assert_param(IS_SAI_PROTOCOL_DATASIZE(datasize));
 338:../../STM32Cube_FW_N6/Drivers/STM32N6xx_HAL_Driver/Src/stm32n6xx_hal_sai.c **** 
 339:../../STM32Cube_FW_N6/Drivers/STM32N6xx_HAL_Driver/Src/stm32n6xx_hal_sai.c ****   switch (protocol)
 340:../../STM32Cube_FW_N6/Drivers/STM32N6xx_HAL_Driver/Src/stm32n6xx_hal_sai.c ****   {
 341:../../STM32Cube_FW_N6/Drivers/STM32N6xx_HAL_Driver/Src/stm32n6xx_hal_sai.c ****     case SAI_I2S_STANDARD :
 342:../../STM32Cube_FW_N6/Drivers/STM32N6xx_HAL_Driver/Src/stm32n6xx_hal_sai.c ****     case SAI_I2S_MSBJUSTIFIED :
 343:../../STM32Cube_FW_N6/Drivers/STM32N6xx_HAL_Driver/Src/stm32n6xx_hal_sai.c ****     case SAI_I2S_LSBJUSTIFIED :
 344:../../STM32Cube_FW_N6/Drivers/STM32N6xx_HAL_Driver/Src/stm32n6xx_hal_sai.c ****       status = SAI_InitI2S(hsai, protocol, datasize, nbslot);
 345:../../STM32Cube_FW_N6/Drivers/STM32N6xx_HAL_Driver/Src/stm32n6xx_hal_sai.c ****       break;
 346:../../STM32Cube_FW_N6/Drivers/STM32N6xx_HAL_Driver/Src/stm32n6xx_hal_sai.c ****     case SAI_PCM_LONG :
 347:../../STM32Cube_FW_N6/Drivers/STM32N6xx_HAL_Driver/Src/stm32n6xx_hal_sai.c ****     case SAI_PCM_SHORT :
 348:../../STM32Cube_FW_N6/Drivers/STM32N6xx_HAL_Driver/Src/stm32n6xx_hal_sai.c ****       status = SAI_InitPCM(hsai, protocol, datasize, nbslot);
 349:../../STM32Cube_FW_N6/Drivers/STM32N6xx_HAL_Driver/Src/stm32n6xx_hal_sai.c ****       break;
 350:../../STM32Cube_FW_N6/Drivers/STM32N6xx_HAL_Driver/Src/stm32n6xx_hal_sai.c ****     default :
 351:../../STM32Cube_FW_N6/Drivers/STM32N6xx_HAL_Driver/Src/stm32n6xx_hal_sai.c ****       status = HAL_ERROR;
 352:../../STM32Cube_FW_N6/Drivers/STM32N6xx_HAL_Driver/Src/stm32n6xx_hal_sai.c ****       break;
 353:../../STM32Cube_FW_N6/Drivers/STM32N6xx_HAL_Driver/Src/stm32n6xx_hal_sai.c ****   }
 354:../../STM32Cube_FW_N6/Drivers/STM32N6xx_HAL_Driver/Src/stm32n6xx_hal_sai.c **** 
 355:../../STM32Cube_FW_N6/Drivers/STM32N6xx_HAL_Driver/Src/stm32n6xx_hal_sai.c ****   if (status == HAL_OK)
 356:../../STM32Cube_FW_N6/Drivers/STM32N6xx_HAL_Driver/Src/stm32n6xx_hal_sai.c ****   {
 357:../../STM32Cube_FW_N6/Drivers/STM32N6xx_HAL_Driver/Src/stm32n6xx_hal_sai.c ****     status = HAL_SAI_Init(hsai);
 358:../../STM32Cube_FW_N6/Drivers/STM32N6xx_HAL_Driver/Src/stm32n6xx_hal_sai.c ****   }
 359:../../STM32Cube_FW_N6/Drivers/STM32N6xx_HAL_Driver/Src/stm32n6xx_hal_sai.c **** 
 360:../../STM32Cube_FW_N6/Drivers/STM32N6xx_HAL_Driver/Src/stm32n6xx_hal_sai.c ****   return status;
 361:../../STM32Cube_FW_N6/Drivers/STM32N6xx_HAL_Driver/Src/stm32n6xx_hal_sai.c **** }
 362:../../STM32Cube_FW_N6/Drivers/STM32N6xx_HAL_Driver/Src/stm32n6xx_hal_sai.c **** 
 363:../../STM32Cube_FW_N6/Drivers/STM32N6xx_HAL_Driver/Src/stm32n6xx_hal_sai.c **** /**
 364:../../STM32Cube_FW_N6/Drivers/STM32N6xx_HAL_Driver/Src/stm32n6xx_hal_sai.c ****   * @brief  Initialize the SAI according to the specified parameters.
 365:../../STM32Cube_FW_N6/Drivers/STM32N6xx_HAL_Driver/Src/stm32n6xx_hal_sai.c ****   *         in the SAI_InitTypeDef structure and initialize the associated handle.
 366:../../STM32Cube_FW_N6/Drivers/STM32N6xx_HAL_Driver/Src/stm32n6xx_hal_sai.c ****   * @param  hsai pointer to a SAI_HandleTypeDef structure that contains
 367:../../STM32Cube_FW_N6/Drivers/STM32N6xx_HAL_Driver/Src/stm32n6xx_hal_sai.c ****   *              the configuration information for SAI module.
ARM GAS  C:\Users\Antonio\AppData\Local\Temp\ccmFwfsh.s 			page 8


 368:../../STM32Cube_FW_N6/Drivers/STM32N6xx_HAL_Driver/Src/stm32n6xx_hal_sai.c ****   * @retval HAL status
 369:../../STM32Cube_FW_N6/Drivers/STM32N6xx_HAL_Driver/Src/stm32n6xx_hal_sai.c ****   */
 370:../../STM32Cube_FW_N6/Drivers/STM32N6xx_HAL_Driver/Src/stm32n6xx_hal_sai.c **** HAL_StatusTypeDef HAL_SAI_Init(SAI_HandleTypeDef *hsai)
 371:../../STM32Cube_FW_N6/Drivers/STM32N6xx_HAL_Driver/Src/stm32n6xx_hal_sai.c **** {
 372:../../STM32Cube_FW_N6/Drivers/STM32N6xx_HAL_Driver/Src/stm32n6xx_hal_sai.c ****   uint32_t tmpregisterGCR;
 373:../../STM32Cube_FW_N6/Drivers/STM32N6xx_HAL_Driver/Src/stm32n6xx_hal_sai.c ****   uint32_t ckstr_bits;
 374:../../STM32Cube_FW_N6/Drivers/STM32N6xx_HAL_Driver/Src/stm32n6xx_hal_sai.c ****   uint32_t syncen_bits;
 375:../../STM32Cube_FW_N6/Drivers/STM32N6xx_HAL_Driver/Src/stm32n6xx_hal_sai.c **** 
 376:../../STM32Cube_FW_N6/Drivers/STM32N6xx_HAL_Driver/Src/stm32n6xx_hal_sai.c ****   /* Check the SAI handle allocation */
 377:../../STM32Cube_FW_N6/Drivers/STM32N6xx_HAL_Driver/Src/stm32n6xx_hal_sai.c ****   if (hsai == NULL)
 378:../../STM32Cube_FW_N6/Drivers/STM32N6xx_HAL_Driver/Src/stm32n6xx_hal_sai.c ****   {
 379:../../STM32Cube_FW_N6/Drivers/STM32N6xx_HAL_Driver/Src/stm32n6xx_hal_sai.c ****     return HAL_ERROR;
 380:../../STM32Cube_FW_N6/Drivers/STM32N6xx_HAL_Driver/Src/stm32n6xx_hal_sai.c ****   }
 381:../../STM32Cube_FW_N6/Drivers/STM32N6xx_HAL_Driver/Src/stm32n6xx_hal_sai.c **** 
 382:../../STM32Cube_FW_N6/Drivers/STM32N6xx_HAL_Driver/Src/stm32n6xx_hal_sai.c ****   /* check the instance */
 383:../../STM32Cube_FW_N6/Drivers/STM32N6xx_HAL_Driver/Src/stm32n6xx_hal_sai.c ****   assert_param(IS_SAI_ALL_INSTANCE(hsai->Instance));
 384:../../STM32Cube_FW_N6/Drivers/STM32N6xx_HAL_Driver/Src/stm32n6xx_hal_sai.c **** 
 385:../../STM32Cube_FW_N6/Drivers/STM32N6xx_HAL_Driver/Src/stm32n6xx_hal_sai.c ****   /* Check the SAI Block parameters */
 386:../../STM32Cube_FW_N6/Drivers/STM32N6xx_HAL_Driver/Src/stm32n6xx_hal_sai.c ****   assert_param(IS_SAI_AUDIO_FREQUENCY(hsai->Init.AudioFrequency));
 387:../../STM32Cube_FW_N6/Drivers/STM32N6xx_HAL_Driver/Src/stm32n6xx_hal_sai.c ****   assert_param(IS_SAI_BLOCK_PROTOCOL(hsai->Init.Protocol));
 388:../../STM32Cube_FW_N6/Drivers/STM32N6xx_HAL_Driver/Src/stm32n6xx_hal_sai.c ****   assert_param(IS_SAI_BLOCK_MODE(hsai->Init.AudioMode));
 389:../../STM32Cube_FW_N6/Drivers/STM32N6xx_HAL_Driver/Src/stm32n6xx_hal_sai.c ****   assert_param(IS_SAI_BLOCK_DATASIZE(hsai->Init.DataSize));
 390:../../STM32Cube_FW_N6/Drivers/STM32N6xx_HAL_Driver/Src/stm32n6xx_hal_sai.c ****   assert_param(IS_SAI_BLOCK_FIRST_BIT(hsai->Init.FirstBit));
 391:../../STM32Cube_FW_N6/Drivers/STM32N6xx_HAL_Driver/Src/stm32n6xx_hal_sai.c ****   assert_param(IS_SAI_BLOCK_CLOCK_STROBING(hsai->Init.ClockStrobing));
 392:../../STM32Cube_FW_N6/Drivers/STM32N6xx_HAL_Driver/Src/stm32n6xx_hal_sai.c ****   assert_param(IS_SAI_BLOCK_SYNCHRO(hsai->Init.Synchro));
 393:../../STM32Cube_FW_N6/Drivers/STM32N6xx_HAL_Driver/Src/stm32n6xx_hal_sai.c ****   assert_param(IS_SAI_BLOCK_MCK_OUTPUT(hsai->Init.MckOutput));
 394:../../STM32Cube_FW_N6/Drivers/STM32N6xx_HAL_Driver/Src/stm32n6xx_hal_sai.c ****   assert_param(IS_SAI_BLOCK_OUTPUT_DRIVE(hsai->Init.OutputDrive));
 395:../../STM32Cube_FW_N6/Drivers/STM32N6xx_HAL_Driver/Src/stm32n6xx_hal_sai.c ****   assert_param(IS_SAI_BLOCK_NODIVIDER(hsai->Init.NoDivider));
 396:../../STM32Cube_FW_N6/Drivers/STM32N6xx_HAL_Driver/Src/stm32n6xx_hal_sai.c ****   assert_param(IS_SAI_BLOCK_FIFO_THRESHOLD(hsai->Init.FIFOThreshold));
 397:../../STM32Cube_FW_N6/Drivers/STM32N6xx_HAL_Driver/Src/stm32n6xx_hal_sai.c ****   assert_param(IS_SAI_MONO_STEREO_MODE(hsai->Init.MonoStereoMode));
 398:../../STM32Cube_FW_N6/Drivers/STM32N6xx_HAL_Driver/Src/stm32n6xx_hal_sai.c ****   assert_param(IS_SAI_BLOCK_COMPANDING_MODE(hsai->Init.CompandingMode));
 399:../../STM32Cube_FW_N6/Drivers/STM32N6xx_HAL_Driver/Src/stm32n6xx_hal_sai.c ****   assert_param(IS_SAI_BLOCK_TRISTATE_MANAGEMENT(hsai->Init.TriState));
 400:../../STM32Cube_FW_N6/Drivers/STM32N6xx_HAL_Driver/Src/stm32n6xx_hal_sai.c ****   assert_param(IS_SAI_BLOCK_SYNCEXT(hsai->Init.SynchroExt));
 401:../../STM32Cube_FW_N6/Drivers/STM32N6xx_HAL_Driver/Src/stm32n6xx_hal_sai.c ****   assert_param(IS_SAI_BLOCK_MCK_OVERSAMPLING(hsai->Init.MckOverSampling));
 402:../../STM32Cube_FW_N6/Drivers/STM32N6xx_HAL_Driver/Src/stm32n6xx_hal_sai.c **** 
 403:../../STM32Cube_FW_N6/Drivers/STM32N6xx_HAL_Driver/Src/stm32n6xx_hal_sai.c ****   /* Check the SAI Block Frame parameters */
 404:../../STM32Cube_FW_N6/Drivers/STM32N6xx_HAL_Driver/Src/stm32n6xx_hal_sai.c ****   assert_param(IS_SAI_BLOCK_FRAME_LENGTH(hsai->FrameInit.FrameLength));
 405:../../STM32Cube_FW_N6/Drivers/STM32N6xx_HAL_Driver/Src/stm32n6xx_hal_sai.c ****   assert_param(IS_SAI_BLOCK_ACTIVE_FRAME(hsai->FrameInit.ActiveFrameLength));
 406:../../STM32Cube_FW_N6/Drivers/STM32N6xx_HAL_Driver/Src/stm32n6xx_hal_sai.c ****   assert_param(IS_SAI_BLOCK_FS_DEFINITION(hsai->FrameInit.FSDefinition));
 407:../../STM32Cube_FW_N6/Drivers/STM32N6xx_HAL_Driver/Src/stm32n6xx_hal_sai.c ****   assert_param(IS_SAI_BLOCK_FS_POLARITY(hsai->FrameInit.FSPolarity));
 408:../../STM32Cube_FW_N6/Drivers/STM32N6xx_HAL_Driver/Src/stm32n6xx_hal_sai.c ****   assert_param(IS_SAI_BLOCK_FS_OFFSET(hsai->FrameInit.FSOffset));
 409:../../STM32Cube_FW_N6/Drivers/STM32N6xx_HAL_Driver/Src/stm32n6xx_hal_sai.c **** 
 410:../../STM32Cube_FW_N6/Drivers/STM32N6xx_HAL_Driver/Src/stm32n6xx_hal_sai.c ****   /* Check the SAI Block Slot parameters */
 411:../../STM32Cube_FW_N6/Drivers/STM32N6xx_HAL_Driver/Src/stm32n6xx_hal_sai.c ****   assert_param(IS_SAI_BLOCK_FIRSTBIT_OFFSET(hsai->SlotInit.FirstBitOffset));
 412:../../STM32Cube_FW_N6/Drivers/STM32N6xx_HAL_Driver/Src/stm32n6xx_hal_sai.c ****   assert_param(IS_SAI_BLOCK_SLOT_SIZE(hsai->SlotInit.SlotSize));
 413:../../STM32Cube_FW_N6/Drivers/STM32N6xx_HAL_Driver/Src/stm32n6xx_hal_sai.c ****   assert_param(IS_SAI_BLOCK_SLOT_NUMBER(hsai->SlotInit.SlotNumber));
 414:../../STM32Cube_FW_N6/Drivers/STM32N6xx_HAL_Driver/Src/stm32n6xx_hal_sai.c ****   assert_param(IS_SAI_SLOT_ACTIVE(hsai->SlotInit.SlotActive));
 415:../../STM32Cube_FW_N6/Drivers/STM32N6xx_HAL_Driver/Src/stm32n6xx_hal_sai.c **** 
 416:../../STM32Cube_FW_N6/Drivers/STM32N6xx_HAL_Driver/Src/stm32n6xx_hal_sai.c ****   /* Check the SAI PDM parameters */
 417:../../STM32Cube_FW_N6/Drivers/STM32N6xx_HAL_Driver/Src/stm32n6xx_hal_sai.c ****   assert_param(IS_FUNCTIONAL_STATE(hsai->Init.PdmInit.Activation));
 418:../../STM32Cube_FW_N6/Drivers/STM32N6xx_HAL_Driver/Src/stm32n6xx_hal_sai.c ****   if (hsai->Init.PdmInit.Activation == ENABLE)
 419:../../STM32Cube_FW_N6/Drivers/STM32N6xx_HAL_Driver/Src/stm32n6xx_hal_sai.c ****   {
 420:../../STM32Cube_FW_N6/Drivers/STM32N6xx_HAL_Driver/Src/stm32n6xx_hal_sai.c ****     assert_param(IS_SAI_PDM_MIC_PAIRS_NUMBER(hsai->Init.PdmInit.MicPairsNbr));
 421:../../STM32Cube_FW_N6/Drivers/STM32N6xx_HAL_Driver/Src/stm32n6xx_hal_sai.c ****     assert_param(IS_SAI_PDM_CLOCK_ENABLE(hsai->Init.PdmInit.ClockEnable));
 422:../../STM32Cube_FW_N6/Drivers/STM32N6xx_HAL_Driver/Src/stm32n6xx_hal_sai.c ****     /* Check that SAI sub-block is SAI1 sub-block A, in master RX mode with free protocol */
 423:../../STM32Cube_FW_N6/Drivers/STM32N6xx_HAL_Driver/Src/stm32n6xx_hal_sai.c ****     if ((hsai->Instance != SAI1_Block_A) ||
 424:../../STM32Cube_FW_N6/Drivers/STM32N6xx_HAL_Driver/Src/stm32n6xx_hal_sai.c ****         (hsai->Init.AudioMode != SAI_MODEMASTER_RX) ||
ARM GAS  C:\Users\Antonio\AppData\Local\Temp\ccmFwfsh.s 			page 9


 425:../../STM32Cube_FW_N6/Drivers/STM32N6xx_HAL_Driver/Src/stm32n6xx_hal_sai.c ****         (hsai->Init.Protocol != SAI_FREE_PROTOCOL))
 426:../../STM32Cube_FW_N6/Drivers/STM32N6xx_HAL_Driver/Src/stm32n6xx_hal_sai.c ****     {
 427:../../STM32Cube_FW_N6/Drivers/STM32N6xx_HAL_Driver/Src/stm32n6xx_hal_sai.c ****       return HAL_ERROR;
 428:../../STM32Cube_FW_N6/Drivers/STM32N6xx_HAL_Driver/Src/stm32n6xx_hal_sai.c ****     }
 429:../../STM32Cube_FW_N6/Drivers/STM32N6xx_HAL_Driver/Src/stm32n6xx_hal_sai.c ****   }
 430:../../STM32Cube_FW_N6/Drivers/STM32N6xx_HAL_Driver/Src/stm32n6xx_hal_sai.c **** 
 431:../../STM32Cube_FW_N6/Drivers/STM32N6xx_HAL_Driver/Src/stm32n6xx_hal_sai.c ****   if (hsai->State == HAL_SAI_STATE_RESET)
 432:../../STM32Cube_FW_N6/Drivers/STM32N6xx_HAL_Driver/Src/stm32n6xx_hal_sai.c ****   {
 433:../../STM32Cube_FW_N6/Drivers/STM32N6xx_HAL_Driver/Src/stm32n6xx_hal_sai.c ****     /* Allocate lock resource and initialize it */
 434:../../STM32Cube_FW_N6/Drivers/STM32N6xx_HAL_Driver/Src/stm32n6xx_hal_sai.c ****     hsai->Lock = HAL_UNLOCKED;
 435:../../STM32Cube_FW_N6/Drivers/STM32N6xx_HAL_Driver/Src/stm32n6xx_hal_sai.c **** 
 436:../../STM32Cube_FW_N6/Drivers/STM32N6xx_HAL_Driver/Src/stm32n6xx_hal_sai.c **** #if (USE_HAL_SAI_REGISTER_CALLBACKS == 1)
 437:../../STM32Cube_FW_N6/Drivers/STM32N6xx_HAL_Driver/Src/stm32n6xx_hal_sai.c ****     /* Reset callback pointers to the weak predefined callbacks */
 438:../../STM32Cube_FW_N6/Drivers/STM32N6xx_HAL_Driver/Src/stm32n6xx_hal_sai.c ****     hsai->RxCpltCallback     = HAL_SAI_RxCpltCallback;
 439:../../STM32Cube_FW_N6/Drivers/STM32N6xx_HAL_Driver/Src/stm32n6xx_hal_sai.c ****     hsai->RxHalfCpltCallback = HAL_SAI_RxHalfCpltCallback;
 440:../../STM32Cube_FW_N6/Drivers/STM32N6xx_HAL_Driver/Src/stm32n6xx_hal_sai.c ****     hsai->TxCpltCallback     = HAL_SAI_TxCpltCallback;
 441:../../STM32Cube_FW_N6/Drivers/STM32N6xx_HAL_Driver/Src/stm32n6xx_hal_sai.c ****     hsai->TxHalfCpltCallback = HAL_SAI_TxHalfCpltCallback;
 442:../../STM32Cube_FW_N6/Drivers/STM32N6xx_HAL_Driver/Src/stm32n6xx_hal_sai.c ****     hsai->ErrorCallback      = HAL_SAI_ErrorCallback;
 443:../../STM32Cube_FW_N6/Drivers/STM32N6xx_HAL_Driver/Src/stm32n6xx_hal_sai.c **** 
 444:../../STM32Cube_FW_N6/Drivers/STM32N6xx_HAL_Driver/Src/stm32n6xx_hal_sai.c ****     /* Init the low level hardware : GPIO, CLOCK, NVIC and DMA */
 445:../../STM32Cube_FW_N6/Drivers/STM32N6xx_HAL_Driver/Src/stm32n6xx_hal_sai.c ****     if (hsai->MspInitCallback == NULL)
 446:../../STM32Cube_FW_N6/Drivers/STM32N6xx_HAL_Driver/Src/stm32n6xx_hal_sai.c ****     {
 447:../../STM32Cube_FW_N6/Drivers/STM32N6xx_HAL_Driver/Src/stm32n6xx_hal_sai.c ****       hsai->MspInitCallback = HAL_SAI_MspInit;
 448:../../STM32Cube_FW_N6/Drivers/STM32N6xx_HAL_Driver/Src/stm32n6xx_hal_sai.c ****     }
 449:../../STM32Cube_FW_N6/Drivers/STM32N6xx_HAL_Driver/Src/stm32n6xx_hal_sai.c ****     hsai->MspInitCallback(hsai);
 450:../../STM32Cube_FW_N6/Drivers/STM32N6xx_HAL_Driver/Src/stm32n6xx_hal_sai.c **** #else
 451:../../STM32Cube_FW_N6/Drivers/STM32N6xx_HAL_Driver/Src/stm32n6xx_hal_sai.c ****     /* Init the low level hardware : GPIO, CLOCK, NVIC and DMA */
 452:../../STM32Cube_FW_N6/Drivers/STM32N6xx_HAL_Driver/Src/stm32n6xx_hal_sai.c ****     HAL_SAI_MspInit(hsai);
 453:../../STM32Cube_FW_N6/Drivers/STM32N6xx_HAL_Driver/Src/stm32n6xx_hal_sai.c **** #endif /* USE_HAL_SAI_REGISTER_CALLBACKS */
 454:../../STM32Cube_FW_N6/Drivers/STM32N6xx_HAL_Driver/Src/stm32n6xx_hal_sai.c ****   }
 455:../../STM32Cube_FW_N6/Drivers/STM32N6xx_HAL_Driver/Src/stm32n6xx_hal_sai.c **** 
 456:../../STM32Cube_FW_N6/Drivers/STM32N6xx_HAL_Driver/Src/stm32n6xx_hal_sai.c ****   /* Disable the selected SAI peripheral */
 457:../../STM32Cube_FW_N6/Drivers/STM32N6xx_HAL_Driver/Src/stm32n6xx_hal_sai.c ****   if (SAI_Disable(hsai) != HAL_OK)
 458:../../STM32Cube_FW_N6/Drivers/STM32N6xx_HAL_Driver/Src/stm32n6xx_hal_sai.c ****   {
 459:../../STM32Cube_FW_N6/Drivers/STM32N6xx_HAL_Driver/Src/stm32n6xx_hal_sai.c ****     return HAL_ERROR;
 460:../../STM32Cube_FW_N6/Drivers/STM32N6xx_HAL_Driver/Src/stm32n6xx_hal_sai.c ****   }
 461:../../STM32Cube_FW_N6/Drivers/STM32N6xx_HAL_Driver/Src/stm32n6xx_hal_sai.c **** 
 462:../../STM32Cube_FW_N6/Drivers/STM32N6xx_HAL_Driver/Src/stm32n6xx_hal_sai.c ****   hsai->State = HAL_SAI_STATE_BUSY;
 463:../../STM32Cube_FW_N6/Drivers/STM32N6xx_HAL_Driver/Src/stm32n6xx_hal_sai.c **** 
 464:../../STM32Cube_FW_N6/Drivers/STM32N6xx_HAL_Driver/Src/stm32n6xx_hal_sai.c ****   /* SAI Block Synchro Configuration -----------------------------------------*/
 465:../../STM32Cube_FW_N6/Drivers/STM32N6xx_HAL_Driver/Src/stm32n6xx_hal_sai.c ****   /* This setting must be done with both audio block (A & B) disabled         */
 466:../../STM32Cube_FW_N6/Drivers/STM32N6xx_HAL_Driver/Src/stm32n6xx_hal_sai.c ****   switch (hsai->Init.SynchroExt)
 467:../../STM32Cube_FW_N6/Drivers/STM32N6xx_HAL_Driver/Src/stm32n6xx_hal_sai.c ****   {
 468:../../STM32Cube_FW_N6/Drivers/STM32N6xx_HAL_Driver/Src/stm32n6xx_hal_sai.c ****     case SAI_SYNCEXT_DISABLE :
 469:../../STM32Cube_FW_N6/Drivers/STM32N6xx_HAL_Driver/Src/stm32n6xx_hal_sai.c ****       tmpregisterGCR = 0;
 470:../../STM32Cube_FW_N6/Drivers/STM32N6xx_HAL_Driver/Src/stm32n6xx_hal_sai.c ****       break;
 471:../../STM32Cube_FW_N6/Drivers/STM32N6xx_HAL_Driver/Src/stm32n6xx_hal_sai.c ****     case SAI_SYNCEXT_OUTBLOCKA_ENABLE :
 472:../../STM32Cube_FW_N6/Drivers/STM32N6xx_HAL_Driver/Src/stm32n6xx_hal_sai.c ****       tmpregisterGCR = SAI_GCR_SYNCOUT_0;
 473:../../STM32Cube_FW_N6/Drivers/STM32N6xx_HAL_Driver/Src/stm32n6xx_hal_sai.c ****       break;
 474:../../STM32Cube_FW_N6/Drivers/STM32N6xx_HAL_Driver/Src/stm32n6xx_hal_sai.c ****     case SAI_SYNCEXT_OUTBLOCKB_ENABLE :
 475:../../STM32Cube_FW_N6/Drivers/STM32N6xx_HAL_Driver/Src/stm32n6xx_hal_sai.c ****       tmpregisterGCR = SAI_GCR_SYNCOUT_1;
 476:../../STM32Cube_FW_N6/Drivers/STM32N6xx_HAL_Driver/Src/stm32n6xx_hal_sai.c ****       break;
 477:../../STM32Cube_FW_N6/Drivers/STM32N6xx_HAL_Driver/Src/stm32n6xx_hal_sai.c ****     default :
 478:../../STM32Cube_FW_N6/Drivers/STM32N6xx_HAL_Driver/Src/stm32n6xx_hal_sai.c ****       tmpregisterGCR = 0;
 479:../../STM32Cube_FW_N6/Drivers/STM32N6xx_HAL_Driver/Src/stm32n6xx_hal_sai.c ****       break;
 480:../../STM32Cube_FW_N6/Drivers/STM32N6xx_HAL_Driver/Src/stm32n6xx_hal_sai.c ****   }
 481:../../STM32Cube_FW_N6/Drivers/STM32N6xx_HAL_Driver/Src/stm32n6xx_hal_sai.c **** 
ARM GAS  C:\Users\Antonio\AppData\Local\Temp\ccmFwfsh.s 			page 10


 482:../../STM32Cube_FW_N6/Drivers/STM32N6xx_HAL_Driver/Src/stm32n6xx_hal_sai.c ****   switch (hsai->Init.Synchro)
 483:../../STM32Cube_FW_N6/Drivers/STM32N6xx_HAL_Driver/Src/stm32n6xx_hal_sai.c ****   {
 484:../../STM32Cube_FW_N6/Drivers/STM32N6xx_HAL_Driver/Src/stm32n6xx_hal_sai.c ****     case SAI_ASYNCHRONOUS :
 485:../../STM32Cube_FW_N6/Drivers/STM32N6xx_HAL_Driver/Src/stm32n6xx_hal_sai.c ****       syncen_bits = 0;
 486:../../STM32Cube_FW_N6/Drivers/STM32N6xx_HAL_Driver/Src/stm32n6xx_hal_sai.c ****       break;
 487:../../STM32Cube_FW_N6/Drivers/STM32N6xx_HAL_Driver/Src/stm32n6xx_hal_sai.c ****     case SAI_SYNCHRONOUS :
 488:../../STM32Cube_FW_N6/Drivers/STM32N6xx_HAL_Driver/Src/stm32n6xx_hal_sai.c ****       syncen_bits = SAI_xCR1_SYNCEN_0;
 489:../../STM32Cube_FW_N6/Drivers/STM32N6xx_HAL_Driver/Src/stm32n6xx_hal_sai.c ****       break;
 490:../../STM32Cube_FW_N6/Drivers/STM32N6xx_HAL_Driver/Src/stm32n6xx_hal_sai.c ****     case SAI_SYNCHRONOUS_EXT_SAI1 :
 491:../../STM32Cube_FW_N6/Drivers/STM32N6xx_HAL_Driver/Src/stm32n6xx_hal_sai.c ****       syncen_bits = SAI_xCR1_SYNCEN_1;
 492:../../STM32Cube_FW_N6/Drivers/STM32N6xx_HAL_Driver/Src/stm32n6xx_hal_sai.c ****       break;
 493:../../STM32Cube_FW_N6/Drivers/STM32N6xx_HAL_Driver/Src/stm32n6xx_hal_sai.c ****     case SAI_SYNCHRONOUS_EXT_SAI2 :
 494:../../STM32Cube_FW_N6/Drivers/STM32N6xx_HAL_Driver/Src/stm32n6xx_hal_sai.c ****       syncen_bits = SAI_xCR1_SYNCEN_1;
 495:../../STM32Cube_FW_N6/Drivers/STM32N6xx_HAL_Driver/Src/stm32n6xx_hal_sai.c ****       tmpregisterGCR |= SAI_GCR_SYNCIN_0;
 496:../../STM32Cube_FW_N6/Drivers/STM32N6xx_HAL_Driver/Src/stm32n6xx_hal_sai.c ****       break;
 497:../../STM32Cube_FW_N6/Drivers/STM32N6xx_HAL_Driver/Src/stm32n6xx_hal_sai.c ****     default :
 498:../../STM32Cube_FW_N6/Drivers/STM32N6xx_HAL_Driver/Src/stm32n6xx_hal_sai.c ****       syncen_bits = 0;
 499:../../STM32Cube_FW_N6/Drivers/STM32N6xx_HAL_Driver/Src/stm32n6xx_hal_sai.c ****       break;
 500:../../STM32Cube_FW_N6/Drivers/STM32N6xx_HAL_Driver/Src/stm32n6xx_hal_sai.c ****   }
 501:../../STM32Cube_FW_N6/Drivers/STM32N6xx_HAL_Driver/Src/stm32n6xx_hal_sai.c **** 
 502:../../STM32Cube_FW_N6/Drivers/STM32N6xx_HAL_Driver/Src/stm32n6xx_hal_sai.c ****   if ((hsai->Instance == SAI1_Block_A) || (hsai->Instance == SAI1_Block_B))
 503:../../STM32Cube_FW_N6/Drivers/STM32N6xx_HAL_Driver/Src/stm32n6xx_hal_sai.c ****   {
 504:../../STM32Cube_FW_N6/Drivers/STM32N6xx_HAL_Driver/Src/stm32n6xx_hal_sai.c ****     SAI1->GCR = tmpregisterGCR;
 505:../../STM32Cube_FW_N6/Drivers/STM32N6xx_HAL_Driver/Src/stm32n6xx_hal_sai.c ****   }
 506:../../STM32Cube_FW_N6/Drivers/STM32N6xx_HAL_Driver/Src/stm32n6xx_hal_sai.c ****   else
 507:../../STM32Cube_FW_N6/Drivers/STM32N6xx_HAL_Driver/Src/stm32n6xx_hal_sai.c ****   {
 508:../../STM32Cube_FW_N6/Drivers/STM32N6xx_HAL_Driver/Src/stm32n6xx_hal_sai.c ****     SAI2->GCR = tmpregisterGCR;
 509:../../STM32Cube_FW_N6/Drivers/STM32N6xx_HAL_Driver/Src/stm32n6xx_hal_sai.c ****   }
 510:../../STM32Cube_FW_N6/Drivers/STM32N6xx_HAL_Driver/Src/stm32n6xx_hal_sai.c **** 
 511:../../STM32Cube_FW_N6/Drivers/STM32N6xx_HAL_Driver/Src/stm32n6xx_hal_sai.c ****   if (hsai->Init.AudioFrequency != SAI_AUDIO_FREQUENCY_MCKDIV)
 512:../../STM32Cube_FW_N6/Drivers/STM32N6xx_HAL_Driver/Src/stm32n6xx_hal_sai.c ****   {
 513:../../STM32Cube_FW_N6/Drivers/STM32N6xx_HAL_Driver/Src/stm32n6xx_hal_sai.c ****     uint32_t freq = 0;
 514:../../STM32Cube_FW_N6/Drivers/STM32N6xx_HAL_Driver/Src/stm32n6xx_hal_sai.c ****     uint32_t tmpval;
 515:../../STM32Cube_FW_N6/Drivers/STM32N6xx_HAL_Driver/Src/stm32n6xx_hal_sai.c **** 
 516:../../STM32Cube_FW_N6/Drivers/STM32N6xx_HAL_Driver/Src/stm32n6xx_hal_sai.c ****     /* In this case, the MCKDIV value is calculated to get AudioFrequency */
 517:../../STM32Cube_FW_N6/Drivers/STM32N6xx_HAL_Driver/Src/stm32n6xx_hal_sai.c ****     if ((hsai->Instance == SAI1_Block_A) || (hsai->Instance == SAI1_Block_B))
 518:../../STM32Cube_FW_N6/Drivers/STM32N6xx_HAL_Driver/Src/stm32n6xx_hal_sai.c ****     {
 519:../../STM32Cube_FW_N6/Drivers/STM32N6xx_HAL_Driver/Src/stm32n6xx_hal_sai.c ****       freq = HAL_RCCEx_GetPeriphCLKFreq(RCC_PERIPHCLK_SAI1);
 520:../../STM32Cube_FW_N6/Drivers/STM32N6xx_HAL_Driver/Src/stm32n6xx_hal_sai.c ****     }
 521:../../STM32Cube_FW_N6/Drivers/STM32N6xx_HAL_Driver/Src/stm32n6xx_hal_sai.c ****     if ((hsai->Instance == SAI2_Block_A) || (hsai->Instance == SAI2_Block_B))
 522:../../STM32Cube_FW_N6/Drivers/STM32N6xx_HAL_Driver/Src/stm32n6xx_hal_sai.c ****     {
 523:../../STM32Cube_FW_N6/Drivers/STM32N6xx_HAL_Driver/Src/stm32n6xx_hal_sai.c ****       freq = HAL_RCCEx_GetPeriphCLKFreq(RCC_PERIPHCLK_SAI2);
 524:../../STM32Cube_FW_N6/Drivers/STM32N6xx_HAL_Driver/Src/stm32n6xx_hal_sai.c ****     }
 525:../../STM32Cube_FW_N6/Drivers/STM32N6xx_HAL_Driver/Src/stm32n6xx_hal_sai.c **** 
 526:../../STM32Cube_FW_N6/Drivers/STM32N6xx_HAL_Driver/Src/stm32n6xx_hal_sai.c ****     /* Configure Master Clock Divider using the following formula :
 527:../../STM32Cube_FW_N6/Drivers/STM32N6xx_HAL_Driver/Src/stm32n6xx_hal_sai.c ****        - If NODIV = 1 :
 528:../../STM32Cube_FW_N6/Drivers/STM32N6xx_HAL_Driver/Src/stm32n6xx_hal_sai.c ****          MCKDIV[5:0] = SAI_CK_x / (FS * (FRL + 1))
 529:../../STM32Cube_FW_N6/Drivers/STM32N6xx_HAL_Driver/Src/stm32n6xx_hal_sai.c ****        - If NODIV = 0 :
 530:../../STM32Cube_FW_N6/Drivers/STM32N6xx_HAL_Driver/Src/stm32n6xx_hal_sai.c ****          MCKDIV[5:0] = SAI_CK_x / (FS * (OSR + 1) * 256) */
 531:../../STM32Cube_FW_N6/Drivers/STM32N6xx_HAL_Driver/Src/stm32n6xx_hal_sai.c ****     if (hsai->Init.NoDivider == SAI_MASTERDIVIDER_DISABLE)
 532:../../STM32Cube_FW_N6/Drivers/STM32N6xx_HAL_Driver/Src/stm32n6xx_hal_sai.c ****     {
 533:../../STM32Cube_FW_N6/Drivers/STM32N6xx_HAL_Driver/Src/stm32n6xx_hal_sai.c ****       /* NODIV = 1 */
 534:../../STM32Cube_FW_N6/Drivers/STM32N6xx_HAL_Driver/Src/stm32n6xx_hal_sai.c ****       uint32_t tmpframelength;
 535:../../STM32Cube_FW_N6/Drivers/STM32N6xx_HAL_Driver/Src/stm32n6xx_hal_sai.c **** 
 536:../../STM32Cube_FW_N6/Drivers/STM32N6xx_HAL_Driver/Src/stm32n6xx_hal_sai.c ****       if (hsai->Init.Protocol == SAI_SPDIF_PROTOCOL)
 537:../../STM32Cube_FW_N6/Drivers/STM32N6xx_HAL_Driver/Src/stm32n6xx_hal_sai.c ****       {
 538:../../STM32Cube_FW_N6/Drivers/STM32N6xx_HAL_Driver/Src/stm32n6xx_hal_sai.c ****         /* For SPDIF protocol, frame length is set by hardware to 64 */
ARM GAS  C:\Users\Antonio\AppData\Local\Temp\ccmFwfsh.s 			page 11


 539:../../STM32Cube_FW_N6/Drivers/STM32N6xx_HAL_Driver/Src/stm32n6xx_hal_sai.c ****         tmpframelength = SAI_SPDIF_FRAME_LENGTH;
 540:../../STM32Cube_FW_N6/Drivers/STM32N6xx_HAL_Driver/Src/stm32n6xx_hal_sai.c ****       }
 541:../../STM32Cube_FW_N6/Drivers/STM32N6xx_HAL_Driver/Src/stm32n6xx_hal_sai.c ****       else if (hsai->Init.Protocol == SAI_AC97_PROTOCOL)
 542:../../STM32Cube_FW_N6/Drivers/STM32N6xx_HAL_Driver/Src/stm32n6xx_hal_sai.c ****       {
 543:../../STM32Cube_FW_N6/Drivers/STM32N6xx_HAL_Driver/Src/stm32n6xx_hal_sai.c ****         /* For AC97 protocol, frame length is set by hardware to 256 */
 544:../../STM32Cube_FW_N6/Drivers/STM32N6xx_HAL_Driver/Src/stm32n6xx_hal_sai.c ****         tmpframelength = SAI_AC97_FRAME_LENGTH;
 545:../../STM32Cube_FW_N6/Drivers/STM32N6xx_HAL_Driver/Src/stm32n6xx_hal_sai.c ****       }
 546:../../STM32Cube_FW_N6/Drivers/STM32N6xx_HAL_Driver/Src/stm32n6xx_hal_sai.c ****       else
 547:../../STM32Cube_FW_N6/Drivers/STM32N6xx_HAL_Driver/Src/stm32n6xx_hal_sai.c ****       {
 548:../../STM32Cube_FW_N6/Drivers/STM32N6xx_HAL_Driver/Src/stm32n6xx_hal_sai.c ****         /* For free protocol, frame length is set by user */
 549:../../STM32Cube_FW_N6/Drivers/STM32N6xx_HAL_Driver/Src/stm32n6xx_hal_sai.c ****         tmpframelength = hsai->FrameInit.FrameLength;
 550:../../STM32Cube_FW_N6/Drivers/STM32N6xx_HAL_Driver/Src/stm32n6xx_hal_sai.c ****       }
 551:../../STM32Cube_FW_N6/Drivers/STM32N6xx_HAL_Driver/Src/stm32n6xx_hal_sai.c **** 
 552:../../STM32Cube_FW_N6/Drivers/STM32N6xx_HAL_Driver/Src/stm32n6xx_hal_sai.c ****       /* (freq x 10) to keep Significant digits */
 553:../../STM32Cube_FW_N6/Drivers/STM32N6xx_HAL_Driver/Src/stm32n6xx_hal_sai.c ****       tmpval = (freq * 10U) / (hsai->Init.AudioFrequency * tmpframelength);
 554:../../STM32Cube_FW_N6/Drivers/STM32N6xx_HAL_Driver/Src/stm32n6xx_hal_sai.c ****     }
 555:../../STM32Cube_FW_N6/Drivers/STM32N6xx_HAL_Driver/Src/stm32n6xx_hal_sai.c ****     else
 556:../../STM32Cube_FW_N6/Drivers/STM32N6xx_HAL_Driver/Src/stm32n6xx_hal_sai.c ****     {
 557:../../STM32Cube_FW_N6/Drivers/STM32N6xx_HAL_Driver/Src/stm32n6xx_hal_sai.c ****       /* NODIV = 0 */
 558:../../STM32Cube_FW_N6/Drivers/STM32N6xx_HAL_Driver/Src/stm32n6xx_hal_sai.c ****       uint32_t tmposr;
 559:../../STM32Cube_FW_N6/Drivers/STM32N6xx_HAL_Driver/Src/stm32n6xx_hal_sai.c ****       tmposr = (hsai->Init.MckOverSampling == SAI_MCK_OVERSAMPLING_ENABLE) ? 2U : 1U;
 560:../../STM32Cube_FW_N6/Drivers/STM32N6xx_HAL_Driver/Src/stm32n6xx_hal_sai.c ****       /* (freq x 10) to keep Significant digits */
 561:../../STM32Cube_FW_N6/Drivers/STM32N6xx_HAL_Driver/Src/stm32n6xx_hal_sai.c ****       tmpval = (freq * 10U) / (hsai->Init.AudioFrequency * tmposr * 256U);
 562:../../STM32Cube_FW_N6/Drivers/STM32N6xx_HAL_Driver/Src/stm32n6xx_hal_sai.c ****     }
 563:../../STM32Cube_FW_N6/Drivers/STM32N6xx_HAL_Driver/Src/stm32n6xx_hal_sai.c ****     hsai->Init.Mckdiv = tmpval / 10U;
 564:../../STM32Cube_FW_N6/Drivers/STM32N6xx_HAL_Driver/Src/stm32n6xx_hal_sai.c **** 
 565:../../STM32Cube_FW_N6/Drivers/STM32N6xx_HAL_Driver/Src/stm32n6xx_hal_sai.c ****     /* Round result to the nearest integer */
 566:../../STM32Cube_FW_N6/Drivers/STM32N6xx_HAL_Driver/Src/stm32n6xx_hal_sai.c ****     if ((tmpval % 10U) > 8U)
 567:../../STM32Cube_FW_N6/Drivers/STM32N6xx_HAL_Driver/Src/stm32n6xx_hal_sai.c ****     {
 568:../../STM32Cube_FW_N6/Drivers/STM32N6xx_HAL_Driver/Src/stm32n6xx_hal_sai.c ****       hsai->Init.Mckdiv += 1U;
 569:../../STM32Cube_FW_N6/Drivers/STM32N6xx_HAL_Driver/Src/stm32n6xx_hal_sai.c ****     }
 570:../../STM32Cube_FW_N6/Drivers/STM32N6xx_HAL_Driver/Src/stm32n6xx_hal_sai.c **** 
 571:../../STM32Cube_FW_N6/Drivers/STM32N6xx_HAL_Driver/Src/stm32n6xx_hal_sai.c ****     /* For SPDIF protocol, SAI shall provide a bit clock twice faster the symbol-rate */
 572:../../STM32Cube_FW_N6/Drivers/STM32N6xx_HAL_Driver/Src/stm32n6xx_hal_sai.c ****     if (hsai->Init.Protocol == SAI_SPDIF_PROTOCOL)
 573:../../STM32Cube_FW_N6/Drivers/STM32N6xx_HAL_Driver/Src/stm32n6xx_hal_sai.c ****     {
 574:../../STM32Cube_FW_N6/Drivers/STM32N6xx_HAL_Driver/Src/stm32n6xx_hal_sai.c ****       hsai->Init.Mckdiv = hsai->Init.Mckdiv >> 1;
 575:../../STM32Cube_FW_N6/Drivers/STM32N6xx_HAL_Driver/Src/stm32n6xx_hal_sai.c ****     }
 576:../../STM32Cube_FW_N6/Drivers/STM32N6xx_HAL_Driver/Src/stm32n6xx_hal_sai.c ****   }
 577:../../STM32Cube_FW_N6/Drivers/STM32N6xx_HAL_Driver/Src/stm32n6xx_hal_sai.c **** 
 578:../../STM32Cube_FW_N6/Drivers/STM32N6xx_HAL_Driver/Src/stm32n6xx_hal_sai.c ****   /* Check the SAI Block master clock divider parameter */
 579:../../STM32Cube_FW_N6/Drivers/STM32N6xx_HAL_Driver/Src/stm32n6xx_hal_sai.c ****   assert_param(IS_SAI_BLOCK_MASTER_DIVIDER(hsai->Init.Mckdiv));
 580:../../STM32Cube_FW_N6/Drivers/STM32N6xx_HAL_Driver/Src/stm32n6xx_hal_sai.c **** 
 581:../../STM32Cube_FW_N6/Drivers/STM32N6xx_HAL_Driver/Src/stm32n6xx_hal_sai.c ****   /* Compute CKSTR bits of SAI CR1 according ClockStrobing and AudioMode */
 582:../../STM32Cube_FW_N6/Drivers/STM32N6xx_HAL_Driver/Src/stm32n6xx_hal_sai.c ****   if ((hsai->Init.AudioMode == SAI_MODEMASTER_TX) || (hsai->Init.AudioMode == SAI_MODESLAVE_TX))
 583:../../STM32Cube_FW_N6/Drivers/STM32N6xx_HAL_Driver/Src/stm32n6xx_hal_sai.c ****   {
 584:../../STM32Cube_FW_N6/Drivers/STM32N6xx_HAL_Driver/Src/stm32n6xx_hal_sai.c ****     /* Transmit */
 585:../../STM32Cube_FW_N6/Drivers/STM32N6xx_HAL_Driver/Src/stm32n6xx_hal_sai.c ****     ckstr_bits = (hsai->Init.ClockStrobing == SAI_CLOCKSTROBING_RISINGEDGE) ? 0U : SAI_xCR1_CKSTR;
 586:../../STM32Cube_FW_N6/Drivers/STM32N6xx_HAL_Driver/Src/stm32n6xx_hal_sai.c ****   }
 587:../../STM32Cube_FW_N6/Drivers/STM32N6xx_HAL_Driver/Src/stm32n6xx_hal_sai.c ****   else
 588:../../STM32Cube_FW_N6/Drivers/STM32N6xx_HAL_Driver/Src/stm32n6xx_hal_sai.c ****   {
 589:../../STM32Cube_FW_N6/Drivers/STM32N6xx_HAL_Driver/Src/stm32n6xx_hal_sai.c ****     /* Receive */
 590:../../STM32Cube_FW_N6/Drivers/STM32N6xx_HAL_Driver/Src/stm32n6xx_hal_sai.c ****     ckstr_bits = (hsai->Init.ClockStrobing == SAI_CLOCKSTROBING_RISINGEDGE) ? SAI_xCR1_CKSTR : 0U;
 591:../../STM32Cube_FW_N6/Drivers/STM32N6xx_HAL_Driver/Src/stm32n6xx_hal_sai.c ****   }
 592:../../STM32Cube_FW_N6/Drivers/STM32N6xx_HAL_Driver/Src/stm32n6xx_hal_sai.c **** 
 593:../../STM32Cube_FW_N6/Drivers/STM32N6xx_HAL_Driver/Src/stm32n6xx_hal_sai.c ****   /* SAI Block Configuration -------------------------------------------------*/
 594:../../STM32Cube_FW_N6/Drivers/STM32N6xx_HAL_Driver/Src/stm32n6xx_hal_sai.c ****   /* SAI CR1 Configuration */
 595:../../STM32Cube_FW_N6/Drivers/STM32N6xx_HAL_Driver/Src/stm32n6xx_hal_sai.c ****   hsai->Instance->CR1 &= ~(SAI_xCR1_MODE | SAI_xCR1_PRTCFG |  SAI_xCR1_DS |      \
ARM GAS  C:\Users\Antonio\AppData\Local\Temp\ccmFwfsh.s 			page 12


 596:../../STM32Cube_FW_N6/Drivers/STM32N6xx_HAL_Driver/Src/stm32n6xx_hal_sai.c ****                            SAI_xCR1_LSBFIRST | SAI_xCR1_CKSTR | SAI_xCR1_SYNCEN | \
 597:../../STM32Cube_FW_N6/Drivers/STM32N6xx_HAL_Driver/Src/stm32n6xx_hal_sai.c ****                            SAI_xCR1_MONO | SAI_xCR1_OUTDRIV  | SAI_xCR1_DMAEN |  \
 598:../../STM32Cube_FW_N6/Drivers/STM32N6xx_HAL_Driver/Src/stm32n6xx_hal_sai.c ****                            SAI_xCR1_NODIV | SAI_xCR1_MCKDIV | SAI_xCR1_OSR |     \
 599:../../STM32Cube_FW_N6/Drivers/STM32N6xx_HAL_Driver/Src/stm32n6xx_hal_sai.c ****                            SAI_xCR1_MCKEN);
 600:../../STM32Cube_FW_N6/Drivers/STM32N6xx_HAL_Driver/Src/stm32n6xx_hal_sai.c **** 
 601:../../STM32Cube_FW_N6/Drivers/STM32N6xx_HAL_Driver/Src/stm32n6xx_hal_sai.c ****   hsai->Instance->CR1 |= (hsai->Init.AudioMode | hsai->Init.Protocol |           \
 602:../../STM32Cube_FW_N6/Drivers/STM32N6xx_HAL_Driver/Src/stm32n6xx_hal_sai.c ****                           hsai->Init.DataSize | hsai->Init.FirstBit  |           \
 603:../../STM32Cube_FW_N6/Drivers/STM32N6xx_HAL_Driver/Src/stm32n6xx_hal_sai.c ****                           ckstr_bits | syncen_bits |                             \
 604:../../STM32Cube_FW_N6/Drivers/STM32N6xx_HAL_Driver/Src/stm32n6xx_hal_sai.c ****                           hsai->Init.MonoStereoMode | hsai->Init.OutputDrive |   \
 605:../../STM32Cube_FW_N6/Drivers/STM32N6xx_HAL_Driver/Src/stm32n6xx_hal_sai.c ****                           hsai->Init.NoDivider | (hsai->Init.Mckdiv << 20) |     \
 606:../../STM32Cube_FW_N6/Drivers/STM32N6xx_HAL_Driver/Src/stm32n6xx_hal_sai.c ****                           hsai->Init.MckOverSampling | hsai->Init.MckOutput);
 607:../../STM32Cube_FW_N6/Drivers/STM32N6xx_HAL_Driver/Src/stm32n6xx_hal_sai.c **** 
 608:../../STM32Cube_FW_N6/Drivers/STM32N6xx_HAL_Driver/Src/stm32n6xx_hal_sai.c ****   /* SAI CR2 Configuration */
 609:../../STM32Cube_FW_N6/Drivers/STM32N6xx_HAL_Driver/Src/stm32n6xx_hal_sai.c ****   hsai->Instance->CR2 &= ~(SAI_xCR2_FTH | SAI_xCR2_FFLUSH | SAI_xCR2_COMP | SAI_xCR2_CPL);
 610:../../STM32Cube_FW_N6/Drivers/STM32N6xx_HAL_Driver/Src/stm32n6xx_hal_sai.c ****   hsai->Instance->CR2 |= (hsai->Init.FIFOThreshold | hsai->Init.CompandingMode | hsai->Init.TriStat
 611:../../STM32Cube_FW_N6/Drivers/STM32N6xx_HAL_Driver/Src/stm32n6xx_hal_sai.c **** 
 612:../../STM32Cube_FW_N6/Drivers/STM32N6xx_HAL_Driver/Src/stm32n6xx_hal_sai.c ****   /* SAI Frame Configuration -----------------------------------------*/
 613:../../STM32Cube_FW_N6/Drivers/STM32N6xx_HAL_Driver/Src/stm32n6xx_hal_sai.c ****   hsai->Instance->FRCR &= (~(SAI_xFRCR_FRL | SAI_xFRCR_FSALL | SAI_xFRCR_FSDEF | \
 614:../../STM32Cube_FW_N6/Drivers/STM32N6xx_HAL_Driver/Src/stm32n6xx_hal_sai.c ****                              SAI_xFRCR_FSPOL | SAI_xFRCR_FSOFF));
 615:../../STM32Cube_FW_N6/Drivers/STM32N6xx_HAL_Driver/Src/stm32n6xx_hal_sai.c ****   hsai->Instance->FRCR |= ((hsai->FrameInit.FrameLength - 1U) |
 616:../../STM32Cube_FW_N6/Drivers/STM32N6xx_HAL_Driver/Src/stm32n6xx_hal_sai.c ****                            hsai->FrameInit.FSOffset |
 617:../../STM32Cube_FW_N6/Drivers/STM32N6xx_HAL_Driver/Src/stm32n6xx_hal_sai.c ****                            hsai->FrameInit.FSDefinition |
 618:../../STM32Cube_FW_N6/Drivers/STM32N6xx_HAL_Driver/Src/stm32n6xx_hal_sai.c ****                            hsai->FrameInit.FSPolarity   |
 619:../../STM32Cube_FW_N6/Drivers/STM32N6xx_HAL_Driver/Src/stm32n6xx_hal_sai.c ****                            ((hsai->FrameInit.ActiveFrameLength - 1U) << 8));
 620:../../STM32Cube_FW_N6/Drivers/STM32N6xx_HAL_Driver/Src/stm32n6xx_hal_sai.c **** 
 621:../../STM32Cube_FW_N6/Drivers/STM32N6xx_HAL_Driver/Src/stm32n6xx_hal_sai.c ****   /* SAI Block_x SLOT Configuration ------------------------------------------*/
 622:../../STM32Cube_FW_N6/Drivers/STM32N6xx_HAL_Driver/Src/stm32n6xx_hal_sai.c ****   /* This register has no meaning in AC 97 and SPDIF audio protocol */
 623:../../STM32Cube_FW_N6/Drivers/STM32N6xx_HAL_Driver/Src/stm32n6xx_hal_sai.c ****   hsai->Instance->SLOTR &= (~(SAI_xSLOTR_FBOFF | SAI_xSLOTR_SLOTSZ |  \
 624:../../STM32Cube_FW_N6/Drivers/STM32N6xx_HAL_Driver/Src/stm32n6xx_hal_sai.c ****                               SAI_xSLOTR_NBSLOT | SAI_xSLOTR_SLOTEN));
 625:../../STM32Cube_FW_N6/Drivers/STM32N6xx_HAL_Driver/Src/stm32n6xx_hal_sai.c **** 
 626:../../STM32Cube_FW_N6/Drivers/STM32N6xx_HAL_Driver/Src/stm32n6xx_hal_sai.c ****   hsai->Instance->SLOTR |= hsai->SlotInit.FirstBitOffset | hsai->SlotInit.SlotSize | \
 627:../../STM32Cube_FW_N6/Drivers/STM32N6xx_HAL_Driver/Src/stm32n6xx_hal_sai.c ****                            (hsai->SlotInit.SlotActive << 16) | ((hsai->SlotInit.SlotNumber - 1U) <<
 628:../../STM32Cube_FW_N6/Drivers/STM32N6xx_HAL_Driver/Src/stm32n6xx_hal_sai.c **** 
 629:../../STM32Cube_FW_N6/Drivers/STM32N6xx_HAL_Driver/Src/stm32n6xx_hal_sai.c ****   /* SAI PDM Configuration ---------------------------------------------------*/
 630:../../STM32Cube_FW_N6/Drivers/STM32N6xx_HAL_Driver/Src/stm32n6xx_hal_sai.c ****   if (hsai->Instance == SAI1_Block_A)
 631:../../STM32Cube_FW_N6/Drivers/STM32N6xx_HAL_Driver/Src/stm32n6xx_hal_sai.c ****   {
 632:../../STM32Cube_FW_N6/Drivers/STM32N6xx_HAL_Driver/Src/stm32n6xx_hal_sai.c ****     /* Disable PDM interface */
 633:../../STM32Cube_FW_N6/Drivers/STM32N6xx_HAL_Driver/Src/stm32n6xx_hal_sai.c ****     SAI1->PDMCR &= ~(SAI_PDMCR_PDMEN);
 634:../../STM32Cube_FW_N6/Drivers/STM32N6xx_HAL_Driver/Src/stm32n6xx_hal_sai.c ****     if (hsai->Init.PdmInit.Activation == ENABLE)
 635:../../STM32Cube_FW_N6/Drivers/STM32N6xx_HAL_Driver/Src/stm32n6xx_hal_sai.c ****     {
 636:../../STM32Cube_FW_N6/Drivers/STM32N6xx_HAL_Driver/Src/stm32n6xx_hal_sai.c ****       /* Configure and enable PDM interface */
 637:../../STM32Cube_FW_N6/Drivers/STM32N6xx_HAL_Driver/Src/stm32n6xx_hal_sai.c ****       SAI1->PDMCR = (hsai->Init.PdmInit.ClockEnable |
 638:../../STM32Cube_FW_N6/Drivers/STM32N6xx_HAL_Driver/Src/stm32n6xx_hal_sai.c ****                      ((hsai->Init.PdmInit.MicPairsNbr - 1U) << SAI_PDMCR_MICNBR_Pos));
 639:../../STM32Cube_FW_N6/Drivers/STM32N6xx_HAL_Driver/Src/stm32n6xx_hal_sai.c ****       SAI1->PDMCR |= SAI_PDMCR_PDMEN;
 640:../../STM32Cube_FW_N6/Drivers/STM32N6xx_HAL_Driver/Src/stm32n6xx_hal_sai.c ****     }
 641:../../STM32Cube_FW_N6/Drivers/STM32N6xx_HAL_Driver/Src/stm32n6xx_hal_sai.c ****   }
 642:../../STM32Cube_FW_N6/Drivers/STM32N6xx_HAL_Driver/Src/stm32n6xx_hal_sai.c **** 
 643:../../STM32Cube_FW_N6/Drivers/STM32N6xx_HAL_Driver/Src/stm32n6xx_hal_sai.c ****   /* Initialize the error code */
 644:../../STM32Cube_FW_N6/Drivers/STM32N6xx_HAL_Driver/Src/stm32n6xx_hal_sai.c ****   hsai->ErrorCode = HAL_SAI_ERROR_NONE;
 645:../../STM32Cube_FW_N6/Drivers/STM32N6xx_HAL_Driver/Src/stm32n6xx_hal_sai.c **** 
 646:../../STM32Cube_FW_N6/Drivers/STM32N6xx_HAL_Driver/Src/stm32n6xx_hal_sai.c ****   /* Initialize the SAI state */
 647:../../STM32Cube_FW_N6/Drivers/STM32N6xx_HAL_Driver/Src/stm32n6xx_hal_sai.c ****   hsai->State = HAL_SAI_STATE_READY;
 648:../../STM32Cube_FW_N6/Drivers/STM32N6xx_HAL_Driver/Src/stm32n6xx_hal_sai.c **** 
 649:../../STM32Cube_FW_N6/Drivers/STM32N6xx_HAL_Driver/Src/stm32n6xx_hal_sai.c ****   /* Release Lock */
 650:../../STM32Cube_FW_N6/Drivers/STM32N6xx_HAL_Driver/Src/stm32n6xx_hal_sai.c ****   __HAL_UNLOCK(hsai);
 651:../../STM32Cube_FW_N6/Drivers/STM32N6xx_HAL_Driver/Src/stm32n6xx_hal_sai.c **** 
 652:../../STM32Cube_FW_N6/Drivers/STM32N6xx_HAL_Driver/Src/stm32n6xx_hal_sai.c ****   return HAL_OK;
ARM GAS  C:\Users\Antonio\AppData\Local\Temp\ccmFwfsh.s 			page 13


 653:../../STM32Cube_FW_N6/Drivers/STM32N6xx_HAL_Driver/Src/stm32n6xx_hal_sai.c **** }
 654:../../STM32Cube_FW_N6/Drivers/STM32N6xx_HAL_Driver/Src/stm32n6xx_hal_sai.c **** 
 655:../../STM32Cube_FW_N6/Drivers/STM32N6xx_HAL_Driver/Src/stm32n6xx_hal_sai.c **** /**
 656:../../STM32Cube_FW_N6/Drivers/STM32N6xx_HAL_Driver/Src/stm32n6xx_hal_sai.c ****   * @brief  DeInitialize the SAI peripheral.
 657:../../STM32Cube_FW_N6/Drivers/STM32N6xx_HAL_Driver/Src/stm32n6xx_hal_sai.c ****   * @param  hsai pointer to a SAI_HandleTypeDef structure that contains
 658:../../STM32Cube_FW_N6/Drivers/STM32N6xx_HAL_Driver/Src/stm32n6xx_hal_sai.c ****   *              the configuration information for SAI module.
 659:../../STM32Cube_FW_N6/Drivers/STM32N6xx_HAL_Driver/Src/stm32n6xx_hal_sai.c ****   * @retval HAL status
 660:../../STM32Cube_FW_N6/Drivers/STM32N6xx_HAL_Driver/Src/stm32n6xx_hal_sai.c ****   */
 661:../../STM32Cube_FW_N6/Drivers/STM32N6xx_HAL_Driver/Src/stm32n6xx_hal_sai.c **** HAL_StatusTypeDef HAL_SAI_DeInit(SAI_HandleTypeDef *hsai)
 662:../../STM32Cube_FW_N6/Drivers/STM32N6xx_HAL_Driver/Src/stm32n6xx_hal_sai.c **** {
 663:../../STM32Cube_FW_N6/Drivers/STM32N6xx_HAL_Driver/Src/stm32n6xx_hal_sai.c ****   /* Check the SAI handle allocation */
 664:../../STM32Cube_FW_N6/Drivers/STM32N6xx_HAL_Driver/Src/stm32n6xx_hal_sai.c ****   if (hsai == NULL)
 665:../../STM32Cube_FW_N6/Drivers/STM32N6xx_HAL_Driver/Src/stm32n6xx_hal_sai.c ****   {
 666:../../STM32Cube_FW_N6/Drivers/STM32N6xx_HAL_Driver/Src/stm32n6xx_hal_sai.c ****     return HAL_ERROR;
 667:../../STM32Cube_FW_N6/Drivers/STM32N6xx_HAL_Driver/Src/stm32n6xx_hal_sai.c ****   }
 668:../../STM32Cube_FW_N6/Drivers/STM32N6xx_HAL_Driver/Src/stm32n6xx_hal_sai.c **** 
 669:../../STM32Cube_FW_N6/Drivers/STM32N6xx_HAL_Driver/Src/stm32n6xx_hal_sai.c ****   hsai->State = HAL_SAI_STATE_BUSY;
 670:../../STM32Cube_FW_N6/Drivers/STM32N6xx_HAL_Driver/Src/stm32n6xx_hal_sai.c **** 
 671:../../STM32Cube_FW_N6/Drivers/STM32N6xx_HAL_Driver/Src/stm32n6xx_hal_sai.c ****   /* Disabled All interrupt and clear all the flag */
 672:../../STM32Cube_FW_N6/Drivers/STM32N6xx_HAL_Driver/Src/stm32n6xx_hal_sai.c ****   hsai->Instance->IMR = 0;
 673:../../STM32Cube_FW_N6/Drivers/STM32N6xx_HAL_Driver/Src/stm32n6xx_hal_sai.c ****   hsai->Instance->CLRFR = 0xFFFFFFFFU;
 674:../../STM32Cube_FW_N6/Drivers/STM32N6xx_HAL_Driver/Src/stm32n6xx_hal_sai.c **** 
 675:../../STM32Cube_FW_N6/Drivers/STM32N6xx_HAL_Driver/Src/stm32n6xx_hal_sai.c ****   /* Disable the SAI */
 676:../../STM32Cube_FW_N6/Drivers/STM32N6xx_HAL_Driver/Src/stm32n6xx_hal_sai.c ****   if (SAI_Disable(hsai) != HAL_OK)
 677:../../STM32Cube_FW_N6/Drivers/STM32N6xx_HAL_Driver/Src/stm32n6xx_hal_sai.c ****   {
 678:../../STM32Cube_FW_N6/Drivers/STM32N6xx_HAL_Driver/Src/stm32n6xx_hal_sai.c ****     /* Reset SAI state to ready */
 679:../../STM32Cube_FW_N6/Drivers/STM32N6xx_HAL_Driver/Src/stm32n6xx_hal_sai.c ****     hsai->State = HAL_SAI_STATE_READY;
 680:../../STM32Cube_FW_N6/Drivers/STM32N6xx_HAL_Driver/Src/stm32n6xx_hal_sai.c **** 
 681:../../STM32Cube_FW_N6/Drivers/STM32N6xx_HAL_Driver/Src/stm32n6xx_hal_sai.c ****     /* Release Lock */
 682:../../STM32Cube_FW_N6/Drivers/STM32N6xx_HAL_Driver/Src/stm32n6xx_hal_sai.c ****     __HAL_UNLOCK(hsai);
 683:../../STM32Cube_FW_N6/Drivers/STM32N6xx_HAL_Driver/Src/stm32n6xx_hal_sai.c **** 
 684:../../STM32Cube_FW_N6/Drivers/STM32N6xx_HAL_Driver/Src/stm32n6xx_hal_sai.c ****     return HAL_ERROR;
 685:../../STM32Cube_FW_N6/Drivers/STM32N6xx_HAL_Driver/Src/stm32n6xx_hal_sai.c ****   }
 686:../../STM32Cube_FW_N6/Drivers/STM32N6xx_HAL_Driver/Src/stm32n6xx_hal_sai.c **** 
 687:../../STM32Cube_FW_N6/Drivers/STM32N6xx_HAL_Driver/Src/stm32n6xx_hal_sai.c ****   /* Flush the fifo */
 688:../../STM32Cube_FW_N6/Drivers/STM32N6xx_HAL_Driver/Src/stm32n6xx_hal_sai.c ****   SET_BIT(hsai->Instance->CR2, SAI_xCR2_FFLUSH);
 689:../../STM32Cube_FW_N6/Drivers/STM32N6xx_HAL_Driver/Src/stm32n6xx_hal_sai.c **** 
 690:../../STM32Cube_FW_N6/Drivers/STM32N6xx_HAL_Driver/Src/stm32n6xx_hal_sai.c ****   /* Disable SAI PDM interface */
 691:../../STM32Cube_FW_N6/Drivers/STM32N6xx_HAL_Driver/Src/stm32n6xx_hal_sai.c ****   if (hsai->Instance == SAI1_Block_A)
 692:../../STM32Cube_FW_N6/Drivers/STM32N6xx_HAL_Driver/Src/stm32n6xx_hal_sai.c ****   {
 693:../../STM32Cube_FW_N6/Drivers/STM32N6xx_HAL_Driver/Src/stm32n6xx_hal_sai.c ****     /* Reset PDM delays */
 694:../../STM32Cube_FW_N6/Drivers/STM32N6xx_HAL_Driver/Src/stm32n6xx_hal_sai.c ****     SAI1->PDMDLY = 0U;
 695:../../STM32Cube_FW_N6/Drivers/STM32N6xx_HAL_Driver/Src/stm32n6xx_hal_sai.c **** 
 696:../../STM32Cube_FW_N6/Drivers/STM32N6xx_HAL_Driver/Src/stm32n6xx_hal_sai.c ****     /* Disable PDM interface */
 697:../../STM32Cube_FW_N6/Drivers/STM32N6xx_HAL_Driver/Src/stm32n6xx_hal_sai.c ****     SAI1->PDMCR &= ~(SAI_PDMCR_PDMEN);
 698:../../STM32Cube_FW_N6/Drivers/STM32N6xx_HAL_Driver/Src/stm32n6xx_hal_sai.c ****   }
 699:../../STM32Cube_FW_N6/Drivers/STM32N6xx_HAL_Driver/Src/stm32n6xx_hal_sai.c **** 
 700:../../STM32Cube_FW_N6/Drivers/STM32N6xx_HAL_Driver/Src/stm32n6xx_hal_sai.c ****   /* DeInit the low level hardware: GPIO, CLOCK, NVIC and DMA */
 701:../../STM32Cube_FW_N6/Drivers/STM32N6xx_HAL_Driver/Src/stm32n6xx_hal_sai.c **** #if (USE_HAL_SAI_REGISTER_CALLBACKS == 1)
 702:../../STM32Cube_FW_N6/Drivers/STM32N6xx_HAL_Driver/Src/stm32n6xx_hal_sai.c ****   if (hsai->MspDeInitCallback == NULL)
 703:../../STM32Cube_FW_N6/Drivers/STM32N6xx_HAL_Driver/Src/stm32n6xx_hal_sai.c ****   {
 704:../../STM32Cube_FW_N6/Drivers/STM32N6xx_HAL_Driver/Src/stm32n6xx_hal_sai.c ****     hsai->MspDeInitCallback = HAL_SAI_MspDeInit;
 705:../../STM32Cube_FW_N6/Drivers/STM32N6xx_HAL_Driver/Src/stm32n6xx_hal_sai.c ****   }
 706:../../STM32Cube_FW_N6/Drivers/STM32N6xx_HAL_Driver/Src/stm32n6xx_hal_sai.c ****   hsai->MspDeInitCallback(hsai);
 707:../../STM32Cube_FW_N6/Drivers/STM32N6xx_HAL_Driver/Src/stm32n6xx_hal_sai.c **** #else
 708:../../STM32Cube_FW_N6/Drivers/STM32N6xx_HAL_Driver/Src/stm32n6xx_hal_sai.c ****   HAL_SAI_MspDeInit(hsai);
 709:../../STM32Cube_FW_N6/Drivers/STM32N6xx_HAL_Driver/Src/stm32n6xx_hal_sai.c **** #endif /* USE_HAL_SAI_REGISTER_CALLBACKS */
ARM GAS  C:\Users\Antonio\AppData\Local\Temp\ccmFwfsh.s 			page 14


 710:../../STM32Cube_FW_N6/Drivers/STM32N6xx_HAL_Driver/Src/stm32n6xx_hal_sai.c **** 
 711:../../STM32Cube_FW_N6/Drivers/STM32N6xx_HAL_Driver/Src/stm32n6xx_hal_sai.c ****   /* Initialize the error code */
 712:../../STM32Cube_FW_N6/Drivers/STM32N6xx_HAL_Driver/Src/stm32n6xx_hal_sai.c ****   hsai->ErrorCode = HAL_SAI_ERROR_NONE;
 713:../../STM32Cube_FW_N6/Drivers/STM32N6xx_HAL_Driver/Src/stm32n6xx_hal_sai.c **** 
 714:../../STM32Cube_FW_N6/Drivers/STM32N6xx_HAL_Driver/Src/stm32n6xx_hal_sai.c ****   /* Initialize the SAI state */
 715:../../STM32Cube_FW_N6/Drivers/STM32N6xx_HAL_Driver/Src/stm32n6xx_hal_sai.c ****   hsai->State = HAL_SAI_STATE_RESET;
 716:../../STM32Cube_FW_N6/Drivers/STM32N6xx_HAL_Driver/Src/stm32n6xx_hal_sai.c **** 
 717:../../STM32Cube_FW_N6/Drivers/STM32N6xx_HAL_Driver/Src/stm32n6xx_hal_sai.c ****   /* Release Lock */
 718:../../STM32Cube_FW_N6/Drivers/STM32N6xx_HAL_Driver/Src/stm32n6xx_hal_sai.c ****   __HAL_UNLOCK(hsai);
 719:../../STM32Cube_FW_N6/Drivers/STM32N6xx_HAL_Driver/Src/stm32n6xx_hal_sai.c **** 
 720:../../STM32Cube_FW_N6/Drivers/STM32N6xx_HAL_Driver/Src/stm32n6xx_hal_sai.c ****   return HAL_OK;
 721:../../STM32Cube_FW_N6/Drivers/STM32N6xx_HAL_Driver/Src/stm32n6xx_hal_sai.c **** }
 722:../../STM32Cube_FW_N6/Drivers/STM32N6xx_HAL_Driver/Src/stm32n6xx_hal_sai.c **** 
 723:../../STM32Cube_FW_N6/Drivers/STM32N6xx_HAL_Driver/Src/stm32n6xx_hal_sai.c **** /**
 724:../../STM32Cube_FW_N6/Drivers/STM32N6xx_HAL_Driver/Src/stm32n6xx_hal_sai.c ****   * @brief Initialize the SAI MSP.
 725:../../STM32Cube_FW_N6/Drivers/STM32N6xx_HAL_Driver/Src/stm32n6xx_hal_sai.c ****   * @param  hsai pointer to a SAI_HandleTypeDef structure that contains
 726:../../STM32Cube_FW_N6/Drivers/STM32N6xx_HAL_Driver/Src/stm32n6xx_hal_sai.c ****   *              the configuration information for SAI module.
 727:../../STM32Cube_FW_N6/Drivers/STM32N6xx_HAL_Driver/Src/stm32n6xx_hal_sai.c ****   * @retval None
 728:../../STM32Cube_FW_N6/Drivers/STM32N6xx_HAL_Driver/Src/stm32n6xx_hal_sai.c ****   */
 729:../../STM32Cube_FW_N6/Drivers/STM32N6xx_HAL_Driver/Src/stm32n6xx_hal_sai.c **** __weak void HAL_SAI_MspInit(SAI_HandleTypeDef *hsai)
 730:../../STM32Cube_FW_N6/Drivers/STM32N6xx_HAL_Driver/Src/stm32n6xx_hal_sai.c **** {
 731:../../STM32Cube_FW_N6/Drivers/STM32N6xx_HAL_Driver/Src/stm32n6xx_hal_sai.c ****   /* Prevent unused argument(s) compilation warning */
 732:../../STM32Cube_FW_N6/Drivers/STM32N6xx_HAL_Driver/Src/stm32n6xx_hal_sai.c ****   UNUSED(hsai);
 733:../../STM32Cube_FW_N6/Drivers/STM32N6xx_HAL_Driver/Src/stm32n6xx_hal_sai.c **** 
 734:../../STM32Cube_FW_N6/Drivers/STM32N6xx_HAL_Driver/Src/stm32n6xx_hal_sai.c ****   /* NOTE : This function should not be modified, when the callback is needed,
 735:../../STM32Cube_FW_N6/Drivers/STM32N6xx_HAL_Driver/Src/stm32n6xx_hal_sai.c ****             the HAL_SAI_MspInit could be implemented in the user file
 736:../../STM32Cube_FW_N6/Drivers/STM32N6xx_HAL_Driver/Src/stm32n6xx_hal_sai.c ****    */
 737:../../STM32Cube_FW_N6/Drivers/STM32N6xx_HAL_Driver/Src/stm32n6xx_hal_sai.c **** }
 738:../../STM32Cube_FW_N6/Drivers/STM32N6xx_HAL_Driver/Src/stm32n6xx_hal_sai.c **** 
 739:../../STM32Cube_FW_N6/Drivers/STM32N6xx_HAL_Driver/Src/stm32n6xx_hal_sai.c **** /**
 740:../../STM32Cube_FW_N6/Drivers/STM32N6xx_HAL_Driver/Src/stm32n6xx_hal_sai.c ****   * @brief DeInitialize the SAI MSP.
 741:../../STM32Cube_FW_N6/Drivers/STM32N6xx_HAL_Driver/Src/stm32n6xx_hal_sai.c ****   * @param  hsai pointer to a SAI_HandleTypeDef structure that contains
 742:../../STM32Cube_FW_N6/Drivers/STM32N6xx_HAL_Driver/Src/stm32n6xx_hal_sai.c ****   *              the configuration information for SAI module.
 743:../../STM32Cube_FW_N6/Drivers/STM32N6xx_HAL_Driver/Src/stm32n6xx_hal_sai.c ****   * @retval None
 744:../../STM32Cube_FW_N6/Drivers/STM32N6xx_HAL_Driver/Src/stm32n6xx_hal_sai.c ****   */
 745:../../STM32Cube_FW_N6/Drivers/STM32N6xx_HAL_Driver/Src/stm32n6xx_hal_sai.c **** __weak void HAL_SAI_MspDeInit(SAI_HandleTypeDef *hsai)
 746:../../STM32Cube_FW_N6/Drivers/STM32N6xx_HAL_Driver/Src/stm32n6xx_hal_sai.c **** {
 747:../../STM32Cube_FW_N6/Drivers/STM32N6xx_HAL_Driver/Src/stm32n6xx_hal_sai.c ****   /* Prevent unused argument(s) compilation warning */
 748:../../STM32Cube_FW_N6/Drivers/STM32N6xx_HAL_Driver/Src/stm32n6xx_hal_sai.c ****   UNUSED(hsai);
 749:../../STM32Cube_FW_N6/Drivers/STM32N6xx_HAL_Driver/Src/stm32n6xx_hal_sai.c **** 
 750:../../STM32Cube_FW_N6/Drivers/STM32N6xx_HAL_Driver/Src/stm32n6xx_hal_sai.c ****   /* NOTE : This function should not be modified, when the callback is needed,
 751:../../STM32Cube_FW_N6/Drivers/STM32N6xx_HAL_Driver/Src/stm32n6xx_hal_sai.c ****             the HAL_SAI_MspDeInit could be implemented in the user file
 752:../../STM32Cube_FW_N6/Drivers/STM32N6xx_HAL_Driver/Src/stm32n6xx_hal_sai.c ****    */
 753:../../STM32Cube_FW_N6/Drivers/STM32N6xx_HAL_Driver/Src/stm32n6xx_hal_sai.c **** }
 754:../../STM32Cube_FW_N6/Drivers/STM32N6xx_HAL_Driver/Src/stm32n6xx_hal_sai.c **** 
 755:../../STM32Cube_FW_N6/Drivers/STM32N6xx_HAL_Driver/Src/stm32n6xx_hal_sai.c **** #if (USE_HAL_SAI_REGISTER_CALLBACKS == 1)
 756:../../STM32Cube_FW_N6/Drivers/STM32N6xx_HAL_Driver/Src/stm32n6xx_hal_sai.c **** /**
 757:../../STM32Cube_FW_N6/Drivers/STM32N6xx_HAL_Driver/Src/stm32n6xx_hal_sai.c ****   * @brief  Register a user SAI callback
 758:../../STM32Cube_FW_N6/Drivers/STM32N6xx_HAL_Driver/Src/stm32n6xx_hal_sai.c ****   *         to be used instead of the weak predefined callback.
 759:../../STM32Cube_FW_N6/Drivers/STM32N6xx_HAL_Driver/Src/stm32n6xx_hal_sai.c ****   * @param  hsai SAI handle.
 760:../../STM32Cube_FW_N6/Drivers/STM32N6xx_HAL_Driver/Src/stm32n6xx_hal_sai.c ****   * @param  CallbackID ID of the callback to be registered.
 761:../../STM32Cube_FW_N6/Drivers/STM32N6xx_HAL_Driver/Src/stm32n6xx_hal_sai.c ****   *         This parameter can be one of the following values:
 762:../../STM32Cube_FW_N6/Drivers/STM32N6xx_HAL_Driver/Src/stm32n6xx_hal_sai.c ****   *           @arg @ref HAL_SAI_RX_COMPLETE_CB_ID receive complete callback ID.
 763:../../STM32Cube_FW_N6/Drivers/STM32N6xx_HAL_Driver/Src/stm32n6xx_hal_sai.c ****   *           @arg @ref HAL_SAI_RX_HALFCOMPLETE_CB_ID receive half complete callback ID.
 764:../../STM32Cube_FW_N6/Drivers/STM32N6xx_HAL_Driver/Src/stm32n6xx_hal_sai.c ****   *           @arg @ref HAL_SAI_TX_COMPLETE_CB_ID transmit complete callback ID.
 765:../../STM32Cube_FW_N6/Drivers/STM32N6xx_HAL_Driver/Src/stm32n6xx_hal_sai.c ****   *           @arg @ref HAL_SAI_TX_HALFCOMPLETE_CB_ID transmit half complete callback ID.
 766:../../STM32Cube_FW_N6/Drivers/STM32N6xx_HAL_Driver/Src/stm32n6xx_hal_sai.c ****   *           @arg @ref HAL_SAI_ERROR_CB_ID error callback ID.
ARM GAS  C:\Users\Antonio\AppData\Local\Temp\ccmFwfsh.s 			page 15


 767:../../STM32Cube_FW_N6/Drivers/STM32N6xx_HAL_Driver/Src/stm32n6xx_hal_sai.c ****   *           @arg @ref HAL_SAI_MSPINIT_CB_ID MSP init callback ID.
 768:../../STM32Cube_FW_N6/Drivers/STM32N6xx_HAL_Driver/Src/stm32n6xx_hal_sai.c ****   *           @arg @ref HAL_SAI_MSPDEINIT_CB_ID MSP de-init callback ID.
 769:../../STM32Cube_FW_N6/Drivers/STM32N6xx_HAL_Driver/Src/stm32n6xx_hal_sai.c ****   * @param  pCallback pointer to the callback function.
 770:../../STM32Cube_FW_N6/Drivers/STM32N6xx_HAL_Driver/Src/stm32n6xx_hal_sai.c ****   * @retval HAL status.
 771:../../STM32Cube_FW_N6/Drivers/STM32N6xx_HAL_Driver/Src/stm32n6xx_hal_sai.c ****   */
 772:../../STM32Cube_FW_N6/Drivers/STM32N6xx_HAL_Driver/Src/stm32n6xx_hal_sai.c **** HAL_StatusTypeDef HAL_SAI_RegisterCallback(SAI_HandleTypeDef        *hsai,
 773:../../STM32Cube_FW_N6/Drivers/STM32N6xx_HAL_Driver/Src/stm32n6xx_hal_sai.c ****                                            HAL_SAI_CallbackIDTypeDef CallbackID,
 774:../../STM32Cube_FW_N6/Drivers/STM32N6xx_HAL_Driver/Src/stm32n6xx_hal_sai.c ****                                            pSAI_CallbackTypeDef      pCallback)
 775:../../STM32Cube_FW_N6/Drivers/STM32N6xx_HAL_Driver/Src/stm32n6xx_hal_sai.c **** {
 776:../../STM32Cube_FW_N6/Drivers/STM32N6xx_HAL_Driver/Src/stm32n6xx_hal_sai.c ****   HAL_StatusTypeDef status = HAL_OK;
 777:../../STM32Cube_FW_N6/Drivers/STM32N6xx_HAL_Driver/Src/stm32n6xx_hal_sai.c **** 
 778:../../STM32Cube_FW_N6/Drivers/STM32N6xx_HAL_Driver/Src/stm32n6xx_hal_sai.c ****   if (pCallback == NULL)
 779:../../STM32Cube_FW_N6/Drivers/STM32N6xx_HAL_Driver/Src/stm32n6xx_hal_sai.c ****   {
 780:../../STM32Cube_FW_N6/Drivers/STM32N6xx_HAL_Driver/Src/stm32n6xx_hal_sai.c ****     /* update the error code */
 781:../../STM32Cube_FW_N6/Drivers/STM32N6xx_HAL_Driver/Src/stm32n6xx_hal_sai.c ****     hsai->ErrorCode |= HAL_SAI_ERROR_INVALID_CALLBACK;
 782:../../STM32Cube_FW_N6/Drivers/STM32N6xx_HAL_Driver/Src/stm32n6xx_hal_sai.c ****     /* update return status */
 783:../../STM32Cube_FW_N6/Drivers/STM32N6xx_HAL_Driver/Src/stm32n6xx_hal_sai.c ****     status = HAL_ERROR;
 784:../../STM32Cube_FW_N6/Drivers/STM32N6xx_HAL_Driver/Src/stm32n6xx_hal_sai.c ****   }
 785:../../STM32Cube_FW_N6/Drivers/STM32N6xx_HAL_Driver/Src/stm32n6xx_hal_sai.c ****   else
 786:../../STM32Cube_FW_N6/Drivers/STM32N6xx_HAL_Driver/Src/stm32n6xx_hal_sai.c ****   {
 787:../../STM32Cube_FW_N6/Drivers/STM32N6xx_HAL_Driver/Src/stm32n6xx_hal_sai.c ****     if (HAL_SAI_STATE_READY == hsai->State)
 788:../../STM32Cube_FW_N6/Drivers/STM32N6xx_HAL_Driver/Src/stm32n6xx_hal_sai.c ****     {
 789:../../STM32Cube_FW_N6/Drivers/STM32N6xx_HAL_Driver/Src/stm32n6xx_hal_sai.c ****       switch (CallbackID)
 790:../../STM32Cube_FW_N6/Drivers/STM32N6xx_HAL_Driver/Src/stm32n6xx_hal_sai.c ****       {
 791:../../STM32Cube_FW_N6/Drivers/STM32N6xx_HAL_Driver/Src/stm32n6xx_hal_sai.c ****         case HAL_SAI_RX_COMPLETE_CB_ID :
 792:../../STM32Cube_FW_N6/Drivers/STM32N6xx_HAL_Driver/Src/stm32n6xx_hal_sai.c ****           hsai->RxCpltCallback = pCallback;
 793:../../STM32Cube_FW_N6/Drivers/STM32N6xx_HAL_Driver/Src/stm32n6xx_hal_sai.c ****           break;
 794:../../STM32Cube_FW_N6/Drivers/STM32N6xx_HAL_Driver/Src/stm32n6xx_hal_sai.c ****         case HAL_SAI_RX_HALFCOMPLETE_CB_ID :
 795:../../STM32Cube_FW_N6/Drivers/STM32N6xx_HAL_Driver/Src/stm32n6xx_hal_sai.c ****           hsai->RxHalfCpltCallback = pCallback;
 796:../../STM32Cube_FW_N6/Drivers/STM32N6xx_HAL_Driver/Src/stm32n6xx_hal_sai.c ****           break;
 797:../../STM32Cube_FW_N6/Drivers/STM32N6xx_HAL_Driver/Src/stm32n6xx_hal_sai.c ****         case HAL_SAI_TX_COMPLETE_CB_ID :
 798:../../STM32Cube_FW_N6/Drivers/STM32N6xx_HAL_Driver/Src/stm32n6xx_hal_sai.c ****           hsai->TxCpltCallback = pCallback;
 799:../../STM32Cube_FW_N6/Drivers/STM32N6xx_HAL_Driver/Src/stm32n6xx_hal_sai.c ****           break;
 800:../../STM32Cube_FW_N6/Drivers/STM32N6xx_HAL_Driver/Src/stm32n6xx_hal_sai.c ****         case HAL_SAI_TX_HALFCOMPLETE_CB_ID :
 801:../../STM32Cube_FW_N6/Drivers/STM32N6xx_HAL_Driver/Src/stm32n6xx_hal_sai.c ****           hsai->TxHalfCpltCallback = pCallback;
 802:../../STM32Cube_FW_N6/Drivers/STM32N6xx_HAL_Driver/Src/stm32n6xx_hal_sai.c ****           break;
 803:../../STM32Cube_FW_N6/Drivers/STM32N6xx_HAL_Driver/Src/stm32n6xx_hal_sai.c ****         case HAL_SAI_ERROR_CB_ID :
 804:../../STM32Cube_FW_N6/Drivers/STM32N6xx_HAL_Driver/Src/stm32n6xx_hal_sai.c ****           hsai->ErrorCallback = pCallback;
 805:../../STM32Cube_FW_N6/Drivers/STM32N6xx_HAL_Driver/Src/stm32n6xx_hal_sai.c ****           break;
 806:../../STM32Cube_FW_N6/Drivers/STM32N6xx_HAL_Driver/Src/stm32n6xx_hal_sai.c ****         case HAL_SAI_MSPINIT_CB_ID :
 807:../../STM32Cube_FW_N6/Drivers/STM32N6xx_HAL_Driver/Src/stm32n6xx_hal_sai.c ****           hsai->MspInitCallback = pCallback;
 808:../../STM32Cube_FW_N6/Drivers/STM32N6xx_HAL_Driver/Src/stm32n6xx_hal_sai.c ****           break;
 809:../../STM32Cube_FW_N6/Drivers/STM32N6xx_HAL_Driver/Src/stm32n6xx_hal_sai.c ****         case HAL_SAI_MSPDEINIT_CB_ID :
 810:../../STM32Cube_FW_N6/Drivers/STM32N6xx_HAL_Driver/Src/stm32n6xx_hal_sai.c ****           hsai->MspDeInitCallback = pCallback;
 811:../../STM32Cube_FW_N6/Drivers/STM32N6xx_HAL_Driver/Src/stm32n6xx_hal_sai.c ****           break;
 812:../../STM32Cube_FW_N6/Drivers/STM32N6xx_HAL_Driver/Src/stm32n6xx_hal_sai.c ****         default :
 813:../../STM32Cube_FW_N6/Drivers/STM32N6xx_HAL_Driver/Src/stm32n6xx_hal_sai.c ****           /* update the error code */
 814:../../STM32Cube_FW_N6/Drivers/STM32N6xx_HAL_Driver/Src/stm32n6xx_hal_sai.c ****           hsai->ErrorCode |= HAL_SAI_ERROR_INVALID_CALLBACK;
 815:../../STM32Cube_FW_N6/Drivers/STM32N6xx_HAL_Driver/Src/stm32n6xx_hal_sai.c ****           /* update return status */
 816:../../STM32Cube_FW_N6/Drivers/STM32N6xx_HAL_Driver/Src/stm32n6xx_hal_sai.c ****           status = HAL_ERROR;
 817:../../STM32Cube_FW_N6/Drivers/STM32N6xx_HAL_Driver/Src/stm32n6xx_hal_sai.c ****           break;
 818:../../STM32Cube_FW_N6/Drivers/STM32N6xx_HAL_Driver/Src/stm32n6xx_hal_sai.c ****       }
 819:../../STM32Cube_FW_N6/Drivers/STM32N6xx_HAL_Driver/Src/stm32n6xx_hal_sai.c ****     }
 820:../../STM32Cube_FW_N6/Drivers/STM32N6xx_HAL_Driver/Src/stm32n6xx_hal_sai.c ****     else if (HAL_SAI_STATE_RESET == hsai->State)
 821:../../STM32Cube_FW_N6/Drivers/STM32N6xx_HAL_Driver/Src/stm32n6xx_hal_sai.c ****     {
 822:../../STM32Cube_FW_N6/Drivers/STM32N6xx_HAL_Driver/Src/stm32n6xx_hal_sai.c ****       switch (CallbackID)
 823:../../STM32Cube_FW_N6/Drivers/STM32N6xx_HAL_Driver/Src/stm32n6xx_hal_sai.c ****       {
ARM GAS  C:\Users\Antonio\AppData\Local\Temp\ccmFwfsh.s 			page 16


 824:../../STM32Cube_FW_N6/Drivers/STM32N6xx_HAL_Driver/Src/stm32n6xx_hal_sai.c ****         case HAL_SAI_MSPINIT_CB_ID :
 825:../../STM32Cube_FW_N6/Drivers/STM32N6xx_HAL_Driver/Src/stm32n6xx_hal_sai.c ****           hsai->MspInitCallback = pCallback;
 826:../../STM32Cube_FW_N6/Drivers/STM32N6xx_HAL_Driver/Src/stm32n6xx_hal_sai.c ****           break;
 827:../../STM32Cube_FW_N6/Drivers/STM32N6xx_HAL_Driver/Src/stm32n6xx_hal_sai.c ****         case HAL_SAI_MSPDEINIT_CB_ID :
 828:../../STM32Cube_FW_N6/Drivers/STM32N6xx_HAL_Driver/Src/stm32n6xx_hal_sai.c ****           hsai->MspDeInitCallback = pCallback;
 829:../../STM32Cube_FW_N6/Drivers/STM32N6xx_HAL_Driver/Src/stm32n6xx_hal_sai.c ****           break;
 830:../../STM32Cube_FW_N6/Drivers/STM32N6xx_HAL_Driver/Src/stm32n6xx_hal_sai.c ****         default :
 831:../../STM32Cube_FW_N6/Drivers/STM32N6xx_HAL_Driver/Src/stm32n6xx_hal_sai.c ****           /* update the error code */
 832:../../STM32Cube_FW_N6/Drivers/STM32N6xx_HAL_Driver/Src/stm32n6xx_hal_sai.c ****           hsai->ErrorCode |= HAL_SAI_ERROR_INVALID_CALLBACK;
 833:../../STM32Cube_FW_N6/Drivers/STM32N6xx_HAL_Driver/Src/stm32n6xx_hal_sai.c ****           /* update return status */
 834:../../STM32Cube_FW_N6/Drivers/STM32N6xx_HAL_Driver/Src/stm32n6xx_hal_sai.c ****           status = HAL_ERROR;
 835:../../STM32Cube_FW_N6/Drivers/STM32N6xx_HAL_Driver/Src/stm32n6xx_hal_sai.c ****           break;
 836:../../STM32Cube_FW_N6/Drivers/STM32N6xx_HAL_Driver/Src/stm32n6xx_hal_sai.c ****       }
 837:../../STM32Cube_FW_N6/Drivers/STM32N6xx_HAL_Driver/Src/stm32n6xx_hal_sai.c ****     }
 838:../../STM32Cube_FW_N6/Drivers/STM32N6xx_HAL_Driver/Src/stm32n6xx_hal_sai.c ****     else
 839:../../STM32Cube_FW_N6/Drivers/STM32N6xx_HAL_Driver/Src/stm32n6xx_hal_sai.c ****     {
 840:../../STM32Cube_FW_N6/Drivers/STM32N6xx_HAL_Driver/Src/stm32n6xx_hal_sai.c ****       /* update the error code */
 841:../../STM32Cube_FW_N6/Drivers/STM32N6xx_HAL_Driver/Src/stm32n6xx_hal_sai.c ****       hsai->ErrorCode |= HAL_SAI_ERROR_INVALID_CALLBACK;
 842:../../STM32Cube_FW_N6/Drivers/STM32N6xx_HAL_Driver/Src/stm32n6xx_hal_sai.c ****       /* update return status */
 843:../../STM32Cube_FW_N6/Drivers/STM32N6xx_HAL_Driver/Src/stm32n6xx_hal_sai.c ****       status = HAL_ERROR;
 844:../../STM32Cube_FW_N6/Drivers/STM32N6xx_HAL_Driver/Src/stm32n6xx_hal_sai.c ****     }
 845:../../STM32Cube_FW_N6/Drivers/STM32N6xx_HAL_Driver/Src/stm32n6xx_hal_sai.c ****   }
 846:../../STM32Cube_FW_N6/Drivers/STM32N6xx_HAL_Driver/Src/stm32n6xx_hal_sai.c ****   return status;
 847:../../STM32Cube_FW_N6/Drivers/STM32N6xx_HAL_Driver/Src/stm32n6xx_hal_sai.c **** }
 848:../../STM32Cube_FW_N6/Drivers/STM32N6xx_HAL_Driver/Src/stm32n6xx_hal_sai.c **** 
 849:../../STM32Cube_FW_N6/Drivers/STM32N6xx_HAL_Driver/Src/stm32n6xx_hal_sai.c **** /**
 850:../../STM32Cube_FW_N6/Drivers/STM32N6xx_HAL_Driver/Src/stm32n6xx_hal_sai.c ****   * @brief  Unregister a user SAI callback.
 851:../../STM32Cube_FW_N6/Drivers/STM32N6xx_HAL_Driver/Src/stm32n6xx_hal_sai.c ****   *         SAI callback is redirected to the weak predefined callback.
 852:../../STM32Cube_FW_N6/Drivers/STM32N6xx_HAL_Driver/Src/stm32n6xx_hal_sai.c ****   * @param  hsai SAI handle.
 853:../../STM32Cube_FW_N6/Drivers/STM32N6xx_HAL_Driver/Src/stm32n6xx_hal_sai.c ****   * @param  CallbackID ID of the callback to be unregistered.
 854:../../STM32Cube_FW_N6/Drivers/STM32N6xx_HAL_Driver/Src/stm32n6xx_hal_sai.c ****   *         This parameter can be one of the following values:
 855:../../STM32Cube_FW_N6/Drivers/STM32N6xx_HAL_Driver/Src/stm32n6xx_hal_sai.c ****   *           @arg @ref HAL_SAI_RX_COMPLETE_CB_ID receive complete callback ID.
 856:../../STM32Cube_FW_N6/Drivers/STM32N6xx_HAL_Driver/Src/stm32n6xx_hal_sai.c ****   *           @arg @ref HAL_SAI_RX_HALFCOMPLETE_CB_ID receive half complete callback ID.
 857:../../STM32Cube_FW_N6/Drivers/STM32N6xx_HAL_Driver/Src/stm32n6xx_hal_sai.c ****   *           @arg @ref HAL_SAI_TX_COMPLETE_CB_ID transmit complete callback ID.
 858:../../STM32Cube_FW_N6/Drivers/STM32N6xx_HAL_Driver/Src/stm32n6xx_hal_sai.c ****   *           @arg @ref HAL_SAI_TX_HALFCOMPLETE_CB_ID transmit half complete callback ID.
 859:../../STM32Cube_FW_N6/Drivers/STM32N6xx_HAL_Driver/Src/stm32n6xx_hal_sai.c ****   *           @arg @ref HAL_SAI_ERROR_CB_ID error callback ID.
 860:../../STM32Cube_FW_N6/Drivers/STM32N6xx_HAL_Driver/Src/stm32n6xx_hal_sai.c ****   *           @arg @ref HAL_SAI_MSPINIT_CB_ID MSP init callback ID.
 861:../../STM32Cube_FW_N6/Drivers/STM32N6xx_HAL_Driver/Src/stm32n6xx_hal_sai.c ****   *           @arg @ref HAL_SAI_MSPDEINIT_CB_ID MSP de-init callback ID.
 862:../../STM32Cube_FW_N6/Drivers/STM32N6xx_HAL_Driver/Src/stm32n6xx_hal_sai.c ****   * @retval HAL status.
 863:../../STM32Cube_FW_N6/Drivers/STM32N6xx_HAL_Driver/Src/stm32n6xx_hal_sai.c ****   */
 864:../../STM32Cube_FW_N6/Drivers/STM32N6xx_HAL_Driver/Src/stm32n6xx_hal_sai.c **** HAL_StatusTypeDef HAL_SAI_UnRegisterCallback(SAI_HandleTypeDef        *hsai,
 865:../../STM32Cube_FW_N6/Drivers/STM32N6xx_HAL_Driver/Src/stm32n6xx_hal_sai.c ****                                              HAL_SAI_CallbackIDTypeDef CallbackID)
 866:../../STM32Cube_FW_N6/Drivers/STM32N6xx_HAL_Driver/Src/stm32n6xx_hal_sai.c **** {
 867:../../STM32Cube_FW_N6/Drivers/STM32N6xx_HAL_Driver/Src/stm32n6xx_hal_sai.c ****   HAL_StatusTypeDef status = HAL_OK;
 868:../../STM32Cube_FW_N6/Drivers/STM32N6xx_HAL_Driver/Src/stm32n6xx_hal_sai.c **** 
 869:../../STM32Cube_FW_N6/Drivers/STM32N6xx_HAL_Driver/Src/stm32n6xx_hal_sai.c ****   if (HAL_SAI_STATE_READY == hsai->State)
 870:../../STM32Cube_FW_N6/Drivers/STM32N6xx_HAL_Driver/Src/stm32n6xx_hal_sai.c ****   {
 871:../../STM32Cube_FW_N6/Drivers/STM32N6xx_HAL_Driver/Src/stm32n6xx_hal_sai.c ****     switch (CallbackID)
 872:../../STM32Cube_FW_N6/Drivers/STM32N6xx_HAL_Driver/Src/stm32n6xx_hal_sai.c ****     {
 873:../../STM32Cube_FW_N6/Drivers/STM32N6xx_HAL_Driver/Src/stm32n6xx_hal_sai.c ****       case HAL_SAI_RX_COMPLETE_CB_ID :
 874:../../STM32Cube_FW_N6/Drivers/STM32N6xx_HAL_Driver/Src/stm32n6xx_hal_sai.c ****         hsai->RxCpltCallback = HAL_SAI_RxCpltCallback;
 875:../../STM32Cube_FW_N6/Drivers/STM32N6xx_HAL_Driver/Src/stm32n6xx_hal_sai.c ****         break;
 876:../../STM32Cube_FW_N6/Drivers/STM32N6xx_HAL_Driver/Src/stm32n6xx_hal_sai.c ****       case HAL_SAI_RX_HALFCOMPLETE_CB_ID :
 877:../../STM32Cube_FW_N6/Drivers/STM32N6xx_HAL_Driver/Src/stm32n6xx_hal_sai.c ****         hsai->RxHalfCpltCallback = HAL_SAI_RxHalfCpltCallback;
 878:../../STM32Cube_FW_N6/Drivers/STM32N6xx_HAL_Driver/Src/stm32n6xx_hal_sai.c ****         break;
 879:../../STM32Cube_FW_N6/Drivers/STM32N6xx_HAL_Driver/Src/stm32n6xx_hal_sai.c ****       case HAL_SAI_TX_COMPLETE_CB_ID :
 880:../../STM32Cube_FW_N6/Drivers/STM32N6xx_HAL_Driver/Src/stm32n6xx_hal_sai.c ****         hsai->TxCpltCallback = HAL_SAI_TxCpltCallback;
ARM GAS  C:\Users\Antonio\AppData\Local\Temp\ccmFwfsh.s 			page 17


 881:../../STM32Cube_FW_N6/Drivers/STM32N6xx_HAL_Driver/Src/stm32n6xx_hal_sai.c ****         break;
 882:../../STM32Cube_FW_N6/Drivers/STM32N6xx_HAL_Driver/Src/stm32n6xx_hal_sai.c ****       case HAL_SAI_TX_HALFCOMPLETE_CB_ID :
 883:../../STM32Cube_FW_N6/Drivers/STM32N6xx_HAL_Driver/Src/stm32n6xx_hal_sai.c ****         hsai->TxHalfCpltCallback = HAL_SAI_TxHalfCpltCallback;
 884:../../STM32Cube_FW_N6/Drivers/STM32N6xx_HAL_Driver/Src/stm32n6xx_hal_sai.c ****         break;
 885:../../STM32Cube_FW_N6/Drivers/STM32N6xx_HAL_Driver/Src/stm32n6xx_hal_sai.c ****       case HAL_SAI_ERROR_CB_ID :
 886:../../STM32Cube_FW_N6/Drivers/STM32N6xx_HAL_Driver/Src/stm32n6xx_hal_sai.c ****         hsai->ErrorCallback = HAL_SAI_ErrorCallback;
 887:../../STM32Cube_FW_N6/Drivers/STM32N6xx_HAL_Driver/Src/stm32n6xx_hal_sai.c ****         break;
 888:../../STM32Cube_FW_N6/Drivers/STM32N6xx_HAL_Driver/Src/stm32n6xx_hal_sai.c ****       case HAL_SAI_MSPINIT_CB_ID :
 889:../../STM32Cube_FW_N6/Drivers/STM32N6xx_HAL_Driver/Src/stm32n6xx_hal_sai.c ****         hsai->MspInitCallback = HAL_SAI_MspInit;
 890:../../STM32Cube_FW_N6/Drivers/STM32N6xx_HAL_Driver/Src/stm32n6xx_hal_sai.c ****         break;
 891:../../STM32Cube_FW_N6/Drivers/STM32N6xx_HAL_Driver/Src/stm32n6xx_hal_sai.c ****       case HAL_SAI_MSPDEINIT_CB_ID :
 892:../../STM32Cube_FW_N6/Drivers/STM32N6xx_HAL_Driver/Src/stm32n6xx_hal_sai.c ****         hsai->MspDeInitCallback = HAL_SAI_MspDeInit;
 893:../../STM32Cube_FW_N6/Drivers/STM32N6xx_HAL_Driver/Src/stm32n6xx_hal_sai.c ****         break;
 894:../../STM32Cube_FW_N6/Drivers/STM32N6xx_HAL_Driver/Src/stm32n6xx_hal_sai.c ****       default :
 895:../../STM32Cube_FW_N6/Drivers/STM32N6xx_HAL_Driver/Src/stm32n6xx_hal_sai.c ****         /* update the error code */
 896:../../STM32Cube_FW_N6/Drivers/STM32N6xx_HAL_Driver/Src/stm32n6xx_hal_sai.c ****         hsai->ErrorCode |= HAL_SAI_ERROR_INVALID_CALLBACK;
 897:../../STM32Cube_FW_N6/Drivers/STM32N6xx_HAL_Driver/Src/stm32n6xx_hal_sai.c ****         /* update return status */
 898:../../STM32Cube_FW_N6/Drivers/STM32N6xx_HAL_Driver/Src/stm32n6xx_hal_sai.c ****         status = HAL_ERROR;
 899:../../STM32Cube_FW_N6/Drivers/STM32N6xx_HAL_Driver/Src/stm32n6xx_hal_sai.c ****         break;
 900:../../STM32Cube_FW_N6/Drivers/STM32N6xx_HAL_Driver/Src/stm32n6xx_hal_sai.c ****     }
 901:../../STM32Cube_FW_N6/Drivers/STM32N6xx_HAL_Driver/Src/stm32n6xx_hal_sai.c ****   }
 902:../../STM32Cube_FW_N6/Drivers/STM32N6xx_HAL_Driver/Src/stm32n6xx_hal_sai.c ****   else if (HAL_SAI_STATE_RESET == hsai->State)
 903:../../STM32Cube_FW_N6/Drivers/STM32N6xx_HAL_Driver/Src/stm32n6xx_hal_sai.c ****   {
 904:../../STM32Cube_FW_N6/Drivers/STM32N6xx_HAL_Driver/Src/stm32n6xx_hal_sai.c ****     switch (CallbackID)
 905:../../STM32Cube_FW_N6/Drivers/STM32N6xx_HAL_Driver/Src/stm32n6xx_hal_sai.c ****     {
 906:../../STM32Cube_FW_N6/Drivers/STM32N6xx_HAL_Driver/Src/stm32n6xx_hal_sai.c ****       case HAL_SAI_MSPINIT_CB_ID :
 907:../../STM32Cube_FW_N6/Drivers/STM32N6xx_HAL_Driver/Src/stm32n6xx_hal_sai.c ****         hsai->MspInitCallback = HAL_SAI_MspInit;
 908:../../STM32Cube_FW_N6/Drivers/STM32N6xx_HAL_Driver/Src/stm32n6xx_hal_sai.c ****         break;
 909:../../STM32Cube_FW_N6/Drivers/STM32N6xx_HAL_Driver/Src/stm32n6xx_hal_sai.c ****       case HAL_SAI_MSPDEINIT_CB_ID :
 910:../../STM32Cube_FW_N6/Drivers/STM32N6xx_HAL_Driver/Src/stm32n6xx_hal_sai.c ****         hsai->MspDeInitCallback = HAL_SAI_MspDeInit;
 911:../../STM32Cube_FW_N6/Drivers/STM32N6xx_HAL_Driver/Src/stm32n6xx_hal_sai.c ****         break;
 912:../../STM32Cube_FW_N6/Drivers/STM32N6xx_HAL_Driver/Src/stm32n6xx_hal_sai.c ****       default :
 913:../../STM32Cube_FW_N6/Drivers/STM32N6xx_HAL_Driver/Src/stm32n6xx_hal_sai.c ****         /* update the error code */
 914:../../STM32Cube_FW_N6/Drivers/STM32N6xx_HAL_Driver/Src/stm32n6xx_hal_sai.c ****         hsai->ErrorCode |= HAL_SAI_ERROR_INVALID_CALLBACK;
 915:../../STM32Cube_FW_N6/Drivers/STM32N6xx_HAL_Driver/Src/stm32n6xx_hal_sai.c ****         /* update return status */
 916:../../STM32Cube_FW_N6/Drivers/STM32N6xx_HAL_Driver/Src/stm32n6xx_hal_sai.c ****         status = HAL_ERROR;
 917:../../STM32Cube_FW_N6/Drivers/STM32N6xx_HAL_Driver/Src/stm32n6xx_hal_sai.c ****         break;
 918:../../STM32Cube_FW_N6/Drivers/STM32N6xx_HAL_Driver/Src/stm32n6xx_hal_sai.c ****     }
 919:../../STM32Cube_FW_N6/Drivers/STM32N6xx_HAL_Driver/Src/stm32n6xx_hal_sai.c ****   }
 920:../../STM32Cube_FW_N6/Drivers/STM32N6xx_HAL_Driver/Src/stm32n6xx_hal_sai.c ****   else
 921:../../STM32Cube_FW_N6/Drivers/STM32N6xx_HAL_Driver/Src/stm32n6xx_hal_sai.c ****   {
 922:../../STM32Cube_FW_N6/Drivers/STM32N6xx_HAL_Driver/Src/stm32n6xx_hal_sai.c ****     /* update the error code */
 923:../../STM32Cube_FW_N6/Drivers/STM32N6xx_HAL_Driver/Src/stm32n6xx_hal_sai.c ****     hsai->ErrorCode |= HAL_SAI_ERROR_INVALID_CALLBACK;
 924:../../STM32Cube_FW_N6/Drivers/STM32N6xx_HAL_Driver/Src/stm32n6xx_hal_sai.c ****     /* update return status */
 925:../../STM32Cube_FW_N6/Drivers/STM32N6xx_HAL_Driver/Src/stm32n6xx_hal_sai.c ****     status = HAL_ERROR;
 926:../../STM32Cube_FW_N6/Drivers/STM32N6xx_HAL_Driver/Src/stm32n6xx_hal_sai.c ****   }
 927:../../STM32Cube_FW_N6/Drivers/STM32N6xx_HAL_Driver/Src/stm32n6xx_hal_sai.c ****   return status;
 928:../../STM32Cube_FW_N6/Drivers/STM32N6xx_HAL_Driver/Src/stm32n6xx_hal_sai.c **** }
 929:../../STM32Cube_FW_N6/Drivers/STM32N6xx_HAL_Driver/Src/stm32n6xx_hal_sai.c **** #endif /* USE_HAL_SAI_REGISTER_CALLBACKS */
 930:../../STM32Cube_FW_N6/Drivers/STM32N6xx_HAL_Driver/Src/stm32n6xx_hal_sai.c **** 
 931:../../STM32Cube_FW_N6/Drivers/STM32N6xx_HAL_Driver/Src/stm32n6xx_hal_sai.c **** /**
 932:../../STM32Cube_FW_N6/Drivers/STM32N6xx_HAL_Driver/Src/stm32n6xx_hal_sai.c ****   * @}
 933:../../STM32Cube_FW_N6/Drivers/STM32N6xx_HAL_Driver/Src/stm32n6xx_hal_sai.c ****   */
 934:../../STM32Cube_FW_N6/Drivers/STM32N6xx_HAL_Driver/Src/stm32n6xx_hal_sai.c **** 
 935:../../STM32Cube_FW_N6/Drivers/STM32N6xx_HAL_Driver/Src/stm32n6xx_hal_sai.c **** /** @defgroup SAI_Exported_Functions_Group2 IO operation functions
 936:../../STM32Cube_FW_N6/Drivers/STM32N6xx_HAL_Driver/Src/stm32n6xx_hal_sai.c ****   * @brief    Data transfers functions
 937:../../STM32Cube_FW_N6/Drivers/STM32N6xx_HAL_Driver/Src/stm32n6xx_hal_sai.c ****   *
ARM GAS  C:\Users\Antonio\AppData\Local\Temp\ccmFwfsh.s 			page 18


 938:../../STM32Cube_FW_N6/Drivers/STM32N6xx_HAL_Driver/Src/stm32n6xx_hal_sai.c **** @verbatim
 939:../../STM32Cube_FW_N6/Drivers/STM32N6xx_HAL_Driver/Src/stm32n6xx_hal_sai.c ****   ==============================================================================
 940:../../STM32Cube_FW_N6/Drivers/STM32N6xx_HAL_Driver/Src/stm32n6xx_hal_sai.c ****                       ##### IO operation functions #####
 941:../../STM32Cube_FW_N6/Drivers/STM32N6xx_HAL_Driver/Src/stm32n6xx_hal_sai.c ****   ==============================================================================
 942:../../STM32Cube_FW_N6/Drivers/STM32N6xx_HAL_Driver/Src/stm32n6xx_hal_sai.c ****   [..]
 943:../../STM32Cube_FW_N6/Drivers/STM32N6xx_HAL_Driver/Src/stm32n6xx_hal_sai.c ****     This subsection provides a set of functions allowing to manage the SAI data
 944:../../STM32Cube_FW_N6/Drivers/STM32N6xx_HAL_Driver/Src/stm32n6xx_hal_sai.c ****     transfers.
 945:../../STM32Cube_FW_N6/Drivers/STM32N6xx_HAL_Driver/Src/stm32n6xx_hal_sai.c **** 
 946:../../STM32Cube_FW_N6/Drivers/STM32N6xx_HAL_Driver/Src/stm32n6xx_hal_sai.c ****     (+) There are two modes of transfer:
 947:../../STM32Cube_FW_N6/Drivers/STM32N6xx_HAL_Driver/Src/stm32n6xx_hal_sai.c ****       (++) Blocking mode : The communication is performed in the polling mode.
 948:../../STM32Cube_FW_N6/Drivers/STM32N6xx_HAL_Driver/Src/stm32n6xx_hal_sai.c ****            The status of all data processing is returned by the same function
 949:../../STM32Cube_FW_N6/Drivers/STM32N6xx_HAL_Driver/Src/stm32n6xx_hal_sai.c ****            after finishing transfer.
 950:../../STM32Cube_FW_N6/Drivers/STM32N6xx_HAL_Driver/Src/stm32n6xx_hal_sai.c ****       (++) No-Blocking mode : The communication is performed using Interrupts
 951:../../STM32Cube_FW_N6/Drivers/STM32N6xx_HAL_Driver/Src/stm32n6xx_hal_sai.c ****            or DMA. These functions return the status of the transfer startup.
 952:../../STM32Cube_FW_N6/Drivers/STM32N6xx_HAL_Driver/Src/stm32n6xx_hal_sai.c ****            The end of the data processing will be indicated through the
 953:../../STM32Cube_FW_N6/Drivers/STM32N6xx_HAL_Driver/Src/stm32n6xx_hal_sai.c ****            dedicated SAI IRQ when using Interrupt mode or the DMA IRQ when
 954:../../STM32Cube_FW_N6/Drivers/STM32N6xx_HAL_Driver/Src/stm32n6xx_hal_sai.c ****            using DMA mode.
 955:../../STM32Cube_FW_N6/Drivers/STM32N6xx_HAL_Driver/Src/stm32n6xx_hal_sai.c **** 
 956:../../STM32Cube_FW_N6/Drivers/STM32N6xx_HAL_Driver/Src/stm32n6xx_hal_sai.c ****     (+) Blocking mode functions are :
 957:../../STM32Cube_FW_N6/Drivers/STM32N6xx_HAL_Driver/Src/stm32n6xx_hal_sai.c ****       (++) HAL_SAI_Transmit()
 958:../../STM32Cube_FW_N6/Drivers/STM32N6xx_HAL_Driver/Src/stm32n6xx_hal_sai.c ****       (++) HAL_SAI_Receive()
 959:../../STM32Cube_FW_N6/Drivers/STM32N6xx_HAL_Driver/Src/stm32n6xx_hal_sai.c **** 
 960:../../STM32Cube_FW_N6/Drivers/STM32N6xx_HAL_Driver/Src/stm32n6xx_hal_sai.c ****     (+) Non Blocking mode functions with Interrupt are :
 961:../../STM32Cube_FW_N6/Drivers/STM32N6xx_HAL_Driver/Src/stm32n6xx_hal_sai.c ****       (++) HAL_SAI_Transmit_IT()
 962:../../STM32Cube_FW_N6/Drivers/STM32N6xx_HAL_Driver/Src/stm32n6xx_hal_sai.c ****       (++) HAL_SAI_Receive_IT()
 963:../../STM32Cube_FW_N6/Drivers/STM32N6xx_HAL_Driver/Src/stm32n6xx_hal_sai.c **** 
 964:../../STM32Cube_FW_N6/Drivers/STM32N6xx_HAL_Driver/Src/stm32n6xx_hal_sai.c ****     (+) Non Blocking mode functions with DMA are :
 965:../../STM32Cube_FW_N6/Drivers/STM32N6xx_HAL_Driver/Src/stm32n6xx_hal_sai.c ****       (++) HAL_SAI_Transmit_DMA()
 966:../../STM32Cube_FW_N6/Drivers/STM32N6xx_HAL_Driver/Src/stm32n6xx_hal_sai.c ****       (++) HAL_SAI_Receive_DMA()
 967:../../STM32Cube_FW_N6/Drivers/STM32N6xx_HAL_Driver/Src/stm32n6xx_hal_sai.c **** 
 968:../../STM32Cube_FW_N6/Drivers/STM32N6xx_HAL_Driver/Src/stm32n6xx_hal_sai.c ****     (+) A set of Transfer Complete Callbacks are provided in non Blocking mode:
 969:../../STM32Cube_FW_N6/Drivers/STM32N6xx_HAL_Driver/Src/stm32n6xx_hal_sai.c ****       (++) HAL_SAI_TxCpltCallback()
 970:../../STM32Cube_FW_N6/Drivers/STM32N6xx_HAL_Driver/Src/stm32n6xx_hal_sai.c ****       (++) HAL_SAI_RxCpltCallback()
 971:../../STM32Cube_FW_N6/Drivers/STM32N6xx_HAL_Driver/Src/stm32n6xx_hal_sai.c ****       (++) HAL_SAI_ErrorCallback()
 972:../../STM32Cube_FW_N6/Drivers/STM32N6xx_HAL_Driver/Src/stm32n6xx_hal_sai.c **** 
 973:../../STM32Cube_FW_N6/Drivers/STM32N6xx_HAL_Driver/Src/stm32n6xx_hal_sai.c **** @endverbatim
 974:../../STM32Cube_FW_N6/Drivers/STM32N6xx_HAL_Driver/Src/stm32n6xx_hal_sai.c ****   * @{
 975:../../STM32Cube_FW_N6/Drivers/STM32N6xx_HAL_Driver/Src/stm32n6xx_hal_sai.c ****   */
 976:../../STM32Cube_FW_N6/Drivers/STM32N6xx_HAL_Driver/Src/stm32n6xx_hal_sai.c **** 
 977:../../STM32Cube_FW_N6/Drivers/STM32N6xx_HAL_Driver/Src/stm32n6xx_hal_sai.c **** /**
 978:../../STM32Cube_FW_N6/Drivers/STM32N6xx_HAL_Driver/Src/stm32n6xx_hal_sai.c ****   * @brief  Transmit an amount of data in blocking mode.
 979:../../STM32Cube_FW_N6/Drivers/STM32N6xx_HAL_Driver/Src/stm32n6xx_hal_sai.c ****   * @param  hsai pointer to a SAI_HandleTypeDef structure that contains
 980:../../STM32Cube_FW_N6/Drivers/STM32N6xx_HAL_Driver/Src/stm32n6xx_hal_sai.c ****   *              the configuration information for SAI module.
 981:../../STM32Cube_FW_N6/Drivers/STM32N6xx_HAL_Driver/Src/stm32n6xx_hal_sai.c ****   * @param  pData Pointer to data buffer
 982:../../STM32Cube_FW_N6/Drivers/STM32N6xx_HAL_Driver/Src/stm32n6xx_hal_sai.c ****   * @param  Size Amount of data to be sent
 983:../../STM32Cube_FW_N6/Drivers/STM32N6xx_HAL_Driver/Src/stm32n6xx_hal_sai.c ****   * @param  Timeout Timeout duration
 984:../../STM32Cube_FW_N6/Drivers/STM32N6xx_HAL_Driver/Src/stm32n6xx_hal_sai.c ****   * @retval HAL status
 985:../../STM32Cube_FW_N6/Drivers/STM32N6xx_HAL_Driver/Src/stm32n6xx_hal_sai.c ****   */
 986:../../STM32Cube_FW_N6/Drivers/STM32N6xx_HAL_Driver/Src/stm32n6xx_hal_sai.c **** HAL_StatusTypeDef HAL_SAI_Transmit(SAI_HandleTypeDef *hsai, uint8_t *pData, uint16_t Size, uint32_t
 987:../../STM32Cube_FW_N6/Drivers/STM32N6xx_HAL_Driver/Src/stm32n6xx_hal_sai.c **** {
 988:../../STM32Cube_FW_N6/Drivers/STM32N6xx_HAL_Driver/Src/stm32n6xx_hal_sai.c ****   uint32_t tickstart = HAL_GetTick();
 989:../../STM32Cube_FW_N6/Drivers/STM32N6xx_HAL_Driver/Src/stm32n6xx_hal_sai.c ****   uint32_t temp;
 990:../../STM32Cube_FW_N6/Drivers/STM32N6xx_HAL_Driver/Src/stm32n6xx_hal_sai.c **** 
 991:../../STM32Cube_FW_N6/Drivers/STM32N6xx_HAL_Driver/Src/stm32n6xx_hal_sai.c ****   if ((pData == NULL) || (Size == 0U))
 992:../../STM32Cube_FW_N6/Drivers/STM32N6xx_HAL_Driver/Src/stm32n6xx_hal_sai.c ****   {
 993:../../STM32Cube_FW_N6/Drivers/STM32N6xx_HAL_Driver/Src/stm32n6xx_hal_sai.c ****     return  HAL_ERROR;
 994:../../STM32Cube_FW_N6/Drivers/STM32N6xx_HAL_Driver/Src/stm32n6xx_hal_sai.c ****   }
ARM GAS  C:\Users\Antonio\AppData\Local\Temp\ccmFwfsh.s 			page 19


 995:../../STM32Cube_FW_N6/Drivers/STM32N6xx_HAL_Driver/Src/stm32n6xx_hal_sai.c **** 
 996:../../STM32Cube_FW_N6/Drivers/STM32N6xx_HAL_Driver/Src/stm32n6xx_hal_sai.c ****   if (hsai->State == HAL_SAI_STATE_READY)
 997:../../STM32Cube_FW_N6/Drivers/STM32N6xx_HAL_Driver/Src/stm32n6xx_hal_sai.c ****   {
 998:../../STM32Cube_FW_N6/Drivers/STM32N6xx_HAL_Driver/Src/stm32n6xx_hal_sai.c ****     /* Process Locked */
 999:../../STM32Cube_FW_N6/Drivers/STM32N6xx_HAL_Driver/Src/stm32n6xx_hal_sai.c ****     __HAL_LOCK(hsai);
1000:../../STM32Cube_FW_N6/Drivers/STM32N6xx_HAL_Driver/Src/stm32n6xx_hal_sai.c **** 
1001:../../STM32Cube_FW_N6/Drivers/STM32N6xx_HAL_Driver/Src/stm32n6xx_hal_sai.c ****     hsai->XferSize = Size;
1002:../../STM32Cube_FW_N6/Drivers/STM32N6xx_HAL_Driver/Src/stm32n6xx_hal_sai.c ****     hsai->XferCount = Size;
1003:../../STM32Cube_FW_N6/Drivers/STM32N6xx_HAL_Driver/Src/stm32n6xx_hal_sai.c ****     hsai->pBuffPtr = pData;
1004:../../STM32Cube_FW_N6/Drivers/STM32N6xx_HAL_Driver/Src/stm32n6xx_hal_sai.c ****     hsai->State = HAL_SAI_STATE_BUSY_TX;
1005:../../STM32Cube_FW_N6/Drivers/STM32N6xx_HAL_Driver/Src/stm32n6xx_hal_sai.c ****     hsai->ErrorCode = HAL_SAI_ERROR_NONE;
1006:../../STM32Cube_FW_N6/Drivers/STM32N6xx_HAL_Driver/Src/stm32n6xx_hal_sai.c **** 
1007:../../STM32Cube_FW_N6/Drivers/STM32N6xx_HAL_Driver/Src/stm32n6xx_hal_sai.c ****     /* Check if the SAI is already enabled */
1008:../../STM32Cube_FW_N6/Drivers/STM32N6xx_HAL_Driver/Src/stm32n6xx_hal_sai.c ****     if ((hsai->Instance->CR1 & SAI_xCR1_SAIEN) == 0U)
1009:../../STM32Cube_FW_N6/Drivers/STM32N6xx_HAL_Driver/Src/stm32n6xx_hal_sai.c ****     {
1010:../../STM32Cube_FW_N6/Drivers/STM32N6xx_HAL_Driver/Src/stm32n6xx_hal_sai.c ****       /* fill the fifo with data before to enabled the SAI */
1011:../../STM32Cube_FW_N6/Drivers/STM32N6xx_HAL_Driver/Src/stm32n6xx_hal_sai.c ****       SAI_FillFifo(hsai);
1012:../../STM32Cube_FW_N6/Drivers/STM32N6xx_HAL_Driver/Src/stm32n6xx_hal_sai.c ****       /* Enable SAI peripheral */
1013:../../STM32Cube_FW_N6/Drivers/STM32N6xx_HAL_Driver/Src/stm32n6xx_hal_sai.c ****       __HAL_SAI_ENABLE(hsai);
1014:../../STM32Cube_FW_N6/Drivers/STM32N6xx_HAL_Driver/Src/stm32n6xx_hal_sai.c ****     }
1015:../../STM32Cube_FW_N6/Drivers/STM32N6xx_HAL_Driver/Src/stm32n6xx_hal_sai.c **** 
1016:../../STM32Cube_FW_N6/Drivers/STM32N6xx_HAL_Driver/Src/stm32n6xx_hal_sai.c ****     while (hsai->XferCount > 0U)
1017:../../STM32Cube_FW_N6/Drivers/STM32N6xx_HAL_Driver/Src/stm32n6xx_hal_sai.c ****     {
1018:../../STM32Cube_FW_N6/Drivers/STM32N6xx_HAL_Driver/Src/stm32n6xx_hal_sai.c ****       /* Write data if the FIFO is not full */
1019:../../STM32Cube_FW_N6/Drivers/STM32N6xx_HAL_Driver/Src/stm32n6xx_hal_sai.c ****       if ((hsai->Instance->SR & SAI_xSR_FLVL) != SAI_FIFOSTATUS_FULL)
1020:../../STM32Cube_FW_N6/Drivers/STM32N6xx_HAL_Driver/Src/stm32n6xx_hal_sai.c ****       {
1021:../../STM32Cube_FW_N6/Drivers/STM32N6xx_HAL_Driver/Src/stm32n6xx_hal_sai.c ****         if ((hsai->Init.DataSize == SAI_DATASIZE_8) && (hsai->Init.CompandingMode == SAI_NOCOMPANDI
1022:../../STM32Cube_FW_N6/Drivers/STM32N6xx_HAL_Driver/Src/stm32n6xx_hal_sai.c ****         {
1023:../../STM32Cube_FW_N6/Drivers/STM32N6xx_HAL_Driver/Src/stm32n6xx_hal_sai.c ****           hsai->Instance->DR = *hsai->pBuffPtr;
1024:../../STM32Cube_FW_N6/Drivers/STM32N6xx_HAL_Driver/Src/stm32n6xx_hal_sai.c ****           hsai->pBuffPtr++;
1025:../../STM32Cube_FW_N6/Drivers/STM32N6xx_HAL_Driver/Src/stm32n6xx_hal_sai.c ****         }
1026:../../STM32Cube_FW_N6/Drivers/STM32N6xx_HAL_Driver/Src/stm32n6xx_hal_sai.c ****         else if (hsai->Init.DataSize <= SAI_DATASIZE_16)
1027:../../STM32Cube_FW_N6/Drivers/STM32N6xx_HAL_Driver/Src/stm32n6xx_hal_sai.c ****         {
1028:../../STM32Cube_FW_N6/Drivers/STM32N6xx_HAL_Driver/Src/stm32n6xx_hal_sai.c ****           temp = (uint32_t)(*hsai->pBuffPtr);
1029:../../STM32Cube_FW_N6/Drivers/STM32N6xx_HAL_Driver/Src/stm32n6xx_hal_sai.c ****           hsai->pBuffPtr++;
1030:../../STM32Cube_FW_N6/Drivers/STM32N6xx_HAL_Driver/Src/stm32n6xx_hal_sai.c ****           temp |= ((uint32_t)(*hsai->pBuffPtr) << 8);
1031:../../STM32Cube_FW_N6/Drivers/STM32N6xx_HAL_Driver/Src/stm32n6xx_hal_sai.c ****           hsai->pBuffPtr++;
1032:../../STM32Cube_FW_N6/Drivers/STM32N6xx_HAL_Driver/Src/stm32n6xx_hal_sai.c ****           hsai->Instance->DR = temp;
1033:../../STM32Cube_FW_N6/Drivers/STM32N6xx_HAL_Driver/Src/stm32n6xx_hal_sai.c ****         }
1034:../../STM32Cube_FW_N6/Drivers/STM32N6xx_HAL_Driver/Src/stm32n6xx_hal_sai.c ****         else
1035:../../STM32Cube_FW_N6/Drivers/STM32N6xx_HAL_Driver/Src/stm32n6xx_hal_sai.c ****         {
1036:../../STM32Cube_FW_N6/Drivers/STM32N6xx_HAL_Driver/Src/stm32n6xx_hal_sai.c ****           temp = (uint32_t)(*hsai->pBuffPtr);
1037:../../STM32Cube_FW_N6/Drivers/STM32N6xx_HAL_Driver/Src/stm32n6xx_hal_sai.c ****           hsai->pBuffPtr++;
1038:../../STM32Cube_FW_N6/Drivers/STM32N6xx_HAL_Driver/Src/stm32n6xx_hal_sai.c ****           temp |= ((uint32_t)(*hsai->pBuffPtr) << 8);
1039:../../STM32Cube_FW_N6/Drivers/STM32N6xx_HAL_Driver/Src/stm32n6xx_hal_sai.c ****           hsai->pBuffPtr++;
1040:../../STM32Cube_FW_N6/Drivers/STM32N6xx_HAL_Driver/Src/stm32n6xx_hal_sai.c ****           temp |= ((uint32_t)(*hsai->pBuffPtr) << 16);
1041:../../STM32Cube_FW_N6/Drivers/STM32N6xx_HAL_Driver/Src/stm32n6xx_hal_sai.c ****           hsai->pBuffPtr++;
1042:../../STM32Cube_FW_N6/Drivers/STM32N6xx_HAL_Driver/Src/stm32n6xx_hal_sai.c ****           temp |= ((uint32_t)(*hsai->pBuffPtr) << 24);
1043:../../STM32Cube_FW_N6/Drivers/STM32N6xx_HAL_Driver/Src/stm32n6xx_hal_sai.c ****           hsai->pBuffPtr++;
1044:../../STM32Cube_FW_N6/Drivers/STM32N6xx_HAL_Driver/Src/stm32n6xx_hal_sai.c ****           hsai->Instance->DR = temp;
1045:../../STM32Cube_FW_N6/Drivers/STM32N6xx_HAL_Driver/Src/stm32n6xx_hal_sai.c ****         }
1046:../../STM32Cube_FW_N6/Drivers/STM32N6xx_HAL_Driver/Src/stm32n6xx_hal_sai.c ****         hsai->XferCount--;
1047:../../STM32Cube_FW_N6/Drivers/STM32N6xx_HAL_Driver/Src/stm32n6xx_hal_sai.c ****       }
1048:../../STM32Cube_FW_N6/Drivers/STM32N6xx_HAL_Driver/Src/stm32n6xx_hal_sai.c ****       else
1049:../../STM32Cube_FW_N6/Drivers/STM32N6xx_HAL_Driver/Src/stm32n6xx_hal_sai.c ****       {
1050:../../STM32Cube_FW_N6/Drivers/STM32N6xx_HAL_Driver/Src/stm32n6xx_hal_sai.c ****         /* Check for the Timeout */
1051:../../STM32Cube_FW_N6/Drivers/STM32N6xx_HAL_Driver/Src/stm32n6xx_hal_sai.c ****         if ((((HAL_GetTick() - tickstart) > Timeout) || (Timeout == 0U)) && (Timeout != HAL_MAX_DEL
ARM GAS  C:\Users\Antonio\AppData\Local\Temp\ccmFwfsh.s 			page 20


1052:../../STM32Cube_FW_N6/Drivers/STM32N6xx_HAL_Driver/Src/stm32n6xx_hal_sai.c ****         {
1053:../../STM32Cube_FW_N6/Drivers/STM32N6xx_HAL_Driver/Src/stm32n6xx_hal_sai.c ****           /* Update error code */
1054:../../STM32Cube_FW_N6/Drivers/STM32N6xx_HAL_Driver/Src/stm32n6xx_hal_sai.c ****           hsai->ErrorCode |= HAL_SAI_ERROR_TIMEOUT;
1055:../../STM32Cube_FW_N6/Drivers/STM32N6xx_HAL_Driver/Src/stm32n6xx_hal_sai.c **** 
1056:../../STM32Cube_FW_N6/Drivers/STM32N6xx_HAL_Driver/Src/stm32n6xx_hal_sai.c ****           /* Clear all the flags */
1057:../../STM32Cube_FW_N6/Drivers/STM32N6xx_HAL_Driver/Src/stm32n6xx_hal_sai.c ****           hsai->Instance->CLRFR = 0xFFFFFFFFU;
1058:../../STM32Cube_FW_N6/Drivers/STM32N6xx_HAL_Driver/Src/stm32n6xx_hal_sai.c **** 
1059:../../STM32Cube_FW_N6/Drivers/STM32N6xx_HAL_Driver/Src/stm32n6xx_hal_sai.c ****           /* Disable SAI peripheral */
1060:../../STM32Cube_FW_N6/Drivers/STM32N6xx_HAL_Driver/Src/stm32n6xx_hal_sai.c ****           /* No need to check return value because state update, unlock and error return will be pe
1061:../../STM32Cube_FW_N6/Drivers/STM32N6xx_HAL_Driver/Src/stm32n6xx_hal_sai.c ****           (void) SAI_Disable(hsai);
1062:../../STM32Cube_FW_N6/Drivers/STM32N6xx_HAL_Driver/Src/stm32n6xx_hal_sai.c **** 
1063:../../STM32Cube_FW_N6/Drivers/STM32N6xx_HAL_Driver/Src/stm32n6xx_hal_sai.c ****           /* Flush the fifo */
1064:../../STM32Cube_FW_N6/Drivers/STM32N6xx_HAL_Driver/Src/stm32n6xx_hal_sai.c ****           SET_BIT(hsai->Instance->CR2, SAI_xCR2_FFLUSH);
1065:../../STM32Cube_FW_N6/Drivers/STM32N6xx_HAL_Driver/Src/stm32n6xx_hal_sai.c **** 
1066:../../STM32Cube_FW_N6/Drivers/STM32N6xx_HAL_Driver/Src/stm32n6xx_hal_sai.c ****           /* Change the SAI state */
1067:../../STM32Cube_FW_N6/Drivers/STM32N6xx_HAL_Driver/Src/stm32n6xx_hal_sai.c ****           hsai->State = HAL_SAI_STATE_READY;
1068:../../STM32Cube_FW_N6/Drivers/STM32N6xx_HAL_Driver/Src/stm32n6xx_hal_sai.c **** 
1069:../../STM32Cube_FW_N6/Drivers/STM32N6xx_HAL_Driver/Src/stm32n6xx_hal_sai.c ****           /* Process Unlocked */
1070:../../STM32Cube_FW_N6/Drivers/STM32N6xx_HAL_Driver/Src/stm32n6xx_hal_sai.c ****           __HAL_UNLOCK(hsai);
1071:../../STM32Cube_FW_N6/Drivers/STM32N6xx_HAL_Driver/Src/stm32n6xx_hal_sai.c **** 
1072:../../STM32Cube_FW_N6/Drivers/STM32N6xx_HAL_Driver/Src/stm32n6xx_hal_sai.c ****           return HAL_ERROR;
1073:../../STM32Cube_FW_N6/Drivers/STM32N6xx_HAL_Driver/Src/stm32n6xx_hal_sai.c ****         }
1074:../../STM32Cube_FW_N6/Drivers/STM32N6xx_HAL_Driver/Src/stm32n6xx_hal_sai.c ****       }
1075:../../STM32Cube_FW_N6/Drivers/STM32N6xx_HAL_Driver/Src/stm32n6xx_hal_sai.c ****     }
1076:../../STM32Cube_FW_N6/Drivers/STM32N6xx_HAL_Driver/Src/stm32n6xx_hal_sai.c **** 
1077:../../STM32Cube_FW_N6/Drivers/STM32N6xx_HAL_Driver/Src/stm32n6xx_hal_sai.c ****     hsai->State = HAL_SAI_STATE_READY;
1078:../../STM32Cube_FW_N6/Drivers/STM32N6xx_HAL_Driver/Src/stm32n6xx_hal_sai.c **** 
1079:../../STM32Cube_FW_N6/Drivers/STM32N6xx_HAL_Driver/Src/stm32n6xx_hal_sai.c ****     /* Process Unlocked */
1080:../../STM32Cube_FW_N6/Drivers/STM32N6xx_HAL_Driver/Src/stm32n6xx_hal_sai.c ****     __HAL_UNLOCK(hsai);
1081:../../STM32Cube_FW_N6/Drivers/STM32N6xx_HAL_Driver/Src/stm32n6xx_hal_sai.c **** 
1082:../../STM32Cube_FW_N6/Drivers/STM32N6xx_HAL_Driver/Src/stm32n6xx_hal_sai.c ****     return HAL_OK;
1083:../../STM32Cube_FW_N6/Drivers/STM32N6xx_HAL_Driver/Src/stm32n6xx_hal_sai.c ****   }
1084:../../STM32Cube_FW_N6/Drivers/STM32N6xx_HAL_Driver/Src/stm32n6xx_hal_sai.c ****   else
1085:../../STM32Cube_FW_N6/Drivers/STM32N6xx_HAL_Driver/Src/stm32n6xx_hal_sai.c ****   {
1086:../../STM32Cube_FW_N6/Drivers/STM32N6xx_HAL_Driver/Src/stm32n6xx_hal_sai.c ****     return HAL_BUSY;
1087:../../STM32Cube_FW_N6/Drivers/STM32N6xx_HAL_Driver/Src/stm32n6xx_hal_sai.c ****   }
1088:../../STM32Cube_FW_N6/Drivers/STM32N6xx_HAL_Driver/Src/stm32n6xx_hal_sai.c **** }
1089:../../STM32Cube_FW_N6/Drivers/STM32N6xx_HAL_Driver/Src/stm32n6xx_hal_sai.c **** 
1090:../../STM32Cube_FW_N6/Drivers/STM32N6xx_HAL_Driver/Src/stm32n6xx_hal_sai.c **** /**
1091:../../STM32Cube_FW_N6/Drivers/STM32N6xx_HAL_Driver/Src/stm32n6xx_hal_sai.c ****   * @brief  Receive an amount of data in blocking mode.
1092:../../STM32Cube_FW_N6/Drivers/STM32N6xx_HAL_Driver/Src/stm32n6xx_hal_sai.c ****   * @param  hsai pointer to a SAI_HandleTypeDef structure that contains
1093:../../STM32Cube_FW_N6/Drivers/STM32N6xx_HAL_Driver/Src/stm32n6xx_hal_sai.c ****   *              the configuration information for SAI module.
1094:../../STM32Cube_FW_N6/Drivers/STM32N6xx_HAL_Driver/Src/stm32n6xx_hal_sai.c ****   * @param  pData Pointer to data buffer
1095:../../STM32Cube_FW_N6/Drivers/STM32N6xx_HAL_Driver/Src/stm32n6xx_hal_sai.c ****   * @param  Size Amount of data to be received
1096:../../STM32Cube_FW_N6/Drivers/STM32N6xx_HAL_Driver/Src/stm32n6xx_hal_sai.c ****   * @param  Timeout Timeout duration
1097:../../STM32Cube_FW_N6/Drivers/STM32N6xx_HAL_Driver/Src/stm32n6xx_hal_sai.c ****   * @retval HAL status
1098:../../STM32Cube_FW_N6/Drivers/STM32N6xx_HAL_Driver/Src/stm32n6xx_hal_sai.c ****   */
1099:../../STM32Cube_FW_N6/Drivers/STM32N6xx_HAL_Driver/Src/stm32n6xx_hal_sai.c **** HAL_StatusTypeDef HAL_SAI_Receive(SAI_HandleTypeDef *hsai, uint8_t *pData, uint16_t Size, uint32_t 
1100:../../STM32Cube_FW_N6/Drivers/STM32N6xx_HAL_Driver/Src/stm32n6xx_hal_sai.c **** {
1101:../../STM32Cube_FW_N6/Drivers/STM32N6xx_HAL_Driver/Src/stm32n6xx_hal_sai.c ****   uint32_t tickstart = HAL_GetTick();
1102:../../STM32Cube_FW_N6/Drivers/STM32N6xx_HAL_Driver/Src/stm32n6xx_hal_sai.c ****   uint32_t temp;
1103:../../STM32Cube_FW_N6/Drivers/STM32N6xx_HAL_Driver/Src/stm32n6xx_hal_sai.c **** 
1104:../../STM32Cube_FW_N6/Drivers/STM32N6xx_HAL_Driver/Src/stm32n6xx_hal_sai.c ****   if ((pData == NULL) || (Size == 0U))
1105:../../STM32Cube_FW_N6/Drivers/STM32N6xx_HAL_Driver/Src/stm32n6xx_hal_sai.c ****   {
1106:../../STM32Cube_FW_N6/Drivers/STM32N6xx_HAL_Driver/Src/stm32n6xx_hal_sai.c ****     return  HAL_ERROR;
1107:../../STM32Cube_FW_N6/Drivers/STM32N6xx_HAL_Driver/Src/stm32n6xx_hal_sai.c ****   }
1108:../../STM32Cube_FW_N6/Drivers/STM32N6xx_HAL_Driver/Src/stm32n6xx_hal_sai.c **** 
ARM GAS  C:\Users\Antonio\AppData\Local\Temp\ccmFwfsh.s 			page 21


1109:../../STM32Cube_FW_N6/Drivers/STM32N6xx_HAL_Driver/Src/stm32n6xx_hal_sai.c ****   if (hsai->State == HAL_SAI_STATE_READY)
1110:../../STM32Cube_FW_N6/Drivers/STM32N6xx_HAL_Driver/Src/stm32n6xx_hal_sai.c ****   {
1111:../../STM32Cube_FW_N6/Drivers/STM32N6xx_HAL_Driver/Src/stm32n6xx_hal_sai.c ****     /* Process Locked */
1112:../../STM32Cube_FW_N6/Drivers/STM32N6xx_HAL_Driver/Src/stm32n6xx_hal_sai.c ****     __HAL_LOCK(hsai);
1113:../../STM32Cube_FW_N6/Drivers/STM32N6xx_HAL_Driver/Src/stm32n6xx_hal_sai.c **** 
1114:../../STM32Cube_FW_N6/Drivers/STM32N6xx_HAL_Driver/Src/stm32n6xx_hal_sai.c ****     hsai->pBuffPtr = pData;
1115:../../STM32Cube_FW_N6/Drivers/STM32N6xx_HAL_Driver/Src/stm32n6xx_hal_sai.c ****     hsai->XferSize = Size;
1116:../../STM32Cube_FW_N6/Drivers/STM32N6xx_HAL_Driver/Src/stm32n6xx_hal_sai.c ****     hsai->XferCount = Size;
1117:../../STM32Cube_FW_N6/Drivers/STM32N6xx_HAL_Driver/Src/stm32n6xx_hal_sai.c ****     hsai->State = HAL_SAI_STATE_BUSY_RX;
1118:../../STM32Cube_FW_N6/Drivers/STM32N6xx_HAL_Driver/Src/stm32n6xx_hal_sai.c ****     hsai->ErrorCode = HAL_SAI_ERROR_NONE;
1119:../../STM32Cube_FW_N6/Drivers/STM32N6xx_HAL_Driver/Src/stm32n6xx_hal_sai.c **** 
1120:../../STM32Cube_FW_N6/Drivers/STM32N6xx_HAL_Driver/Src/stm32n6xx_hal_sai.c ****     /* Check if the SAI is already enabled */
1121:../../STM32Cube_FW_N6/Drivers/STM32N6xx_HAL_Driver/Src/stm32n6xx_hal_sai.c ****     if ((hsai->Instance->CR1 & SAI_xCR1_SAIEN) == 0U)
1122:../../STM32Cube_FW_N6/Drivers/STM32N6xx_HAL_Driver/Src/stm32n6xx_hal_sai.c ****     {
1123:../../STM32Cube_FW_N6/Drivers/STM32N6xx_HAL_Driver/Src/stm32n6xx_hal_sai.c ****       /* Enable SAI peripheral */
1124:../../STM32Cube_FW_N6/Drivers/STM32N6xx_HAL_Driver/Src/stm32n6xx_hal_sai.c ****       __HAL_SAI_ENABLE(hsai);
1125:../../STM32Cube_FW_N6/Drivers/STM32N6xx_HAL_Driver/Src/stm32n6xx_hal_sai.c ****     }
1126:../../STM32Cube_FW_N6/Drivers/STM32N6xx_HAL_Driver/Src/stm32n6xx_hal_sai.c **** 
1127:../../STM32Cube_FW_N6/Drivers/STM32N6xx_HAL_Driver/Src/stm32n6xx_hal_sai.c ****     /* Receive data */
1128:../../STM32Cube_FW_N6/Drivers/STM32N6xx_HAL_Driver/Src/stm32n6xx_hal_sai.c ****     while (hsai->XferCount > 0U)
1129:../../STM32Cube_FW_N6/Drivers/STM32N6xx_HAL_Driver/Src/stm32n6xx_hal_sai.c ****     {
1130:../../STM32Cube_FW_N6/Drivers/STM32N6xx_HAL_Driver/Src/stm32n6xx_hal_sai.c ****       if ((hsai->Instance->SR & SAI_xSR_FLVL) != SAI_FIFOSTATUS_EMPTY)
1131:../../STM32Cube_FW_N6/Drivers/STM32N6xx_HAL_Driver/Src/stm32n6xx_hal_sai.c ****       {
1132:../../STM32Cube_FW_N6/Drivers/STM32N6xx_HAL_Driver/Src/stm32n6xx_hal_sai.c ****         if ((hsai->Init.DataSize == SAI_DATASIZE_8) && (hsai->Init.CompandingMode == SAI_NOCOMPANDI
1133:../../STM32Cube_FW_N6/Drivers/STM32N6xx_HAL_Driver/Src/stm32n6xx_hal_sai.c ****         {
1134:../../STM32Cube_FW_N6/Drivers/STM32N6xx_HAL_Driver/Src/stm32n6xx_hal_sai.c ****           *hsai->pBuffPtr = (uint8_t)hsai->Instance->DR;
1135:../../STM32Cube_FW_N6/Drivers/STM32N6xx_HAL_Driver/Src/stm32n6xx_hal_sai.c ****           hsai->pBuffPtr++;
1136:../../STM32Cube_FW_N6/Drivers/STM32N6xx_HAL_Driver/Src/stm32n6xx_hal_sai.c ****         }
1137:../../STM32Cube_FW_N6/Drivers/STM32N6xx_HAL_Driver/Src/stm32n6xx_hal_sai.c ****         else if (hsai->Init.DataSize <= SAI_DATASIZE_16)
1138:../../STM32Cube_FW_N6/Drivers/STM32N6xx_HAL_Driver/Src/stm32n6xx_hal_sai.c ****         {
1139:../../STM32Cube_FW_N6/Drivers/STM32N6xx_HAL_Driver/Src/stm32n6xx_hal_sai.c ****           temp = hsai->Instance->DR;
1140:../../STM32Cube_FW_N6/Drivers/STM32N6xx_HAL_Driver/Src/stm32n6xx_hal_sai.c ****           *hsai->pBuffPtr = (uint8_t)temp;
1141:../../STM32Cube_FW_N6/Drivers/STM32N6xx_HAL_Driver/Src/stm32n6xx_hal_sai.c ****           hsai->pBuffPtr++;
1142:../../STM32Cube_FW_N6/Drivers/STM32N6xx_HAL_Driver/Src/stm32n6xx_hal_sai.c ****           *hsai->pBuffPtr = (uint8_t)(temp >> 8);
1143:../../STM32Cube_FW_N6/Drivers/STM32N6xx_HAL_Driver/Src/stm32n6xx_hal_sai.c ****           hsai->pBuffPtr++;
1144:../../STM32Cube_FW_N6/Drivers/STM32N6xx_HAL_Driver/Src/stm32n6xx_hal_sai.c ****         }
1145:../../STM32Cube_FW_N6/Drivers/STM32N6xx_HAL_Driver/Src/stm32n6xx_hal_sai.c ****         else
1146:../../STM32Cube_FW_N6/Drivers/STM32N6xx_HAL_Driver/Src/stm32n6xx_hal_sai.c ****         {
1147:../../STM32Cube_FW_N6/Drivers/STM32N6xx_HAL_Driver/Src/stm32n6xx_hal_sai.c ****           temp = hsai->Instance->DR;
1148:../../STM32Cube_FW_N6/Drivers/STM32N6xx_HAL_Driver/Src/stm32n6xx_hal_sai.c ****           *hsai->pBuffPtr = (uint8_t)temp;
1149:../../STM32Cube_FW_N6/Drivers/STM32N6xx_HAL_Driver/Src/stm32n6xx_hal_sai.c ****           hsai->pBuffPtr++;
1150:../../STM32Cube_FW_N6/Drivers/STM32N6xx_HAL_Driver/Src/stm32n6xx_hal_sai.c ****           *hsai->pBuffPtr = (uint8_t)(temp >> 8);
1151:../../STM32Cube_FW_N6/Drivers/STM32N6xx_HAL_Driver/Src/stm32n6xx_hal_sai.c ****           hsai->pBuffPtr++;
1152:../../STM32Cube_FW_N6/Drivers/STM32N6xx_HAL_Driver/Src/stm32n6xx_hal_sai.c ****           *hsai->pBuffPtr = (uint8_t)(temp >> 16);
1153:../../STM32Cube_FW_N6/Drivers/STM32N6xx_HAL_Driver/Src/stm32n6xx_hal_sai.c ****           hsai->pBuffPtr++;
1154:../../STM32Cube_FW_N6/Drivers/STM32N6xx_HAL_Driver/Src/stm32n6xx_hal_sai.c ****           *hsai->pBuffPtr = (uint8_t)(temp >> 24);
1155:../../STM32Cube_FW_N6/Drivers/STM32N6xx_HAL_Driver/Src/stm32n6xx_hal_sai.c ****           hsai->pBuffPtr++;
1156:../../STM32Cube_FW_N6/Drivers/STM32N6xx_HAL_Driver/Src/stm32n6xx_hal_sai.c ****         }
1157:../../STM32Cube_FW_N6/Drivers/STM32N6xx_HAL_Driver/Src/stm32n6xx_hal_sai.c ****         hsai->XferCount--;
1158:../../STM32Cube_FW_N6/Drivers/STM32N6xx_HAL_Driver/Src/stm32n6xx_hal_sai.c ****       }
1159:../../STM32Cube_FW_N6/Drivers/STM32N6xx_HAL_Driver/Src/stm32n6xx_hal_sai.c ****       else
1160:../../STM32Cube_FW_N6/Drivers/STM32N6xx_HAL_Driver/Src/stm32n6xx_hal_sai.c ****       {
1161:../../STM32Cube_FW_N6/Drivers/STM32N6xx_HAL_Driver/Src/stm32n6xx_hal_sai.c ****         /* Check for the Timeout */
1162:../../STM32Cube_FW_N6/Drivers/STM32N6xx_HAL_Driver/Src/stm32n6xx_hal_sai.c ****         if ((((HAL_GetTick() - tickstart) > Timeout) || (Timeout == 0U)) && (Timeout != HAL_MAX_DEL
1163:../../STM32Cube_FW_N6/Drivers/STM32N6xx_HAL_Driver/Src/stm32n6xx_hal_sai.c ****         {
1164:../../STM32Cube_FW_N6/Drivers/STM32N6xx_HAL_Driver/Src/stm32n6xx_hal_sai.c ****           /* Update error code */
1165:../../STM32Cube_FW_N6/Drivers/STM32N6xx_HAL_Driver/Src/stm32n6xx_hal_sai.c ****           hsai->ErrorCode |= HAL_SAI_ERROR_TIMEOUT;
ARM GAS  C:\Users\Antonio\AppData\Local\Temp\ccmFwfsh.s 			page 22


1166:../../STM32Cube_FW_N6/Drivers/STM32N6xx_HAL_Driver/Src/stm32n6xx_hal_sai.c **** 
1167:../../STM32Cube_FW_N6/Drivers/STM32N6xx_HAL_Driver/Src/stm32n6xx_hal_sai.c ****           /* Clear all the flags */
1168:../../STM32Cube_FW_N6/Drivers/STM32N6xx_HAL_Driver/Src/stm32n6xx_hal_sai.c ****           hsai->Instance->CLRFR = 0xFFFFFFFFU;
1169:../../STM32Cube_FW_N6/Drivers/STM32N6xx_HAL_Driver/Src/stm32n6xx_hal_sai.c **** 
1170:../../STM32Cube_FW_N6/Drivers/STM32N6xx_HAL_Driver/Src/stm32n6xx_hal_sai.c ****           /* Disable SAI peripheral */
1171:../../STM32Cube_FW_N6/Drivers/STM32N6xx_HAL_Driver/Src/stm32n6xx_hal_sai.c ****           /* No need to check return value because state update, unlock and error return will be pe
1172:../../STM32Cube_FW_N6/Drivers/STM32N6xx_HAL_Driver/Src/stm32n6xx_hal_sai.c ****           (void) SAI_Disable(hsai);
1173:../../STM32Cube_FW_N6/Drivers/STM32N6xx_HAL_Driver/Src/stm32n6xx_hal_sai.c **** 
1174:../../STM32Cube_FW_N6/Drivers/STM32N6xx_HAL_Driver/Src/stm32n6xx_hal_sai.c ****           /* Flush the fifo */
1175:../../STM32Cube_FW_N6/Drivers/STM32N6xx_HAL_Driver/Src/stm32n6xx_hal_sai.c ****           SET_BIT(hsai->Instance->CR2, SAI_xCR2_FFLUSH);
1176:../../STM32Cube_FW_N6/Drivers/STM32N6xx_HAL_Driver/Src/stm32n6xx_hal_sai.c **** 
1177:../../STM32Cube_FW_N6/Drivers/STM32N6xx_HAL_Driver/Src/stm32n6xx_hal_sai.c ****           /* Change the SAI state */
1178:../../STM32Cube_FW_N6/Drivers/STM32N6xx_HAL_Driver/Src/stm32n6xx_hal_sai.c ****           hsai->State = HAL_SAI_STATE_READY;
1179:../../STM32Cube_FW_N6/Drivers/STM32N6xx_HAL_Driver/Src/stm32n6xx_hal_sai.c **** 
1180:../../STM32Cube_FW_N6/Drivers/STM32N6xx_HAL_Driver/Src/stm32n6xx_hal_sai.c ****           /* Process Unlocked */
1181:../../STM32Cube_FW_N6/Drivers/STM32N6xx_HAL_Driver/Src/stm32n6xx_hal_sai.c ****           __HAL_UNLOCK(hsai);
1182:../../STM32Cube_FW_N6/Drivers/STM32N6xx_HAL_Driver/Src/stm32n6xx_hal_sai.c **** 
1183:../../STM32Cube_FW_N6/Drivers/STM32N6xx_HAL_Driver/Src/stm32n6xx_hal_sai.c ****           return HAL_ERROR;
1184:../../STM32Cube_FW_N6/Drivers/STM32N6xx_HAL_Driver/Src/stm32n6xx_hal_sai.c ****         }
1185:../../STM32Cube_FW_N6/Drivers/STM32N6xx_HAL_Driver/Src/stm32n6xx_hal_sai.c ****       }
1186:../../STM32Cube_FW_N6/Drivers/STM32N6xx_HAL_Driver/Src/stm32n6xx_hal_sai.c ****     }
1187:../../STM32Cube_FW_N6/Drivers/STM32N6xx_HAL_Driver/Src/stm32n6xx_hal_sai.c **** 
1188:../../STM32Cube_FW_N6/Drivers/STM32N6xx_HAL_Driver/Src/stm32n6xx_hal_sai.c ****     hsai->State = HAL_SAI_STATE_READY;
1189:../../STM32Cube_FW_N6/Drivers/STM32N6xx_HAL_Driver/Src/stm32n6xx_hal_sai.c **** 
1190:../../STM32Cube_FW_N6/Drivers/STM32N6xx_HAL_Driver/Src/stm32n6xx_hal_sai.c ****     /* Process Unlocked */
1191:../../STM32Cube_FW_N6/Drivers/STM32N6xx_HAL_Driver/Src/stm32n6xx_hal_sai.c ****     __HAL_UNLOCK(hsai);
1192:../../STM32Cube_FW_N6/Drivers/STM32N6xx_HAL_Driver/Src/stm32n6xx_hal_sai.c **** 
1193:../../STM32Cube_FW_N6/Drivers/STM32N6xx_HAL_Driver/Src/stm32n6xx_hal_sai.c ****     return HAL_OK;
1194:../../STM32Cube_FW_N6/Drivers/STM32N6xx_HAL_Driver/Src/stm32n6xx_hal_sai.c ****   }
1195:../../STM32Cube_FW_N6/Drivers/STM32N6xx_HAL_Driver/Src/stm32n6xx_hal_sai.c ****   else
1196:../../STM32Cube_FW_N6/Drivers/STM32N6xx_HAL_Driver/Src/stm32n6xx_hal_sai.c ****   {
1197:../../STM32Cube_FW_N6/Drivers/STM32N6xx_HAL_Driver/Src/stm32n6xx_hal_sai.c ****     return HAL_BUSY;
1198:../../STM32Cube_FW_N6/Drivers/STM32N6xx_HAL_Driver/Src/stm32n6xx_hal_sai.c ****   }
1199:../../STM32Cube_FW_N6/Drivers/STM32N6xx_HAL_Driver/Src/stm32n6xx_hal_sai.c **** }
1200:../../STM32Cube_FW_N6/Drivers/STM32N6xx_HAL_Driver/Src/stm32n6xx_hal_sai.c **** 
1201:../../STM32Cube_FW_N6/Drivers/STM32N6xx_HAL_Driver/Src/stm32n6xx_hal_sai.c **** /**
1202:../../STM32Cube_FW_N6/Drivers/STM32N6xx_HAL_Driver/Src/stm32n6xx_hal_sai.c ****   * @brief  Transmit an amount of data in non-blocking mode with Interrupt.
1203:../../STM32Cube_FW_N6/Drivers/STM32N6xx_HAL_Driver/Src/stm32n6xx_hal_sai.c ****   * @param  hsai pointer to a SAI_HandleTypeDef structure that contains
1204:../../STM32Cube_FW_N6/Drivers/STM32N6xx_HAL_Driver/Src/stm32n6xx_hal_sai.c ****   *              the configuration information for SAI module.
1205:../../STM32Cube_FW_N6/Drivers/STM32N6xx_HAL_Driver/Src/stm32n6xx_hal_sai.c ****   * @param  pData Pointer to data buffer
1206:../../STM32Cube_FW_N6/Drivers/STM32N6xx_HAL_Driver/Src/stm32n6xx_hal_sai.c ****   * @param  Size Amount of data to be sent
1207:../../STM32Cube_FW_N6/Drivers/STM32N6xx_HAL_Driver/Src/stm32n6xx_hal_sai.c ****   * @retval HAL status
1208:../../STM32Cube_FW_N6/Drivers/STM32N6xx_HAL_Driver/Src/stm32n6xx_hal_sai.c ****   */
1209:../../STM32Cube_FW_N6/Drivers/STM32N6xx_HAL_Driver/Src/stm32n6xx_hal_sai.c **** HAL_StatusTypeDef HAL_SAI_Transmit_IT(SAI_HandleTypeDef *hsai, uint8_t *pData, uint16_t Size)
1210:../../STM32Cube_FW_N6/Drivers/STM32N6xx_HAL_Driver/Src/stm32n6xx_hal_sai.c **** {
1211:../../STM32Cube_FW_N6/Drivers/STM32N6xx_HAL_Driver/Src/stm32n6xx_hal_sai.c ****   if ((pData == NULL) || (Size == 0U))
1212:../../STM32Cube_FW_N6/Drivers/STM32N6xx_HAL_Driver/Src/stm32n6xx_hal_sai.c ****   {
1213:../../STM32Cube_FW_N6/Drivers/STM32N6xx_HAL_Driver/Src/stm32n6xx_hal_sai.c ****     return  HAL_ERROR;
1214:../../STM32Cube_FW_N6/Drivers/STM32N6xx_HAL_Driver/Src/stm32n6xx_hal_sai.c ****   }
1215:../../STM32Cube_FW_N6/Drivers/STM32N6xx_HAL_Driver/Src/stm32n6xx_hal_sai.c **** 
1216:../../STM32Cube_FW_N6/Drivers/STM32N6xx_HAL_Driver/Src/stm32n6xx_hal_sai.c ****   if (hsai->State == HAL_SAI_STATE_READY)
1217:../../STM32Cube_FW_N6/Drivers/STM32N6xx_HAL_Driver/Src/stm32n6xx_hal_sai.c ****   {
1218:../../STM32Cube_FW_N6/Drivers/STM32N6xx_HAL_Driver/Src/stm32n6xx_hal_sai.c ****     /* Process Locked */
1219:../../STM32Cube_FW_N6/Drivers/STM32N6xx_HAL_Driver/Src/stm32n6xx_hal_sai.c ****     __HAL_LOCK(hsai);
1220:../../STM32Cube_FW_N6/Drivers/STM32N6xx_HAL_Driver/Src/stm32n6xx_hal_sai.c **** 
1221:../../STM32Cube_FW_N6/Drivers/STM32N6xx_HAL_Driver/Src/stm32n6xx_hal_sai.c ****     hsai->pBuffPtr = pData;
1222:../../STM32Cube_FW_N6/Drivers/STM32N6xx_HAL_Driver/Src/stm32n6xx_hal_sai.c ****     hsai->XferSize = Size;
ARM GAS  C:\Users\Antonio\AppData\Local\Temp\ccmFwfsh.s 			page 23


1223:../../STM32Cube_FW_N6/Drivers/STM32N6xx_HAL_Driver/Src/stm32n6xx_hal_sai.c ****     hsai->XferCount = Size;
1224:../../STM32Cube_FW_N6/Drivers/STM32N6xx_HAL_Driver/Src/stm32n6xx_hal_sai.c ****     hsai->ErrorCode = HAL_SAI_ERROR_NONE;
1225:../../STM32Cube_FW_N6/Drivers/STM32N6xx_HAL_Driver/Src/stm32n6xx_hal_sai.c ****     hsai->State = HAL_SAI_STATE_BUSY_TX;
1226:../../STM32Cube_FW_N6/Drivers/STM32N6xx_HAL_Driver/Src/stm32n6xx_hal_sai.c **** 
1227:../../STM32Cube_FW_N6/Drivers/STM32N6xx_HAL_Driver/Src/stm32n6xx_hal_sai.c ****     if ((hsai->Init.DataSize == SAI_DATASIZE_8) && (hsai->Init.CompandingMode == SAI_NOCOMPANDING))
1228:../../STM32Cube_FW_N6/Drivers/STM32N6xx_HAL_Driver/Src/stm32n6xx_hal_sai.c ****     {
1229:../../STM32Cube_FW_N6/Drivers/STM32N6xx_HAL_Driver/Src/stm32n6xx_hal_sai.c ****       hsai->InterruptServiceRoutine = SAI_Transmit_IT8Bit;
1230:../../STM32Cube_FW_N6/Drivers/STM32N6xx_HAL_Driver/Src/stm32n6xx_hal_sai.c ****     }
1231:../../STM32Cube_FW_N6/Drivers/STM32N6xx_HAL_Driver/Src/stm32n6xx_hal_sai.c ****     else if (hsai->Init.DataSize <= SAI_DATASIZE_16)
1232:../../STM32Cube_FW_N6/Drivers/STM32N6xx_HAL_Driver/Src/stm32n6xx_hal_sai.c ****     {
1233:../../STM32Cube_FW_N6/Drivers/STM32N6xx_HAL_Driver/Src/stm32n6xx_hal_sai.c ****       hsai->InterruptServiceRoutine = SAI_Transmit_IT16Bit;
1234:../../STM32Cube_FW_N6/Drivers/STM32N6xx_HAL_Driver/Src/stm32n6xx_hal_sai.c ****     }
1235:../../STM32Cube_FW_N6/Drivers/STM32N6xx_HAL_Driver/Src/stm32n6xx_hal_sai.c ****     else
1236:../../STM32Cube_FW_N6/Drivers/STM32N6xx_HAL_Driver/Src/stm32n6xx_hal_sai.c ****     {
1237:../../STM32Cube_FW_N6/Drivers/STM32N6xx_HAL_Driver/Src/stm32n6xx_hal_sai.c ****       hsai->InterruptServiceRoutine = SAI_Transmit_IT32Bit;
1238:../../STM32Cube_FW_N6/Drivers/STM32N6xx_HAL_Driver/Src/stm32n6xx_hal_sai.c ****     }
1239:../../STM32Cube_FW_N6/Drivers/STM32N6xx_HAL_Driver/Src/stm32n6xx_hal_sai.c **** 
1240:../../STM32Cube_FW_N6/Drivers/STM32N6xx_HAL_Driver/Src/stm32n6xx_hal_sai.c ****     /* Fill the fifo before starting the communication */
1241:../../STM32Cube_FW_N6/Drivers/STM32N6xx_HAL_Driver/Src/stm32n6xx_hal_sai.c ****     SAI_FillFifo(hsai);
1242:../../STM32Cube_FW_N6/Drivers/STM32N6xx_HAL_Driver/Src/stm32n6xx_hal_sai.c **** 
1243:../../STM32Cube_FW_N6/Drivers/STM32N6xx_HAL_Driver/Src/stm32n6xx_hal_sai.c ****     /* Enable FRQ and OVRUDR interrupts */
1244:../../STM32Cube_FW_N6/Drivers/STM32N6xx_HAL_Driver/Src/stm32n6xx_hal_sai.c ****     __HAL_SAI_ENABLE_IT(hsai, SAI_InterruptFlag(hsai, SAI_MODE_IT));
1245:../../STM32Cube_FW_N6/Drivers/STM32N6xx_HAL_Driver/Src/stm32n6xx_hal_sai.c **** 
1246:../../STM32Cube_FW_N6/Drivers/STM32N6xx_HAL_Driver/Src/stm32n6xx_hal_sai.c ****     /* Check if the SAI is already enabled */
1247:../../STM32Cube_FW_N6/Drivers/STM32N6xx_HAL_Driver/Src/stm32n6xx_hal_sai.c ****     if ((hsai->Instance->CR1 & SAI_xCR1_SAIEN) == 0U)
1248:../../STM32Cube_FW_N6/Drivers/STM32N6xx_HAL_Driver/Src/stm32n6xx_hal_sai.c ****     {
1249:../../STM32Cube_FW_N6/Drivers/STM32N6xx_HAL_Driver/Src/stm32n6xx_hal_sai.c ****       /* Enable SAI peripheral */
1250:../../STM32Cube_FW_N6/Drivers/STM32N6xx_HAL_Driver/Src/stm32n6xx_hal_sai.c ****       __HAL_SAI_ENABLE(hsai);
1251:../../STM32Cube_FW_N6/Drivers/STM32N6xx_HAL_Driver/Src/stm32n6xx_hal_sai.c ****     }
1252:../../STM32Cube_FW_N6/Drivers/STM32N6xx_HAL_Driver/Src/stm32n6xx_hal_sai.c ****     /* Process Unlocked */
1253:../../STM32Cube_FW_N6/Drivers/STM32N6xx_HAL_Driver/Src/stm32n6xx_hal_sai.c ****     __HAL_UNLOCK(hsai);
1254:../../STM32Cube_FW_N6/Drivers/STM32N6xx_HAL_Driver/Src/stm32n6xx_hal_sai.c **** 
1255:../../STM32Cube_FW_N6/Drivers/STM32N6xx_HAL_Driver/Src/stm32n6xx_hal_sai.c ****     return HAL_OK;
1256:../../STM32Cube_FW_N6/Drivers/STM32N6xx_HAL_Driver/Src/stm32n6xx_hal_sai.c ****   }
1257:../../STM32Cube_FW_N6/Drivers/STM32N6xx_HAL_Driver/Src/stm32n6xx_hal_sai.c ****   else
1258:../../STM32Cube_FW_N6/Drivers/STM32N6xx_HAL_Driver/Src/stm32n6xx_hal_sai.c ****   {
1259:../../STM32Cube_FW_N6/Drivers/STM32N6xx_HAL_Driver/Src/stm32n6xx_hal_sai.c ****     return HAL_BUSY;
1260:../../STM32Cube_FW_N6/Drivers/STM32N6xx_HAL_Driver/Src/stm32n6xx_hal_sai.c ****   }
1261:../../STM32Cube_FW_N6/Drivers/STM32N6xx_HAL_Driver/Src/stm32n6xx_hal_sai.c **** }
1262:../../STM32Cube_FW_N6/Drivers/STM32N6xx_HAL_Driver/Src/stm32n6xx_hal_sai.c **** 
1263:../../STM32Cube_FW_N6/Drivers/STM32N6xx_HAL_Driver/Src/stm32n6xx_hal_sai.c **** /**
1264:../../STM32Cube_FW_N6/Drivers/STM32N6xx_HAL_Driver/Src/stm32n6xx_hal_sai.c ****   * @brief  Receive an amount of data in non-blocking mode with Interrupt.
1265:../../STM32Cube_FW_N6/Drivers/STM32N6xx_HAL_Driver/Src/stm32n6xx_hal_sai.c ****   * @param  hsai pointer to a SAI_HandleTypeDef structure that contains
1266:../../STM32Cube_FW_N6/Drivers/STM32N6xx_HAL_Driver/Src/stm32n6xx_hal_sai.c ****   *              the configuration information for SAI module.
1267:../../STM32Cube_FW_N6/Drivers/STM32N6xx_HAL_Driver/Src/stm32n6xx_hal_sai.c ****   * @param  pData Pointer to data buffer
1268:../../STM32Cube_FW_N6/Drivers/STM32N6xx_HAL_Driver/Src/stm32n6xx_hal_sai.c ****   * @param  Size Amount of data to be received
1269:../../STM32Cube_FW_N6/Drivers/STM32N6xx_HAL_Driver/Src/stm32n6xx_hal_sai.c ****   * @retval HAL status
1270:../../STM32Cube_FW_N6/Drivers/STM32N6xx_HAL_Driver/Src/stm32n6xx_hal_sai.c ****   */
1271:../../STM32Cube_FW_N6/Drivers/STM32N6xx_HAL_Driver/Src/stm32n6xx_hal_sai.c **** HAL_StatusTypeDef HAL_SAI_Receive_IT(SAI_HandleTypeDef *hsai, uint8_t *pData, uint16_t Size)
1272:../../STM32Cube_FW_N6/Drivers/STM32N6xx_HAL_Driver/Src/stm32n6xx_hal_sai.c **** {
1273:../../STM32Cube_FW_N6/Drivers/STM32N6xx_HAL_Driver/Src/stm32n6xx_hal_sai.c ****   if ((pData == NULL) || (Size == 0U))
1274:../../STM32Cube_FW_N6/Drivers/STM32N6xx_HAL_Driver/Src/stm32n6xx_hal_sai.c ****   {
1275:../../STM32Cube_FW_N6/Drivers/STM32N6xx_HAL_Driver/Src/stm32n6xx_hal_sai.c ****     return  HAL_ERROR;
1276:../../STM32Cube_FW_N6/Drivers/STM32N6xx_HAL_Driver/Src/stm32n6xx_hal_sai.c ****   }
1277:../../STM32Cube_FW_N6/Drivers/STM32N6xx_HAL_Driver/Src/stm32n6xx_hal_sai.c **** 
1278:../../STM32Cube_FW_N6/Drivers/STM32N6xx_HAL_Driver/Src/stm32n6xx_hal_sai.c ****   if (hsai->State == HAL_SAI_STATE_READY)
1279:../../STM32Cube_FW_N6/Drivers/STM32N6xx_HAL_Driver/Src/stm32n6xx_hal_sai.c ****   {
ARM GAS  C:\Users\Antonio\AppData\Local\Temp\ccmFwfsh.s 			page 24


1280:../../STM32Cube_FW_N6/Drivers/STM32N6xx_HAL_Driver/Src/stm32n6xx_hal_sai.c ****     /* Process Locked */
1281:../../STM32Cube_FW_N6/Drivers/STM32N6xx_HAL_Driver/Src/stm32n6xx_hal_sai.c ****     __HAL_LOCK(hsai);
1282:../../STM32Cube_FW_N6/Drivers/STM32N6xx_HAL_Driver/Src/stm32n6xx_hal_sai.c **** 
1283:../../STM32Cube_FW_N6/Drivers/STM32N6xx_HAL_Driver/Src/stm32n6xx_hal_sai.c ****     hsai->pBuffPtr = pData;
1284:../../STM32Cube_FW_N6/Drivers/STM32N6xx_HAL_Driver/Src/stm32n6xx_hal_sai.c ****     hsai->XferSize = Size;
1285:../../STM32Cube_FW_N6/Drivers/STM32N6xx_HAL_Driver/Src/stm32n6xx_hal_sai.c ****     hsai->XferCount = Size;
1286:../../STM32Cube_FW_N6/Drivers/STM32N6xx_HAL_Driver/Src/stm32n6xx_hal_sai.c ****     hsai->ErrorCode = HAL_SAI_ERROR_NONE;
1287:../../STM32Cube_FW_N6/Drivers/STM32N6xx_HAL_Driver/Src/stm32n6xx_hal_sai.c ****     hsai->State = HAL_SAI_STATE_BUSY_RX;
1288:../../STM32Cube_FW_N6/Drivers/STM32N6xx_HAL_Driver/Src/stm32n6xx_hal_sai.c **** 
1289:../../STM32Cube_FW_N6/Drivers/STM32N6xx_HAL_Driver/Src/stm32n6xx_hal_sai.c ****     if ((hsai->Init.DataSize == SAI_DATASIZE_8) && (hsai->Init.CompandingMode == SAI_NOCOMPANDING))
1290:../../STM32Cube_FW_N6/Drivers/STM32N6xx_HAL_Driver/Src/stm32n6xx_hal_sai.c ****     {
1291:../../STM32Cube_FW_N6/Drivers/STM32N6xx_HAL_Driver/Src/stm32n6xx_hal_sai.c ****       hsai->InterruptServiceRoutine = SAI_Receive_IT8Bit;
1292:../../STM32Cube_FW_N6/Drivers/STM32N6xx_HAL_Driver/Src/stm32n6xx_hal_sai.c ****     }
1293:../../STM32Cube_FW_N6/Drivers/STM32N6xx_HAL_Driver/Src/stm32n6xx_hal_sai.c ****     else if (hsai->Init.DataSize <= SAI_DATASIZE_16)
1294:../../STM32Cube_FW_N6/Drivers/STM32N6xx_HAL_Driver/Src/stm32n6xx_hal_sai.c ****     {
1295:../../STM32Cube_FW_N6/Drivers/STM32N6xx_HAL_Driver/Src/stm32n6xx_hal_sai.c ****       hsai->InterruptServiceRoutine = SAI_Receive_IT16Bit;
1296:../../STM32Cube_FW_N6/Drivers/STM32N6xx_HAL_Driver/Src/stm32n6xx_hal_sai.c ****     }
1297:../../STM32Cube_FW_N6/Drivers/STM32N6xx_HAL_Driver/Src/stm32n6xx_hal_sai.c ****     else
1298:../../STM32Cube_FW_N6/Drivers/STM32N6xx_HAL_Driver/Src/stm32n6xx_hal_sai.c ****     {
1299:../../STM32Cube_FW_N6/Drivers/STM32N6xx_HAL_Driver/Src/stm32n6xx_hal_sai.c ****       hsai->InterruptServiceRoutine = SAI_Receive_IT32Bit;
1300:../../STM32Cube_FW_N6/Drivers/STM32N6xx_HAL_Driver/Src/stm32n6xx_hal_sai.c ****     }
1301:../../STM32Cube_FW_N6/Drivers/STM32N6xx_HAL_Driver/Src/stm32n6xx_hal_sai.c **** 
1302:../../STM32Cube_FW_N6/Drivers/STM32N6xx_HAL_Driver/Src/stm32n6xx_hal_sai.c ****     /* Enable TXE and OVRUDR interrupts */
1303:../../STM32Cube_FW_N6/Drivers/STM32N6xx_HAL_Driver/Src/stm32n6xx_hal_sai.c ****     __HAL_SAI_ENABLE_IT(hsai, SAI_InterruptFlag(hsai, SAI_MODE_IT));
1304:../../STM32Cube_FW_N6/Drivers/STM32N6xx_HAL_Driver/Src/stm32n6xx_hal_sai.c **** 
1305:../../STM32Cube_FW_N6/Drivers/STM32N6xx_HAL_Driver/Src/stm32n6xx_hal_sai.c ****     /* Check if the SAI is already enabled */
1306:../../STM32Cube_FW_N6/Drivers/STM32N6xx_HAL_Driver/Src/stm32n6xx_hal_sai.c ****     if ((hsai->Instance->CR1 & SAI_xCR1_SAIEN) == 0U)
1307:../../STM32Cube_FW_N6/Drivers/STM32N6xx_HAL_Driver/Src/stm32n6xx_hal_sai.c ****     {
1308:../../STM32Cube_FW_N6/Drivers/STM32N6xx_HAL_Driver/Src/stm32n6xx_hal_sai.c ****       /* Enable SAI peripheral */
1309:../../STM32Cube_FW_N6/Drivers/STM32N6xx_HAL_Driver/Src/stm32n6xx_hal_sai.c ****       __HAL_SAI_ENABLE(hsai);
1310:../../STM32Cube_FW_N6/Drivers/STM32N6xx_HAL_Driver/Src/stm32n6xx_hal_sai.c ****     }
1311:../../STM32Cube_FW_N6/Drivers/STM32N6xx_HAL_Driver/Src/stm32n6xx_hal_sai.c **** 
1312:../../STM32Cube_FW_N6/Drivers/STM32N6xx_HAL_Driver/Src/stm32n6xx_hal_sai.c ****     /* Process Unlocked */
1313:../../STM32Cube_FW_N6/Drivers/STM32N6xx_HAL_Driver/Src/stm32n6xx_hal_sai.c ****     __HAL_UNLOCK(hsai);
1314:../../STM32Cube_FW_N6/Drivers/STM32N6xx_HAL_Driver/Src/stm32n6xx_hal_sai.c **** 
1315:../../STM32Cube_FW_N6/Drivers/STM32N6xx_HAL_Driver/Src/stm32n6xx_hal_sai.c ****     return HAL_OK;
1316:../../STM32Cube_FW_N6/Drivers/STM32N6xx_HAL_Driver/Src/stm32n6xx_hal_sai.c ****   }
1317:../../STM32Cube_FW_N6/Drivers/STM32N6xx_HAL_Driver/Src/stm32n6xx_hal_sai.c ****   else
1318:../../STM32Cube_FW_N6/Drivers/STM32N6xx_HAL_Driver/Src/stm32n6xx_hal_sai.c ****   {
1319:../../STM32Cube_FW_N6/Drivers/STM32N6xx_HAL_Driver/Src/stm32n6xx_hal_sai.c ****     return HAL_BUSY;
1320:../../STM32Cube_FW_N6/Drivers/STM32N6xx_HAL_Driver/Src/stm32n6xx_hal_sai.c ****   }
1321:../../STM32Cube_FW_N6/Drivers/STM32N6xx_HAL_Driver/Src/stm32n6xx_hal_sai.c **** }
1322:../../STM32Cube_FW_N6/Drivers/STM32N6xx_HAL_Driver/Src/stm32n6xx_hal_sai.c **** 
1323:../../STM32Cube_FW_N6/Drivers/STM32N6xx_HAL_Driver/Src/stm32n6xx_hal_sai.c **** /**
1324:../../STM32Cube_FW_N6/Drivers/STM32N6xx_HAL_Driver/Src/stm32n6xx_hal_sai.c ****   * @brief Pause the audio stream playing from the Media.
1325:../../STM32Cube_FW_N6/Drivers/STM32N6xx_HAL_Driver/Src/stm32n6xx_hal_sai.c ****   * @param  hsai pointer to a SAI_HandleTypeDef structure that contains
1326:../../STM32Cube_FW_N6/Drivers/STM32N6xx_HAL_Driver/Src/stm32n6xx_hal_sai.c ****   *              the configuration information for SAI module.
1327:../../STM32Cube_FW_N6/Drivers/STM32N6xx_HAL_Driver/Src/stm32n6xx_hal_sai.c ****   * @retval HAL status
1328:../../STM32Cube_FW_N6/Drivers/STM32N6xx_HAL_Driver/Src/stm32n6xx_hal_sai.c ****   */
1329:../../STM32Cube_FW_N6/Drivers/STM32N6xx_HAL_Driver/Src/stm32n6xx_hal_sai.c **** HAL_StatusTypeDef HAL_SAI_DMAPause(SAI_HandleTypeDef *hsai)
1330:../../STM32Cube_FW_N6/Drivers/STM32N6xx_HAL_Driver/Src/stm32n6xx_hal_sai.c **** {
1331:../../STM32Cube_FW_N6/Drivers/STM32N6xx_HAL_Driver/Src/stm32n6xx_hal_sai.c ****   /* Process Locked */
1332:../../STM32Cube_FW_N6/Drivers/STM32N6xx_HAL_Driver/Src/stm32n6xx_hal_sai.c ****   __HAL_LOCK(hsai);
1333:../../STM32Cube_FW_N6/Drivers/STM32N6xx_HAL_Driver/Src/stm32n6xx_hal_sai.c **** 
1334:../../STM32Cube_FW_N6/Drivers/STM32N6xx_HAL_Driver/Src/stm32n6xx_hal_sai.c ****   /* Pause the audio file playing by disabling the SAI DMA requests */
1335:../../STM32Cube_FW_N6/Drivers/STM32N6xx_HAL_Driver/Src/stm32n6xx_hal_sai.c ****   hsai->Instance->CR1 &= ~SAI_xCR1_DMAEN;
1336:../../STM32Cube_FW_N6/Drivers/STM32N6xx_HAL_Driver/Src/stm32n6xx_hal_sai.c **** 
ARM GAS  C:\Users\Antonio\AppData\Local\Temp\ccmFwfsh.s 			page 25


1337:../../STM32Cube_FW_N6/Drivers/STM32N6xx_HAL_Driver/Src/stm32n6xx_hal_sai.c ****   /* Process Unlocked */
1338:../../STM32Cube_FW_N6/Drivers/STM32N6xx_HAL_Driver/Src/stm32n6xx_hal_sai.c ****   __HAL_UNLOCK(hsai);
1339:../../STM32Cube_FW_N6/Drivers/STM32N6xx_HAL_Driver/Src/stm32n6xx_hal_sai.c **** 
1340:../../STM32Cube_FW_N6/Drivers/STM32N6xx_HAL_Driver/Src/stm32n6xx_hal_sai.c ****   return HAL_OK;
1341:../../STM32Cube_FW_N6/Drivers/STM32N6xx_HAL_Driver/Src/stm32n6xx_hal_sai.c **** }
1342:../../STM32Cube_FW_N6/Drivers/STM32N6xx_HAL_Driver/Src/stm32n6xx_hal_sai.c **** 
1343:../../STM32Cube_FW_N6/Drivers/STM32N6xx_HAL_Driver/Src/stm32n6xx_hal_sai.c **** /**
1344:../../STM32Cube_FW_N6/Drivers/STM32N6xx_HAL_Driver/Src/stm32n6xx_hal_sai.c ****   * @brief Resume the audio stream playing from the Media.
1345:../../STM32Cube_FW_N6/Drivers/STM32N6xx_HAL_Driver/Src/stm32n6xx_hal_sai.c ****   * @param  hsai pointer to a SAI_HandleTypeDef structure that contains
1346:../../STM32Cube_FW_N6/Drivers/STM32N6xx_HAL_Driver/Src/stm32n6xx_hal_sai.c ****   *              the configuration information for SAI module.
1347:../../STM32Cube_FW_N6/Drivers/STM32N6xx_HAL_Driver/Src/stm32n6xx_hal_sai.c ****   * @retval HAL status
1348:../../STM32Cube_FW_N6/Drivers/STM32N6xx_HAL_Driver/Src/stm32n6xx_hal_sai.c ****   */
1349:../../STM32Cube_FW_N6/Drivers/STM32N6xx_HAL_Driver/Src/stm32n6xx_hal_sai.c **** HAL_StatusTypeDef HAL_SAI_DMAResume(SAI_HandleTypeDef *hsai)
1350:../../STM32Cube_FW_N6/Drivers/STM32N6xx_HAL_Driver/Src/stm32n6xx_hal_sai.c **** {
1351:../../STM32Cube_FW_N6/Drivers/STM32N6xx_HAL_Driver/Src/stm32n6xx_hal_sai.c ****   /* Process Locked */
1352:../../STM32Cube_FW_N6/Drivers/STM32N6xx_HAL_Driver/Src/stm32n6xx_hal_sai.c ****   __HAL_LOCK(hsai);
1353:../../STM32Cube_FW_N6/Drivers/STM32N6xx_HAL_Driver/Src/stm32n6xx_hal_sai.c **** 
1354:../../STM32Cube_FW_N6/Drivers/STM32N6xx_HAL_Driver/Src/stm32n6xx_hal_sai.c ****   /* Enable the SAI DMA requests */
1355:../../STM32Cube_FW_N6/Drivers/STM32N6xx_HAL_Driver/Src/stm32n6xx_hal_sai.c ****   hsai->Instance->CR1 |= SAI_xCR1_DMAEN;
1356:../../STM32Cube_FW_N6/Drivers/STM32N6xx_HAL_Driver/Src/stm32n6xx_hal_sai.c **** 
1357:../../STM32Cube_FW_N6/Drivers/STM32N6xx_HAL_Driver/Src/stm32n6xx_hal_sai.c ****   /* If the SAI peripheral is still not enabled, enable it */
1358:../../STM32Cube_FW_N6/Drivers/STM32N6xx_HAL_Driver/Src/stm32n6xx_hal_sai.c ****   if ((hsai->Instance->CR1 & SAI_xCR1_SAIEN) == 0U)
1359:../../STM32Cube_FW_N6/Drivers/STM32N6xx_HAL_Driver/Src/stm32n6xx_hal_sai.c ****   {
1360:../../STM32Cube_FW_N6/Drivers/STM32N6xx_HAL_Driver/Src/stm32n6xx_hal_sai.c ****     /* Enable SAI peripheral */
1361:../../STM32Cube_FW_N6/Drivers/STM32N6xx_HAL_Driver/Src/stm32n6xx_hal_sai.c ****     __HAL_SAI_ENABLE(hsai);
1362:../../STM32Cube_FW_N6/Drivers/STM32N6xx_HAL_Driver/Src/stm32n6xx_hal_sai.c ****   }
1363:../../STM32Cube_FW_N6/Drivers/STM32N6xx_HAL_Driver/Src/stm32n6xx_hal_sai.c **** 
1364:../../STM32Cube_FW_N6/Drivers/STM32N6xx_HAL_Driver/Src/stm32n6xx_hal_sai.c ****   /* Process Unlocked */
1365:../../STM32Cube_FW_N6/Drivers/STM32N6xx_HAL_Driver/Src/stm32n6xx_hal_sai.c ****   __HAL_UNLOCK(hsai);
1366:../../STM32Cube_FW_N6/Drivers/STM32N6xx_HAL_Driver/Src/stm32n6xx_hal_sai.c **** 
1367:../../STM32Cube_FW_N6/Drivers/STM32N6xx_HAL_Driver/Src/stm32n6xx_hal_sai.c ****   return HAL_OK;
1368:../../STM32Cube_FW_N6/Drivers/STM32N6xx_HAL_Driver/Src/stm32n6xx_hal_sai.c **** }
1369:../../STM32Cube_FW_N6/Drivers/STM32N6xx_HAL_Driver/Src/stm32n6xx_hal_sai.c **** 
1370:../../STM32Cube_FW_N6/Drivers/STM32N6xx_HAL_Driver/Src/stm32n6xx_hal_sai.c **** /**
1371:../../STM32Cube_FW_N6/Drivers/STM32N6xx_HAL_Driver/Src/stm32n6xx_hal_sai.c ****   * @brief Stop the audio stream playing from the Media.
1372:../../STM32Cube_FW_N6/Drivers/STM32N6xx_HAL_Driver/Src/stm32n6xx_hal_sai.c ****   * @param  hsai pointer to a SAI_HandleTypeDef structure that contains
1373:../../STM32Cube_FW_N6/Drivers/STM32N6xx_HAL_Driver/Src/stm32n6xx_hal_sai.c ****   *              the configuration information for SAI module.
1374:../../STM32Cube_FW_N6/Drivers/STM32N6xx_HAL_Driver/Src/stm32n6xx_hal_sai.c ****   * @retval HAL status
1375:../../STM32Cube_FW_N6/Drivers/STM32N6xx_HAL_Driver/Src/stm32n6xx_hal_sai.c ****   */
1376:../../STM32Cube_FW_N6/Drivers/STM32N6xx_HAL_Driver/Src/stm32n6xx_hal_sai.c **** HAL_StatusTypeDef HAL_SAI_DMAStop(SAI_HandleTypeDef *hsai)
1377:../../STM32Cube_FW_N6/Drivers/STM32N6xx_HAL_Driver/Src/stm32n6xx_hal_sai.c **** {
1378:../../STM32Cube_FW_N6/Drivers/STM32N6xx_HAL_Driver/Src/stm32n6xx_hal_sai.c ****   HAL_StatusTypeDef status = HAL_OK;
1379:../../STM32Cube_FW_N6/Drivers/STM32N6xx_HAL_Driver/Src/stm32n6xx_hal_sai.c **** 
1380:../../STM32Cube_FW_N6/Drivers/STM32N6xx_HAL_Driver/Src/stm32n6xx_hal_sai.c ****   /* Process Locked */
1381:../../STM32Cube_FW_N6/Drivers/STM32N6xx_HAL_Driver/Src/stm32n6xx_hal_sai.c ****   __HAL_LOCK(hsai);
1382:../../STM32Cube_FW_N6/Drivers/STM32N6xx_HAL_Driver/Src/stm32n6xx_hal_sai.c **** 
1383:../../STM32Cube_FW_N6/Drivers/STM32N6xx_HAL_Driver/Src/stm32n6xx_hal_sai.c ****   /* Disable SAI peripheral */
1384:../../STM32Cube_FW_N6/Drivers/STM32N6xx_HAL_Driver/Src/stm32n6xx_hal_sai.c ****   if (SAI_Disable(hsai) != HAL_OK)
1385:../../STM32Cube_FW_N6/Drivers/STM32N6xx_HAL_Driver/Src/stm32n6xx_hal_sai.c ****   {
1386:../../STM32Cube_FW_N6/Drivers/STM32N6xx_HAL_Driver/Src/stm32n6xx_hal_sai.c ****     status = HAL_ERROR;
1387:../../STM32Cube_FW_N6/Drivers/STM32N6xx_HAL_Driver/Src/stm32n6xx_hal_sai.c ****   }
1388:../../STM32Cube_FW_N6/Drivers/STM32N6xx_HAL_Driver/Src/stm32n6xx_hal_sai.c **** 
1389:../../STM32Cube_FW_N6/Drivers/STM32N6xx_HAL_Driver/Src/stm32n6xx_hal_sai.c ****   /* Disable the SAI DMA request */
1390:../../STM32Cube_FW_N6/Drivers/STM32N6xx_HAL_Driver/Src/stm32n6xx_hal_sai.c ****   hsai->Instance->CR1 &= ~SAI_xCR1_DMAEN;
1391:../../STM32Cube_FW_N6/Drivers/STM32N6xx_HAL_Driver/Src/stm32n6xx_hal_sai.c **** 
1392:../../STM32Cube_FW_N6/Drivers/STM32N6xx_HAL_Driver/Src/stm32n6xx_hal_sai.c ****   /* Abort the SAI Tx DMA Stream */
1393:../../STM32Cube_FW_N6/Drivers/STM32N6xx_HAL_Driver/Src/stm32n6xx_hal_sai.c ****   if ((hsai->State == HAL_SAI_STATE_BUSY_TX) && (hsai->hdmatx != NULL))
ARM GAS  C:\Users\Antonio\AppData\Local\Temp\ccmFwfsh.s 			page 26


1394:../../STM32Cube_FW_N6/Drivers/STM32N6xx_HAL_Driver/Src/stm32n6xx_hal_sai.c ****   {
1395:../../STM32Cube_FW_N6/Drivers/STM32N6xx_HAL_Driver/Src/stm32n6xx_hal_sai.c ****     if (HAL_DMA_Abort(hsai->hdmatx) != HAL_OK)
1396:../../STM32Cube_FW_N6/Drivers/STM32N6xx_HAL_Driver/Src/stm32n6xx_hal_sai.c ****     {
1397:../../STM32Cube_FW_N6/Drivers/STM32N6xx_HAL_Driver/Src/stm32n6xx_hal_sai.c ****       /* If the DMA Tx errorCode is different from DMA No Transfer then return Error */
1398:../../STM32Cube_FW_N6/Drivers/STM32N6xx_HAL_Driver/Src/stm32n6xx_hal_sai.c ****       if (hsai->hdmatx->ErrorCode != HAL_DMA_ERROR_NO_XFER)
1399:../../STM32Cube_FW_N6/Drivers/STM32N6xx_HAL_Driver/Src/stm32n6xx_hal_sai.c ****       {
1400:../../STM32Cube_FW_N6/Drivers/STM32N6xx_HAL_Driver/Src/stm32n6xx_hal_sai.c ****         status = HAL_ERROR;
1401:../../STM32Cube_FW_N6/Drivers/STM32N6xx_HAL_Driver/Src/stm32n6xx_hal_sai.c ****         hsai->ErrorCode |= HAL_SAI_ERROR_DMA;
1402:../../STM32Cube_FW_N6/Drivers/STM32N6xx_HAL_Driver/Src/stm32n6xx_hal_sai.c ****       }
1403:../../STM32Cube_FW_N6/Drivers/STM32N6xx_HAL_Driver/Src/stm32n6xx_hal_sai.c ****     }
1404:../../STM32Cube_FW_N6/Drivers/STM32N6xx_HAL_Driver/Src/stm32n6xx_hal_sai.c ****   }
1405:../../STM32Cube_FW_N6/Drivers/STM32N6xx_HAL_Driver/Src/stm32n6xx_hal_sai.c **** 
1406:../../STM32Cube_FW_N6/Drivers/STM32N6xx_HAL_Driver/Src/stm32n6xx_hal_sai.c ****   /* Abort the SAI Rx DMA Stream */
1407:../../STM32Cube_FW_N6/Drivers/STM32N6xx_HAL_Driver/Src/stm32n6xx_hal_sai.c ****   if ((hsai->State == HAL_SAI_STATE_BUSY_RX) && (hsai->hdmarx != NULL))
1408:../../STM32Cube_FW_N6/Drivers/STM32N6xx_HAL_Driver/Src/stm32n6xx_hal_sai.c ****   {
1409:../../STM32Cube_FW_N6/Drivers/STM32N6xx_HAL_Driver/Src/stm32n6xx_hal_sai.c ****     if (HAL_DMA_Abort(hsai->hdmarx) != HAL_OK)
1410:../../STM32Cube_FW_N6/Drivers/STM32N6xx_HAL_Driver/Src/stm32n6xx_hal_sai.c ****     {
1411:../../STM32Cube_FW_N6/Drivers/STM32N6xx_HAL_Driver/Src/stm32n6xx_hal_sai.c ****       /* If the DMA Rx errorCode is different from DMA No Transfer then return Error */
1412:../../STM32Cube_FW_N6/Drivers/STM32N6xx_HAL_Driver/Src/stm32n6xx_hal_sai.c ****       if (hsai->hdmarx->ErrorCode != HAL_DMA_ERROR_NO_XFER)
1413:../../STM32Cube_FW_N6/Drivers/STM32N6xx_HAL_Driver/Src/stm32n6xx_hal_sai.c ****       {
1414:../../STM32Cube_FW_N6/Drivers/STM32N6xx_HAL_Driver/Src/stm32n6xx_hal_sai.c ****         status = HAL_ERROR;
1415:../../STM32Cube_FW_N6/Drivers/STM32N6xx_HAL_Driver/Src/stm32n6xx_hal_sai.c ****         hsai->ErrorCode |= HAL_SAI_ERROR_DMA;
1416:../../STM32Cube_FW_N6/Drivers/STM32N6xx_HAL_Driver/Src/stm32n6xx_hal_sai.c ****       }
1417:../../STM32Cube_FW_N6/Drivers/STM32N6xx_HAL_Driver/Src/stm32n6xx_hal_sai.c ****     }
1418:../../STM32Cube_FW_N6/Drivers/STM32N6xx_HAL_Driver/Src/stm32n6xx_hal_sai.c ****   }
1419:../../STM32Cube_FW_N6/Drivers/STM32N6xx_HAL_Driver/Src/stm32n6xx_hal_sai.c **** 
1420:../../STM32Cube_FW_N6/Drivers/STM32N6xx_HAL_Driver/Src/stm32n6xx_hal_sai.c ****   /* Flush the fifo */
1421:../../STM32Cube_FW_N6/Drivers/STM32N6xx_HAL_Driver/Src/stm32n6xx_hal_sai.c ****   SET_BIT(hsai->Instance->CR2, SAI_xCR2_FFLUSH);
1422:../../STM32Cube_FW_N6/Drivers/STM32N6xx_HAL_Driver/Src/stm32n6xx_hal_sai.c **** 
1423:../../STM32Cube_FW_N6/Drivers/STM32N6xx_HAL_Driver/Src/stm32n6xx_hal_sai.c ****   /* Set hsai state to ready */
1424:../../STM32Cube_FW_N6/Drivers/STM32N6xx_HAL_Driver/Src/stm32n6xx_hal_sai.c ****   hsai->State = HAL_SAI_STATE_READY;
1425:../../STM32Cube_FW_N6/Drivers/STM32N6xx_HAL_Driver/Src/stm32n6xx_hal_sai.c **** 
1426:../../STM32Cube_FW_N6/Drivers/STM32N6xx_HAL_Driver/Src/stm32n6xx_hal_sai.c ****   /* Process Unlocked */
1427:../../STM32Cube_FW_N6/Drivers/STM32N6xx_HAL_Driver/Src/stm32n6xx_hal_sai.c ****   __HAL_UNLOCK(hsai);
1428:../../STM32Cube_FW_N6/Drivers/STM32N6xx_HAL_Driver/Src/stm32n6xx_hal_sai.c **** 
1429:../../STM32Cube_FW_N6/Drivers/STM32N6xx_HAL_Driver/Src/stm32n6xx_hal_sai.c ****   return status;
1430:../../STM32Cube_FW_N6/Drivers/STM32N6xx_HAL_Driver/Src/stm32n6xx_hal_sai.c **** }
1431:../../STM32Cube_FW_N6/Drivers/STM32N6xx_HAL_Driver/Src/stm32n6xx_hal_sai.c **** 
1432:../../STM32Cube_FW_N6/Drivers/STM32N6xx_HAL_Driver/Src/stm32n6xx_hal_sai.c **** /**
1433:../../STM32Cube_FW_N6/Drivers/STM32N6xx_HAL_Driver/Src/stm32n6xx_hal_sai.c ****   * @brief Abort the current transfer and disable the SAI.
1434:../../STM32Cube_FW_N6/Drivers/STM32N6xx_HAL_Driver/Src/stm32n6xx_hal_sai.c ****   * @param  hsai pointer to a SAI_HandleTypeDef structure that contains
1435:../../STM32Cube_FW_N6/Drivers/STM32N6xx_HAL_Driver/Src/stm32n6xx_hal_sai.c ****   *              the configuration information for SAI module.
1436:../../STM32Cube_FW_N6/Drivers/STM32N6xx_HAL_Driver/Src/stm32n6xx_hal_sai.c ****   * @retval HAL status
1437:../../STM32Cube_FW_N6/Drivers/STM32N6xx_HAL_Driver/Src/stm32n6xx_hal_sai.c ****   */
1438:../../STM32Cube_FW_N6/Drivers/STM32N6xx_HAL_Driver/Src/stm32n6xx_hal_sai.c **** HAL_StatusTypeDef HAL_SAI_Abort(SAI_HandleTypeDef *hsai)
1439:../../STM32Cube_FW_N6/Drivers/STM32N6xx_HAL_Driver/Src/stm32n6xx_hal_sai.c **** {
1440:../../STM32Cube_FW_N6/Drivers/STM32N6xx_HAL_Driver/Src/stm32n6xx_hal_sai.c ****   HAL_StatusTypeDef status = HAL_OK;
1441:../../STM32Cube_FW_N6/Drivers/STM32N6xx_HAL_Driver/Src/stm32n6xx_hal_sai.c **** 
1442:../../STM32Cube_FW_N6/Drivers/STM32N6xx_HAL_Driver/Src/stm32n6xx_hal_sai.c ****   /* Process Locked */
1443:../../STM32Cube_FW_N6/Drivers/STM32N6xx_HAL_Driver/Src/stm32n6xx_hal_sai.c ****   __HAL_LOCK(hsai);
1444:../../STM32Cube_FW_N6/Drivers/STM32N6xx_HAL_Driver/Src/stm32n6xx_hal_sai.c **** 
1445:../../STM32Cube_FW_N6/Drivers/STM32N6xx_HAL_Driver/Src/stm32n6xx_hal_sai.c ****   /* Disable SAI peripheral */
1446:../../STM32Cube_FW_N6/Drivers/STM32N6xx_HAL_Driver/Src/stm32n6xx_hal_sai.c ****   if (SAI_Disable(hsai) != HAL_OK)
1447:../../STM32Cube_FW_N6/Drivers/STM32N6xx_HAL_Driver/Src/stm32n6xx_hal_sai.c ****   {
1448:../../STM32Cube_FW_N6/Drivers/STM32N6xx_HAL_Driver/Src/stm32n6xx_hal_sai.c ****     status = HAL_ERROR;
1449:../../STM32Cube_FW_N6/Drivers/STM32N6xx_HAL_Driver/Src/stm32n6xx_hal_sai.c ****   }
1450:../../STM32Cube_FW_N6/Drivers/STM32N6xx_HAL_Driver/Src/stm32n6xx_hal_sai.c **** 
ARM GAS  C:\Users\Antonio\AppData\Local\Temp\ccmFwfsh.s 			page 27


1451:../../STM32Cube_FW_N6/Drivers/STM32N6xx_HAL_Driver/Src/stm32n6xx_hal_sai.c ****   /* Check SAI DMA is enabled or not */
1452:../../STM32Cube_FW_N6/Drivers/STM32N6xx_HAL_Driver/Src/stm32n6xx_hal_sai.c ****   if ((hsai->Instance->CR1 & SAI_xCR1_DMAEN) == SAI_xCR1_DMAEN)
1453:../../STM32Cube_FW_N6/Drivers/STM32N6xx_HAL_Driver/Src/stm32n6xx_hal_sai.c ****   {
1454:../../STM32Cube_FW_N6/Drivers/STM32N6xx_HAL_Driver/Src/stm32n6xx_hal_sai.c ****     /* Disable the SAI DMA request */
1455:../../STM32Cube_FW_N6/Drivers/STM32N6xx_HAL_Driver/Src/stm32n6xx_hal_sai.c ****     hsai->Instance->CR1 &= ~SAI_xCR1_DMAEN;
1456:../../STM32Cube_FW_N6/Drivers/STM32N6xx_HAL_Driver/Src/stm32n6xx_hal_sai.c **** 
1457:../../STM32Cube_FW_N6/Drivers/STM32N6xx_HAL_Driver/Src/stm32n6xx_hal_sai.c ****     /* Abort the SAI Tx DMA Stream */
1458:../../STM32Cube_FW_N6/Drivers/STM32N6xx_HAL_Driver/Src/stm32n6xx_hal_sai.c ****     if ((hsai->State == HAL_SAI_STATE_BUSY_TX) && (hsai->hdmatx != NULL))
1459:../../STM32Cube_FW_N6/Drivers/STM32N6xx_HAL_Driver/Src/stm32n6xx_hal_sai.c ****     {
1460:../../STM32Cube_FW_N6/Drivers/STM32N6xx_HAL_Driver/Src/stm32n6xx_hal_sai.c ****       if (HAL_DMA_Abort(hsai->hdmatx) != HAL_OK)
1461:../../STM32Cube_FW_N6/Drivers/STM32N6xx_HAL_Driver/Src/stm32n6xx_hal_sai.c ****       {
1462:../../STM32Cube_FW_N6/Drivers/STM32N6xx_HAL_Driver/Src/stm32n6xx_hal_sai.c ****         /* If the DMA Tx errorCode is different from DMA No Transfer then return Error */
1463:../../STM32Cube_FW_N6/Drivers/STM32N6xx_HAL_Driver/Src/stm32n6xx_hal_sai.c ****         if (hsai->hdmatx->ErrorCode != HAL_DMA_ERROR_NO_XFER)
1464:../../STM32Cube_FW_N6/Drivers/STM32N6xx_HAL_Driver/Src/stm32n6xx_hal_sai.c ****         {
1465:../../STM32Cube_FW_N6/Drivers/STM32N6xx_HAL_Driver/Src/stm32n6xx_hal_sai.c ****           status = HAL_ERROR;
1466:../../STM32Cube_FW_N6/Drivers/STM32N6xx_HAL_Driver/Src/stm32n6xx_hal_sai.c ****           hsai->ErrorCode |= HAL_SAI_ERROR_DMA;
1467:../../STM32Cube_FW_N6/Drivers/STM32N6xx_HAL_Driver/Src/stm32n6xx_hal_sai.c ****         }
1468:../../STM32Cube_FW_N6/Drivers/STM32N6xx_HAL_Driver/Src/stm32n6xx_hal_sai.c ****       }
1469:../../STM32Cube_FW_N6/Drivers/STM32N6xx_HAL_Driver/Src/stm32n6xx_hal_sai.c ****     }
1470:../../STM32Cube_FW_N6/Drivers/STM32N6xx_HAL_Driver/Src/stm32n6xx_hal_sai.c **** 
1471:../../STM32Cube_FW_N6/Drivers/STM32N6xx_HAL_Driver/Src/stm32n6xx_hal_sai.c ****     /* Abort the SAI Rx DMA Stream */
1472:../../STM32Cube_FW_N6/Drivers/STM32N6xx_HAL_Driver/Src/stm32n6xx_hal_sai.c ****     if ((hsai->State == HAL_SAI_STATE_BUSY_RX) && (hsai->hdmarx != NULL))
1473:../../STM32Cube_FW_N6/Drivers/STM32N6xx_HAL_Driver/Src/stm32n6xx_hal_sai.c ****     {
1474:../../STM32Cube_FW_N6/Drivers/STM32N6xx_HAL_Driver/Src/stm32n6xx_hal_sai.c ****       if (HAL_DMA_Abort(hsai->hdmarx) != HAL_OK)
1475:../../STM32Cube_FW_N6/Drivers/STM32N6xx_HAL_Driver/Src/stm32n6xx_hal_sai.c ****       {
1476:../../STM32Cube_FW_N6/Drivers/STM32N6xx_HAL_Driver/Src/stm32n6xx_hal_sai.c ****         /* If the DMA Rx errorCode is different from DMA No Transfer then return Error */
1477:../../STM32Cube_FW_N6/Drivers/STM32N6xx_HAL_Driver/Src/stm32n6xx_hal_sai.c ****         if (hsai->hdmarx->ErrorCode != HAL_DMA_ERROR_NO_XFER)
1478:../../STM32Cube_FW_N6/Drivers/STM32N6xx_HAL_Driver/Src/stm32n6xx_hal_sai.c ****         {
1479:../../STM32Cube_FW_N6/Drivers/STM32N6xx_HAL_Driver/Src/stm32n6xx_hal_sai.c ****           status = HAL_ERROR;
1480:../../STM32Cube_FW_N6/Drivers/STM32N6xx_HAL_Driver/Src/stm32n6xx_hal_sai.c ****           hsai->ErrorCode |= HAL_SAI_ERROR_DMA;
1481:../../STM32Cube_FW_N6/Drivers/STM32N6xx_HAL_Driver/Src/stm32n6xx_hal_sai.c ****         }
1482:../../STM32Cube_FW_N6/Drivers/STM32N6xx_HAL_Driver/Src/stm32n6xx_hal_sai.c ****       }
1483:../../STM32Cube_FW_N6/Drivers/STM32N6xx_HAL_Driver/Src/stm32n6xx_hal_sai.c ****     }
1484:../../STM32Cube_FW_N6/Drivers/STM32N6xx_HAL_Driver/Src/stm32n6xx_hal_sai.c ****   }
1485:../../STM32Cube_FW_N6/Drivers/STM32N6xx_HAL_Driver/Src/stm32n6xx_hal_sai.c **** 
1486:../../STM32Cube_FW_N6/Drivers/STM32N6xx_HAL_Driver/Src/stm32n6xx_hal_sai.c ****   /* Disabled All interrupt and clear all the flag */
1487:../../STM32Cube_FW_N6/Drivers/STM32N6xx_HAL_Driver/Src/stm32n6xx_hal_sai.c ****   hsai->Instance->IMR = 0;
1488:../../STM32Cube_FW_N6/Drivers/STM32N6xx_HAL_Driver/Src/stm32n6xx_hal_sai.c ****   hsai->Instance->CLRFR = 0xFFFFFFFFU;
1489:../../STM32Cube_FW_N6/Drivers/STM32N6xx_HAL_Driver/Src/stm32n6xx_hal_sai.c **** 
1490:../../STM32Cube_FW_N6/Drivers/STM32N6xx_HAL_Driver/Src/stm32n6xx_hal_sai.c ****   /* Flush the fifo */
1491:../../STM32Cube_FW_N6/Drivers/STM32N6xx_HAL_Driver/Src/stm32n6xx_hal_sai.c ****   SET_BIT(hsai->Instance->CR2, SAI_xCR2_FFLUSH);
1492:../../STM32Cube_FW_N6/Drivers/STM32N6xx_HAL_Driver/Src/stm32n6xx_hal_sai.c **** 
1493:../../STM32Cube_FW_N6/Drivers/STM32N6xx_HAL_Driver/Src/stm32n6xx_hal_sai.c ****   /* Set hsai state to ready */
1494:../../STM32Cube_FW_N6/Drivers/STM32N6xx_HAL_Driver/Src/stm32n6xx_hal_sai.c ****   hsai->State = HAL_SAI_STATE_READY;
1495:../../STM32Cube_FW_N6/Drivers/STM32N6xx_HAL_Driver/Src/stm32n6xx_hal_sai.c **** 
1496:../../STM32Cube_FW_N6/Drivers/STM32N6xx_HAL_Driver/Src/stm32n6xx_hal_sai.c ****   /* Process Unlocked */
1497:../../STM32Cube_FW_N6/Drivers/STM32N6xx_HAL_Driver/Src/stm32n6xx_hal_sai.c ****   __HAL_UNLOCK(hsai);
1498:../../STM32Cube_FW_N6/Drivers/STM32N6xx_HAL_Driver/Src/stm32n6xx_hal_sai.c **** 
1499:../../STM32Cube_FW_N6/Drivers/STM32N6xx_HAL_Driver/Src/stm32n6xx_hal_sai.c ****   return status;
1500:../../STM32Cube_FW_N6/Drivers/STM32N6xx_HAL_Driver/Src/stm32n6xx_hal_sai.c **** }
1501:../../STM32Cube_FW_N6/Drivers/STM32N6xx_HAL_Driver/Src/stm32n6xx_hal_sai.c **** 
1502:../../STM32Cube_FW_N6/Drivers/STM32N6xx_HAL_Driver/Src/stm32n6xx_hal_sai.c **** /**
1503:../../STM32Cube_FW_N6/Drivers/STM32N6xx_HAL_Driver/Src/stm32n6xx_hal_sai.c ****   * @brief  Transmit an amount of data in non-blocking mode with DMA.
1504:../../STM32Cube_FW_N6/Drivers/STM32N6xx_HAL_Driver/Src/stm32n6xx_hal_sai.c ****   * @param  hsai pointer to a SAI_HandleTypeDef structure that contains
1505:../../STM32Cube_FW_N6/Drivers/STM32N6xx_HAL_Driver/Src/stm32n6xx_hal_sai.c ****   *              the configuration information for SAI module.
1506:../../STM32Cube_FW_N6/Drivers/STM32N6xx_HAL_Driver/Src/stm32n6xx_hal_sai.c ****   * @param  pData Pointer to data buffer
1507:../../STM32Cube_FW_N6/Drivers/STM32N6xx_HAL_Driver/Src/stm32n6xx_hal_sai.c ****   * @param  Size Amount of data to be sent
ARM GAS  C:\Users\Antonio\AppData\Local\Temp\ccmFwfsh.s 			page 28


1508:../../STM32Cube_FW_N6/Drivers/STM32N6xx_HAL_Driver/Src/stm32n6xx_hal_sai.c ****   * @retval HAL status
1509:../../STM32Cube_FW_N6/Drivers/STM32N6xx_HAL_Driver/Src/stm32n6xx_hal_sai.c ****   */
1510:../../STM32Cube_FW_N6/Drivers/STM32N6xx_HAL_Driver/Src/stm32n6xx_hal_sai.c **** HAL_StatusTypeDef HAL_SAI_Transmit_DMA(SAI_HandleTypeDef *hsai, uint8_t *pData, uint16_t Size)
1511:../../STM32Cube_FW_N6/Drivers/STM32N6xx_HAL_Driver/Src/stm32n6xx_hal_sai.c **** {
1512:../../STM32Cube_FW_N6/Drivers/STM32N6xx_HAL_Driver/Src/stm32n6xx_hal_sai.c ****   HAL_StatusTypeDef status;
1513:../../STM32Cube_FW_N6/Drivers/STM32N6xx_HAL_Driver/Src/stm32n6xx_hal_sai.c ****   uint32_t tickstart = HAL_GetTick();
1514:../../STM32Cube_FW_N6/Drivers/STM32N6xx_HAL_Driver/Src/stm32n6xx_hal_sai.c **** 
1515:../../STM32Cube_FW_N6/Drivers/STM32N6xx_HAL_Driver/Src/stm32n6xx_hal_sai.c ****   if ((pData == NULL) || (Size == 0U))
1516:../../STM32Cube_FW_N6/Drivers/STM32N6xx_HAL_Driver/Src/stm32n6xx_hal_sai.c ****   {
1517:../../STM32Cube_FW_N6/Drivers/STM32N6xx_HAL_Driver/Src/stm32n6xx_hal_sai.c ****     return  HAL_ERROR;
1518:../../STM32Cube_FW_N6/Drivers/STM32N6xx_HAL_Driver/Src/stm32n6xx_hal_sai.c ****   }
1519:../../STM32Cube_FW_N6/Drivers/STM32N6xx_HAL_Driver/Src/stm32n6xx_hal_sai.c **** 
1520:../../STM32Cube_FW_N6/Drivers/STM32N6xx_HAL_Driver/Src/stm32n6xx_hal_sai.c ****   if (hsai->State == HAL_SAI_STATE_READY)
1521:../../STM32Cube_FW_N6/Drivers/STM32N6xx_HAL_Driver/Src/stm32n6xx_hal_sai.c ****   {
1522:../../STM32Cube_FW_N6/Drivers/STM32N6xx_HAL_Driver/Src/stm32n6xx_hal_sai.c ****     uint32_t dmaSrcSize;
1523:../../STM32Cube_FW_N6/Drivers/STM32N6xx_HAL_Driver/Src/stm32n6xx_hal_sai.c **** 
1524:../../STM32Cube_FW_N6/Drivers/STM32N6xx_HAL_Driver/Src/stm32n6xx_hal_sai.c ****     /* Process Locked */
1525:../../STM32Cube_FW_N6/Drivers/STM32N6xx_HAL_Driver/Src/stm32n6xx_hal_sai.c ****     __HAL_LOCK(hsai);
1526:../../STM32Cube_FW_N6/Drivers/STM32N6xx_HAL_Driver/Src/stm32n6xx_hal_sai.c **** 
1527:../../STM32Cube_FW_N6/Drivers/STM32N6xx_HAL_Driver/Src/stm32n6xx_hal_sai.c ****     hsai->pBuffPtr = pData;
1528:../../STM32Cube_FW_N6/Drivers/STM32N6xx_HAL_Driver/Src/stm32n6xx_hal_sai.c ****     hsai->XferSize = Size;
1529:../../STM32Cube_FW_N6/Drivers/STM32N6xx_HAL_Driver/Src/stm32n6xx_hal_sai.c ****     hsai->XferCount = Size;
1530:../../STM32Cube_FW_N6/Drivers/STM32N6xx_HAL_Driver/Src/stm32n6xx_hal_sai.c ****     hsai->ErrorCode = HAL_SAI_ERROR_NONE;
1531:../../STM32Cube_FW_N6/Drivers/STM32N6xx_HAL_Driver/Src/stm32n6xx_hal_sai.c ****     hsai->State = HAL_SAI_STATE_BUSY_TX;
1532:../../STM32Cube_FW_N6/Drivers/STM32N6xx_HAL_Driver/Src/stm32n6xx_hal_sai.c **** 
1533:../../STM32Cube_FW_N6/Drivers/STM32N6xx_HAL_Driver/Src/stm32n6xx_hal_sai.c ****     /* Set the SAI Tx DMA Half transfer complete callback */
1534:../../STM32Cube_FW_N6/Drivers/STM32N6xx_HAL_Driver/Src/stm32n6xx_hal_sai.c ****     hsai->hdmatx->XferHalfCpltCallback = SAI_DMATxHalfCplt;
1535:../../STM32Cube_FW_N6/Drivers/STM32N6xx_HAL_Driver/Src/stm32n6xx_hal_sai.c **** 
1536:../../STM32Cube_FW_N6/Drivers/STM32N6xx_HAL_Driver/Src/stm32n6xx_hal_sai.c ****     /* Set the SAI TxDMA transfer complete callback */
1537:../../STM32Cube_FW_N6/Drivers/STM32N6xx_HAL_Driver/Src/stm32n6xx_hal_sai.c ****     hsai->hdmatx->XferCpltCallback = SAI_DMATxCplt;
1538:../../STM32Cube_FW_N6/Drivers/STM32N6xx_HAL_Driver/Src/stm32n6xx_hal_sai.c **** 
1539:../../STM32Cube_FW_N6/Drivers/STM32N6xx_HAL_Driver/Src/stm32n6xx_hal_sai.c ****     /* Set the DMA error callback */
1540:../../STM32Cube_FW_N6/Drivers/STM32N6xx_HAL_Driver/Src/stm32n6xx_hal_sai.c ****     hsai->hdmatx->XferErrorCallback = SAI_DMAError;
1541:../../STM32Cube_FW_N6/Drivers/STM32N6xx_HAL_Driver/Src/stm32n6xx_hal_sai.c **** 
1542:../../STM32Cube_FW_N6/Drivers/STM32N6xx_HAL_Driver/Src/stm32n6xx_hal_sai.c ****     /* Set the DMA Tx abort callback */
1543:../../STM32Cube_FW_N6/Drivers/STM32N6xx_HAL_Driver/Src/stm32n6xx_hal_sai.c ****     hsai->hdmatx->XferAbortCallback = NULL;
1544:../../STM32Cube_FW_N6/Drivers/STM32N6xx_HAL_Driver/Src/stm32n6xx_hal_sai.c **** 
1545:../../STM32Cube_FW_N6/Drivers/STM32N6xx_HAL_Driver/Src/stm32n6xx_hal_sai.c ****     /* For transmission, the DMA source is data buffer.
1546:../../STM32Cube_FW_N6/Drivers/STM32N6xx_HAL_Driver/Src/stm32n6xx_hal_sai.c ****        We have to compute DMA size of a source block transfer in bytes according SAI data size. */
1547:../../STM32Cube_FW_N6/Drivers/STM32N6xx_HAL_Driver/Src/stm32n6xx_hal_sai.c ****     if ((hsai->Init.DataSize == SAI_DATASIZE_8) && (hsai->Init.CompandingMode == SAI_NOCOMPANDING))
1548:../../STM32Cube_FW_N6/Drivers/STM32N6xx_HAL_Driver/Src/stm32n6xx_hal_sai.c ****     {
1549:../../STM32Cube_FW_N6/Drivers/STM32N6xx_HAL_Driver/Src/stm32n6xx_hal_sai.c ****       dmaSrcSize = (uint32_t) Size;
1550:../../STM32Cube_FW_N6/Drivers/STM32N6xx_HAL_Driver/Src/stm32n6xx_hal_sai.c ****     }
1551:../../STM32Cube_FW_N6/Drivers/STM32N6xx_HAL_Driver/Src/stm32n6xx_hal_sai.c ****     else if (hsai->Init.DataSize <= SAI_DATASIZE_16)
1552:../../STM32Cube_FW_N6/Drivers/STM32N6xx_HAL_Driver/Src/stm32n6xx_hal_sai.c ****     {
1553:../../STM32Cube_FW_N6/Drivers/STM32N6xx_HAL_Driver/Src/stm32n6xx_hal_sai.c ****       dmaSrcSize = 2U * (uint32_t) Size;
1554:../../STM32Cube_FW_N6/Drivers/STM32N6xx_HAL_Driver/Src/stm32n6xx_hal_sai.c ****     }
1555:../../STM32Cube_FW_N6/Drivers/STM32N6xx_HAL_Driver/Src/stm32n6xx_hal_sai.c ****     else
1556:../../STM32Cube_FW_N6/Drivers/STM32N6xx_HAL_Driver/Src/stm32n6xx_hal_sai.c ****     {
1557:../../STM32Cube_FW_N6/Drivers/STM32N6xx_HAL_Driver/Src/stm32n6xx_hal_sai.c ****       dmaSrcSize = 4U * (uint32_t) Size;
1558:../../STM32Cube_FW_N6/Drivers/STM32N6xx_HAL_Driver/Src/stm32n6xx_hal_sai.c ****     }
1559:../../STM32Cube_FW_N6/Drivers/STM32N6xx_HAL_Driver/Src/stm32n6xx_hal_sai.c **** 
1560:../../STM32Cube_FW_N6/Drivers/STM32N6xx_HAL_Driver/Src/stm32n6xx_hal_sai.c ****     /* Enable the Tx DMA Stream */
1561:../../STM32Cube_FW_N6/Drivers/STM32N6xx_HAL_Driver/Src/stm32n6xx_hal_sai.c ****     if ((hsai->hdmatx->Mode & DMA_LINKEDLIST) == DMA_LINKEDLIST)
1562:../../STM32Cube_FW_N6/Drivers/STM32N6xx_HAL_Driver/Src/stm32n6xx_hal_sai.c ****     {
1563:../../STM32Cube_FW_N6/Drivers/STM32N6xx_HAL_Driver/Src/stm32n6xx_hal_sai.c ****       if (hsai->hdmatx->LinkedListQueue != NULL)
1564:../../STM32Cube_FW_N6/Drivers/STM32N6xx_HAL_Driver/Src/stm32n6xx_hal_sai.c ****       {
ARM GAS  C:\Users\Antonio\AppData\Local\Temp\ccmFwfsh.s 			page 29


1565:../../STM32Cube_FW_N6/Drivers/STM32N6xx_HAL_Driver/Src/stm32n6xx_hal_sai.c ****         /* Set DMA data size */
1566:../../STM32Cube_FW_N6/Drivers/STM32N6xx_HAL_Driver/Src/stm32n6xx_hal_sai.c ****         hsai->hdmatx->LinkedListQueue->Head->LinkRegisters[NODE_CBR1_DEFAULT_OFFSET] = dmaSrcSize;
1567:../../STM32Cube_FW_N6/Drivers/STM32N6xx_HAL_Driver/Src/stm32n6xx_hal_sai.c **** 
1568:../../STM32Cube_FW_N6/Drivers/STM32N6xx_HAL_Driver/Src/stm32n6xx_hal_sai.c ****         /* Set DMA source address */
1569:../../STM32Cube_FW_N6/Drivers/STM32N6xx_HAL_Driver/Src/stm32n6xx_hal_sai.c ****         hsai->hdmatx->LinkedListQueue->Head->LinkRegisters[NODE_CSAR_DEFAULT_OFFSET] = (uint32_t)hs
1570:../../STM32Cube_FW_N6/Drivers/STM32N6xx_HAL_Driver/Src/stm32n6xx_hal_sai.c **** 
1571:../../STM32Cube_FW_N6/Drivers/STM32N6xx_HAL_Driver/Src/stm32n6xx_hal_sai.c ****         /* Set DMA destination address */
1572:../../STM32Cube_FW_N6/Drivers/STM32N6xx_HAL_Driver/Src/stm32n6xx_hal_sai.c ****         hsai->hdmatx->LinkedListQueue->Head->LinkRegisters[NODE_CDAR_DEFAULT_OFFSET] = (uint32_t)&h
1573:../../STM32Cube_FW_N6/Drivers/STM32N6xx_HAL_Driver/Src/stm32n6xx_hal_sai.c **** 
1574:../../STM32Cube_FW_N6/Drivers/STM32N6xx_HAL_Driver/Src/stm32n6xx_hal_sai.c ****         status = HAL_DMAEx_List_Start_IT(hsai->hdmatx);
1575:../../STM32Cube_FW_N6/Drivers/STM32N6xx_HAL_Driver/Src/stm32n6xx_hal_sai.c ****       }
1576:../../STM32Cube_FW_N6/Drivers/STM32N6xx_HAL_Driver/Src/stm32n6xx_hal_sai.c ****       else
1577:../../STM32Cube_FW_N6/Drivers/STM32N6xx_HAL_Driver/Src/stm32n6xx_hal_sai.c ****       {
1578:../../STM32Cube_FW_N6/Drivers/STM32N6xx_HAL_Driver/Src/stm32n6xx_hal_sai.c ****         __HAL_UNLOCK(hsai);
1579:../../STM32Cube_FW_N6/Drivers/STM32N6xx_HAL_Driver/Src/stm32n6xx_hal_sai.c ****         return  HAL_ERROR;
1580:../../STM32Cube_FW_N6/Drivers/STM32N6xx_HAL_Driver/Src/stm32n6xx_hal_sai.c ****       }
1581:../../STM32Cube_FW_N6/Drivers/STM32N6xx_HAL_Driver/Src/stm32n6xx_hal_sai.c ****     }
1582:../../STM32Cube_FW_N6/Drivers/STM32N6xx_HAL_Driver/Src/stm32n6xx_hal_sai.c ****     else
1583:../../STM32Cube_FW_N6/Drivers/STM32N6xx_HAL_Driver/Src/stm32n6xx_hal_sai.c ****     {
1584:../../STM32Cube_FW_N6/Drivers/STM32N6xx_HAL_Driver/Src/stm32n6xx_hal_sai.c ****       status = HAL_DMA_Start_IT(hsai->hdmatx, (uint32_t)hsai->pBuffPtr, (uint32_t)&hsai->Instance->
1585:../../STM32Cube_FW_N6/Drivers/STM32N6xx_HAL_Driver/Src/stm32n6xx_hal_sai.c ****     }
1586:../../STM32Cube_FW_N6/Drivers/STM32N6xx_HAL_Driver/Src/stm32n6xx_hal_sai.c **** 
1587:../../STM32Cube_FW_N6/Drivers/STM32N6xx_HAL_Driver/Src/stm32n6xx_hal_sai.c ****     if (status != HAL_OK)
1588:../../STM32Cube_FW_N6/Drivers/STM32N6xx_HAL_Driver/Src/stm32n6xx_hal_sai.c ****     {
1589:../../STM32Cube_FW_N6/Drivers/STM32N6xx_HAL_Driver/Src/stm32n6xx_hal_sai.c ****       __HAL_UNLOCK(hsai);
1590:../../STM32Cube_FW_N6/Drivers/STM32N6xx_HAL_Driver/Src/stm32n6xx_hal_sai.c ****       return  HAL_ERROR;
1591:../../STM32Cube_FW_N6/Drivers/STM32N6xx_HAL_Driver/Src/stm32n6xx_hal_sai.c ****     }
1592:../../STM32Cube_FW_N6/Drivers/STM32N6xx_HAL_Driver/Src/stm32n6xx_hal_sai.c **** 
1593:../../STM32Cube_FW_N6/Drivers/STM32N6xx_HAL_Driver/Src/stm32n6xx_hal_sai.c ****     /* Enable the interrupts for error handling */
1594:../../STM32Cube_FW_N6/Drivers/STM32N6xx_HAL_Driver/Src/stm32n6xx_hal_sai.c ****     __HAL_SAI_ENABLE_IT(hsai, SAI_InterruptFlag(hsai, SAI_MODE_DMA));
1595:../../STM32Cube_FW_N6/Drivers/STM32N6xx_HAL_Driver/Src/stm32n6xx_hal_sai.c **** 
1596:../../STM32Cube_FW_N6/Drivers/STM32N6xx_HAL_Driver/Src/stm32n6xx_hal_sai.c ****     /* Enable SAI Tx DMA Request */
1597:../../STM32Cube_FW_N6/Drivers/STM32N6xx_HAL_Driver/Src/stm32n6xx_hal_sai.c ****     hsai->Instance->CR1 |= SAI_xCR1_DMAEN;
1598:../../STM32Cube_FW_N6/Drivers/STM32N6xx_HAL_Driver/Src/stm32n6xx_hal_sai.c **** 
1599:../../STM32Cube_FW_N6/Drivers/STM32N6xx_HAL_Driver/Src/stm32n6xx_hal_sai.c ****     /* Wait until FIFO is not empty */
1600:../../STM32Cube_FW_N6/Drivers/STM32N6xx_HAL_Driver/Src/stm32n6xx_hal_sai.c ****     while ((hsai->Instance->SR & SAI_xSR_FLVL) == SAI_FIFOSTATUS_EMPTY)
1601:../../STM32Cube_FW_N6/Drivers/STM32N6xx_HAL_Driver/Src/stm32n6xx_hal_sai.c ****     {
1602:../../STM32Cube_FW_N6/Drivers/STM32N6xx_HAL_Driver/Src/stm32n6xx_hal_sai.c ****       /* Check for the Timeout */
1603:../../STM32Cube_FW_N6/Drivers/STM32N6xx_HAL_Driver/Src/stm32n6xx_hal_sai.c ****       if ((HAL_GetTick() - tickstart) > SAI_LONG_TIMEOUT)
1604:../../STM32Cube_FW_N6/Drivers/STM32N6xx_HAL_Driver/Src/stm32n6xx_hal_sai.c ****       {
1605:../../STM32Cube_FW_N6/Drivers/STM32N6xx_HAL_Driver/Src/stm32n6xx_hal_sai.c ****         /* Update error code */
1606:../../STM32Cube_FW_N6/Drivers/STM32N6xx_HAL_Driver/Src/stm32n6xx_hal_sai.c ****         hsai->ErrorCode |= HAL_SAI_ERROR_TIMEOUT;
1607:../../STM32Cube_FW_N6/Drivers/STM32N6xx_HAL_Driver/Src/stm32n6xx_hal_sai.c **** 
1608:../../STM32Cube_FW_N6/Drivers/STM32N6xx_HAL_Driver/Src/stm32n6xx_hal_sai.c ****         /* Process Unlocked */
1609:../../STM32Cube_FW_N6/Drivers/STM32N6xx_HAL_Driver/Src/stm32n6xx_hal_sai.c ****         __HAL_UNLOCK(hsai);
1610:../../STM32Cube_FW_N6/Drivers/STM32N6xx_HAL_Driver/Src/stm32n6xx_hal_sai.c **** 
1611:../../STM32Cube_FW_N6/Drivers/STM32N6xx_HAL_Driver/Src/stm32n6xx_hal_sai.c ****         return HAL_TIMEOUT;
1612:../../STM32Cube_FW_N6/Drivers/STM32N6xx_HAL_Driver/Src/stm32n6xx_hal_sai.c ****       }
1613:../../STM32Cube_FW_N6/Drivers/STM32N6xx_HAL_Driver/Src/stm32n6xx_hal_sai.c ****     }
1614:../../STM32Cube_FW_N6/Drivers/STM32N6xx_HAL_Driver/Src/stm32n6xx_hal_sai.c **** 
1615:../../STM32Cube_FW_N6/Drivers/STM32N6xx_HAL_Driver/Src/stm32n6xx_hal_sai.c ****     /* Check if the SAI is already enabled */
1616:../../STM32Cube_FW_N6/Drivers/STM32N6xx_HAL_Driver/Src/stm32n6xx_hal_sai.c ****     if ((hsai->Instance->CR1 & SAI_xCR1_SAIEN) == 0U)
1617:../../STM32Cube_FW_N6/Drivers/STM32N6xx_HAL_Driver/Src/stm32n6xx_hal_sai.c ****     {
1618:../../STM32Cube_FW_N6/Drivers/STM32N6xx_HAL_Driver/Src/stm32n6xx_hal_sai.c ****       /* Enable SAI peripheral */
1619:../../STM32Cube_FW_N6/Drivers/STM32N6xx_HAL_Driver/Src/stm32n6xx_hal_sai.c ****       __HAL_SAI_ENABLE(hsai);
1620:../../STM32Cube_FW_N6/Drivers/STM32N6xx_HAL_Driver/Src/stm32n6xx_hal_sai.c ****     }
1621:../../STM32Cube_FW_N6/Drivers/STM32N6xx_HAL_Driver/Src/stm32n6xx_hal_sai.c **** 
ARM GAS  C:\Users\Antonio\AppData\Local\Temp\ccmFwfsh.s 			page 30


1622:../../STM32Cube_FW_N6/Drivers/STM32N6xx_HAL_Driver/Src/stm32n6xx_hal_sai.c ****     /* Process Unlocked */
1623:../../STM32Cube_FW_N6/Drivers/STM32N6xx_HAL_Driver/Src/stm32n6xx_hal_sai.c ****     __HAL_UNLOCK(hsai);
1624:../../STM32Cube_FW_N6/Drivers/STM32N6xx_HAL_Driver/Src/stm32n6xx_hal_sai.c **** 
1625:../../STM32Cube_FW_N6/Drivers/STM32N6xx_HAL_Driver/Src/stm32n6xx_hal_sai.c ****     return HAL_OK;
1626:../../STM32Cube_FW_N6/Drivers/STM32N6xx_HAL_Driver/Src/stm32n6xx_hal_sai.c ****   }
1627:../../STM32Cube_FW_N6/Drivers/STM32N6xx_HAL_Driver/Src/stm32n6xx_hal_sai.c ****   else
1628:../../STM32Cube_FW_N6/Drivers/STM32N6xx_HAL_Driver/Src/stm32n6xx_hal_sai.c ****   {
1629:../../STM32Cube_FW_N6/Drivers/STM32N6xx_HAL_Driver/Src/stm32n6xx_hal_sai.c ****     return HAL_BUSY;
1630:../../STM32Cube_FW_N6/Drivers/STM32N6xx_HAL_Driver/Src/stm32n6xx_hal_sai.c ****   }
1631:../../STM32Cube_FW_N6/Drivers/STM32N6xx_HAL_Driver/Src/stm32n6xx_hal_sai.c **** }
1632:../../STM32Cube_FW_N6/Drivers/STM32N6xx_HAL_Driver/Src/stm32n6xx_hal_sai.c **** 
1633:../../STM32Cube_FW_N6/Drivers/STM32N6xx_HAL_Driver/Src/stm32n6xx_hal_sai.c **** /**
1634:../../STM32Cube_FW_N6/Drivers/STM32N6xx_HAL_Driver/Src/stm32n6xx_hal_sai.c ****   * @brief  Receive an amount of data in non-blocking mode with DMA.
1635:../../STM32Cube_FW_N6/Drivers/STM32N6xx_HAL_Driver/Src/stm32n6xx_hal_sai.c ****   * @param  hsai pointer to a SAI_HandleTypeDef structure that contains
1636:../../STM32Cube_FW_N6/Drivers/STM32N6xx_HAL_Driver/Src/stm32n6xx_hal_sai.c ****   *              the configuration information for SAI module.
1637:../../STM32Cube_FW_N6/Drivers/STM32N6xx_HAL_Driver/Src/stm32n6xx_hal_sai.c ****   * @param  pData Pointer to data buffer
1638:../../STM32Cube_FW_N6/Drivers/STM32N6xx_HAL_Driver/Src/stm32n6xx_hal_sai.c ****   * @param  Size Amount of data to be received
1639:../../STM32Cube_FW_N6/Drivers/STM32N6xx_HAL_Driver/Src/stm32n6xx_hal_sai.c ****   * @retval HAL status
1640:../../STM32Cube_FW_N6/Drivers/STM32N6xx_HAL_Driver/Src/stm32n6xx_hal_sai.c ****   */
1641:../../STM32Cube_FW_N6/Drivers/STM32N6xx_HAL_Driver/Src/stm32n6xx_hal_sai.c **** HAL_StatusTypeDef HAL_SAI_Receive_DMA(SAI_HandleTypeDef *hsai, uint8_t *pData, uint16_t Size)
1642:../../STM32Cube_FW_N6/Drivers/STM32N6xx_HAL_Driver/Src/stm32n6xx_hal_sai.c **** {
1643:../../STM32Cube_FW_N6/Drivers/STM32N6xx_HAL_Driver/Src/stm32n6xx_hal_sai.c ****   HAL_StatusTypeDef status;
1644:../../STM32Cube_FW_N6/Drivers/STM32N6xx_HAL_Driver/Src/stm32n6xx_hal_sai.c **** 
1645:../../STM32Cube_FW_N6/Drivers/STM32N6xx_HAL_Driver/Src/stm32n6xx_hal_sai.c ****   if ((pData == NULL) || (Size == 0U))
1646:../../STM32Cube_FW_N6/Drivers/STM32N6xx_HAL_Driver/Src/stm32n6xx_hal_sai.c ****   {
1647:../../STM32Cube_FW_N6/Drivers/STM32N6xx_HAL_Driver/Src/stm32n6xx_hal_sai.c ****     return  HAL_ERROR;
1648:../../STM32Cube_FW_N6/Drivers/STM32N6xx_HAL_Driver/Src/stm32n6xx_hal_sai.c ****   }
1649:../../STM32Cube_FW_N6/Drivers/STM32N6xx_HAL_Driver/Src/stm32n6xx_hal_sai.c **** 
1650:../../STM32Cube_FW_N6/Drivers/STM32N6xx_HAL_Driver/Src/stm32n6xx_hal_sai.c ****   if (hsai->State == HAL_SAI_STATE_READY)
1651:../../STM32Cube_FW_N6/Drivers/STM32N6xx_HAL_Driver/Src/stm32n6xx_hal_sai.c ****   {
1652:../../STM32Cube_FW_N6/Drivers/STM32N6xx_HAL_Driver/Src/stm32n6xx_hal_sai.c ****     uint32_t dmaSrcSize;
1653:../../STM32Cube_FW_N6/Drivers/STM32N6xx_HAL_Driver/Src/stm32n6xx_hal_sai.c **** 
1654:../../STM32Cube_FW_N6/Drivers/STM32N6xx_HAL_Driver/Src/stm32n6xx_hal_sai.c ****     /* Process Locked */
1655:../../STM32Cube_FW_N6/Drivers/STM32N6xx_HAL_Driver/Src/stm32n6xx_hal_sai.c ****     __HAL_LOCK(hsai);
1656:../../STM32Cube_FW_N6/Drivers/STM32N6xx_HAL_Driver/Src/stm32n6xx_hal_sai.c **** 
1657:../../STM32Cube_FW_N6/Drivers/STM32N6xx_HAL_Driver/Src/stm32n6xx_hal_sai.c ****     hsai->pBuffPtr = pData;
1658:../../STM32Cube_FW_N6/Drivers/STM32N6xx_HAL_Driver/Src/stm32n6xx_hal_sai.c ****     hsai->XferSize = Size;
1659:../../STM32Cube_FW_N6/Drivers/STM32N6xx_HAL_Driver/Src/stm32n6xx_hal_sai.c ****     hsai->XferCount = Size;
1660:../../STM32Cube_FW_N6/Drivers/STM32N6xx_HAL_Driver/Src/stm32n6xx_hal_sai.c ****     hsai->ErrorCode = HAL_SAI_ERROR_NONE;
1661:../../STM32Cube_FW_N6/Drivers/STM32N6xx_HAL_Driver/Src/stm32n6xx_hal_sai.c ****     hsai->State = HAL_SAI_STATE_BUSY_RX;
1662:../../STM32Cube_FW_N6/Drivers/STM32N6xx_HAL_Driver/Src/stm32n6xx_hal_sai.c **** 
1663:../../STM32Cube_FW_N6/Drivers/STM32N6xx_HAL_Driver/Src/stm32n6xx_hal_sai.c ****     /* Set the SAI Rx DMA Half transfer complete callback */
1664:../../STM32Cube_FW_N6/Drivers/STM32N6xx_HAL_Driver/Src/stm32n6xx_hal_sai.c ****     hsai->hdmarx->XferHalfCpltCallback = SAI_DMARxHalfCplt;
1665:../../STM32Cube_FW_N6/Drivers/STM32N6xx_HAL_Driver/Src/stm32n6xx_hal_sai.c **** 
1666:../../STM32Cube_FW_N6/Drivers/STM32N6xx_HAL_Driver/Src/stm32n6xx_hal_sai.c ****     /* Set the SAI Rx DMA transfer complete callback */
1667:../../STM32Cube_FW_N6/Drivers/STM32N6xx_HAL_Driver/Src/stm32n6xx_hal_sai.c ****     hsai->hdmarx->XferCpltCallback = SAI_DMARxCplt;
1668:../../STM32Cube_FW_N6/Drivers/STM32N6xx_HAL_Driver/Src/stm32n6xx_hal_sai.c **** 
1669:../../STM32Cube_FW_N6/Drivers/STM32N6xx_HAL_Driver/Src/stm32n6xx_hal_sai.c ****     /* Set the DMA error callback */
1670:../../STM32Cube_FW_N6/Drivers/STM32N6xx_HAL_Driver/Src/stm32n6xx_hal_sai.c ****     hsai->hdmarx->XferErrorCallback = SAI_DMAError;
1671:../../STM32Cube_FW_N6/Drivers/STM32N6xx_HAL_Driver/Src/stm32n6xx_hal_sai.c **** 
1672:../../STM32Cube_FW_N6/Drivers/STM32N6xx_HAL_Driver/Src/stm32n6xx_hal_sai.c ****     /* Set the DMA Rx abort callback */
1673:../../STM32Cube_FW_N6/Drivers/STM32N6xx_HAL_Driver/Src/stm32n6xx_hal_sai.c ****     hsai->hdmarx->XferAbortCallback = NULL;
1674:../../STM32Cube_FW_N6/Drivers/STM32N6xx_HAL_Driver/Src/stm32n6xx_hal_sai.c **** 
1675:../../STM32Cube_FW_N6/Drivers/STM32N6xx_HAL_Driver/Src/stm32n6xx_hal_sai.c ****     /* For reception, the DMA source is SAI DR register.
1676:../../STM32Cube_FW_N6/Drivers/STM32N6xx_HAL_Driver/Src/stm32n6xx_hal_sai.c ****        We have to compute DMA size of a source block transfer in bytes according SAI data size. */
1677:../../STM32Cube_FW_N6/Drivers/STM32N6xx_HAL_Driver/Src/stm32n6xx_hal_sai.c ****     if ((hsai->Init.DataSize == SAI_DATASIZE_8) && (hsai->Init.CompandingMode == SAI_NOCOMPANDING))
1678:../../STM32Cube_FW_N6/Drivers/STM32N6xx_HAL_Driver/Src/stm32n6xx_hal_sai.c ****     {
ARM GAS  C:\Users\Antonio\AppData\Local\Temp\ccmFwfsh.s 			page 31


1679:../../STM32Cube_FW_N6/Drivers/STM32N6xx_HAL_Driver/Src/stm32n6xx_hal_sai.c ****       dmaSrcSize = (uint32_t) Size;
1680:../../STM32Cube_FW_N6/Drivers/STM32N6xx_HAL_Driver/Src/stm32n6xx_hal_sai.c ****     }
1681:../../STM32Cube_FW_N6/Drivers/STM32N6xx_HAL_Driver/Src/stm32n6xx_hal_sai.c ****     else if (hsai->Init.DataSize <= SAI_DATASIZE_16)
1682:../../STM32Cube_FW_N6/Drivers/STM32N6xx_HAL_Driver/Src/stm32n6xx_hal_sai.c ****     {
1683:../../STM32Cube_FW_N6/Drivers/STM32N6xx_HAL_Driver/Src/stm32n6xx_hal_sai.c ****       dmaSrcSize = 2U * (uint32_t) Size;
1684:../../STM32Cube_FW_N6/Drivers/STM32N6xx_HAL_Driver/Src/stm32n6xx_hal_sai.c ****     }
1685:../../STM32Cube_FW_N6/Drivers/STM32N6xx_HAL_Driver/Src/stm32n6xx_hal_sai.c ****     else
1686:../../STM32Cube_FW_N6/Drivers/STM32N6xx_HAL_Driver/Src/stm32n6xx_hal_sai.c ****     {
1687:../../STM32Cube_FW_N6/Drivers/STM32N6xx_HAL_Driver/Src/stm32n6xx_hal_sai.c ****       dmaSrcSize = 4U * (uint32_t) Size;
1688:../../STM32Cube_FW_N6/Drivers/STM32N6xx_HAL_Driver/Src/stm32n6xx_hal_sai.c ****     }
1689:../../STM32Cube_FW_N6/Drivers/STM32N6xx_HAL_Driver/Src/stm32n6xx_hal_sai.c **** 
1690:../../STM32Cube_FW_N6/Drivers/STM32N6xx_HAL_Driver/Src/stm32n6xx_hal_sai.c ****     /* Enable the Rx DMA Stream */
1691:../../STM32Cube_FW_N6/Drivers/STM32N6xx_HAL_Driver/Src/stm32n6xx_hal_sai.c ****     if ((hsai->hdmarx->Mode & DMA_LINKEDLIST) == DMA_LINKEDLIST)
1692:../../STM32Cube_FW_N6/Drivers/STM32N6xx_HAL_Driver/Src/stm32n6xx_hal_sai.c ****     {
1693:../../STM32Cube_FW_N6/Drivers/STM32N6xx_HAL_Driver/Src/stm32n6xx_hal_sai.c ****       if (hsai->hdmarx->LinkedListQueue != NULL)
1694:../../STM32Cube_FW_N6/Drivers/STM32N6xx_HAL_Driver/Src/stm32n6xx_hal_sai.c ****       {
1695:../../STM32Cube_FW_N6/Drivers/STM32N6xx_HAL_Driver/Src/stm32n6xx_hal_sai.c ****         /* Set DMA data size */
1696:../../STM32Cube_FW_N6/Drivers/STM32N6xx_HAL_Driver/Src/stm32n6xx_hal_sai.c ****         hsai->hdmarx->LinkedListQueue->Head->LinkRegisters[NODE_CBR1_DEFAULT_OFFSET] = dmaSrcSize;
1697:../../STM32Cube_FW_N6/Drivers/STM32N6xx_HAL_Driver/Src/stm32n6xx_hal_sai.c **** 
1698:../../STM32Cube_FW_N6/Drivers/STM32N6xx_HAL_Driver/Src/stm32n6xx_hal_sai.c ****         /* Set DMA source address */
1699:../../STM32Cube_FW_N6/Drivers/STM32N6xx_HAL_Driver/Src/stm32n6xx_hal_sai.c ****         hsai->hdmarx->LinkedListQueue->Head->LinkRegisters[NODE_CSAR_DEFAULT_OFFSET] = (uint32_t)&h
1700:../../STM32Cube_FW_N6/Drivers/STM32N6xx_HAL_Driver/Src/stm32n6xx_hal_sai.c **** 
1701:../../STM32Cube_FW_N6/Drivers/STM32N6xx_HAL_Driver/Src/stm32n6xx_hal_sai.c ****         /* Set DMA destination address */
1702:../../STM32Cube_FW_N6/Drivers/STM32N6xx_HAL_Driver/Src/stm32n6xx_hal_sai.c ****         hsai->hdmarx->LinkedListQueue->Head->LinkRegisters[NODE_CDAR_DEFAULT_OFFSET] = (uint32_t)hs
1703:../../STM32Cube_FW_N6/Drivers/STM32N6xx_HAL_Driver/Src/stm32n6xx_hal_sai.c **** 
1704:../../STM32Cube_FW_N6/Drivers/STM32N6xx_HAL_Driver/Src/stm32n6xx_hal_sai.c ****         status = HAL_DMAEx_List_Start_IT(hsai->hdmarx);
1705:../../STM32Cube_FW_N6/Drivers/STM32N6xx_HAL_Driver/Src/stm32n6xx_hal_sai.c ****       }
1706:../../STM32Cube_FW_N6/Drivers/STM32N6xx_HAL_Driver/Src/stm32n6xx_hal_sai.c ****       else
1707:../../STM32Cube_FW_N6/Drivers/STM32N6xx_HAL_Driver/Src/stm32n6xx_hal_sai.c ****       {
1708:../../STM32Cube_FW_N6/Drivers/STM32N6xx_HAL_Driver/Src/stm32n6xx_hal_sai.c ****         __HAL_UNLOCK(hsai);
1709:../../STM32Cube_FW_N6/Drivers/STM32N6xx_HAL_Driver/Src/stm32n6xx_hal_sai.c ****         return  HAL_ERROR;
1710:../../STM32Cube_FW_N6/Drivers/STM32N6xx_HAL_Driver/Src/stm32n6xx_hal_sai.c ****       }
1711:../../STM32Cube_FW_N6/Drivers/STM32N6xx_HAL_Driver/Src/stm32n6xx_hal_sai.c ****     }
1712:../../STM32Cube_FW_N6/Drivers/STM32N6xx_HAL_Driver/Src/stm32n6xx_hal_sai.c ****     else
1713:../../STM32Cube_FW_N6/Drivers/STM32N6xx_HAL_Driver/Src/stm32n6xx_hal_sai.c ****     {
1714:../../STM32Cube_FW_N6/Drivers/STM32N6xx_HAL_Driver/Src/stm32n6xx_hal_sai.c ****       status = HAL_DMA_Start_IT(hsai->hdmarx, (uint32_t)&hsai->Instance->DR, (uint32_t)hsai->pBuffP
1715:../../STM32Cube_FW_N6/Drivers/STM32N6xx_HAL_Driver/Src/stm32n6xx_hal_sai.c ****     }
1716:../../STM32Cube_FW_N6/Drivers/STM32N6xx_HAL_Driver/Src/stm32n6xx_hal_sai.c **** 
1717:../../STM32Cube_FW_N6/Drivers/STM32N6xx_HAL_Driver/Src/stm32n6xx_hal_sai.c ****     if (status != HAL_OK)
1718:../../STM32Cube_FW_N6/Drivers/STM32N6xx_HAL_Driver/Src/stm32n6xx_hal_sai.c ****     {
1719:../../STM32Cube_FW_N6/Drivers/STM32N6xx_HAL_Driver/Src/stm32n6xx_hal_sai.c ****       __HAL_UNLOCK(hsai);
1720:../../STM32Cube_FW_N6/Drivers/STM32N6xx_HAL_Driver/Src/stm32n6xx_hal_sai.c ****       return  HAL_ERROR;
1721:../../STM32Cube_FW_N6/Drivers/STM32N6xx_HAL_Driver/Src/stm32n6xx_hal_sai.c ****     }
1722:../../STM32Cube_FW_N6/Drivers/STM32N6xx_HAL_Driver/Src/stm32n6xx_hal_sai.c **** 
1723:../../STM32Cube_FW_N6/Drivers/STM32N6xx_HAL_Driver/Src/stm32n6xx_hal_sai.c ****     /* Enable the interrupts for error handling */
1724:../../STM32Cube_FW_N6/Drivers/STM32N6xx_HAL_Driver/Src/stm32n6xx_hal_sai.c ****     __HAL_SAI_ENABLE_IT(hsai, SAI_InterruptFlag(hsai, SAI_MODE_DMA));
1725:../../STM32Cube_FW_N6/Drivers/STM32N6xx_HAL_Driver/Src/stm32n6xx_hal_sai.c **** 
1726:../../STM32Cube_FW_N6/Drivers/STM32N6xx_HAL_Driver/Src/stm32n6xx_hal_sai.c ****     /* Enable SAI Rx DMA Request */
1727:../../STM32Cube_FW_N6/Drivers/STM32N6xx_HAL_Driver/Src/stm32n6xx_hal_sai.c ****     hsai->Instance->CR1 |= SAI_xCR1_DMAEN;
1728:../../STM32Cube_FW_N6/Drivers/STM32N6xx_HAL_Driver/Src/stm32n6xx_hal_sai.c **** 
1729:../../STM32Cube_FW_N6/Drivers/STM32N6xx_HAL_Driver/Src/stm32n6xx_hal_sai.c ****     /* Check if the SAI is already enabled */
1730:../../STM32Cube_FW_N6/Drivers/STM32N6xx_HAL_Driver/Src/stm32n6xx_hal_sai.c ****     if ((hsai->Instance->CR1 & SAI_xCR1_SAIEN) == 0U)
1731:../../STM32Cube_FW_N6/Drivers/STM32N6xx_HAL_Driver/Src/stm32n6xx_hal_sai.c ****     {
1732:../../STM32Cube_FW_N6/Drivers/STM32N6xx_HAL_Driver/Src/stm32n6xx_hal_sai.c ****       /* Enable SAI peripheral */
1733:../../STM32Cube_FW_N6/Drivers/STM32N6xx_HAL_Driver/Src/stm32n6xx_hal_sai.c ****       __HAL_SAI_ENABLE(hsai);
1734:../../STM32Cube_FW_N6/Drivers/STM32N6xx_HAL_Driver/Src/stm32n6xx_hal_sai.c ****     }
1735:../../STM32Cube_FW_N6/Drivers/STM32N6xx_HAL_Driver/Src/stm32n6xx_hal_sai.c **** 
ARM GAS  C:\Users\Antonio\AppData\Local\Temp\ccmFwfsh.s 			page 32


1736:../../STM32Cube_FW_N6/Drivers/STM32N6xx_HAL_Driver/Src/stm32n6xx_hal_sai.c ****     /* Process Unlocked */
1737:../../STM32Cube_FW_N6/Drivers/STM32N6xx_HAL_Driver/Src/stm32n6xx_hal_sai.c ****     __HAL_UNLOCK(hsai);
1738:../../STM32Cube_FW_N6/Drivers/STM32N6xx_HAL_Driver/Src/stm32n6xx_hal_sai.c **** 
1739:../../STM32Cube_FW_N6/Drivers/STM32N6xx_HAL_Driver/Src/stm32n6xx_hal_sai.c ****     return HAL_OK;
1740:../../STM32Cube_FW_N6/Drivers/STM32N6xx_HAL_Driver/Src/stm32n6xx_hal_sai.c ****   }
1741:../../STM32Cube_FW_N6/Drivers/STM32N6xx_HAL_Driver/Src/stm32n6xx_hal_sai.c ****   else
1742:../../STM32Cube_FW_N6/Drivers/STM32N6xx_HAL_Driver/Src/stm32n6xx_hal_sai.c ****   {
1743:../../STM32Cube_FW_N6/Drivers/STM32N6xx_HAL_Driver/Src/stm32n6xx_hal_sai.c ****     return HAL_BUSY;
1744:../../STM32Cube_FW_N6/Drivers/STM32N6xx_HAL_Driver/Src/stm32n6xx_hal_sai.c ****   }
1745:../../STM32Cube_FW_N6/Drivers/STM32N6xx_HAL_Driver/Src/stm32n6xx_hal_sai.c **** }
1746:../../STM32Cube_FW_N6/Drivers/STM32N6xx_HAL_Driver/Src/stm32n6xx_hal_sai.c **** 
1747:../../STM32Cube_FW_N6/Drivers/STM32N6xx_HAL_Driver/Src/stm32n6xx_hal_sai.c **** /**
1748:../../STM32Cube_FW_N6/Drivers/STM32N6xx_HAL_Driver/Src/stm32n6xx_hal_sai.c ****   * @brief  Enable the Tx mute mode.
1749:../../STM32Cube_FW_N6/Drivers/STM32N6xx_HAL_Driver/Src/stm32n6xx_hal_sai.c ****   * @param  hsai pointer to a SAI_HandleTypeDef structure that contains
1750:../../STM32Cube_FW_N6/Drivers/STM32N6xx_HAL_Driver/Src/stm32n6xx_hal_sai.c ****   *              the configuration information for SAI module.
1751:../../STM32Cube_FW_N6/Drivers/STM32N6xx_HAL_Driver/Src/stm32n6xx_hal_sai.c ****   * @param  val  value sent during the mute @ref SAI_Block_Mute_Value
1752:../../STM32Cube_FW_N6/Drivers/STM32N6xx_HAL_Driver/Src/stm32n6xx_hal_sai.c ****   * @retval HAL status
1753:../../STM32Cube_FW_N6/Drivers/STM32N6xx_HAL_Driver/Src/stm32n6xx_hal_sai.c ****   */
1754:../../STM32Cube_FW_N6/Drivers/STM32N6xx_HAL_Driver/Src/stm32n6xx_hal_sai.c **** HAL_StatusTypeDef HAL_SAI_EnableTxMuteMode(SAI_HandleTypeDef *hsai, uint16_t val)
1755:../../STM32Cube_FW_N6/Drivers/STM32N6xx_HAL_Driver/Src/stm32n6xx_hal_sai.c **** {
1756:../../STM32Cube_FW_N6/Drivers/STM32N6xx_HAL_Driver/Src/stm32n6xx_hal_sai.c ****   assert_param(IS_SAI_BLOCK_MUTE_VALUE(val));
1757:../../STM32Cube_FW_N6/Drivers/STM32N6xx_HAL_Driver/Src/stm32n6xx_hal_sai.c **** 
1758:../../STM32Cube_FW_N6/Drivers/STM32N6xx_HAL_Driver/Src/stm32n6xx_hal_sai.c ****   if (hsai->State != HAL_SAI_STATE_RESET)
1759:../../STM32Cube_FW_N6/Drivers/STM32N6xx_HAL_Driver/Src/stm32n6xx_hal_sai.c ****   {
1760:../../STM32Cube_FW_N6/Drivers/STM32N6xx_HAL_Driver/Src/stm32n6xx_hal_sai.c ****     CLEAR_BIT(hsai->Instance->CR2, SAI_xCR2_MUTEVAL | SAI_xCR2_MUTE);
1761:../../STM32Cube_FW_N6/Drivers/STM32N6xx_HAL_Driver/Src/stm32n6xx_hal_sai.c ****     SET_BIT(hsai->Instance->CR2, SAI_xCR2_MUTE | (uint32_t)val);
1762:../../STM32Cube_FW_N6/Drivers/STM32N6xx_HAL_Driver/Src/stm32n6xx_hal_sai.c ****     return HAL_OK;
1763:../../STM32Cube_FW_N6/Drivers/STM32N6xx_HAL_Driver/Src/stm32n6xx_hal_sai.c ****   }
1764:../../STM32Cube_FW_N6/Drivers/STM32N6xx_HAL_Driver/Src/stm32n6xx_hal_sai.c ****   return HAL_ERROR;
1765:../../STM32Cube_FW_N6/Drivers/STM32N6xx_HAL_Driver/Src/stm32n6xx_hal_sai.c **** }
1766:../../STM32Cube_FW_N6/Drivers/STM32N6xx_HAL_Driver/Src/stm32n6xx_hal_sai.c **** 
1767:../../STM32Cube_FW_N6/Drivers/STM32N6xx_HAL_Driver/Src/stm32n6xx_hal_sai.c **** /**
1768:../../STM32Cube_FW_N6/Drivers/STM32N6xx_HAL_Driver/Src/stm32n6xx_hal_sai.c ****   * @brief  Disable the Tx mute mode.
1769:../../STM32Cube_FW_N6/Drivers/STM32N6xx_HAL_Driver/Src/stm32n6xx_hal_sai.c ****   * @param  hsai pointer to a SAI_HandleTypeDef structure that contains
1770:../../STM32Cube_FW_N6/Drivers/STM32N6xx_HAL_Driver/Src/stm32n6xx_hal_sai.c ****   *              the configuration information for SAI module.
1771:../../STM32Cube_FW_N6/Drivers/STM32N6xx_HAL_Driver/Src/stm32n6xx_hal_sai.c ****   * @retval HAL status
1772:../../STM32Cube_FW_N6/Drivers/STM32N6xx_HAL_Driver/Src/stm32n6xx_hal_sai.c ****   */
1773:../../STM32Cube_FW_N6/Drivers/STM32N6xx_HAL_Driver/Src/stm32n6xx_hal_sai.c **** HAL_StatusTypeDef HAL_SAI_DisableTxMuteMode(SAI_HandleTypeDef *hsai)
1774:../../STM32Cube_FW_N6/Drivers/STM32N6xx_HAL_Driver/Src/stm32n6xx_hal_sai.c **** {
1775:../../STM32Cube_FW_N6/Drivers/STM32N6xx_HAL_Driver/Src/stm32n6xx_hal_sai.c ****   if (hsai->State != HAL_SAI_STATE_RESET)
1776:../../STM32Cube_FW_N6/Drivers/STM32N6xx_HAL_Driver/Src/stm32n6xx_hal_sai.c ****   {
1777:../../STM32Cube_FW_N6/Drivers/STM32N6xx_HAL_Driver/Src/stm32n6xx_hal_sai.c ****     CLEAR_BIT(hsai->Instance->CR2, SAI_xCR2_MUTEVAL | SAI_xCR2_MUTE);
1778:../../STM32Cube_FW_N6/Drivers/STM32N6xx_HAL_Driver/Src/stm32n6xx_hal_sai.c ****     return HAL_OK;
1779:../../STM32Cube_FW_N6/Drivers/STM32N6xx_HAL_Driver/Src/stm32n6xx_hal_sai.c ****   }
1780:../../STM32Cube_FW_N6/Drivers/STM32N6xx_HAL_Driver/Src/stm32n6xx_hal_sai.c ****   return HAL_ERROR;
1781:../../STM32Cube_FW_N6/Drivers/STM32N6xx_HAL_Driver/Src/stm32n6xx_hal_sai.c **** }
1782:../../STM32Cube_FW_N6/Drivers/STM32N6xx_HAL_Driver/Src/stm32n6xx_hal_sai.c **** 
1783:../../STM32Cube_FW_N6/Drivers/STM32N6xx_HAL_Driver/Src/stm32n6xx_hal_sai.c **** /**
1784:../../STM32Cube_FW_N6/Drivers/STM32N6xx_HAL_Driver/Src/stm32n6xx_hal_sai.c ****   * @brief  Enable the Rx mute detection.
1785:../../STM32Cube_FW_N6/Drivers/STM32N6xx_HAL_Driver/Src/stm32n6xx_hal_sai.c ****   * @param  hsai pointer to a SAI_HandleTypeDef structure that contains
1786:../../STM32Cube_FW_N6/Drivers/STM32N6xx_HAL_Driver/Src/stm32n6xx_hal_sai.c ****   *              the configuration information for SAI module.
1787:../../STM32Cube_FW_N6/Drivers/STM32N6xx_HAL_Driver/Src/stm32n6xx_hal_sai.c ****   * @param  callback function called when the mute is detected.
1788:../../STM32Cube_FW_N6/Drivers/STM32N6xx_HAL_Driver/Src/stm32n6xx_hal_sai.c ****   * @param  counter number a data before mute detection max 63.
1789:../../STM32Cube_FW_N6/Drivers/STM32N6xx_HAL_Driver/Src/stm32n6xx_hal_sai.c ****   * @retval HAL status
1790:../../STM32Cube_FW_N6/Drivers/STM32N6xx_HAL_Driver/Src/stm32n6xx_hal_sai.c ****   */
1791:../../STM32Cube_FW_N6/Drivers/STM32N6xx_HAL_Driver/Src/stm32n6xx_hal_sai.c **** HAL_StatusTypeDef HAL_SAI_EnableRxMuteMode(SAI_HandleTypeDef *hsai, SAIcallback callback, uint16_t 
1792:../../STM32Cube_FW_N6/Drivers/STM32N6xx_HAL_Driver/Src/stm32n6xx_hal_sai.c **** {
ARM GAS  C:\Users\Antonio\AppData\Local\Temp\ccmFwfsh.s 			page 33


1793:../../STM32Cube_FW_N6/Drivers/STM32N6xx_HAL_Driver/Src/stm32n6xx_hal_sai.c ****   assert_param(IS_SAI_BLOCK_MUTE_COUNTER(counter));
1794:../../STM32Cube_FW_N6/Drivers/STM32N6xx_HAL_Driver/Src/stm32n6xx_hal_sai.c **** 
1795:../../STM32Cube_FW_N6/Drivers/STM32N6xx_HAL_Driver/Src/stm32n6xx_hal_sai.c ****   if (hsai->State != HAL_SAI_STATE_RESET)
1796:../../STM32Cube_FW_N6/Drivers/STM32N6xx_HAL_Driver/Src/stm32n6xx_hal_sai.c ****   {
1797:../../STM32Cube_FW_N6/Drivers/STM32N6xx_HAL_Driver/Src/stm32n6xx_hal_sai.c ****     /* set the mute counter */
1798:../../STM32Cube_FW_N6/Drivers/STM32N6xx_HAL_Driver/Src/stm32n6xx_hal_sai.c ****     CLEAR_BIT(hsai->Instance->CR2, SAI_xCR2_MUTECNT);
1799:../../STM32Cube_FW_N6/Drivers/STM32N6xx_HAL_Driver/Src/stm32n6xx_hal_sai.c ****     SET_BIT(hsai->Instance->CR2, (uint32_t)((uint32_t)counter << SAI_xCR2_MUTECNT_Pos));
1800:../../STM32Cube_FW_N6/Drivers/STM32N6xx_HAL_Driver/Src/stm32n6xx_hal_sai.c ****     hsai->mutecallback = callback;
1801:../../STM32Cube_FW_N6/Drivers/STM32N6xx_HAL_Driver/Src/stm32n6xx_hal_sai.c ****     /* enable the IT interrupt */
1802:../../STM32Cube_FW_N6/Drivers/STM32N6xx_HAL_Driver/Src/stm32n6xx_hal_sai.c ****     __HAL_SAI_ENABLE_IT(hsai, SAI_IT_MUTEDET);
1803:../../STM32Cube_FW_N6/Drivers/STM32N6xx_HAL_Driver/Src/stm32n6xx_hal_sai.c ****     return HAL_OK;
1804:../../STM32Cube_FW_N6/Drivers/STM32N6xx_HAL_Driver/Src/stm32n6xx_hal_sai.c ****   }
1805:../../STM32Cube_FW_N6/Drivers/STM32N6xx_HAL_Driver/Src/stm32n6xx_hal_sai.c ****   return HAL_ERROR;
1806:../../STM32Cube_FW_N6/Drivers/STM32N6xx_HAL_Driver/Src/stm32n6xx_hal_sai.c **** }
1807:../../STM32Cube_FW_N6/Drivers/STM32N6xx_HAL_Driver/Src/stm32n6xx_hal_sai.c **** 
1808:../../STM32Cube_FW_N6/Drivers/STM32N6xx_HAL_Driver/Src/stm32n6xx_hal_sai.c **** /**
1809:../../STM32Cube_FW_N6/Drivers/STM32N6xx_HAL_Driver/Src/stm32n6xx_hal_sai.c ****   * @brief  Disable the Rx mute detection.
1810:../../STM32Cube_FW_N6/Drivers/STM32N6xx_HAL_Driver/Src/stm32n6xx_hal_sai.c ****   * @param  hsai pointer to a SAI_HandleTypeDef structure that contains
1811:../../STM32Cube_FW_N6/Drivers/STM32N6xx_HAL_Driver/Src/stm32n6xx_hal_sai.c ****   *              the configuration information for SAI module.
1812:../../STM32Cube_FW_N6/Drivers/STM32N6xx_HAL_Driver/Src/stm32n6xx_hal_sai.c ****   * @retval HAL status
1813:../../STM32Cube_FW_N6/Drivers/STM32N6xx_HAL_Driver/Src/stm32n6xx_hal_sai.c ****   */
1814:../../STM32Cube_FW_N6/Drivers/STM32N6xx_HAL_Driver/Src/stm32n6xx_hal_sai.c **** HAL_StatusTypeDef HAL_SAI_DisableRxMuteMode(SAI_HandleTypeDef *hsai)
1815:../../STM32Cube_FW_N6/Drivers/STM32N6xx_HAL_Driver/Src/stm32n6xx_hal_sai.c **** {
1816:../../STM32Cube_FW_N6/Drivers/STM32N6xx_HAL_Driver/Src/stm32n6xx_hal_sai.c ****   if (hsai->State != HAL_SAI_STATE_RESET)
1817:../../STM32Cube_FW_N6/Drivers/STM32N6xx_HAL_Driver/Src/stm32n6xx_hal_sai.c ****   {
1818:../../STM32Cube_FW_N6/Drivers/STM32N6xx_HAL_Driver/Src/stm32n6xx_hal_sai.c ****     /* set the mutecallback to NULL */
1819:../../STM32Cube_FW_N6/Drivers/STM32N6xx_HAL_Driver/Src/stm32n6xx_hal_sai.c ****     hsai->mutecallback = NULL;
1820:../../STM32Cube_FW_N6/Drivers/STM32N6xx_HAL_Driver/Src/stm32n6xx_hal_sai.c ****     /* enable the IT interrupt */
1821:../../STM32Cube_FW_N6/Drivers/STM32N6xx_HAL_Driver/Src/stm32n6xx_hal_sai.c ****     __HAL_SAI_DISABLE_IT(hsai, SAI_IT_MUTEDET);
1822:../../STM32Cube_FW_N6/Drivers/STM32N6xx_HAL_Driver/Src/stm32n6xx_hal_sai.c ****     return HAL_OK;
1823:../../STM32Cube_FW_N6/Drivers/STM32N6xx_HAL_Driver/Src/stm32n6xx_hal_sai.c ****   }
1824:../../STM32Cube_FW_N6/Drivers/STM32N6xx_HAL_Driver/Src/stm32n6xx_hal_sai.c ****   return HAL_ERROR;
1825:../../STM32Cube_FW_N6/Drivers/STM32N6xx_HAL_Driver/Src/stm32n6xx_hal_sai.c **** }
1826:../../STM32Cube_FW_N6/Drivers/STM32N6xx_HAL_Driver/Src/stm32n6xx_hal_sai.c **** 
1827:../../STM32Cube_FW_N6/Drivers/STM32N6xx_HAL_Driver/Src/stm32n6xx_hal_sai.c **** /**
1828:../../STM32Cube_FW_N6/Drivers/STM32N6xx_HAL_Driver/Src/stm32n6xx_hal_sai.c ****   * @brief  Handle SAI interrupt request.
1829:../../STM32Cube_FW_N6/Drivers/STM32N6xx_HAL_Driver/Src/stm32n6xx_hal_sai.c ****   * @param  hsai pointer to a SAI_HandleTypeDef structure that contains
1830:../../STM32Cube_FW_N6/Drivers/STM32N6xx_HAL_Driver/Src/stm32n6xx_hal_sai.c ****   *              the configuration information for SAI module.
1831:../../STM32Cube_FW_N6/Drivers/STM32N6xx_HAL_Driver/Src/stm32n6xx_hal_sai.c ****   * @retval None
1832:../../STM32Cube_FW_N6/Drivers/STM32N6xx_HAL_Driver/Src/stm32n6xx_hal_sai.c ****   */
1833:../../STM32Cube_FW_N6/Drivers/STM32N6xx_HAL_Driver/Src/stm32n6xx_hal_sai.c **** void HAL_SAI_IRQHandler(SAI_HandleTypeDef *hsai)
1834:../../STM32Cube_FW_N6/Drivers/STM32N6xx_HAL_Driver/Src/stm32n6xx_hal_sai.c **** {
1835:../../STM32Cube_FW_N6/Drivers/STM32N6xx_HAL_Driver/Src/stm32n6xx_hal_sai.c ****   if (hsai->State != HAL_SAI_STATE_RESET)
1836:../../STM32Cube_FW_N6/Drivers/STM32N6xx_HAL_Driver/Src/stm32n6xx_hal_sai.c ****   {
1837:../../STM32Cube_FW_N6/Drivers/STM32N6xx_HAL_Driver/Src/stm32n6xx_hal_sai.c ****     uint32_t itflags = hsai->Instance->SR;
1838:../../STM32Cube_FW_N6/Drivers/STM32N6xx_HAL_Driver/Src/stm32n6xx_hal_sai.c ****     uint32_t itsources = hsai->Instance->IMR;
1839:../../STM32Cube_FW_N6/Drivers/STM32N6xx_HAL_Driver/Src/stm32n6xx_hal_sai.c ****     uint32_t cr1config = hsai->Instance->CR1;
1840:../../STM32Cube_FW_N6/Drivers/STM32N6xx_HAL_Driver/Src/stm32n6xx_hal_sai.c ****     uint32_t tmperror;
1841:../../STM32Cube_FW_N6/Drivers/STM32N6xx_HAL_Driver/Src/stm32n6xx_hal_sai.c **** 
1842:../../STM32Cube_FW_N6/Drivers/STM32N6xx_HAL_Driver/Src/stm32n6xx_hal_sai.c ****     /* SAI Fifo request interrupt occurred -----------------------------------*/
1843:../../STM32Cube_FW_N6/Drivers/STM32N6xx_HAL_Driver/Src/stm32n6xx_hal_sai.c ****     if (((itflags & SAI_xSR_FREQ) == SAI_xSR_FREQ) && ((itsources & SAI_IT_FREQ) == SAI_IT_FREQ))
1844:../../STM32Cube_FW_N6/Drivers/STM32N6xx_HAL_Driver/Src/stm32n6xx_hal_sai.c ****     {
1845:../../STM32Cube_FW_N6/Drivers/STM32N6xx_HAL_Driver/Src/stm32n6xx_hal_sai.c ****       hsai->InterruptServiceRoutine(hsai);
1846:../../STM32Cube_FW_N6/Drivers/STM32N6xx_HAL_Driver/Src/stm32n6xx_hal_sai.c ****     }
1847:../../STM32Cube_FW_N6/Drivers/STM32N6xx_HAL_Driver/Src/stm32n6xx_hal_sai.c ****     /* SAI Overrun error interrupt occurred ----------------------------------*/
1848:../../STM32Cube_FW_N6/Drivers/STM32N6xx_HAL_Driver/Src/stm32n6xx_hal_sai.c ****     else if (((itflags & SAI_FLAG_OVRUDR) == SAI_FLAG_OVRUDR) && ((itsources & SAI_IT_OVRUDR) == SA
1849:../../STM32Cube_FW_N6/Drivers/STM32N6xx_HAL_Driver/Src/stm32n6xx_hal_sai.c ****     {
ARM GAS  C:\Users\Antonio\AppData\Local\Temp\ccmFwfsh.s 			page 34


1850:../../STM32Cube_FW_N6/Drivers/STM32N6xx_HAL_Driver/Src/stm32n6xx_hal_sai.c ****       /* Clear the SAI Overrun flag */
1851:../../STM32Cube_FW_N6/Drivers/STM32N6xx_HAL_Driver/Src/stm32n6xx_hal_sai.c ****       __HAL_SAI_CLEAR_FLAG(hsai, SAI_FLAG_OVRUDR);
1852:../../STM32Cube_FW_N6/Drivers/STM32N6xx_HAL_Driver/Src/stm32n6xx_hal_sai.c ****       /* Get the SAI error code */
1853:../../STM32Cube_FW_N6/Drivers/STM32N6xx_HAL_Driver/Src/stm32n6xx_hal_sai.c ****       tmperror = ((hsai->State == HAL_SAI_STATE_BUSY_RX) ? HAL_SAI_ERROR_OVR : HAL_SAI_ERROR_UDR);
1854:../../STM32Cube_FW_N6/Drivers/STM32N6xx_HAL_Driver/Src/stm32n6xx_hal_sai.c ****       /* Change the SAI error code */
1855:../../STM32Cube_FW_N6/Drivers/STM32N6xx_HAL_Driver/Src/stm32n6xx_hal_sai.c ****       hsai->ErrorCode |= tmperror;
1856:../../STM32Cube_FW_N6/Drivers/STM32N6xx_HAL_Driver/Src/stm32n6xx_hal_sai.c ****       /* the transfer is not stopped, we will forward the information to the user and we let
1857:../../STM32Cube_FW_N6/Drivers/STM32N6xx_HAL_Driver/Src/stm32n6xx_hal_sai.c ****       the user decide what needs to be done */
1858:../../STM32Cube_FW_N6/Drivers/STM32N6xx_HAL_Driver/Src/stm32n6xx_hal_sai.c **** #if (USE_HAL_SAI_REGISTER_CALLBACKS == 1)
1859:../../STM32Cube_FW_N6/Drivers/STM32N6xx_HAL_Driver/Src/stm32n6xx_hal_sai.c ****       hsai->ErrorCallback(hsai);
1860:../../STM32Cube_FW_N6/Drivers/STM32N6xx_HAL_Driver/Src/stm32n6xx_hal_sai.c **** #else
1861:../../STM32Cube_FW_N6/Drivers/STM32N6xx_HAL_Driver/Src/stm32n6xx_hal_sai.c ****       HAL_SAI_ErrorCallback(hsai);
1862:../../STM32Cube_FW_N6/Drivers/STM32N6xx_HAL_Driver/Src/stm32n6xx_hal_sai.c **** #endif /* USE_HAL_SAI_REGISTER_CALLBACKS */
1863:../../STM32Cube_FW_N6/Drivers/STM32N6xx_HAL_Driver/Src/stm32n6xx_hal_sai.c ****     }
1864:../../STM32Cube_FW_N6/Drivers/STM32N6xx_HAL_Driver/Src/stm32n6xx_hal_sai.c ****     /* SAI mutedet interrupt occurred ----------------------------------*/
1865:../../STM32Cube_FW_N6/Drivers/STM32N6xx_HAL_Driver/Src/stm32n6xx_hal_sai.c ****     else if (((itflags & SAI_FLAG_MUTEDET) == SAI_FLAG_MUTEDET) && ((itsources & SAI_IT_MUTEDET) ==
1866:../../STM32Cube_FW_N6/Drivers/STM32N6xx_HAL_Driver/Src/stm32n6xx_hal_sai.c ****     {
1867:../../STM32Cube_FW_N6/Drivers/STM32N6xx_HAL_Driver/Src/stm32n6xx_hal_sai.c ****       /* Clear the SAI mutedet flag */
1868:../../STM32Cube_FW_N6/Drivers/STM32N6xx_HAL_Driver/Src/stm32n6xx_hal_sai.c ****       __HAL_SAI_CLEAR_FLAG(hsai, SAI_FLAG_MUTEDET);
1869:../../STM32Cube_FW_N6/Drivers/STM32N6xx_HAL_Driver/Src/stm32n6xx_hal_sai.c ****       /* call the call back function */
1870:../../STM32Cube_FW_N6/Drivers/STM32N6xx_HAL_Driver/Src/stm32n6xx_hal_sai.c ****       if (hsai->mutecallback != NULL)
1871:../../STM32Cube_FW_N6/Drivers/STM32N6xx_HAL_Driver/Src/stm32n6xx_hal_sai.c ****       {
1872:../../STM32Cube_FW_N6/Drivers/STM32N6xx_HAL_Driver/Src/stm32n6xx_hal_sai.c ****         /* inform the user that an RX mute event has been detected */
1873:../../STM32Cube_FW_N6/Drivers/STM32N6xx_HAL_Driver/Src/stm32n6xx_hal_sai.c ****         hsai->mutecallback();
1874:../../STM32Cube_FW_N6/Drivers/STM32N6xx_HAL_Driver/Src/stm32n6xx_hal_sai.c ****       }
1875:../../STM32Cube_FW_N6/Drivers/STM32N6xx_HAL_Driver/Src/stm32n6xx_hal_sai.c ****     }
1876:../../STM32Cube_FW_N6/Drivers/STM32N6xx_HAL_Driver/Src/stm32n6xx_hal_sai.c ****     /* SAI AFSDET interrupt occurred ----------------------------------*/
1877:../../STM32Cube_FW_N6/Drivers/STM32N6xx_HAL_Driver/Src/stm32n6xx_hal_sai.c ****     else if (((itflags & SAI_FLAG_AFSDET) == SAI_FLAG_AFSDET) && ((itsources & SAI_IT_AFSDET) == SA
1878:../../STM32Cube_FW_N6/Drivers/STM32N6xx_HAL_Driver/Src/stm32n6xx_hal_sai.c ****     {
1879:../../STM32Cube_FW_N6/Drivers/STM32N6xx_HAL_Driver/Src/stm32n6xx_hal_sai.c ****       /* Clear the SAI AFSDET flag */
1880:../../STM32Cube_FW_N6/Drivers/STM32N6xx_HAL_Driver/Src/stm32n6xx_hal_sai.c ****       __HAL_SAI_CLEAR_FLAG(hsai, SAI_FLAG_AFSDET);
1881:../../STM32Cube_FW_N6/Drivers/STM32N6xx_HAL_Driver/Src/stm32n6xx_hal_sai.c **** 
1882:../../STM32Cube_FW_N6/Drivers/STM32N6xx_HAL_Driver/Src/stm32n6xx_hal_sai.c ****       /* Change the SAI error code */
1883:../../STM32Cube_FW_N6/Drivers/STM32N6xx_HAL_Driver/Src/stm32n6xx_hal_sai.c ****       hsai->ErrorCode |= HAL_SAI_ERROR_AFSDET;
1884:../../STM32Cube_FW_N6/Drivers/STM32N6xx_HAL_Driver/Src/stm32n6xx_hal_sai.c **** 
1885:../../STM32Cube_FW_N6/Drivers/STM32N6xx_HAL_Driver/Src/stm32n6xx_hal_sai.c ****       /* Check SAI DMA is enabled or not */
1886:../../STM32Cube_FW_N6/Drivers/STM32N6xx_HAL_Driver/Src/stm32n6xx_hal_sai.c ****       if ((cr1config & SAI_xCR1_DMAEN) == SAI_xCR1_DMAEN)
1887:../../STM32Cube_FW_N6/Drivers/STM32N6xx_HAL_Driver/Src/stm32n6xx_hal_sai.c ****       {
1888:../../STM32Cube_FW_N6/Drivers/STM32N6xx_HAL_Driver/Src/stm32n6xx_hal_sai.c ****         /* Abort the SAI DMA Streams */
1889:../../STM32Cube_FW_N6/Drivers/STM32N6xx_HAL_Driver/Src/stm32n6xx_hal_sai.c ****         if (hsai->hdmatx != NULL)
1890:../../STM32Cube_FW_N6/Drivers/STM32N6xx_HAL_Driver/Src/stm32n6xx_hal_sai.c ****         {
1891:../../STM32Cube_FW_N6/Drivers/STM32N6xx_HAL_Driver/Src/stm32n6xx_hal_sai.c ****           /* Set the DMA Tx abort callback */
1892:../../STM32Cube_FW_N6/Drivers/STM32N6xx_HAL_Driver/Src/stm32n6xx_hal_sai.c ****           hsai->hdmatx->XferAbortCallback = SAI_DMAAbort;
1893:../../STM32Cube_FW_N6/Drivers/STM32N6xx_HAL_Driver/Src/stm32n6xx_hal_sai.c **** 
1894:../../STM32Cube_FW_N6/Drivers/STM32N6xx_HAL_Driver/Src/stm32n6xx_hal_sai.c ****           /* Abort DMA in IT mode */
1895:../../STM32Cube_FW_N6/Drivers/STM32N6xx_HAL_Driver/Src/stm32n6xx_hal_sai.c ****           if (HAL_DMA_Abort_IT(hsai->hdmatx) != HAL_OK)
1896:../../STM32Cube_FW_N6/Drivers/STM32N6xx_HAL_Driver/Src/stm32n6xx_hal_sai.c ****           {
1897:../../STM32Cube_FW_N6/Drivers/STM32N6xx_HAL_Driver/Src/stm32n6xx_hal_sai.c ****             /* Update SAI error code */
1898:../../STM32Cube_FW_N6/Drivers/STM32N6xx_HAL_Driver/Src/stm32n6xx_hal_sai.c ****             hsai->ErrorCode |= HAL_SAI_ERROR_DMA;
1899:../../STM32Cube_FW_N6/Drivers/STM32N6xx_HAL_Driver/Src/stm32n6xx_hal_sai.c **** 
1900:../../STM32Cube_FW_N6/Drivers/STM32N6xx_HAL_Driver/Src/stm32n6xx_hal_sai.c ****             /* Call SAI error callback */
1901:../../STM32Cube_FW_N6/Drivers/STM32N6xx_HAL_Driver/Src/stm32n6xx_hal_sai.c **** #if (USE_HAL_SAI_REGISTER_CALLBACKS == 1)
1902:../../STM32Cube_FW_N6/Drivers/STM32N6xx_HAL_Driver/Src/stm32n6xx_hal_sai.c ****             hsai->ErrorCallback(hsai);
1903:../../STM32Cube_FW_N6/Drivers/STM32N6xx_HAL_Driver/Src/stm32n6xx_hal_sai.c **** #else
1904:../../STM32Cube_FW_N6/Drivers/STM32N6xx_HAL_Driver/Src/stm32n6xx_hal_sai.c ****             HAL_SAI_ErrorCallback(hsai);
1905:../../STM32Cube_FW_N6/Drivers/STM32N6xx_HAL_Driver/Src/stm32n6xx_hal_sai.c **** #endif /* USE_HAL_SAI_REGISTER_CALLBACKS */
1906:../../STM32Cube_FW_N6/Drivers/STM32N6xx_HAL_Driver/Src/stm32n6xx_hal_sai.c ****           }
ARM GAS  C:\Users\Antonio\AppData\Local\Temp\ccmFwfsh.s 			page 35


1907:../../STM32Cube_FW_N6/Drivers/STM32N6xx_HAL_Driver/Src/stm32n6xx_hal_sai.c ****         }
1908:../../STM32Cube_FW_N6/Drivers/STM32N6xx_HAL_Driver/Src/stm32n6xx_hal_sai.c ****         if (hsai->hdmarx != NULL)
1909:../../STM32Cube_FW_N6/Drivers/STM32N6xx_HAL_Driver/Src/stm32n6xx_hal_sai.c ****         {
1910:../../STM32Cube_FW_N6/Drivers/STM32N6xx_HAL_Driver/Src/stm32n6xx_hal_sai.c ****           /* Set the DMA Rx abort callback */
1911:../../STM32Cube_FW_N6/Drivers/STM32N6xx_HAL_Driver/Src/stm32n6xx_hal_sai.c ****           hsai->hdmarx->XferAbortCallback = SAI_DMAAbort;
1912:../../STM32Cube_FW_N6/Drivers/STM32N6xx_HAL_Driver/Src/stm32n6xx_hal_sai.c **** 
1913:../../STM32Cube_FW_N6/Drivers/STM32N6xx_HAL_Driver/Src/stm32n6xx_hal_sai.c ****           /* Abort DMA in IT mode */
1914:../../STM32Cube_FW_N6/Drivers/STM32N6xx_HAL_Driver/Src/stm32n6xx_hal_sai.c ****           if (HAL_DMA_Abort_IT(hsai->hdmarx) != HAL_OK)
1915:../../STM32Cube_FW_N6/Drivers/STM32N6xx_HAL_Driver/Src/stm32n6xx_hal_sai.c ****           {
1916:../../STM32Cube_FW_N6/Drivers/STM32N6xx_HAL_Driver/Src/stm32n6xx_hal_sai.c ****             /* Update SAI error code */
1917:../../STM32Cube_FW_N6/Drivers/STM32N6xx_HAL_Driver/Src/stm32n6xx_hal_sai.c ****             hsai->ErrorCode |= HAL_SAI_ERROR_DMA;
1918:../../STM32Cube_FW_N6/Drivers/STM32N6xx_HAL_Driver/Src/stm32n6xx_hal_sai.c **** 
1919:../../STM32Cube_FW_N6/Drivers/STM32N6xx_HAL_Driver/Src/stm32n6xx_hal_sai.c ****             /* Call SAI error callback */
1920:../../STM32Cube_FW_N6/Drivers/STM32N6xx_HAL_Driver/Src/stm32n6xx_hal_sai.c **** #if (USE_HAL_SAI_REGISTER_CALLBACKS == 1)
1921:../../STM32Cube_FW_N6/Drivers/STM32N6xx_HAL_Driver/Src/stm32n6xx_hal_sai.c ****             hsai->ErrorCallback(hsai);
1922:../../STM32Cube_FW_N6/Drivers/STM32N6xx_HAL_Driver/Src/stm32n6xx_hal_sai.c **** #else
1923:../../STM32Cube_FW_N6/Drivers/STM32N6xx_HAL_Driver/Src/stm32n6xx_hal_sai.c ****             HAL_SAI_ErrorCallback(hsai);
1924:../../STM32Cube_FW_N6/Drivers/STM32N6xx_HAL_Driver/Src/stm32n6xx_hal_sai.c **** #endif /* USE_HAL_SAI_REGISTER_CALLBACKS */
1925:../../STM32Cube_FW_N6/Drivers/STM32N6xx_HAL_Driver/Src/stm32n6xx_hal_sai.c ****           }
1926:../../STM32Cube_FW_N6/Drivers/STM32N6xx_HAL_Driver/Src/stm32n6xx_hal_sai.c ****         }
1927:../../STM32Cube_FW_N6/Drivers/STM32N6xx_HAL_Driver/Src/stm32n6xx_hal_sai.c ****       }
1928:../../STM32Cube_FW_N6/Drivers/STM32N6xx_HAL_Driver/Src/stm32n6xx_hal_sai.c ****       else
1929:../../STM32Cube_FW_N6/Drivers/STM32N6xx_HAL_Driver/Src/stm32n6xx_hal_sai.c ****       {
1930:../../STM32Cube_FW_N6/Drivers/STM32N6xx_HAL_Driver/Src/stm32n6xx_hal_sai.c ****         /* Abort SAI */
1931:../../STM32Cube_FW_N6/Drivers/STM32N6xx_HAL_Driver/Src/stm32n6xx_hal_sai.c ****         /* No need to check return value because HAL_SAI_ErrorCallback will be called later */
1932:../../STM32Cube_FW_N6/Drivers/STM32N6xx_HAL_Driver/Src/stm32n6xx_hal_sai.c ****         (void) HAL_SAI_Abort(hsai);
1933:../../STM32Cube_FW_N6/Drivers/STM32N6xx_HAL_Driver/Src/stm32n6xx_hal_sai.c **** 
1934:../../STM32Cube_FW_N6/Drivers/STM32N6xx_HAL_Driver/Src/stm32n6xx_hal_sai.c ****         /* Set error callback */
1935:../../STM32Cube_FW_N6/Drivers/STM32N6xx_HAL_Driver/Src/stm32n6xx_hal_sai.c **** #if (USE_HAL_SAI_REGISTER_CALLBACKS == 1)
1936:../../STM32Cube_FW_N6/Drivers/STM32N6xx_HAL_Driver/Src/stm32n6xx_hal_sai.c ****         hsai->ErrorCallback(hsai);
1937:../../STM32Cube_FW_N6/Drivers/STM32N6xx_HAL_Driver/Src/stm32n6xx_hal_sai.c **** #else
1938:../../STM32Cube_FW_N6/Drivers/STM32N6xx_HAL_Driver/Src/stm32n6xx_hal_sai.c ****         HAL_SAI_ErrorCallback(hsai);
1939:../../STM32Cube_FW_N6/Drivers/STM32N6xx_HAL_Driver/Src/stm32n6xx_hal_sai.c **** #endif /* USE_HAL_SAI_REGISTER_CALLBACKS */
1940:../../STM32Cube_FW_N6/Drivers/STM32N6xx_HAL_Driver/Src/stm32n6xx_hal_sai.c ****       }
1941:../../STM32Cube_FW_N6/Drivers/STM32N6xx_HAL_Driver/Src/stm32n6xx_hal_sai.c ****     }
1942:../../STM32Cube_FW_N6/Drivers/STM32N6xx_HAL_Driver/Src/stm32n6xx_hal_sai.c ****     /* SAI LFSDET interrupt occurred ----------------------------------*/
1943:../../STM32Cube_FW_N6/Drivers/STM32N6xx_HAL_Driver/Src/stm32n6xx_hal_sai.c ****     else if (((itflags & SAI_FLAG_LFSDET) == SAI_FLAG_LFSDET) && ((itsources & SAI_IT_LFSDET) == SA
1944:../../STM32Cube_FW_N6/Drivers/STM32N6xx_HAL_Driver/Src/stm32n6xx_hal_sai.c ****     {
1945:../../STM32Cube_FW_N6/Drivers/STM32N6xx_HAL_Driver/Src/stm32n6xx_hal_sai.c ****       /* Clear the SAI LFSDET flag */
1946:../../STM32Cube_FW_N6/Drivers/STM32N6xx_HAL_Driver/Src/stm32n6xx_hal_sai.c ****       __HAL_SAI_CLEAR_FLAG(hsai, SAI_FLAG_LFSDET);
1947:../../STM32Cube_FW_N6/Drivers/STM32N6xx_HAL_Driver/Src/stm32n6xx_hal_sai.c **** 
1948:../../STM32Cube_FW_N6/Drivers/STM32N6xx_HAL_Driver/Src/stm32n6xx_hal_sai.c ****       /* Change the SAI error code */
1949:../../STM32Cube_FW_N6/Drivers/STM32N6xx_HAL_Driver/Src/stm32n6xx_hal_sai.c ****       hsai->ErrorCode |= HAL_SAI_ERROR_LFSDET;
1950:../../STM32Cube_FW_N6/Drivers/STM32N6xx_HAL_Driver/Src/stm32n6xx_hal_sai.c **** 
1951:../../STM32Cube_FW_N6/Drivers/STM32N6xx_HAL_Driver/Src/stm32n6xx_hal_sai.c ****       /* Check SAI DMA is enabled or not */
1952:../../STM32Cube_FW_N6/Drivers/STM32N6xx_HAL_Driver/Src/stm32n6xx_hal_sai.c ****       if ((cr1config & SAI_xCR1_DMAEN) == SAI_xCR1_DMAEN)
1953:../../STM32Cube_FW_N6/Drivers/STM32N6xx_HAL_Driver/Src/stm32n6xx_hal_sai.c ****       {
1954:../../STM32Cube_FW_N6/Drivers/STM32N6xx_HAL_Driver/Src/stm32n6xx_hal_sai.c ****         /* Abort the SAI DMA Streams */
1955:../../STM32Cube_FW_N6/Drivers/STM32N6xx_HAL_Driver/Src/stm32n6xx_hal_sai.c ****         if (hsai->hdmatx != NULL)
1956:../../STM32Cube_FW_N6/Drivers/STM32N6xx_HAL_Driver/Src/stm32n6xx_hal_sai.c ****         {
1957:../../STM32Cube_FW_N6/Drivers/STM32N6xx_HAL_Driver/Src/stm32n6xx_hal_sai.c ****           /* Set the DMA Tx abort callback */
1958:../../STM32Cube_FW_N6/Drivers/STM32N6xx_HAL_Driver/Src/stm32n6xx_hal_sai.c ****           hsai->hdmatx->XferAbortCallback = SAI_DMAAbort;
1959:../../STM32Cube_FW_N6/Drivers/STM32N6xx_HAL_Driver/Src/stm32n6xx_hal_sai.c **** 
1960:../../STM32Cube_FW_N6/Drivers/STM32N6xx_HAL_Driver/Src/stm32n6xx_hal_sai.c ****           /* Abort DMA in IT mode */
1961:../../STM32Cube_FW_N6/Drivers/STM32N6xx_HAL_Driver/Src/stm32n6xx_hal_sai.c ****           if (HAL_DMA_Abort_IT(hsai->hdmatx) != HAL_OK)
1962:../../STM32Cube_FW_N6/Drivers/STM32N6xx_HAL_Driver/Src/stm32n6xx_hal_sai.c ****           {
1963:../../STM32Cube_FW_N6/Drivers/STM32N6xx_HAL_Driver/Src/stm32n6xx_hal_sai.c ****             /* Update SAI error code */
ARM GAS  C:\Users\Antonio\AppData\Local\Temp\ccmFwfsh.s 			page 36


1964:../../STM32Cube_FW_N6/Drivers/STM32N6xx_HAL_Driver/Src/stm32n6xx_hal_sai.c ****             hsai->ErrorCode |= HAL_SAI_ERROR_DMA;
1965:../../STM32Cube_FW_N6/Drivers/STM32N6xx_HAL_Driver/Src/stm32n6xx_hal_sai.c **** 
1966:../../STM32Cube_FW_N6/Drivers/STM32N6xx_HAL_Driver/Src/stm32n6xx_hal_sai.c ****             /* Call SAI error callback */
1967:../../STM32Cube_FW_N6/Drivers/STM32N6xx_HAL_Driver/Src/stm32n6xx_hal_sai.c **** #if (USE_HAL_SAI_REGISTER_CALLBACKS == 1)
1968:../../STM32Cube_FW_N6/Drivers/STM32N6xx_HAL_Driver/Src/stm32n6xx_hal_sai.c ****             hsai->ErrorCallback(hsai);
1969:../../STM32Cube_FW_N6/Drivers/STM32N6xx_HAL_Driver/Src/stm32n6xx_hal_sai.c **** #else
1970:../../STM32Cube_FW_N6/Drivers/STM32N6xx_HAL_Driver/Src/stm32n6xx_hal_sai.c ****             HAL_SAI_ErrorCallback(hsai);
1971:../../STM32Cube_FW_N6/Drivers/STM32N6xx_HAL_Driver/Src/stm32n6xx_hal_sai.c **** #endif /* USE_HAL_SAI_REGISTER_CALLBACKS */
1972:../../STM32Cube_FW_N6/Drivers/STM32N6xx_HAL_Driver/Src/stm32n6xx_hal_sai.c ****           }
1973:../../STM32Cube_FW_N6/Drivers/STM32N6xx_HAL_Driver/Src/stm32n6xx_hal_sai.c ****         }
1974:../../STM32Cube_FW_N6/Drivers/STM32N6xx_HAL_Driver/Src/stm32n6xx_hal_sai.c ****         if (hsai->hdmarx != NULL)
1975:../../STM32Cube_FW_N6/Drivers/STM32N6xx_HAL_Driver/Src/stm32n6xx_hal_sai.c ****         {
1976:../../STM32Cube_FW_N6/Drivers/STM32N6xx_HAL_Driver/Src/stm32n6xx_hal_sai.c ****           /* Set the DMA Rx abort callback */
1977:../../STM32Cube_FW_N6/Drivers/STM32N6xx_HAL_Driver/Src/stm32n6xx_hal_sai.c ****           hsai->hdmarx->XferAbortCallback = SAI_DMAAbort;
1978:../../STM32Cube_FW_N6/Drivers/STM32N6xx_HAL_Driver/Src/stm32n6xx_hal_sai.c **** 
1979:../../STM32Cube_FW_N6/Drivers/STM32N6xx_HAL_Driver/Src/stm32n6xx_hal_sai.c ****           /* Abort DMA in IT mode */
1980:../../STM32Cube_FW_N6/Drivers/STM32N6xx_HAL_Driver/Src/stm32n6xx_hal_sai.c ****           if (HAL_DMA_Abort_IT(hsai->hdmarx) != HAL_OK)
1981:../../STM32Cube_FW_N6/Drivers/STM32N6xx_HAL_Driver/Src/stm32n6xx_hal_sai.c ****           {
1982:../../STM32Cube_FW_N6/Drivers/STM32N6xx_HAL_Driver/Src/stm32n6xx_hal_sai.c ****             /* Update SAI error code */
1983:../../STM32Cube_FW_N6/Drivers/STM32N6xx_HAL_Driver/Src/stm32n6xx_hal_sai.c ****             hsai->ErrorCode |= HAL_SAI_ERROR_DMA;
1984:../../STM32Cube_FW_N6/Drivers/STM32N6xx_HAL_Driver/Src/stm32n6xx_hal_sai.c **** 
1985:../../STM32Cube_FW_N6/Drivers/STM32N6xx_HAL_Driver/Src/stm32n6xx_hal_sai.c ****             /* Call SAI error callback */
1986:../../STM32Cube_FW_N6/Drivers/STM32N6xx_HAL_Driver/Src/stm32n6xx_hal_sai.c **** #if (USE_HAL_SAI_REGISTER_CALLBACKS == 1)
1987:../../STM32Cube_FW_N6/Drivers/STM32N6xx_HAL_Driver/Src/stm32n6xx_hal_sai.c ****             hsai->ErrorCallback(hsai);
1988:../../STM32Cube_FW_N6/Drivers/STM32N6xx_HAL_Driver/Src/stm32n6xx_hal_sai.c **** #else
1989:../../STM32Cube_FW_N6/Drivers/STM32N6xx_HAL_Driver/Src/stm32n6xx_hal_sai.c ****             HAL_SAI_ErrorCallback(hsai);
1990:../../STM32Cube_FW_N6/Drivers/STM32N6xx_HAL_Driver/Src/stm32n6xx_hal_sai.c **** #endif /* USE_HAL_SAI_REGISTER_CALLBACKS */
1991:../../STM32Cube_FW_N6/Drivers/STM32N6xx_HAL_Driver/Src/stm32n6xx_hal_sai.c ****           }
1992:../../STM32Cube_FW_N6/Drivers/STM32N6xx_HAL_Driver/Src/stm32n6xx_hal_sai.c ****         }
1993:../../STM32Cube_FW_N6/Drivers/STM32N6xx_HAL_Driver/Src/stm32n6xx_hal_sai.c ****       }
1994:../../STM32Cube_FW_N6/Drivers/STM32N6xx_HAL_Driver/Src/stm32n6xx_hal_sai.c ****       else
1995:../../STM32Cube_FW_N6/Drivers/STM32N6xx_HAL_Driver/Src/stm32n6xx_hal_sai.c ****       {
1996:../../STM32Cube_FW_N6/Drivers/STM32N6xx_HAL_Driver/Src/stm32n6xx_hal_sai.c ****         /* Abort SAI */
1997:../../STM32Cube_FW_N6/Drivers/STM32N6xx_HAL_Driver/Src/stm32n6xx_hal_sai.c ****         /* No need to check return value because HAL_SAI_ErrorCallback will be called later */
1998:../../STM32Cube_FW_N6/Drivers/STM32N6xx_HAL_Driver/Src/stm32n6xx_hal_sai.c ****         (void) HAL_SAI_Abort(hsai);
1999:../../STM32Cube_FW_N6/Drivers/STM32N6xx_HAL_Driver/Src/stm32n6xx_hal_sai.c **** 
2000:../../STM32Cube_FW_N6/Drivers/STM32N6xx_HAL_Driver/Src/stm32n6xx_hal_sai.c ****         /* Set error callback */
2001:../../STM32Cube_FW_N6/Drivers/STM32N6xx_HAL_Driver/Src/stm32n6xx_hal_sai.c **** #if (USE_HAL_SAI_REGISTER_CALLBACKS == 1)
2002:../../STM32Cube_FW_N6/Drivers/STM32N6xx_HAL_Driver/Src/stm32n6xx_hal_sai.c ****         hsai->ErrorCallback(hsai);
2003:../../STM32Cube_FW_N6/Drivers/STM32N6xx_HAL_Driver/Src/stm32n6xx_hal_sai.c **** #else
2004:../../STM32Cube_FW_N6/Drivers/STM32N6xx_HAL_Driver/Src/stm32n6xx_hal_sai.c ****         HAL_SAI_ErrorCallback(hsai);
2005:../../STM32Cube_FW_N6/Drivers/STM32N6xx_HAL_Driver/Src/stm32n6xx_hal_sai.c **** #endif /* USE_HAL_SAI_REGISTER_CALLBACKS */
2006:../../STM32Cube_FW_N6/Drivers/STM32N6xx_HAL_Driver/Src/stm32n6xx_hal_sai.c ****       }
2007:../../STM32Cube_FW_N6/Drivers/STM32N6xx_HAL_Driver/Src/stm32n6xx_hal_sai.c ****     }
2008:../../STM32Cube_FW_N6/Drivers/STM32N6xx_HAL_Driver/Src/stm32n6xx_hal_sai.c ****     /* SAI WCKCFG interrupt occurred ----------------------------------*/
2009:../../STM32Cube_FW_N6/Drivers/STM32N6xx_HAL_Driver/Src/stm32n6xx_hal_sai.c ****     else if (((itflags & SAI_FLAG_WCKCFG) == SAI_FLAG_WCKCFG) && ((itsources & SAI_IT_WCKCFG) == SA
2010:../../STM32Cube_FW_N6/Drivers/STM32N6xx_HAL_Driver/Src/stm32n6xx_hal_sai.c ****     {
2011:../../STM32Cube_FW_N6/Drivers/STM32N6xx_HAL_Driver/Src/stm32n6xx_hal_sai.c ****       /* Clear the SAI WCKCFG flag */
2012:../../STM32Cube_FW_N6/Drivers/STM32N6xx_HAL_Driver/Src/stm32n6xx_hal_sai.c ****       __HAL_SAI_CLEAR_FLAG(hsai, SAI_FLAG_WCKCFG);
2013:../../STM32Cube_FW_N6/Drivers/STM32N6xx_HAL_Driver/Src/stm32n6xx_hal_sai.c **** 
2014:../../STM32Cube_FW_N6/Drivers/STM32N6xx_HAL_Driver/Src/stm32n6xx_hal_sai.c ****       /* Change the SAI error code */
2015:../../STM32Cube_FW_N6/Drivers/STM32N6xx_HAL_Driver/Src/stm32n6xx_hal_sai.c ****       hsai->ErrorCode |= HAL_SAI_ERROR_WCKCFG;
2016:../../STM32Cube_FW_N6/Drivers/STM32N6xx_HAL_Driver/Src/stm32n6xx_hal_sai.c **** 
2017:../../STM32Cube_FW_N6/Drivers/STM32N6xx_HAL_Driver/Src/stm32n6xx_hal_sai.c ****       /* Check SAI DMA is enabled or not */
2018:../../STM32Cube_FW_N6/Drivers/STM32N6xx_HAL_Driver/Src/stm32n6xx_hal_sai.c ****       if ((cr1config & SAI_xCR1_DMAEN) == SAI_xCR1_DMAEN)
2019:../../STM32Cube_FW_N6/Drivers/STM32N6xx_HAL_Driver/Src/stm32n6xx_hal_sai.c ****       {
2020:../../STM32Cube_FW_N6/Drivers/STM32N6xx_HAL_Driver/Src/stm32n6xx_hal_sai.c ****         /* Abort the SAI DMA Streams */
ARM GAS  C:\Users\Antonio\AppData\Local\Temp\ccmFwfsh.s 			page 37


2021:../../STM32Cube_FW_N6/Drivers/STM32N6xx_HAL_Driver/Src/stm32n6xx_hal_sai.c ****         if (hsai->hdmatx != NULL)
2022:../../STM32Cube_FW_N6/Drivers/STM32N6xx_HAL_Driver/Src/stm32n6xx_hal_sai.c ****         {
2023:../../STM32Cube_FW_N6/Drivers/STM32N6xx_HAL_Driver/Src/stm32n6xx_hal_sai.c ****           /* Set the DMA Tx abort callback */
2024:../../STM32Cube_FW_N6/Drivers/STM32N6xx_HAL_Driver/Src/stm32n6xx_hal_sai.c ****           hsai->hdmatx->XferAbortCallback = SAI_DMAAbort;
2025:../../STM32Cube_FW_N6/Drivers/STM32N6xx_HAL_Driver/Src/stm32n6xx_hal_sai.c **** 
2026:../../STM32Cube_FW_N6/Drivers/STM32N6xx_HAL_Driver/Src/stm32n6xx_hal_sai.c ****           /* Abort DMA in IT mode */
2027:../../STM32Cube_FW_N6/Drivers/STM32N6xx_HAL_Driver/Src/stm32n6xx_hal_sai.c ****           if (HAL_DMA_Abort_IT(hsai->hdmatx) != HAL_OK)
2028:../../STM32Cube_FW_N6/Drivers/STM32N6xx_HAL_Driver/Src/stm32n6xx_hal_sai.c ****           {
2029:../../STM32Cube_FW_N6/Drivers/STM32N6xx_HAL_Driver/Src/stm32n6xx_hal_sai.c ****             /* Update SAI error code */
2030:../../STM32Cube_FW_N6/Drivers/STM32N6xx_HAL_Driver/Src/stm32n6xx_hal_sai.c ****             hsai->ErrorCode |= HAL_SAI_ERROR_DMA;
2031:../../STM32Cube_FW_N6/Drivers/STM32N6xx_HAL_Driver/Src/stm32n6xx_hal_sai.c **** 
2032:../../STM32Cube_FW_N6/Drivers/STM32N6xx_HAL_Driver/Src/stm32n6xx_hal_sai.c ****             /* Call SAI error callback */
2033:../../STM32Cube_FW_N6/Drivers/STM32N6xx_HAL_Driver/Src/stm32n6xx_hal_sai.c **** #if (USE_HAL_SAI_REGISTER_CALLBACKS == 1)
2034:../../STM32Cube_FW_N6/Drivers/STM32N6xx_HAL_Driver/Src/stm32n6xx_hal_sai.c ****             hsai->ErrorCallback(hsai);
2035:../../STM32Cube_FW_N6/Drivers/STM32N6xx_HAL_Driver/Src/stm32n6xx_hal_sai.c **** #else
2036:../../STM32Cube_FW_N6/Drivers/STM32N6xx_HAL_Driver/Src/stm32n6xx_hal_sai.c ****             HAL_SAI_ErrorCallback(hsai);
2037:../../STM32Cube_FW_N6/Drivers/STM32N6xx_HAL_Driver/Src/stm32n6xx_hal_sai.c **** #endif /* USE_HAL_SAI_REGISTER_CALLBACKS */
2038:../../STM32Cube_FW_N6/Drivers/STM32N6xx_HAL_Driver/Src/stm32n6xx_hal_sai.c ****           }
2039:../../STM32Cube_FW_N6/Drivers/STM32N6xx_HAL_Driver/Src/stm32n6xx_hal_sai.c ****         }
2040:../../STM32Cube_FW_N6/Drivers/STM32N6xx_HAL_Driver/Src/stm32n6xx_hal_sai.c ****         if (hsai->hdmarx != NULL)
2041:../../STM32Cube_FW_N6/Drivers/STM32N6xx_HAL_Driver/Src/stm32n6xx_hal_sai.c ****         {
2042:../../STM32Cube_FW_N6/Drivers/STM32N6xx_HAL_Driver/Src/stm32n6xx_hal_sai.c ****           /* Set the DMA Rx abort callback */
2043:../../STM32Cube_FW_N6/Drivers/STM32N6xx_HAL_Driver/Src/stm32n6xx_hal_sai.c ****           hsai->hdmarx->XferAbortCallback = SAI_DMAAbort;
2044:../../STM32Cube_FW_N6/Drivers/STM32N6xx_HAL_Driver/Src/stm32n6xx_hal_sai.c **** 
2045:../../STM32Cube_FW_N6/Drivers/STM32N6xx_HAL_Driver/Src/stm32n6xx_hal_sai.c ****           /* Abort DMA in IT mode */
2046:../../STM32Cube_FW_N6/Drivers/STM32N6xx_HAL_Driver/Src/stm32n6xx_hal_sai.c ****           if (HAL_DMA_Abort_IT(hsai->hdmarx) != HAL_OK)
2047:../../STM32Cube_FW_N6/Drivers/STM32N6xx_HAL_Driver/Src/stm32n6xx_hal_sai.c ****           {
2048:../../STM32Cube_FW_N6/Drivers/STM32N6xx_HAL_Driver/Src/stm32n6xx_hal_sai.c ****             /* Update SAI error code */
2049:../../STM32Cube_FW_N6/Drivers/STM32N6xx_HAL_Driver/Src/stm32n6xx_hal_sai.c ****             hsai->ErrorCode |= HAL_SAI_ERROR_DMA;
2050:../../STM32Cube_FW_N6/Drivers/STM32N6xx_HAL_Driver/Src/stm32n6xx_hal_sai.c **** 
2051:../../STM32Cube_FW_N6/Drivers/STM32N6xx_HAL_Driver/Src/stm32n6xx_hal_sai.c ****             /* Call SAI error callback */
2052:../../STM32Cube_FW_N6/Drivers/STM32N6xx_HAL_Driver/Src/stm32n6xx_hal_sai.c **** #if (USE_HAL_SAI_REGISTER_CALLBACKS == 1)
2053:../../STM32Cube_FW_N6/Drivers/STM32N6xx_HAL_Driver/Src/stm32n6xx_hal_sai.c ****             hsai->ErrorCallback(hsai);
2054:../../STM32Cube_FW_N6/Drivers/STM32N6xx_HAL_Driver/Src/stm32n6xx_hal_sai.c **** #else
2055:../../STM32Cube_FW_N6/Drivers/STM32N6xx_HAL_Driver/Src/stm32n6xx_hal_sai.c ****             HAL_SAI_ErrorCallback(hsai);
2056:../../STM32Cube_FW_N6/Drivers/STM32N6xx_HAL_Driver/Src/stm32n6xx_hal_sai.c **** #endif /* USE_HAL_SAI_REGISTER_CALLBACKS */
2057:../../STM32Cube_FW_N6/Drivers/STM32N6xx_HAL_Driver/Src/stm32n6xx_hal_sai.c ****           }
2058:../../STM32Cube_FW_N6/Drivers/STM32N6xx_HAL_Driver/Src/stm32n6xx_hal_sai.c ****         }
2059:../../STM32Cube_FW_N6/Drivers/STM32N6xx_HAL_Driver/Src/stm32n6xx_hal_sai.c ****       }
2060:../../STM32Cube_FW_N6/Drivers/STM32N6xx_HAL_Driver/Src/stm32n6xx_hal_sai.c ****       else
2061:../../STM32Cube_FW_N6/Drivers/STM32N6xx_HAL_Driver/Src/stm32n6xx_hal_sai.c ****       {
2062:../../STM32Cube_FW_N6/Drivers/STM32N6xx_HAL_Driver/Src/stm32n6xx_hal_sai.c ****         /* If WCKCFG occurs, SAI audio block is automatically disabled */
2063:../../STM32Cube_FW_N6/Drivers/STM32N6xx_HAL_Driver/Src/stm32n6xx_hal_sai.c ****         /* Disable all interrupts and clear all flags */
2064:../../STM32Cube_FW_N6/Drivers/STM32N6xx_HAL_Driver/Src/stm32n6xx_hal_sai.c ****         hsai->Instance->IMR = 0U;
2065:../../STM32Cube_FW_N6/Drivers/STM32N6xx_HAL_Driver/Src/stm32n6xx_hal_sai.c ****         hsai->Instance->CLRFR = 0xFFFFFFFFU;
2066:../../STM32Cube_FW_N6/Drivers/STM32N6xx_HAL_Driver/Src/stm32n6xx_hal_sai.c ****         /* Set the SAI state to ready to be able to start again the process */
2067:../../STM32Cube_FW_N6/Drivers/STM32N6xx_HAL_Driver/Src/stm32n6xx_hal_sai.c ****         hsai->State = HAL_SAI_STATE_READY;
2068:../../STM32Cube_FW_N6/Drivers/STM32N6xx_HAL_Driver/Src/stm32n6xx_hal_sai.c **** 
2069:../../STM32Cube_FW_N6/Drivers/STM32N6xx_HAL_Driver/Src/stm32n6xx_hal_sai.c ****         /* Initialize XferCount */
2070:../../STM32Cube_FW_N6/Drivers/STM32N6xx_HAL_Driver/Src/stm32n6xx_hal_sai.c ****         hsai->XferCount = 0U;
2071:../../STM32Cube_FW_N6/Drivers/STM32N6xx_HAL_Driver/Src/stm32n6xx_hal_sai.c **** 
2072:../../STM32Cube_FW_N6/Drivers/STM32N6xx_HAL_Driver/Src/stm32n6xx_hal_sai.c ****         /* SAI error callback */
2073:../../STM32Cube_FW_N6/Drivers/STM32N6xx_HAL_Driver/Src/stm32n6xx_hal_sai.c **** #if (USE_HAL_SAI_REGISTER_CALLBACKS == 1)
2074:../../STM32Cube_FW_N6/Drivers/STM32N6xx_HAL_Driver/Src/stm32n6xx_hal_sai.c ****         hsai->ErrorCallback(hsai);
2075:../../STM32Cube_FW_N6/Drivers/STM32N6xx_HAL_Driver/Src/stm32n6xx_hal_sai.c **** #else
2076:../../STM32Cube_FW_N6/Drivers/STM32N6xx_HAL_Driver/Src/stm32n6xx_hal_sai.c ****         HAL_SAI_ErrorCallback(hsai);
2077:../../STM32Cube_FW_N6/Drivers/STM32N6xx_HAL_Driver/Src/stm32n6xx_hal_sai.c **** #endif /* USE_HAL_SAI_REGISTER_CALLBACKS */
ARM GAS  C:\Users\Antonio\AppData\Local\Temp\ccmFwfsh.s 			page 38


2078:../../STM32Cube_FW_N6/Drivers/STM32N6xx_HAL_Driver/Src/stm32n6xx_hal_sai.c ****       }
2079:../../STM32Cube_FW_N6/Drivers/STM32N6xx_HAL_Driver/Src/stm32n6xx_hal_sai.c ****     }
2080:../../STM32Cube_FW_N6/Drivers/STM32N6xx_HAL_Driver/Src/stm32n6xx_hal_sai.c ****     /* SAI CNRDY interrupt occurred ----------------------------------*/
2081:../../STM32Cube_FW_N6/Drivers/STM32N6xx_HAL_Driver/Src/stm32n6xx_hal_sai.c ****     else if (((itflags & SAI_FLAG_CNRDY) == SAI_FLAG_CNRDY) && ((itsources & SAI_IT_CNRDY) == SAI_I
2082:../../STM32Cube_FW_N6/Drivers/STM32N6xx_HAL_Driver/Src/stm32n6xx_hal_sai.c ****     {
2083:../../STM32Cube_FW_N6/Drivers/STM32N6xx_HAL_Driver/Src/stm32n6xx_hal_sai.c ****       /* Clear the SAI CNRDY flag */
2084:../../STM32Cube_FW_N6/Drivers/STM32N6xx_HAL_Driver/Src/stm32n6xx_hal_sai.c ****       __HAL_SAI_CLEAR_FLAG(hsai, SAI_FLAG_CNRDY);
2085:../../STM32Cube_FW_N6/Drivers/STM32N6xx_HAL_Driver/Src/stm32n6xx_hal_sai.c ****       /* Change the SAI error code */
2086:../../STM32Cube_FW_N6/Drivers/STM32N6xx_HAL_Driver/Src/stm32n6xx_hal_sai.c ****       hsai->ErrorCode |= HAL_SAI_ERROR_CNREADY;
2087:../../STM32Cube_FW_N6/Drivers/STM32N6xx_HAL_Driver/Src/stm32n6xx_hal_sai.c ****       /* the transfer is not stopped, we will forward the information to the user and we let
2088:../../STM32Cube_FW_N6/Drivers/STM32N6xx_HAL_Driver/Src/stm32n6xx_hal_sai.c ****       the user decide what needs to be done */
2089:../../STM32Cube_FW_N6/Drivers/STM32N6xx_HAL_Driver/Src/stm32n6xx_hal_sai.c **** #if (USE_HAL_SAI_REGISTER_CALLBACKS == 1)
2090:../../STM32Cube_FW_N6/Drivers/STM32N6xx_HAL_Driver/Src/stm32n6xx_hal_sai.c ****       hsai->ErrorCallback(hsai);
2091:../../STM32Cube_FW_N6/Drivers/STM32N6xx_HAL_Driver/Src/stm32n6xx_hal_sai.c **** #else
2092:../../STM32Cube_FW_N6/Drivers/STM32N6xx_HAL_Driver/Src/stm32n6xx_hal_sai.c ****       HAL_SAI_ErrorCallback(hsai);
2093:../../STM32Cube_FW_N6/Drivers/STM32N6xx_HAL_Driver/Src/stm32n6xx_hal_sai.c **** #endif /* USE_HAL_SAI_REGISTER_CALLBACKS */
2094:../../STM32Cube_FW_N6/Drivers/STM32N6xx_HAL_Driver/Src/stm32n6xx_hal_sai.c ****     }
2095:../../STM32Cube_FW_N6/Drivers/STM32N6xx_HAL_Driver/Src/stm32n6xx_hal_sai.c ****     else
2096:../../STM32Cube_FW_N6/Drivers/STM32N6xx_HAL_Driver/Src/stm32n6xx_hal_sai.c ****     {
2097:../../STM32Cube_FW_N6/Drivers/STM32N6xx_HAL_Driver/Src/stm32n6xx_hal_sai.c ****       /* Nothing to do */
2098:../../STM32Cube_FW_N6/Drivers/STM32N6xx_HAL_Driver/Src/stm32n6xx_hal_sai.c ****     }
2099:../../STM32Cube_FW_N6/Drivers/STM32N6xx_HAL_Driver/Src/stm32n6xx_hal_sai.c ****   }
2100:../../STM32Cube_FW_N6/Drivers/STM32N6xx_HAL_Driver/Src/stm32n6xx_hal_sai.c **** }
2101:../../STM32Cube_FW_N6/Drivers/STM32N6xx_HAL_Driver/Src/stm32n6xx_hal_sai.c **** 
2102:../../STM32Cube_FW_N6/Drivers/STM32N6xx_HAL_Driver/Src/stm32n6xx_hal_sai.c **** /**
2103:../../STM32Cube_FW_N6/Drivers/STM32N6xx_HAL_Driver/Src/stm32n6xx_hal_sai.c ****   * @brief Tx Transfer completed callback.
2104:../../STM32Cube_FW_N6/Drivers/STM32N6xx_HAL_Driver/Src/stm32n6xx_hal_sai.c ****   * @param  hsai pointer to a SAI_HandleTypeDef structure that contains
2105:../../STM32Cube_FW_N6/Drivers/STM32N6xx_HAL_Driver/Src/stm32n6xx_hal_sai.c ****   *              the configuration information for SAI module.
2106:../../STM32Cube_FW_N6/Drivers/STM32N6xx_HAL_Driver/Src/stm32n6xx_hal_sai.c ****   * @retval None
2107:../../STM32Cube_FW_N6/Drivers/STM32N6xx_HAL_Driver/Src/stm32n6xx_hal_sai.c ****   */
2108:../../STM32Cube_FW_N6/Drivers/STM32N6xx_HAL_Driver/Src/stm32n6xx_hal_sai.c **** __weak void HAL_SAI_TxCpltCallback(SAI_HandleTypeDef *hsai)
2109:../../STM32Cube_FW_N6/Drivers/STM32N6xx_HAL_Driver/Src/stm32n6xx_hal_sai.c **** {
2110:../../STM32Cube_FW_N6/Drivers/STM32N6xx_HAL_Driver/Src/stm32n6xx_hal_sai.c ****   /* Prevent unused argument(s) compilation warning */
2111:../../STM32Cube_FW_N6/Drivers/STM32N6xx_HAL_Driver/Src/stm32n6xx_hal_sai.c ****   UNUSED(hsai);
2112:../../STM32Cube_FW_N6/Drivers/STM32N6xx_HAL_Driver/Src/stm32n6xx_hal_sai.c **** 
2113:../../STM32Cube_FW_N6/Drivers/STM32N6xx_HAL_Driver/Src/stm32n6xx_hal_sai.c ****   /* NOTE : This function should not be modified, when the callback is needed,
2114:../../STM32Cube_FW_N6/Drivers/STM32N6xx_HAL_Driver/Src/stm32n6xx_hal_sai.c ****             the HAL_SAI_TxCpltCallback could be implemented in the user file
2115:../../STM32Cube_FW_N6/Drivers/STM32N6xx_HAL_Driver/Src/stm32n6xx_hal_sai.c ****    */
2116:../../STM32Cube_FW_N6/Drivers/STM32N6xx_HAL_Driver/Src/stm32n6xx_hal_sai.c **** }
2117:../../STM32Cube_FW_N6/Drivers/STM32N6xx_HAL_Driver/Src/stm32n6xx_hal_sai.c **** 
2118:../../STM32Cube_FW_N6/Drivers/STM32N6xx_HAL_Driver/Src/stm32n6xx_hal_sai.c **** /**
2119:../../STM32Cube_FW_N6/Drivers/STM32N6xx_HAL_Driver/Src/stm32n6xx_hal_sai.c ****   * @brief Tx Transfer Half completed callback.
2120:../../STM32Cube_FW_N6/Drivers/STM32N6xx_HAL_Driver/Src/stm32n6xx_hal_sai.c ****   * @param  hsai pointer to a SAI_HandleTypeDef structure that contains
2121:../../STM32Cube_FW_N6/Drivers/STM32N6xx_HAL_Driver/Src/stm32n6xx_hal_sai.c ****   *              the configuration information for SAI module.
2122:../../STM32Cube_FW_N6/Drivers/STM32N6xx_HAL_Driver/Src/stm32n6xx_hal_sai.c ****   * @retval None
2123:../../STM32Cube_FW_N6/Drivers/STM32N6xx_HAL_Driver/Src/stm32n6xx_hal_sai.c ****   */
2124:../../STM32Cube_FW_N6/Drivers/STM32N6xx_HAL_Driver/Src/stm32n6xx_hal_sai.c **** __weak void HAL_SAI_TxHalfCpltCallback(SAI_HandleTypeDef *hsai)
2125:../../STM32Cube_FW_N6/Drivers/STM32N6xx_HAL_Driver/Src/stm32n6xx_hal_sai.c **** {
2126:../../STM32Cube_FW_N6/Drivers/STM32N6xx_HAL_Driver/Src/stm32n6xx_hal_sai.c ****   /* Prevent unused argument(s) compilation warning */
2127:../../STM32Cube_FW_N6/Drivers/STM32N6xx_HAL_Driver/Src/stm32n6xx_hal_sai.c ****   UNUSED(hsai);
2128:../../STM32Cube_FW_N6/Drivers/STM32N6xx_HAL_Driver/Src/stm32n6xx_hal_sai.c **** 
2129:../../STM32Cube_FW_N6/Drivers/STM32N6xx_HAL_Driver/Src/stm32n6xx_hal_sai.c ****   /* NOTE : This function should not be modified, when the callback is needed,
2130:../../STM32Cube_FW_N6/Drivers/STM32N6xx_HAL_Driver/Src/stm32n6xx_hal_sai.c ****             the HAL_SAI_TxHalfCpltCallback could be implemented in the user file
2131:../../STM32Cube_FW_N6/Drivers/STM32N6xx_HAL_Driver/Src/stm32n6xx_hal_sai.c ****    */
2132:../../STM32Cube_FW_N6/Drivers/STM32N6xx_HAL_Driver/Src/stm32n6xx_hal_sai.c **** }
2133:../../STM32Cube_FW_N6/Drivers/STM32N6xx_HAL_Driver/Src/stm32n6xx_hal_sai.c **** 
2134:../../STM32Cube_FW_N6/Drivers/STM32N6xx_HAL_Driver/Src/stm32n6xx_hal_sai.c **** /**
ARM GAS  C:\Users\Antonio\AppData\Local\Temp\ccmFwfsh.s 			page 39


2135:../../STM32Cube_FW_N6/Drivers/STM32N6xx_HAL_Driver/Src/stm32n6xx_hal_sai.c ****   * @brief Rx Transfer completed callback.
2136:../../STM32Cube_FW_N6/Drivers/STM32N6xx_HAL_Driver/Src/stm32n6xx_hal_sai.c ****   * @param  hsai pointer to a SAI_HandleTypeDef structure that contains
2137:../../STM32Cube_FW_N6/Drivers/STM32N6xx_HAL_Driver/Src/stm32n6xx_hal_sai.c ****   *              the configuration information for SAI module.
2138:../../STM32Cube_FW_N6/Drivers/STM32N6xx_HAL_Driver/Src/stm32n6xx_hal_sai.c ****   * @retval None
2139:../../STM32Cube_FW_N6/Drivers/STM32N6xx_HAL_Driver/Src/stm32n6xx_hal_sai.c ****   */
2140:../../STM32Cube_FW_N6/Drivers/STM32N6xx_HAL_Driver/Src/stm32n6xx_hal_sai.c **** __weak void HAL_SAI_RxCpltCallback(SAI_HandleTypeDef *hsai)
2141:../../STM32Cube_FW_N6/Drivers/STM32N6xx_HAL_Driver/Src/stm32n6xx_hal_sai.c **** {
2142:../../STM32Cube_FW_N6/Drivers/STM32N6xx_HAL_Driver/Src/stm32n6xx_hal_sai.c ****   /* Prevent unused argument(s) compilation warning */
2143:../../STM32Cube_FW_N6/Drivers/STM32N6xx_HAL_Driver/Src/stm32n6xx_hal_sai.c ****   UNUSED(hsai);
2144:../../STM32Cube_FW_N6/Drivers/STM32N6xx_HAL_Driver/Src/stm32n6xx_hal_sai.c **** 
2145:../../STM32Cube_FW_N6/Drivers/STM32N6xx_HAL_Driver/Src/stm32n6xx_hal_sai.c ****   /* NOTE : This function should not be modified, when the callback is needed,
2146:../../STM32Cube_FW_N6/Drivers/STM32N6xx_HAL_Driver/Src/stm32n6xx_hal_sai.c ****             the HAL_SAI_RxCpltCallback could be implemented in the user file
2147:../../STM32Cube_FW_N6/Drivers/STM32N6xx_HAL_Driver/Src/stm32n6xx_hal_sai.c ****    */
2148:../../STM32Cube_FW_N6/Drivers/STM32N6xx_HAL_Driver/Src/stm32n6xx_hal_sai.c **** }
2149:../../STM32Cube_FW_N6/Drivers/STM32N6xx_HAL_Driver/Src/stm32n6xx_hal_sai.c **** 
2150:../../STM32Cube_FW_N6/Drivers/STM32N6xx_HAL_Driver/Src/stm32n6xx_hal_sai.c **** /**
2151:../../STM32Cube_FW_N6/Drivers/STM32N6xx_HAL_Driver/Src/stm32n6xx_hal_sai.c ****   * @brief Rx Transfer half completed callback.
2152:../../STM32Cube_FW_N6/Drivers/STM32N6xx_HAL_Driver/Src/stm32n6xx_hal_sai.c ****   * @param  hsai pointer to a SAI_HandleTypeDef structure that contains
2153:../../STM32Cube_FW_N6/Drivers/STM32N6xx_HAL_Driver/Src/stm32n6xx_hal_sai.c ****   *              the configuration information for SAI module.
2154:../../STM32Cube_FW_N6/Drivers/STM32N6xx_HAL_Driver/Src/stm32n6xx_hal_sai.c ****   * @retval None
2155:../../STM32Cube_FW_N6/Drivers/STM32N6xx_HAL_Driver/Src/stm32n6xx_hal_sai.c ****   */
2156:../../STM32Cube_FW_N6/Drivers/STM32N6xx_HAL_Driver/Src/stm32n6xx_hal_sai.c **** __weak void HAL_SAI_RxHalfCpltCallback(SAI_HandleTypeDef *hsai)
2157:../../STM32Cube_FW_N6/Drivers/STM32N6xx_HAL_Driver/Src/stm32n6xx_hal_sai.c **** {
2158:../../STM32Cube_FW_N6/Drivers/STM32N6xx_HAL_Driver/Src/stm32n6xx_hal_sai.c ****   /* Prevent unused argument(s) compilation warning */
2159:../../STM32Cube_FW_N6/Drivers/STM32N6xx_HAL_Driver/Src/stm32n6xx_hal_sai.c ****   UNUSED(hsai);
2160:../../STM32Cube_FW_N6/Drivers/STM32N6xx_HAL_Driver/Src/stm32n6xx_hal_sai.c **** 
2161:../../STM32Cube_FW_N6/Drivers/STM32N6xx_HAL_Driver/Src/stm32n6xx_hal_sai.c ****   /* NOTE : This function should not be modified, when the callback is needed,
2162:../../STM32Cube_FW_N6/Drivers/STM32N6xx_HAL_Driver/Src/stm32n6xx_hal_sai.c ****             the HAL_SAI_RxHalfCpltCallback could be implemented in the user file
2163:../../STM32Cube_FW_N6/Drivers/STM32N6xx_HAL_Driver/Src/stm32n6xx_hal_sai.c ****    */
2164:../../STM32Cube_FW_N6/Drivers/STM32N6xx_HAL_Driver/Src/stm32n6xx_hal_sai.c **** }
2165:../../STM32Cube_FW_N6/Drivers/STM32N6xx_HAL_Driver/Src/stm32n6xx_hal_sai.c **** 
2166:../../STM32Cube_FW_N6/Drivers/STM32N6xx_HAL_Driver/Src/stm32n6xx_hal_sai.c **** /**
2167:../../STM32Cube_FW_N6/Drivers/STM32N6xx_HAL_Driver/Src/stm32n6xx_hal_sai.c ****   * @brief SAI error callback.
2168:../../STM32Cube_FW_N6/Drivers/STM32N6xx_HAL_Driver/Src/stm32n6xx_hal_sai.c ****   * @param  hsai pointer to a SAI_HandleTypeDef structure that contains
2169:../../STM32Cube_FW_N6/Drivers/STM32N6xx_HAL_Driver/Src/stm32n6xx_hal_sai.c ****   *              the configuration information for SAI module.
2170:../../STM32Cube_FW_N6/Drivers/STM32N6xx_HAL_Driver/Src/stm32n6xx_hal_sai.c ****   * @retval None
2171:../../STM32Cube_FW_N6/Drivers/STM32N6xx_HAL_Driver/Src/stm32n6xx_hal_sai.c ****   */
2172:../../STM32Cube_FW_N6/Drivers/STM32N6xx_HAL_Driver/Src/stm32n6xx_hal_sai.c **** __weak void HAL_SAI_ErrorCallback(SAI_HandleTypeDef *hsai)
2173:../../STM32Cube_FW_N6/Drivers/STM32N6xx_HAL_Driver/Src/stm32n6xx_hal_sai.c **** {
2174:../../STM32Cube_FW_N6/Drivers/STM32N6xx_HAL_Driver/Src/stm32n6xx_hal_sai.c ****   /* Prevent unused argument(s) compilation warning */
2175:../../STM32Cube_FW_N6/Drivers/STM32N6xx_HAL_Driver/Src/stm32n6xx_hal_sai.c ****   UNUSED(hsai);
2176:../../STM32Cube_FW_N6/Drivers/STM32N6xx_HAL_Driver/Src/stm32n6xx_hal_sai.c **** 
2177:../../STM32Cube_FW_N6/Drivers/STM32N6xx_HAL_Driver/Src/stm32n6xx_hal_sai.c ****   /* NOTE : This function should not be modified, when the callback is needed,
2178:../../STM32Cube_FW_N6/Drivers/STM32N6xx_HAL_Driver/Src/stm32n6xx_hal_sai.c ****             the HAL_SAI_ErrorCallback could be implemented in the user file
2179:../../STM32Cube_FW_N6/Drivers/STM32N6xx_HAL_Driver/Src/stm32n6xx_hal_sai.c ****    */
2180:../../STM32Cube_FW_N6/Drivers/STM32N6xx_HAL_Driver/Src/stm32n6xx_hal_sai.c **** }
2181:../../STM32Cube_FW_N6/Drivers/STM32N6xx_HAL_Driver/Src/stm32n6xx_hal_sai.c **** 
2182:../../STM32Cube_FW_N6/Drivers/STM32N6xx_HAL_Driver/Src/stm32n6xx_hal_sai.c **** /**
2183:../../STM32Cube_FW_N6/Drivers/STM32N6xx_HAL_Driver/Src/stm32n6xx_hal_sai.c ****   * @}
2184:../../STM32Cube_FW_N6/Drivers/STM32N6xx_HAL_Driver/Src/stm32n6xx_hal_sai.c ****   */
2185:../../STM32Cube_FW_N6/Drivers/STM32N6xx_HAL_Driver/Src/stm32n6xx_hal_sai.c **** 
2186:../../STM32Cube_FW_N6/Drivers/STM32N6xx_HAL_Driver/Src/stm32n6xx_hal_sai.c **** /** @defgroup SAI_Exported_Functions_Group3 Peripheral State functions
2187:../../STM32Cube_FW_N6/Drivers/STM32N6xx_HAL_Driver/Src/stm32n6xx_hal_sai.c ****   * @brief    Peripheral State functions
2188:../../STM32Cube_FW_N6/Drivers/STM32N6xx_HAL_Driver/Src/stm32n6xx_hal_sai.c ****   *
2189:../../STM32Cube_FW_N6/Drivers/STM32N6xx_HAL_Driver/Src/stm32n6xx_hal_sai.c **** @verbatim
2190:../../STM32Cube_FW_N6/Drivers/STM32N6xx_HAL_Driver/Src/stm32n6xx_hal_sai.c ****   ===============================================================================
2191:../../STM32Cube_FW_N6/Drivers/STM32N6xx_HAL_Driver/Src/stm32n6xx_hal_sai.c ****                 ##### Peripheral State and Errors functions #####
ARM GAS  C:\Users\Antonio\AppData\Local\Temp\ccmFwfsh.s 			page 40


2192:../../STM32Cube_FW_N6/Drivers/STM32N6xx_HAL_Driver/Src/stm32n6xx_hal_sai.c ****   ===============================================================================
2193:../../STM32Cube_FW_N6/Drivers/STM32N6xx_HAL_Driver/Src/stm32n6xx_hal_sai.c ****   [..]
2194:../../STM32Cube_FW_N6/Drivers/STM32N6xx_HAL_Driver/Src/stm32n6xx_hal_sai.c ****     This subsection permits to get in run-time the status of the peripheral
2195:../../STM32Cube_FW_N6/Drivers/STM32N6xx_HAL_Driver/Src/stm32n6xx_hal_sai.c ****     and the data flow.
2196:../../STM32Cube_FW_N6/Drivers/STM32N6xx_HAL_Driver/Src/stm32n6xx_hal_sai.c **** 
2197:../../STM32Cube_FW_N6/Drivers/STM32N6xx_HAL_Driver/Src/stm32n6xx_hal_sai.c **** @endverbatim
2198:../../STM32Cube_FW_N6/Drivers/STM32N6xx_HAL_Driver/Src/stm32n6xx_hal_sai.c ****   * @{
2199:../../STM32Cube_FW_N6/Drivers/STM32N6xx_HAL_Driver/Src/stm32n6xx_hal_sai.c ****   */
2200:../../STM32Cube_FW_N6/Drivers/STM32N6xx_HAL_Driver/Src/stm32n6xx_hal_sai.c **** 
2201:../../STM32Cube_FW_N6/Drivers/STM32N6xx_HAL_Driver/Src/stm32n6xx_hal_sai.c **** /**
2202:../../STM32Cube_FW_N6/Drivers/STM32N6xx_HAL_Driver/Src/stm32n6xx_hal_sai.c ****   * @brief  Return the SAI handle state.
2203:../../STM32Cube_FW_N6/Drivers/STM32N6xx_HAL_Driver/Src/stm32n6xx_hal_sai.c ****   * @param  hsai pointer to a SAI_HandleTypeDef structure that contains
2204:../../STM32Cube_FW_N6/Drivers/STM32N6xx_HAL_Driver/Src/stm32n6xx_hal_sai.c ****   *              the configuration information for SAI module.
2205:../../STM32Cube_FW_N6/Drivers/STM32N6xx_HAL_Driver/Src/stm32n6xx_hal_sai.c ****   * @retval HAL state
2206:../../STM32Cube_FW_N6/Drivers/STM32N6xx_HAL_Driver/Src/stm32n6xx_hal_sai.c ****   */
2207:../../STM32Cube_FW_N6/Drivers/STM32N6xx_HAL_Driver/Src/stm32n6xx_hal_sai.c **** HAL_SAI_StateTypeDef HAL_SAI_GetState(const SAI_HandleTypeDef *hsai)
2208:../../STM32Cube_FW_N6/Drivers/STM32N6xx_HAL_Driver/Src/stm32n6xx_hal_sai.c **** {
2209:../../STM32Cube_FW_N6/Drivers/STM32N6xx_HAL_Driver/Src/stm32n6xx_hal_sai.c ****   return hsai->State;
2210:../../STM32Cube_FW_N6/Drivers/STM32N6xx_HAL_Driver/Src/stm32n6xx_hal_sai.c **** }
2211:../../STM32Cube_FW_N6/Drivers/STM32N6xx_HAL_Driver/Src/stm32n6xx_hal_sai.c **** 
2212:../../STM32Cube_FW_N6/Drivers/STM32N6xx_HAL_Driver/Src/stm32n6xx_hal_sai.c **** /**
2213:../../STM32Cube_FW_N6/Drivers/STM32N6xx_HAL_Driver/Src/stm32n6xx_hal_sai.c ****   * @brief  Return the SAI error code.
2214:../../STM32Cube_FW_N6/Drivers/STM32N6xx_HAL_Driver/Src/stm32n6xx_hal_sai.c ****   * @param  hsai pointer to a SAI_HandleTypeDef structure that contains
2215:../../STM32Cube_FW_N6/Drivers/STM32N6xx_HAL_Driver/Src/stm32n6xx_hal_sai.c ****   *              the configuration information for the specified SAI Block.
2216:../../STM32Cube_FW_N6/Drivers/STM32N6xx_HAL_Driver/Src/stm32n6xx_hal_sai.c ****   * @retval SAI Error Code
2217:../../STM32Cube_FW_N6/Drivers/STM32N6xx_HAL_Driver/Src/stm32n6xx_hal_sai.c ****   */
2218:../../STM32Cube_FW_N6/Drivers/STM32N6xx_HAL_Driver/Src/stm32n6xx_hal_sai.c **** uint32_t HAL_SAI_GetError(const SAI_HandleTypeDef *hsai)
2219:../../STM32Cube_FW_N6/Drivers/STM32N6xx_HAL_Driver/Src/stm32n6xx_hal_sai.c **** {
2220:../../STM32Cube_FW_N6/Drivers/STM32N6xx_HAL_Driver/Src/stm32n6xx_hal_sai.c ****   return hsai->ErrorCode;
2221:../../STM32Cube_FW_N6/Drivers/STM32N6xx_HAL_Driver/Src/stm32n6xx_hal_sai.c **** }
2222:../../STM32Cube_FW_N6/Drivers/STM32N6xx_HAL_Driver/Src/stm32n6xx_hal_sai.c **** 
2223:../../STM32Cube_FW_N6/Drivers/STM32N6xx_HAL_Driver/Src/stm32n6xx_hal_sai.c **** /**
2224:../../STM32Cube_FW_N6/Drivers/STM32N6xx_HAL_Driver/Src/stm32n6xx_hal_sai.c ****   * @}
2225:../../STM32Cube_FW_N6/Drivers/STM32N6xx_HAL_Driver/Src/stm32n6xx_hal_sai.c ****   */
2226:../../STM32Cube_FW_N6/Drivers/STM32N6xx_HAL_Driver/Src/stm32n6xx_hal_sai.c **** 
2227:../../STM32Cube_FW_N6/Drivers/STM32N6xx_HAL_Driver/Src/stm32n6xx_hal_sai.c **** /**
2228:../../STM32Cube_FW_N6/Drivers/STM32N6xx_HAL_Driver/Src/stm32n6xx_hal_sai.c ****   * @}
2229:../../STM32Cube_FW_N6/Drivers/STM32N6xx_HAL_Driver/Src/stm32n6xx_hal_sai.c ****   */
2230:../../STM32Cube_FW_N6/Drivers/STM32N6xx_HAL_Driver/Src/stm32n6xx_hal_sai.c **** 
2231:../../STM32Cube_FW_N6/Drivers/STM32N6xx_HAL_Driver/Src/stm32n6xx_hal_sai.c **** /** @addtogroup SAI_Private_Functions
2232:../../STM32Cube_FW_N6/Drivers/STM32N6xx_HAL_Driver/Src/stm32n6xx_hal_sai.c ****   * @brief      Private functions
2233:../../STM32Cube_FW_N6/Drivers/STM32N6xx_HAL_Driver/Src/stm32n6xx_hal_sai.c ****   * @{
2234:../../STM32Cube_FW_N6/Drivers/STM32N6xx_HAL_Driver/Src/stm32n6xx_hal_sai.c ****   */
2235:../../STM32Cube_FW_N6/Drivers/STM32N6xx_HAL_Driver/Src/stm32n6xx_hal_sai.c **** 
2236:../../STM32Cube_FW_N6/Drivers/STM32N6xx_HAL_Driver/Src/stm32n6xx_hal_sai.c **** /**
2237:../../STM32Cube_FW_N6/Drivers/STM32N6xx_HAL_Driver/Src/stm32n6xx_hal_sai.c ****   * @brief  Initialize the SAI I2S protocol according to the specified parameters
2238:../../STM32Cube_FW_N6/Drivers/STM32N6xx_HAL_Driver/Src/stm32n6xx_hal_sai.c ****   *         in the SAI_InitTypeDef and create the associated handle.
2239:../../STM32Cube_FW_N6/Drivers/STM32N6xx_HAL_Driver/Src/stm32n6xx_hal_sai.c ****   * @param  hsai pointer to a SAI_HandleTypeDef structure that contains
2240:../../STM32Cube_FW_N6/Drivers/STM32N6xx_HAL_Driver/Src/stm32n6xx_hal_sai.c ****   *              the configuration information for SAI module.
2241:../../STM32Cube_FW_N6/Drivers/STM32N6xx_HAL_Driver/Src/stm32n6xx_hal_sai.c ****   * @param  protocol one of the supported protocol.
2242:../../STM32Cube_FW_N6/Drivers/STM32N6xx_HAL_Driver/Src/stm32n6xx_hal_sai.c ****   * @param  datasize one of the supported datasize @ref SAI_Protocol_DataSize.
2243:../../STM32Cube_FW_N6/Drivers/STM32N6xx_HAL_Driver/Src/stm32n6xx_hal_sai.c ****   * @param  nbslot number of slot minimum value is 2 and max is 16.
2244:../../STM32Cube_FW_N6/Drivers/STM32N6xx_HAL_Driver/Src/stm32n6xx_hal_sai.c ****   *         the value must be a multiple of 2.
2245:../../STM32Cube_FW_N6/Drivers/STM32N6xx_HAL_Driver/Src/stm32n6xx_hal_sai.c ****   * @retval HAL status
2246:../../STM32Cube_FW_N6/Drivers/STM32N6xx_HAL_Driver/Src/stm32n6xx_hal_sai.c ****   */
2247:../../STM32Cube_FW_N6/Drivers/STM32N6xx_HAL_Driver/Src/stm32n6xx_hal_sai.c **** static HAL_StatusTypeDef SAI_InitI2S(SAI_HandleTypeDef *hsai, uint32_t protocol, uint32_t datasize,
2248:../../STM32Cube_FW_N6/Drivers/STM32N6xx_HAL_Driver/Src/stm32n6xx_hal_sai.c **** {
ARM GAS  C:\Users\Antonio\AppData\Local\Temp\ccmFwfsh.s 			page 41


2249:../../STM32Cube_FW_N6/Drivers/STM32N6xx_HAL_Driver/Src/stm32n6xx_hal_sai.c ****   HAL_StatusTypeDef status = HAL_OK;
2250:../../STM32Cube_FW_N6/Drivers/STM32N6xx_HAL_Driver/Src/stm32n6xx_hal_sai.c **** 
2251:../../STM32Cube_FW_N6/Drivers/STM32N6xx_HAL_Driver/Src/stm32n6xx_hal_sai.c ****   hsai->Init.Protocol            = SAI_FREE_PROTOCOL;
2252:../../STM32Cube_FW_N6/Drivers/STM32N6xx_HAL_Driver/Src/stm32n6xx_hal_sai.c ****   hsai->Init.FirstBit            = SAI_FIRSTBIT_MSB;
2253:../../STM32Cube_FW_N6/Drivers/STM32N6xx_HAL_Driver/Src/stm32n6xx_hal_sai.c ****   /* Compute ClockStrobing according AudioMode */
2254:../../STM32Cube_FW_N6/Drivers/STM32N6xx_HAL_Driver/Src/stm32n6xx_hal_sai.c ****   if ((hsai->Init.AudioMode == SAI_MODEMASTER_TX) || (hsai->Init.AudioMode == SAI_MODESLAVE_TX))
2255:../../STM32Cube_FW_N6/Drivers/STM32N6xx_HAL_Driver/Src/stm32n6xx_hal_sai.c ****   {
2256:../../STM32Cube_FW_N6/Drivers/STM32N6xx_HAL_Driver/Src/stm32n6xx_hal_sai.c ****     /* Transmit */
2257:../../STM32Cube_FW_N6/Drivers/STM32N6xx_HAL_Driver/Src/stm32n6xx_hal_sai.c ****     hsai->Init.ClockStrobing     = SAI_CLOCKSTROBING_FALLINGEDGE;
2258:../../STM32Cube_FW_N6/Drivers/STM32N6xx_HAL_Driver/Src/stm32n6xx_hal_sai.c ****   }
2259:../../STM32Cube_FW_N6/Drivers/STM32N6xx_HAL_Driver/Src/stm32n6xx_hal_sai.c ****   else
2260:../../STM32Cube_FW_N6/Drivers/STM32N6xx_HAL_Driver/Src/stm32n6xx_hal_sai.c ****   {
2261:../../STM32Cube_FW_N6/Drivers/STM32N6xx_HAL_Driver/Src/stm32n6xx_hal_sai.c ****     /* Receive */
2262:../../STM32Cube_FW_N6/Drivers/STM32N6xx_HAL_Driver/Src/stm32n6xx_hal_sai.c ****     hsai->Init.ClockStrobing     = SAI_CLOCKSTROBING_RISINGEDGE;
2263:../../STM32Cube_FW_N6/Drivers/STM32N6xx_HAL_Driver/Src/stm32n6xx_hal_sai.c ****   }
2264:../../STM32Cube_FW_N6/Drivers/STM32N6xx_HAL_Driver/Src/stm32n6xx_hal_sai.c ****   hsai->FrameInit.FSDefinition   = SAI_FS_CHANNEL_IDENTIFICATION;
2265:../../STM32Cube_FW_N6/Drivers/STM32N6xx_HAL_Driver/Src/stm32n6xx_hal_sai.c ****   hsai->SlotInit.SlotActive      = SAI_SLOTACTIVE_ALL;
2266:../../STM32Cube_FW_N6/Drivers/STM32N6xx_HAL_Driver/Src/stm32n6xx_hal_sai.c ****   hsai->SlotInit.FirstBitOffset  = 0;
2267:../../STM32Cube_FW_N6/Drivers/STM32N6xx_HAL_Driver/Src/stm32n6xx_hal_sai.c ****   hsai->SlotInit.SlotNumber      = nbslot;
2268:../../STM32Cube_FW_N6/Drivers/STM32N6xx_HAL_Driver/Src/stm32n6xx_hal_sai.c **** 
2269:../../STM32Cube_FW_N6/Drivers/STM32N6xx_HAL_Driver/Src/stm32n6xx_hal_sai.c ****   /* in IS2 the number of slot must be even */
2270:../../STM32Cube_FW_N6/Drivers/STM32N6xx_HAL_Driver/Src/stm32n6xx_hal_sai.c ****   if ((nbslot & 0x1U) != 0U)
2271:../../STM32Cube_FW_N6/Drivers/STM32N6xx_HAL_Driver/Src/stm32n6xx_hal_sai.c ****   {
2272:../../STM32Cube_FW_N6/Drivers/STM32N6xx_HAL_Driver/Src/stm32n6xx_hal_sai.c ****     return HAL_ERROR;
2273:../../STM32Cube_FW_N6/Drivers/STM32N6xx_HAL_Driver/Src/stm32n6xx_hal_sai.c ****   }
2274:../../STM32Cube_FW_N6/Drivers/STM32N6xx_HAL_Driver/Src/stm32n6xx_hal_sai.c **** 
2275:../../STM32Cube_FW_N6/Drivers/STM32N6xx_HAL_Driver/Src/stm32n6xx_hal_sai.c ****   if (protocol == SAI_I2S_STANDARD)
2276:../../STM32Cube_FW_N6/Drivers/STM32N6xx_HAL_Driver/Src/stm32n6xx_hal_sai.c ****   {
2277:../../STM32Cube_FW_N6/Drivers/STM32N6xx_HAL_Driver/Src/stm32n6xx_hal_sai.c ****     hsai->FrameInit.FSPolarity = SAI_FS_ACTIVE_LOW;
2278:../../STM32Cube_FW_N6/Drivers/STM32N6xx_HAL_Driver/Src/stm32n6xx_hal_sai.c ****     hsai->FrameInit.FSOffset   = SAI_FS_BEFOREFIRSTBIT;
2279:../../STM32Cube_FW_N6/Drivers/STM32N6xx_HAL_Driver/Src/stm32n6xx_hal_sai.c ****   }
2280:../../STM32Cube_FW_N6/Drivers/STM32N6xx_HAL_Driver/Src/stm32n6xx_hal_sai.c ****   else
2281:../../STM32Cube_FW_N6/Drivers/STM32N6xx_HAL_Driver/Src/stm32n6xx_hal_sai.c ****   {
2282:../../STM32Cube_FW_N6/Drivers/STM32N6xx_HAL_Driver/Src/stm32n6xx_hal_sai.c ****     /* SAI_I2S_MSBJUSTIFIED or SAI_I2S_LSBJUSTIFIED */
2283:../../STM32Cube_FW_N6/Drivers/STM32N6xx_HAL_Driver/Src/stm32n6xx_hal_sai.c ****     hsai->FrameInit.FSPolarity = SAI_FS_ACTIVE_HIGH;
2284:../../STM32Cube_FW_N6/Drivers/STM32N6xx_HAL_Driver/Src/stm32n6xx_hal_sai.c ****     hsai->FrameInit.FSOffset   = SAI_FS_FIRSTBIT;
2285:../../STM32Cube_FW_N6/Drivers/STM32N6xx_HAL_Driver/Src/stm32n6xx_hal_sai.c ****   }
2286:../../STM32Cube_FW_N6/Drivers/STM32N6xx_HAL_Driver/Src/stm32n6xx_hal_sai.c **** 
2287:../../STM32Cube_FW_N6/Drivers/STM32N6xx_HAL_Driver/Src/stm32n6xx_hal_sai.c ****   /* Frame definition */
2288:../../STM32Cube_FW_N6/Drivers/STM32N6xx_HAL_Driver/Src/stm32n6xx_hal_sai.c ****   switch (datasize)
2289:../../STM32Cube_FW_N6/Drivers/STM32N6xx_HAL_Driver/Src/stm32n6xx_hal_sai.c ****   {
2290:../../STM32Cube_FW_N6/Drivers/STM32N6xx_HAL_Driver/Src/stm32n6xx_hal_sai.c ****     case SAI_PROTOCOL_DATASIZE_16BIT:
2291:../../STM32Cube_FW_N6/Drivers/STM32N6xx_HAL_Driver/Src/stm32n6xx_hal_sai.c ****       hsai->Init.DataSize = SAI_DATASIZE_16;
2292:../../STM32Cube_FW_N6/Drivers/STM32N6xx_HAL_Driver/Src/stm32n6xx_hal_sai.c ****       hsai->FrameInit.FrameLength = 32U * (nbslot / 2U);
2293:../../STM32Cube_FW_N6/Drivers/STM32N6xx_HAL_Driver/Src/stm32n6xx_hal_sai.c ****       hsai->FrameInit.ActiveFrameLength = 16U * (nbslot / 2U);
2294:../../STM32Cube_FW_N6/Drivers/STM32N6xx_HAL_Driver/Src/stm32n6xx_hal_sai.c ****       hsai->SlotInit.SlotSize = SAI_SLOTSIZE_16B;
2295:../../STM32Cube_FW_N6/Drivers/STM32N6xx_HAL_Driver/Src/stm32n6xx_hal_sai.c ****       break;
2296:../../STM32Cube_FW_N6/Drivers/STM32N6xx_HAL_Driver/Src/stm32n6xx_hal_sai.c ****     case SAI_PROTOCOL_DATASIZE_16BITEXTENDED :
2297:../../STM32Cube_FW_N6/Drivers/STM32N6xx_HAL_Driver/Src/stm32n6xx_hal_sai.c ****       hsai->Init.DataSize = SAI_DATASIZE_16;
2298:../../STM32Cube_FW_N6/Drivers/STM32N6xx_HAL_Driver/Src/stm32n6xx_hal_sai.c ****       hsai->FrameInit.FrameLength = 64U * (nbslot / 2U);
2299:../../STM32Cube_FW_N6/Drivers/STM32N6xx_HAL_Driver/Src/stm32n6xx_hal_sai.c ****       hsai->FrameInit.ActiveFrameLength = 32U * (nbslot / 2U);
2300:../../STM32Cube_FW_N6/Drivers/STM32N6xx_HAL_Driver/Src/stm32n6xx_hal_sai.c ****       hsai->SlotInit.SlotSize = SAI_SLOTSIZE_32B;
2301:../../STM32Cube_FW_N6/Drivers/STM32N6xx_HAL_Driver/Src/stm32n6xx_hal_sai.c ****       break;
2302:../../STM32Cube_FW_N6/Drivers/STM32N6xx_HAL_Driver/Src/stm32n6xx_hal_sai.c ****     case SAI_PROTOCOL_DATASIZE_24BIT:
2303:../../STM32Cube_FW_N6/Drivers/STM32N6xx_HAL_Driver/Src/stm32n6xx_hal_sai.c ****       hsai->Init.DataSize = SAI_DATASIZE_24;
2304:../../STM32Cube_FW_N6/Drivers/STM32N6xx_HAL_Driver/Src/stm32n6xx_hal_sai.c ****       hsai->FrameInit.FrameLength = 64U * (nbslot / 2U);
2305:../../STM32Cube_FW_N6/Drivers/STM32N6xx_HAL_Driver/Src/stm32n6xx_hal_sai.c ****       hsai->FrameInit.ActiveFrameLength = 32U * (nbslot / 2U);
ARM GAS  C:\Users\Antonio\AppData\Local\Temp\ccmFwfsh.s 			page 42


2306:../../STM32Cube_FW_N6/Drivers/STM32N6xx_HAL_Driver/Src/stm32n6xx_hal_sai.c ****       hsai->SlotInit.SlotSize = SAI_SLOTSIZE_32B;
2307:../../STM32Cube_FW_N6/Drivers/STM32N6xx_HAL_Driver/Src/stm32n6xx_hal_sai.c ****       break;
2308:../../STM32Cube_FW_N6/Drivers/STM32N6xx_HAL_Driver/Src/stm32n6xx_hal_sai.c ****     case SAI_PROTOCOL_DATASIZE_32BIT:
2309:../../STM32Cube_FW_N6/Drivers/STM32N6xx_HAL_Driver/Src/stm32n6xx_hal_sai.c ****       hsai->Init.DataSize = SAI_DATASIZE_32;
2310:../../STM32Cube_FW_N6/Drivers/STM32N6xx_HAL_Driver/Src/stm32n6xx_hal_sai.c ****       hsai->FrameInit.FrameLength = 64U * (nbslot / 2U);
2311:../../STM32Cube_FW_N6/Drivers/STM32N6xx_HAL_Driver/Src/stm32n6xx_hal_sai.c ****       hsai->FrameInit.ActiveFrameLength = 32U * (nbslot / 2U);
2312:../../STM32Cube_FW_N6/Drivers/STM32N6xx_HAL_Driver/Src/stm32n6xx_hal_sai.c ****       hsai->SlotInit.SlotSize = SAI_SLOTSIZE_32B;
2313:../../STM32Cube_FW_N6/Drivers/STM32N6xx_HAL_Driver/Src/stm32n6xx_hal_sai.c ****       break;
2314:../../STM32Cube_FW_N6/Drivers/STM32N6xx_HAL_Driver/Src/stm32n6xx_hal_sai.c ****     default :
2315:../../STM32Cube_FW_N6/Drivers/STM32N6xx_HAL_Driver/Src/stm32n6xx_hal_sai.c ****       status = HAL_ERROR;
2316:../../STM32Cube_FW_N6/Drivers/STM32N6xx_HAL_Driver/Src/stm32n6xx_hal_sai.c ****       break;
2317:../../STM32Cube_FW_N6/Drivers/STM32N6xx_HAL_Driver/Src/stm32n6xx_hal_sai.c ****   }
2318:../../STM32Cube_FW_N6/Drivers/STM32N6xx_HAL_Driver/Src/stm32n6xx_hal_sai.c ****   if (protocol == SAI_I2S_LSBJUSTIFIED)
2319:../../STM32Cube_FW_N6/Drivers/STM32N6xx_HAL_Driver/Src/stm32n6xx_hal_sai.c ****   {
2320:../../STM32Cube_FW_N6/Drivers/STM32N6xx_HAL_Driver/Src/stm32n6xx_hal_sai.c ****     if (datasize == SAI_PROTOCOL_DATASIZE_16BITEXTENDED)
2321:../../STM32Cube_FW_N6/Drivers/STM32N6xx_HAL_Driver/Src/stm32n6xx_hal_sai.c ****     {
2322:../../STM32Cube_FW_N6/Drivers/STM32N6xx_HAL_Driver/Src/stm32n6xx_hal_sai.c ****       hsai->SlotInit.FirstBitOffset = 16;
2323:../../STM32Cube_FW_N6/Drivers/STM32N6xx_HAL_Driver/Src/stm32n6xx_hal_sai.c ****     }
2324:../../STM32Cube_FW_N6/Drivers/STM32N6xx_HAL_Driver/Src/stm32n6xx_hal_sai.c ****     if (datasize == SAI_PROTOCOL_DATASIZE_24BIT)
2325:../../STM32Cube_FW_N6/Drivers/STM32N6xx_HAL_Driver/Src/stm32n6xx_hal_sai.c ****     {
2326:../../STM32Cube_FW_N6/Drivers/STM32N6xx_HAL_Driver/Src/stm32n6xx_hal_sai.c ****       hsai->SlotInit.FirstBitOffset = 8;
2327:../../STM32Cube_FW_N6/Drivers/STM32N6xx_HAL_Driver/Src/stm32n6xx_hal_sai.c ****     }
2328:../../STM32Cube_FW_N6/Drivers/STM32N6xx_HAL_Driver/Src/stm32n6xx_hal_sai.c ****   }
2329:../../STM32Cube_FW_N6/Drivers/STM32N6xx_HAL_Driver/Src/stm32n6xx_hal_sai.c ****   return status;
2330:../../STM32Cube_FW_N6/Drivers/STM32N6xx_HAL_Driver/Src/stm32n6xx_hal_sai.c **** }
2331:../../STM32Cube_FW_N6/Drivers/STM32N6xx_HAL_Driver/Src/stm32n6xx_hal_sai.c **** 
2332:../../STM32Cube_FW_N6/Drivers/STM32N6xx_HAL_Driver/Src/stm32n6xx_hal_sai.c **** /**
2333:../../STM32Cube_FW_N6/Drivers/STM32N6xx_HAL_Driver/Src/stm32n6xx_hal_sai.c ****   * @brief  Initialize the SAI PCM protocol according to the specified parameters
2334:../../STM32Cube_FW_N6/Drivers/STM32N6xx_HAL_Driver/Src/stm32n6xx_hal_sai.c ****   *         in the SAI_InitTypeDef and create the associated handle.
2335:../../STM32Cube_FW_N6/Drivers/STM32N6xx_HAL_Driver/Src/stm32n6xx_hal_sai.c ****   * @param  hsai pointer to a SAI_HandleTypeDef structure that contains
2336:../../STM32Cube_FW_N6/Drivers/STM32N6xx_HAL_Driver/Src/stm32n6xx_hal_sai.c ****   *              the configuration information for SAI module.
2337:../../STM32Cube_FW_N6/Drivers/STM32N6xx_HAL_Driver/Src/stm32n6xx_hal_sai.c ****   * @param  protocol one of the supported protocol
2338:../../STM32Cube_FW_N6/Drivers/STM32N6xx_HAL_Driver/Src/stm32n6xx_hal_sai.c ****   * @param  datasize one of the supported datasize @ref SAI_Protocol_DataSize
2339:../../STM32Cube_FW_N6/Drivers/STM32N6xx_HAL_Driver/Src/stm32n6xx_hal_sai.c ****   * @param  nbslot number of slot minimum value is 1 and the max is 16.
2340:../../STM32Cube_FW_N6/Drivers/STM32N6xx_HAL_Driver/Src/stm32n6xx_hal_sai.c ****   * @retval HAL status
2341:../../STM32Cube_FW_N6/Drivers/STM32N6xx_HAL_Driver/Src/stm32n6xx_hal_sai.c ****   */
2342:../../STM32Cube_FW_N6/Drivers/STM32N6xx_HAL_Driver/Src/stm32n6xx_hal_sai.c **** static HAL_StatusTypeDef SAI_InitPCM(SAI_HandleTypeDef *hsai, uint32_t protocol, uint32_t datasize,
2343:../../STM32Cube_FW_N6/Drivers/STM32N6xx_HAL_Driver/Src/stm32n6xx_hal_sai.c **** {
2344:../../STM32Cube_FW_N6/Drivers/STM32N6xx_HAL_Driver/Src/stm32n6xx_hal_sai.c ****   HAL_StatusTypeDef status = HAL_OK;
2345:../../STM32Cube_FW_N6/Drivers/STM32N6xx_HAL_Driver/Src/stm32n6xx_hal_sai.c **** 
2346:../../STM32Cube_FW_N6/Drivers/STM32N6xx_HAL_Driver/Src/stm32n6xx_hal_sai.c ****   hsai->Init.Protocol            = SAI_FREE_PROTOCOL;
2347:../../STM32Cube_FW_N6/Drivers/STM32N6xx_HAL_Driver/Src/stm32n6xx_hal_sai.c ****   hsai->Init.FirstBit            = SAI_FIRSTBIT_MSB;
2348:../../STM32Cube_FW_N6/Drivers/STM32N6xx_HAL_Driver/Src/stm32n6xx_hal_sai.c ****   /* Compute ClockStrobing according AudioMode */
2349:../../STM32Cube_FW_N6/Drivers/STM32N6xx_HAL_Driver/Src/stm32n6xx_hal_sai.c ****   if ((hsai->Init.AudioMode == SAI_MODEMASTER_TX) || (hsai->Init.AudioMode == SAI_MODESLAVE_TX))
2350:../../STM32Cube_FW_N6/Drivers/STM32N6xx_HAL_Driver/Src/stm32n6xx_hal_sai.c ****   {
2351:../../STM32Cube_FW_N6/Drivers/STM32N6xx_HAL_Driver/Src/stm32n6xx_hal_sai.c ****     /* Transmit */
2352:../../STM32Cube_FW_N6/Drivers/STM32N6xx_HAL_Driver/Src/stm32n6xx_hal_sai.c ****     hsai->Init.ClockStrobing     = SAI_CLOCKSTROBING_RISINGEDGE;
2353:../../STM32Cube_FW_N6/Drivers/STM32N6xx_HAL_Driver/Src/stm32n6xx_hal_sai.c ****   }
2354:../../STM32Cube_FW_N6/Drivers/STM32N6xx_HAL_Driver/Src/stm32n6xx_hal_sai.c ****   else
2355:../../STM32Cube_FW_N6/Drivers/STM32N6xx_HAL_Driver/Src/stm32n6xx_hal_sai.c ****   {
2356:../../STM32Cube_FW_N6/Drivers/STM32N6xx_HAL_Driver/Src/stm32n6xx_hal_sai.c ****     /* Receive */
2357:../../STM32Cube_FW_N6/Drivers/STM32N6xx_HAL_Driver/Src/stm32n6xx_hal_sai.c ****     hsai->Init.ClockStrobing     = SAI_CLOCKSTROBING_FALLINGEDGE;
2358:../../STM32Cube_FW_N6/Drivers/STM32N6xx_HAL_Driver/Src/stm32n6xx_hal_sai.c ****   }
2359:../../STM32Cube_FW_N6/Drivers/STM32N6xx_HAL_Driver/Src/stm32n6xx_hal_sai.c ****   hsai->FrameInit.FSDefinition   = SAI_FS_STARTFRAME;
2360:../../STM32Cube_FW_N6/Drivers/STM32N6xx_HAL_Driver/Src/stm32n6xx_hal_sai.c ****   hsai->FrameInit.FSPolarity     = SAI_FS_ACTIVE_HIGH;
2361:../../STM32Cube_FW_N6/Drivers/STM32N6xx_HAL_Driver/Src/stm32n6xx_hal_sai.c ****   hsai->FrameInit.FSOffset       = SAI_FS_BEFOREFIRSTBIT;
2362:../../STM32Cube_FW_N6/Drivers/STM32N6xx_HAL_Driver/Src/stm32n6xx_hal_sai.c ****   hsai->SlotInit.FirstBitOffset  = 0;
ARM GAS  C:\Users\Antonio\AppData\Local\Temp\ccmFwfsh.s 			page 43


2363:../../STM32Cube_FW_N6/Drivers/STM32N6xx_HAL_Driver/Src/stm32n6xx_hal_sai.c ****   hsai->SlotInit.SlotNumber      = nbslot;
2364:../../STM32Cube_FW_N6/Drivers/STM32N6xx_HAL_Driver/Src/stm32n6xx_hal_sai.c ****   hsai->SlotInit.SlotActive      = SAI_SLOTACTIVE_ALL;
2365:../../STM32Cube_FW_N6/Drivers/STM32N6xx_HAL_Driver/Src/stm32n6xx_hal_sai.c **** 
2366:../../STM32Cube_FW_N6/Drivers/STM32N6xx_HAL_Driver/Src/stm32n6xx_hal_sai.c ****   if (protocol == SAI_PCM_SHORT)
2367:../../STM32Cube_FW_N6/Drivers/STM32N6xx_HAL_Driver/Src/stm32n6xx_hal_sai.c ****   {
2368:../../STM32Cube_FW_N6/Drivers/STM32N6xx_HAL_Driver/Src/stm32n6xx_hal_sai.c ****     hsai->FrameInit.ActiveFrameLength = 1;
2369:../../STM32Cube_FW_N6/Drivers/STM32N6xx_HAL_Driver/Src/stm32n6xx_hal_sai.c ****   }
2370:../../STM32Cube_FW_N6/Drivers/STM32N6xx_HAL_Driver/Src/stm32n6xx_hal_sai.c ****   else
2371:../../STM32Cube_FW_N6/Drivers/STM32N6xx_HAL_Driver/Src/stm32n6xx_hal_sai.c ****   {
2372:../../STM32Cube_FW_N6/Drivers/STM32N6xx_HAL_Driver/Src/stm32n6xx_hal_sai.c ****     /* SAI_PCM_LONG */
2373:../../STM32Cube_FW_N6/Drivers/STM32N6xx_HAL_Driver/Src/stm32n6xx_hal_sai.c ****     hsai->FrameInit.ActiveFrameLength = 13;
2374:../../STM32Cube_FW_N6/Drivers/STM32N6xx_HAL_Driver/Src/stm32n6xx_hal_sai.c ****   }
2375:../../STM32Cube_FW_N6/Drivers/STM32N6xx_HAL_Driver/Src/stm32n6xx_hal_sai.c **** 
2376:../../STM32Cube_FW_N6/Drivers/STM32N6xx_HAL_Driver/Src/stm32n6xx_hal_sai.c ****   switch (datasize)
2377:../../STM32Cube_FW_N6/Drivers/STM32N6xx_HAL_Driver/Src/stm32n6xx_hal_sai.c ****   {
2378:../../STM32Cube_FW_N6/Drivers/STM32N6xx_HAL_Driver/Src/stm32n6xx_hal_sai.c ****     case SAI_PROTOCOL_DATASIZE_16BIT:
2379:../../STM32Cube_FW_N6/Drivers/STM32N6xx_HAL_Driver/Src/stm32n6xx_hal_sai.c ****       hsai->Init.DataSize = SAI_DATASIZE_16;
2380:../../STM32Cube_FW_N6/Drivers/STM32N6xx_HAL_Driver/Src/stm32n6xx_hal_sai.c ****       hsai->FrameInit.FrameLength = 16U * nbslot;
2381:../../STM32Cube_FW_N6/Drivers/STM32N6xx_HAL_Driver/Src/stm32n6xx_hal_sai.c ****       hsai->SlotInit.SlotSize = SAI_SLOTSIZE_16B;
2382:../../STM32Cube_FW_N6/Drivers/STM32N6xx_HAL_Driver/Src/stm32n6xx_hal_sai.c ****       break;
2383:../../STM32Cube_FW_N6/Drivers/STM32N6xx_HAL_Driver/Src/stm32n6xx_hal_sai.c ****     case SAI_PROTOCOL_DATASIZE_16BITEXTENDED :
2384:../../STM32Cube_FW_N6/Drivers/STM32N6xx_HAL_Driver/Src/stm32n6xx_hal_sai.c ****       hsai->Init.DataSize = SAI_DATASIZE_16;
2385:../../STM32Cube_FW_N6/Drivers/STM32N6xx_HAL_Driver/Src/stm32n6xx_hal_sai.c ****       hsai->FrameInit.FrameLength = 32U * nbslot;
2386:../../STM32Cube_FW_N6/Drivers/STM32N6xx_HAL_Driver/Src/stm32n6xx_hal_sai.c ****       hsai->SlotInit.SlotSize = SAI_SLOTSIZE_32B;
2387:../../STM32Cube_FW_N6/Drivers/STM32N6xx_HAL_Driver/Src/stm32n6xx_hal_sai.c ****       break;
2388:../../STM32Cube_FW_N6/Drivers/STM32N6xx_HAL_Driver/Src/stm32n6xx_hal_sai.c ****     case SAI_PROTOCOL_DATASIZE_24BIT :
2389:../../STM32Cube_FW_N6/Drivers/STM32N6xx_HAL_Driver/Src/stm32n6xx_hal_sai.c ****       hsai->Init.DataSize = SAI_DATASIZE_24;
2390:../../STM32Cube_FW_N6/Drivers/STM32N6xx_HAL_Driver/Src/stm32n6xx_hal_sai.c ****       hsai->FrameInit.FrameLength = 32U * nbslot;
2391:../../STM32Cube_FW_N6/Drivers/STM32N6xx_HAL_Driver/Src/stm32n6xx_hal_sai.c ****       hsai->SlotInit.SlotSize = SAI_SLOTSIZE_32B;
2392:../../STM32Cube_FW_N6/Drivers/STM32N6xx_HAL_Driver/Src/stm32n6xx_hal_sai.c ****       break;
2393:../../STM32Cube_FW_N6/Drivers/STM32N6xx_HAL_Driver/Src/stm32n6xx_hal_sai.c ****     case SAI_PROTOCOL_DATASIZE_32BIT:
2394:../../STM32Cube_FW_N6/Drivers/STM32N6xx_HAL_Driver/Src/stm32n6xx_hal_sai.c ****       hsai->Init.DataSize = SAI_DATASIZE_32;
2395:../../STM32Cube_FW_N6/Drivers/STM32N6xx_HAL_Driver/Src/stm32n6xx_hal_sai.c ****       hsai->FrameInit.FrameLength = 32U * nbslot;
2396:../../STM32Cube_FW_N6/Drivers/STM32N6xx_HAL_Driver/Src/stm32n6xx_hal_sai.c ****       hsai->SlotInit.SlotSize = SAI_SLOTSIZE_32B;
2397:../../STM32Cube_FW_N6/Drivers/STM32N6xx_HAL_Driver/Src/stm32n6xx_hal_sai.c ****       break;
2398:../../STM32Cube_FW_N6/Drivers/STM32N6xx_HAL_Driver/Src/stm32n6xx_hal_sai.c ****     default :
2399:../../STM32Cube_FW_N6/Drivers/STM32N6xx_HAL_Driver/Src/stm32n6xx_hal_sai.c ****       status = HAL_ERROR;
2400:../../STM32Cube_FW_N6/Drivers/STM32N6xx_HAL_Driver/Src/stm32n6xx_hal_sai.c ****       break;
2401:../../STM32Cube_FW_N6/Drivers/STM32N6xx_HAL_Driver/Src/stm32n6xx_hal_sai.c ****   }
2402:../../STM32Cube_FW_N6/Drivers/STM32N6xx_HAL_Driver/Src/stm32n6xx_hal_sai.c **** 
2403:../../STM32Cube_FW_N6/Drivers/STM32N6xx_HAL_Driver/Src/stm32n6xx_hal_sai.c ****   return status;
2404:../../STM32Cube_FW_N6/Drivers/STM32N6xx_HAL_Driver/Src/stm32n6xx_hal_sai.c **** }
2405:../../STM32Cube_FW_N6/Drivers/STM32N6xx_HAL_Driver/Src/stm32n6xx_hal_sai.c **** 
2406:../../STM32Cube_FW_N6/Drivers/STM32N6xx_HAL_Driver/Src/stm32n6xx_hal_sai.c **** /**
2407:../../STM32Cube_FW_N6/Drivers/STM32N6xx_HAL_Driver/Src/stm32n6xx_hal_sai.c ****   * @brief  Fill the fifo.
2408:../../STM32Cube_FW_N6/Drivers/STM32N6xx_HAL_Driver/Src/stm32n6xx_hal_sai.c ****   * @param  hsai pointer to a SAI_HandleTypeDef structure that contains
2409:../../STM32Cube_FW_N6/Drivers/STM32N6xx_HAL_Driver/Src/stm32n6xx_hal_sai.c ****   *              the configuration information for SAI module.
2410:../../STM32Cube_FW_N6/Drivers/STM32N6xx_HAL_Driver/Src/stm32n6xx_hal_sai.c ****   * @retval None
2411:../../STM32Cube_FW_N6/Drivers/STM32N6xx_HAL_Driver/Src/stm32n6xx_hal_sai.c ****   */
2412:../../STM32Cube_FW_N6/Drivers/STM32N6xx_HAL_Driver/Src/stm32n6xx_hal_sai.c **** static void SAI_FillFifo(SAI_HandleTypeDef *hsai)
2413:../../STM32Cube_FW_N6/Drivers/STM32N6xx_HAL_Driver/Src/stm32n6xx_hal_sai.c **** {
  34              		.loc 1 2413 1 view -0
  35              		.cfi_startproc
  36              		@ args = 0, pretend = 0, frame = 0
  37              		@ frame_needed = 0, uses_anonymous_args = 0
2414:../../STM32Cube_FW_N6/Drivers/STM32N6xx_HAL_Driver/Src/stm32n6xx_hal_sai.c ****   uint32_t temp;
  38              		.loc 1 2414 3 view .LVU1
ARM GAS  C:\Users\Antonio\AppData\Local\Temp\ccmFwfsh.s 			page 44


2415:../../STM32Cube_FW_N6/Drivers/STM32N6xx_HAL_Driver/Src/stm32n6xx_hal_sai.c **** 
2416:../../STM32Cube_FW_N6/Drivers/STM32N6xx_HAL_Driver/Src/stm32n6xx_hal_sai.c ****   /* fill the fifo with data before to enabled the SAI */
2417:../../STM32Cube_FW_N6/Drivers/STM32N6xx_HAL_Driver/Src/stm32n6xx_hal_sai.c ****   while (((hsai->Instance->SR & SAI_xSR_FLVL) != SAI_FIFOSTATUS_FULL) && (hsai->XferCount > 0U))
  39              		.loc 1 2417 3 view .LVU2
2413:../../STM32Cube_FW_N6/Drivers/STM32N6xx_HAL_Driver/Src/stm32n6xx_hal_sai.c ****   uint32_t temp;
  40              		.loc 1 2413 1 is_stmt 0 view .LVU3
  41 0000 70B5     		push	{r4, r5, r6, lr}
  42              		.cfi_def_cfa_offset 16
  43              		.cfi_offset 4, -16
  44              		.cfi_offset 5, -12
  45              		.cfi_offset 6, -8
  46              		.cfi_offset 14, -4
  47              		.loc 1 2417 16 view .LVU4
  48 0002 0568     		ldr	r5, [r0]
  49              	.L2:
  50              		.loc 1 2417 71 is_stmt 1 view .LVU5
  51              		.loc 1 2417 26 is_stmt 0 view .LVU6
  52 0004 6B69     		ldr	r3, [r5, #20]
  53              		.loc 1 2417 31 view .LVU7
  54 0006 03F4E023 		and	r3, r3, #458752
  55              		.loc 1 2417 71 view .LVU8
  56 000a B3F5A02F 		cmp	r3, #327680
  57 000e 02D0     		beq	.L1
  58              		.loc 1 2417 79 discriminator 1 view .LVU9
  59 0010 B0F87E40 		ldrh	r4, [r0, #126]
  60              		.loc 1 2417 71 discriminator 1 view .LVU10
  61 0014 04B9     		cbnz	r4, .L8
  62              	.L1:
2418:../../STM32Cube_FW_N6/Drivers/STM32N6xx_HAL_Driver/Src/stm32n6xx_hal_sai.c ****   {
2419:../../STM32Cube_FW_N6/Drivers/STM32N6xx_HAL_Driver/Src/stm32n6xx_hal_sai.c ****     if ((hsai->Init.DataSize == SAI_DATASIZE_8) && (hsai->Init.CompandingMode == SAI_NOCOMPANDING))
2420:../../STM32Cube_FW_N6/Drivers/STM32N6xx_HAL_Driver/Src/stm32n6xx_hal_sai.c ****     {
2421:../../STM32Cube_FW_N6/Drivers/STM32N6xx_HAL_Driver/Src/stm32n6xx_hal_sai.c ****       hsai->Instance->DR = *hsai->pBuffPtr;
2422:../../STM32Cube_FW_N6/Drivers/STM32N6xx_HAL_Driver/Src/stm32n6xx_hal_sai.c ****       hsai->pBuffPtr++;
2423:../../STM32Cube_FW_N6/Drivers/STM32N6xx_HAL_Driver/Src/stm32n6xx_hal_sai.c ****     }
2424:../../STM32Cube_FW_N6/Drivers/STM32N6xx_HAL_Driver/Src/stm32n6xx_hal_sai.c ****     else if (hsai->Init.DataSize <= SAI_DATASIZE_16)
2425:../../STM32Cube_FW_N6/Drivers/STM32N6xx_HAL_Driver/Src/stm32n6xx_hal_sai.c ****     {
2426:../../STM32Cube_FW_N6/Drivers/STM32N6xx_HAL_Driver/Src/stm32n6xx_hal_sai.c ****       temp = (uint32_t)(*hsai->pBuffPtr);
2427:../../STM32Cube_FW_N6/Drivers/STM32N6xx_HAL_Driver/Src/stm32n6xx_hal_sai.c ****       hsai->pBuffPtr++;
2428:../../STM32Cube_FW_N6/Drivers/STM32N6xx_HAL_Driver/Src/stm32n6xx_hal_sai.c ****       temp |= ((uint32_t)(*hsai->pBuffPtr) << 8);
2429:../../STM32Cube_FW_N6/Drivers/STM32N6xx_HAL_Driver/Src/stm32n6xx_hal_sai.c ****       hsai->pBuffPtr++;
2430:../../STM32Cube_FW_N6/Drivers/STM32N6xx_HAL_Driver/Src/stm32n6xx_hal_sai.c ****       hsai->Instance->DR = temp;
2431:../../STM32Cube_FW_N6/Drivers/STM32N6xx_HAL_Driver/Src/stm32n6xx_hal_sai.c ****     }
2432:../../STM32Cube_FW_N6/Drivers/STM32N6xx_HAL_Driver/Src/stm32n6xx_hal_sai.c ****     else
2433:../../STM32Cube_FW_N6/Drivers/STM32N6xx_HAL_Driver/Src/stm32n6xx_hal_sai.c ****     {
2434:../../STM32Cube_FW_N6/Drivers/STM32N6xx_HAL_Driver/Src/stm32n6xx_hal_sai.c ****       temp = (uint32_t)(*hsai->pBuffPtr);
2435:../../STM32Cube_FW_N6/Drivers/STM32N6xx_HAL_Driver/Src/stm32n6xx_hal_sai.c ****       hsai->pBuffPtr++;
2436:../../STM32Cube_FW_N6/Drivers/STM32N6xx_HAL_Driver/Src/stm32n6xx_hal_sai.c ****       temp |= ((uint32_t)(*hsai->pBuffPtr) << 8);
2437:../../STM32Cube_FW_N6/Drivers/STM32N6xx_HAL_Driver/Src/stm32n6xx_hal_sai.c ****       hsai->pBuffPtr++;
2438:../../STM32Cube_FW_N6/Drivers/STM32N6xx_HAL_Driver/Src/stm32n6xx_hal_sai.c ****       temp |= ((uint32_t)(*hsai->pBuffPtr) << 16);
2439:../../STM32Cube_FW_N6/Drivers/STM32N6xx_HAL_Driver/Src/stm32n6xx_hal_sai.c ****       hsai->pBuffPtr++;
2440:../../STM32Cube_FW_N6/Drivers/STM32N6xx_HAL_Driver/Src/stm32n6xx_hal_sai.c ****       temp |= ((uint32_t)(*hsai->pBuffPtr) << 24);
2441:../../STM32Cube_FW_N6/Drivers/STM32N6xx_HAL_Driver/Src/stm32n6xx_hal_sai.c ****       hsai->pBuffPtr++;
2442:../../STM32Cube_FW_N6/Drivers/STM32N6xx_HAL_Driver/Src/stm32n6xx_hal_sai.c ****       hsai->Instance->DR = temp;
2443:../../STM32Cube_FW_N6/Drivers/STM32N6xx_HAL_Driver/Src/stm32n6xx_hal_sai.c ****     }
2444:../../STM32Cube_FW_N6/Drivers/STM32N6xx_HAL_Driver/Src/stm32n6xx_hal_sai.c ****     hsai->XferCount--;
2445:../../STM32Cube_FW_N6/Drivers/STM32N6xx_HAL_Driver/Src/stm32n6xx_hal_sai.c ****   }
2446:../../STM32Cube_FW_N6/Drivers/STM32N6xx_HAL_Driver/Src/stm32n6xx_hal_sai.c **** }
ARM GAS  C:\Users\Antonio\AppData\Local\Temp\ccmFwfsh.s 			page 45


  63              		.loc 1 2446 1 view .LVU11
  64 0016 70BD     		pop	{r4, r5, r6, pc}
  65              	.L8:
2419:../../STM32Cube_FW_N6/Drivers/STM32N6xx_HAL_Driver/Src/stm32n6xx_hal_sai.c ****     {
  66              		.loc 1 2419 5 is_stmt 1 view .LVU12
2421:../../STM32Cube_FW_N6/Drivers/STM32N6xx_HAL_Driver/Src/stm32n6xx_hal_sai.c ****       hsai->pBuffPtr++;
  67              		.loc 1 2421 33 is_stmt 0 view .LVU13
  68 0018 836F     		ldr	r3, [r0, #120]
2419:../../STM32Cube_FW_N6/Drivers/STM32N6xx_HAL_Driver/Src/stm32n6xx_hal_sai.c ****     {
  69              		.loc 1 2419 20 view .LVU14
  70 001a 866C     		ldr	r6, [r0, #72]
2422:../../STM32Cube_FW_N6/Drivers/STM32N6xx_HAL_Driver/Src/stm32n6xx_hal_sai.c ****     }
  71              		.loc 1 2422 21 view .LVU15
  72 001c 1A46     		mov	r2, r3
2419:../../STM32Cube_FW_N6/Drivers/STM32N6xx_HAL_Driver/Src/stm32n6xx_hal_sai.c ****     {
  73              		.loc 1 2419 8 view .LVU16
  74 001e 402E     		cmp	r6, #64
2421:../../STM32Cube_FW_N6/Drivers/STM32N6xx_HAL_Driver/Src/stm32n6xx_hal_sai.c ****       hsai->pBuffPtr++;
  75              		.loc 1 2421 28 view .LVU17
  76 0020 12F8011B 		ldrb	r1, [r2], #1	@ zero_extendqisi2
2419:../../STM32Cube_FW_N6/Drivers/STM32N6xx_HAL_Driver/Src/stm32n6xx_hal_sai.c ****     {
  77              		.loc 1 2419 8 view .LVU18
  78 0024 07D1     		bne	.L3
2419:../../STM32Cube_FW_N6/Drivers/STM32N6xx_HAL_Driver/Src/stm32n6xx_hal_sai.c ****     {
  79              		.loc 1 2419 49 discriminator 1 view .LVU19
  80 0026 066B     		ldr	r6, [r0, #48]
  81 0028 3EB9     		cbnz	r6, .L4
2421:../../STM32Cube_FW_N6/Drivers/STM32N6xx_HAL_Driver/Src/stm32n6xx_hal_sai.c ****       hsai->pBuffPtr++;
  82              		.loc 1 2421 7 is_stmt 1 view .LVU20
2421:../../STM32Cube_FW_N6/Drivers/STM32N6xx_HAL_Driver/Src/stm32n6xx_hal_sai.c ****       hsai->pBuffPtr++;
  83              		.loc 1 2421 26 is_stmt 0 view .LVU21
  84 002a E961     		str	r1, [r5, #28]
2422:../../STM32Cube_FW_N6/Drivers/STM32N6xx_HAL_Driver/Src/stm32n6xx_hal_sai.c ****     }
  85              		.loc 1 2422 7 is_stmt 1 view .LVU22
2422:../../STM32Cube_FW_N6/Drivers/STM32N6xx_HAL_Driver/Src/stm32n6xx_hal_sai.c ****     }
  86              		.loc 1 2422 21 is_stmt 0 view .LVU23
  87 002c 8267     		str	r2, [r0, #120]
  88              	.L5:
2444:../../STM32Cube_FW_N6/Drivers/STM32N6xx_HAL_Driver/Src/stm32n6xx_hal_sai.c ****   }
  89              		.loc 1 2444 5 is_stmt 1 view .LVU24
2444:../../STM32Cube_FW_N6/Drivers/STM32N6xx_HAL_Driver/Src/stm32n6xx_hal_sai.c ****   }
  90              		.loc 1 2444 20 is_stmt 0 view .LVU25
  91 002e 013C     		subs	r4, r4, #1
  92 0030 A0F87E40 		strh	r4, [r0, #126]	@ movhi
  93 0034 E6E7     		b	.L2
  94              	.L3:
2424:../../STM32Cube_FW_N6/Drivers/STM32N6xx_HAL_Driver/Src/stm32n6xx_hal_sai.c ****     {
  95              		.loc 1 2424 10 is_stmt 1 view .LVU26
2424:../../STM32Cube_FW_N6/Drivers/STM32N6xx_HAL_Driver/Src/stm32n6xx_hal_sai.c ****     {
  96              		.loc 1 2424 13 is_stmt 0 view .LVU27
  97 0036 802E     		cmp	r6, #128
  98 0038 07D8     		bhi	.L6
  99              	.L4:
2426:../../STM32Cube_FW_N6/Drivers/STM32N6xx_HAL_Driver/Src/stm32n6xx_hal_sai.c ****       hsai->pBuffPtr++;
 100              		.loc 1 2426 7 is_stmt 1 view .LVU28
 101              	.LVL1:
2427:../../STM32Cube_FW_N6/Drivers/STM32N6xx_HAL_Driver/Src/stm32n6xx_hal_sai.c ****       temp |= ((uint32_t)(*hsai->pBuffPtr) << 8);
ARM GAS  C:\Users\Antonio\AppData\Local\Temp\ccmFwfsh.s 			page 46


 102              		.loc 1 2427 7 view .LVU29
2427:../../STM32Cube_FW_N6/Drivers/STM32N6xx_HAL_Driver/Src/stm32n6xx_hal_sai.c ****       temp |= ((uint32_t)(*hsai->pBuffPtr) << 8);
 103              		.loc 1 2427 21 is_stmt 0 view .LVU30
 104 003a 8267     		str	r2, [r0, #120]
 105              	.LVL2:
2428:../../STM32Cube_FW_N6/Drivers/STM32N6xx_HAL_Driver/Src/stm32n6xx_hal_sai.c ****       hsai->pBuffPtr++;
 106              		.loc 1 2428 7 is_stmt 1 view .LVU31
2428:../../STM32Cube_FW_N6/Drivers/STM32N6xx_HAL_Driver/Src/stm32n6xx_hal_sai.c ****       hsai->pBuffPtr++;
 107              		.loc 1 2428 16 is_stmt 0 view .LVU32
 108 003c 5A78     		ldrb	r2, [r3, #1]	@ zero_extendqisi2
2429:../../STM32Cube_FW_N6/Drivers/STM32N6xx_HAL_Driver/Src/stm32n6xx_hal_sai.c ****       hsai->Instance->DR = temp;
 109              		.loc 1 2429 21 view .LVU33
 110 003e 0233     		adds	r3, r3, #2
2428:../../STM32Cube_FW_N6/Drivers/STM32N6xx_HAL_Driver/Src/stm32n6xx_hal_sai.c ****       hsai->pBuffPtr++;
 111              		.loc 1 2428 12 view .LVU34
 112 0040 41EA0221 		orr	r1, r1, r2, lsl #8
 113              	.LVL3:
2429:../../STM32Cube_FW_N6/Drivers/STM32N6xx_HAL_Driver/Src/stm32n6xx_hal_sai.c ****       hsai->Instance->DR = temp;
 114              		.loc 1 2429 7 is_stmt 1 view .LVU35
2429:../../STM32Cube_FW_N6/Drivers/STM32N6xx_HAL_Driver/Src/stm32n6xx_hal_sai.c ****       hsai->Instance->DR = temp;
 115              		.loc 1 2429 21 is_stmt 0 view .LVU36
 116 0044 8367     		str	r3, [r0, #120]
2430:../../STM32Cube_FW_N6/Drivers/STM32N6xx_HAL_Driver/Src/stm32n6xx_hal_sai.c ****     }
 117              		.loc 1 2430 7 is_stmt 1 view .LVU37
2430:../../STM32Cube_FW_N6/Drivers/STM32N6xx_HAL_Driver/Src/stm32n6xx_hal_sai.c ****     }
 118              		.loc 1 2430 26 is_stmt 0 view .LVU38
 119 0046 E961     		str	r1, [r5, #28]
 120 0048 F1E7     		b	.L5
 121              	.LVL4:
 122              	.L6:
2434:../../STM32Cube_FW_N6/Drivers/STM32N6xx_HAL_Driver/Src/stm32n6xx_hal_sai.c ****       hsai->pBuffPtr++;
 123              		.loc 1 2434 7 is_stmt 1 view .LVU39
2435:../../STM32Cube_FW_N6/Drivers/STM32N6xx_HAL_Driver/Src/stm32n6xx_hal_sai.c ****       temp |= ((uint32_t)(*hsai->pBuffPtr) << 8);
 124              		.loc 1 2435 7 view .LVU40
2435:../../STM32Cube_FW_N6/Drivers/STM32N6xx_HAL_Driver/Src/stm32n6xx_hal_sai.c ****       temp |= ((uint32_t)(*hsai->pBuffPtr) << 8);
 125              		.loc 1 2435 21 is_stmt 0 view .LVU41
 126 004a 8267     		str	r2, [r0, #120]
 127              	.LVL5:
2436:../../STM32Cube_FW_N6/Drivers/STM32N6xx_HAL_Driver/Src/stm32n6xx_hal_sai.c ****       hsai->pBuffPtr++;
 128              		.loc 1 2436 7 is_stmt 1 view .LVU42
2437:../../STM32Cube_FW_N6/Drivers/STM32N6xx_HAL_Driver/Src/stm32n6xx_hal_sai.c ****       temp |= ((uint32_t)(*hsai->pBuffPtr) << 16);
 129              		.loc 1 2437 21 is_stmt 0 view .LVU43
 130 004c 9A1C     		adds	r2, r3, #2
2436:../../STM32Cube_FW_N6/Drivers/STM32N6xx_HAL_Driver/Src/stm32n6xx_hal_sai.c ****       hsai->pBuffPtr++;
 131              		.loc 1 2436 16 view .LVU44
 132 004e 5E78     		ldrb	r6, [r3, #1]	@ zero_extendqisi2
2437:../../STM32Cube_FW_N6/Drivers/STM32N6xx_HAL_Driver/Src/stm32n6xx_hal_sai.c ****       temp |= ((uint32_t)(*hsai->pBuffPtr) << 16);
 133              		.loc 1 2437 7 is_stmt 1 view .LVU45
2437:../../STM32Cube_FW_N6/Drivers/STM32N6xx_HAL_Driver/Src/stm32n6xx_hal_sai.c ****       temp |= ((uint32_t)(*hsai->pBuffPtr) << 16);
 134              		.loc 1 2437 21 is_stmt 0 view .LVU46
 135 0050 8267     		str	r2, [r0, #120]
2438:../../STM32Cube_FW_N6/Drivers/STM32N6xx_HAL_Driver/Src/stm32n6xx_hal_sai.c ****       hsai->pBuffPtr++;
 136              		.loc 1 2438 7 is_stmt 1 view .LVU47
2438:../../STM32Cube_FW_N6/Drivers/STM32N6xx_HAL_Driver/Src/stm32n6xx_hal_sai.c ****       hsai->pBuffPtr++;
 137              		.loc 1 2438 16 is_stmt 0 view .LVU48
 138 0052 9A78     		ldrb	r2, [r3, #2]	@ zero_extendqisi2
2438:../../STM32Cube_FW_N6/Drivers/STM32N6xx_HAL_Driver/Src/stm32n6xx_hal_sai.c ****       hsai->pBuffPtr++;
ARM GAS  C:\Users\Antonio\AppData\Local\Temp\ccmFwfsh.s 			page 47


 139              		.loc 1 2438 44 view .LVU49
 140 0054 1204     		lsls	r2, r2, #16
2438:../../STM32Cube_FW_N6/Drivers/STM32N6xx_HAL_Driver/Src/stm32n6xx_hal_sai.c ****       hsai->pBuffPtr++;
 141              		.loc 1 2438 12 view .LVU50
 142 0056 42EA0622 		orr	r2, r2, r6, lsl #8
 143 005a 0A43     		orrs	r2, r2, r1
 144              	.LVL6:
2439:../../STM32Cube_FW_N6/Drivers/STM32N6xx_HAL_Driver/Src/stm32n6xx_hal_sai.c ****       temp |= ((uint32_t)(*hsai->pBuffPtr) << 24);
 145              		.loc 1 2439 7 is_stmt 1 view .LVU51
2439:../../STM32Cube_FW_N6/Drivers/STM32N6xx_HAL_Driver/Src/stm32n6xx_hal_sai.c ****       temp |= ((uint32_t)(*hsai->pBuffPtr) << 24);
 146              		.loc 1 2439 21 is_stmt 0 view .LVU52
 147 005c D91C     		adds	r1, r3, #3
 148 005e 8167     		str	r1, [r0, #120]
2440:../../STM32Cube_FW_N6/Drivers/STM32N6xx_HAL_Driver/Src/stm32n6xx_hal_sai.c ****       hsai->pBuffPtr++;
 149              		.loc 1 2440 7 is_stmt 1 view .LVU53
2440:../../STM32Cube_FW_N6/Drivers/STM32N6xx_HAL_Driver/Src/stm32n6xx_hal_sai.c ****       hsai->pBuffPtr++;
 150              		.loc 1 2440 16 is_stmt 0 view .LVU54
 151 0060 D978     		ldrb	r1, [r3, #3]	@ zero_extendqisi2
2441:../../STM32Cube_FW_N6/Drivers/STM32N6xx_HAL_Driver/Src/stm32n6xx_hal_sai.c ****       hsai->Instance->DR = temp;
 152              		.loc 1 2441 21 view .LVU55
 153 0062 0433     		adds	r3, r3, #4
2440:../../STM32Cube_FW_N6/Drivers/STM32N6xx_HAL_Driver/Src/stm32n6xx_hal_sai.c ****       hsai->pBuffPtr++;
 154              		.loc 1 2440 12 view .LVU56
 155 0064 42EA0162 		orr	r2, r2, r1, lsl #24
 156              	.LVL7:
2441:../../STM32Cube_FW_N6/Drivers/STM32N6xx_HAL_Driver/Src/stm32n6xx_hal_sai.c ****       hsai->Instance->DR = temp;
 157              		.loc 1 2441 7 is_stmt 1 view .LVU57
2441:../../STM32Cube_FW_N6/Drivers/STM32N6xx_HAL_Driver/Src/stm32n6xx_hal_sai.c ****       hsai->Instance->DR = temp;
 158              		.loc 1 2441 21 is_stmt 0 view .LVU58
 159 0068 8367     		str	r3, [r0, #120]
2442:../../STM32Cube_FW_N6/Drivers/STM32N6xx_HAL_Driver/Src/stm32n6xx_hal_sai.c ****     }
 160              		.loc 1 2442 7 is_stmt 1 view .LVU59
2442:../../STM32Cube_FW_N6/Drivers/STM32N6xx_HAL_Driver/Src/stm32n6xx_hal_sai.c ****     }
 161              		.loc 1 2442 26 is_stmt 0 view .LVU60
 162 006a EA61     		str	r2, [r5, #28]
 163 006c DFE7     		b	.L5
 164              		.cfi_endproc
 165              	.LFE866:
 167              		.section	.text.SAI_InterruptFlag,"ax",%progbits
 168              		.align	1
 169              		.syntax unified
 170              		.thumb
 171              		.thumb_func
 173              	SAI_InterruptFlag:
 174              	.LVL8:
 175              	.LFB867:
2447:../../STM32Cube_FW_N6/Drivers/STM32N6xx_HAL_Driver/Src/stm32n6xx_hal_sai.c **** 
2448:../../STM32Cube_FW_N6/Drivers/STM32N6xx_HAL_Driver/Src/stm32n6xx_hal_sai.c **** /**
2449:../../STM32Cube_FW_N6/Drivers/STM32N6xx_HAL_Driver/Src/stm32n6xx_hal_sai.c ****   * @brief  Return the interrupt flag to set according the SAI setup.
2450:../../STM32Cube_FW_N6/Drivers/STM32N6xx_HAL_Driver/Src/stm32n6xx_hal_sai.c ****   * @param  hsai pointer to a SAI_HandleTypeDef structure that contains
2451:../../STM32Cube_FW_N6/Drivers/STM32N6xx_HAL_Driver/Src/stm32n6xx_hal_sai.c ****   *              the configuration information for SAI module.
2452:../../STM32Cube_FW_N6/Drivers/STM32N6xx_HAL_Driver/Src/stm32n6xx_hal_sai.c ****   * @param  mode SAI_MODE_DMA or SAI_MODE_IT
2453:../../STM32Cube_FW_N6/Drivers/STM32N6xx_HAL_Driver/Src/stm32n6xx_hal_sai.c ****   * @retval the list of the IT flag to enable
2454:../../STM32Cube_FW_N6/Drivers/STM32N6xx_HAL_Driver/Src/stm32n6xx_hal_sai.c ****   */
2455:../../STM32Cube_FW_N6/Drivers/STM32N6xx_HAL_Driver/Src/stm32n6xx_hal_sai.c **** static uint32_t SAI_InterruptFlag(const SAI_HandleTypeDef *hsai, SAI_ModeTypedef mode)
2456:../../STM32Cube_FW_N6/Drivers/STM32N6xx_HAL_Driver/Src/stm32n6xx_hal_sai.c **** {
 176              		.loc 1 2456 1 is_stmt 1 view -0
ARM GAS  C:\Users\Antonio\AppData\Local\Temp\ccmFwfsh.s 			page 48


 177              		.cfi_startproc
 178              		@ args = 0, pretend = 0, frame = 0
 179              		@ frame_needed = 0, uses_anonymous_args = 0
 180              		@ link register save eliminated.
2457:../../STM32Cube_FW_N6/Drivers/STM32N6xx_HAL_Driver/Src/stm32n6xx_hal_sai.c ****   uint32_t tmpIT = SAI_IT_OVRUDR;
 181              		.loc 1 2457 3 view .LVU62
2458:../../STM32Cube_FW_N6/Drivers/STM32N6xx_HAL_Driver/Src/stm32n6xx_hal_sai.c **** 
2459:../../STM32Cube_FW_N6/Drivers/STM32N6xx_HAL_Driver/Src/stm32n6xx_hal_sai.c ****   if (mode == SAI_MODE_IT)
 182              		.loc 1 2459 3 view .LVU63
2457:../../STM32Cube_FW_N6/Drivers/STM32N6xx_HAL_Driver/Src/stm32n6xx_hal_sai.c ****   uint32_t tmpIT = SAI_IT_OVRUDR;
 183              		.loc 1 2457 12 is_stmt 0 view .LVU64
 184 0000 0129     		cmp	r1, #1
2460:../../STM32Cube_FW_N6/Drivers/STM32N6xx_HAL_Driver/Src/stm32n6xx_hal_sai.c ****   {
2461:../../STM32Cube_FW_N6/Drivers/STM32N6xx_HAL_Driver/Src/stm32n6xx_hal_sai.c ****     tmpIT |= SAI_IT_FREQ;
2462:../../STM32Cube_FW_N6/Drivers/STM32N6xx_HAL_Driver/Src/stm32n6xx_hal_sai.c ****   }
2463:../../STM32Cube_FW_N6/Drivers/STM32N6xx_HAL_Driver/Src/stm32n6xx_hal_sai.c **** 
2464:../../STM32Cube_FW_N6/Drivers/STM32N6xx_HAL_Driver/Src/stm32n6xx_hal_sai.c ****   if ((hsai->Init.Protocol == SAI_AC97_PROTOCOL) &&
 185              		.loc 1 2464 6 view .LVU65
 186 0002 416C     		ldr	r1, [r0, #68]
 187              	.LVL9:
2457:../../STM32Cube_FW_N6/Drivers/STM32N6xx_HAL_Driver/Src/stm32n6xx_hal_sai.c **** 
 188              		.loc 1 2457 12 view .LVU66
 189 0004 0CBF     		ite	eq
 190 0006 0923     		moveq	r3, #9
 191 0008 0123     		movne	r3, #1
 192              	.LVL10:
 193              		.loc 1 2464 3 is_stmt 1 view .LVU67
 194              		.loc 1 2464 6 is_stmt 0 view .LVU68
 195 000a 0829     		cmp	r1, #8
2465:../../STM32Cube_FW_N6/Drivers/STM32N6xx_HAL_Driver/Src/stm32n6xx_hal_sai.c ****       ((hsai->Init.AudioMode == SAI_MODESLAVE_RX) || (hsai->Init.AudioMode == SAI_MODEMASTER_RX)))
 196              		.loc 1 2465 19 view .LVU69
 197 000c 4268     		ldr	r2, [r0, #4]
2464:../../STM32Cube_FW_N6/Drivers/STM32N6xx_HAL_Driver/Src/stm32n6xx_hal_sai.c ****       ((hsai->Init.AudioMode == SAI_MODESLAVE_RX) || (hsai->Init.AudioMode == SAI_MODEMASTER_RX)))
 198              		.loc 1 2464 6 view .LVU70
 199 000e 06D1     		bne	.L14
2464:../../STM32Cube_FW_N6/Drivers/STM32N6xx_HAL_Driver/Src/stm32n6xx_hal_sai.c ****       ((hsai->Init.AudioMode == SAI_MODESLAVE_RX) || (hsai->Init.AudioMode == SAI_MODEMASTER_RX)))
 200              		.loc 1 2464 50 discriminator 1 view .LVU71
 201 0010 22F00201 		bic	r1, r2, #2
2466:../../STM32Cube_FW_N6/Drivers/STM32N6xx_HAL_Driver/Src/stm32n6xx_hal_sai.c ****   {
2467:../../STM32Cube_FW_N6/Drivers/STM32N6xx_HAL_Driver/Src/stm32n6xx_hal_sai.c ****     tmpIT |= SAI_IT_CNRDY;
 202              		.loc 1 2467 11 view .LVU72
 203 0014 43F01000 		orr	r0, r3, #16
 204              	.LVL11:
 205              		.loc 1 2467 11 view .LVU73
 206 0018 0129     		cmp	r1, #1
 207 001a 08BF     		it	eq
 208 001c 0346     		moveq	r3, r0
 209              	.LVL12:
 210              	.L14:
2468:../../STM32Cube_FW_N6/Drivers/STM32N6xx_HAL_Driver/Src/stm32n6xx_hal_sai.c ****   }
2469:../../STM32Cube_FW_N6/Drivers/STM32N6xx_HAL_Driver/Src/stm32n6xx_hal_sai.c **** 
2470:../../STM32Cube_FW_N6/Drivers/STM32N6xx_HAL_Driver/Src/stm32n6xx_hal_sai.c ****   if ((hsai->Init.AudioMode == SAI_MODESLAVE_RX) || (hsai->Init.AudioMode == SAI_MODESLAVE_TX))
 211              		.loc 1 2470 3 is_stmt 1 view .LVU74
 212              		.loc 1 2470 50 is_stmt 0 view .LVU75
 213 001e 023A     		subs	r2, r2, #2
2471:../../STM32Cube_FW_N6/Drivers/STM32N6xx_HAL_Driver/Src/stm32n6xx_hal_sai.c ****   {
2472:../../STM32Cube_FW_N6/Drivers/STM32N6xx_HAL_Driver/Src/stm32n6xx_hal_sai.c ****     tmpIT |= SAI_IT_AFSDET | SAI_IT_LFSDET;
ARM GAS  C:\Users\Antonio\AppData\Local\Temp\ccmFwfsh.s 			page 49


 214              		.loc 1 2472 11 view .LVU76
 215 0020 43F06000 		orr	r0, r3, #96
 216 0024 012A     		cmp	r2, #1
 217 0026 43F00403 		orr	r3, r3, #4
 218              	.LVL13:
2473:../../STM32Cube_FW_N6/Drivers/STM32N6xx_HAL_Driver/Src/stm32n6xx_hal_sai.c ****   }
2474:../../STM32Cube_FW_N6/Drivers/STM32N6xx_HAL_Driver/Src/stm32n6xx_hal_sai.c ****   else
2475:../../STM32Cube_FW_N6/Drivers/STM32N6xx_HAL_Driver/Src/stm32n6xx_hal_sai.c ****   {
2476:../../STM32Cube_FW_N6/Drivers/STM32N6xx_HAL_Driver/Src/stm32n6xx_hal_sai.c ****     /* hsai has been configured in master mode */
2477:../../STM32Cube_FW_N6/Drivers/STM32N6xx_HAL_Driver/Src/stm32n6xx_hal_sai.c ****     tmpIT |= SAI_IT_WCKCFG;
2478:../../STM32Cube_FW_N6/Drivers/STM32N6xx_HAL_Driver/Src/stm32n6xx_hal_sai.c ****   }
2479:../../STM32Cube_FW_N6/Drivers/STM32N6xx_HAL_Driver/Src/stm32n6xx_hal_sai.c ****   return tmpIT;
2480:../../STM32Cube_FW_N6/Drivers/STM32N6xx_HAL_Driver/Src/stm32n6xx_hal_sai.c **** }
 219              		.loc 1 2480 1 view .LVU77
 220 002a 88BF     		it	hi
 221 002c 1846     		movhi	r0, r3
 222 002e 7047     		bx	lr
 223              		.cfi_endproc
 224              	.LFE867:
 226              		.section	.text.SAI_Disable,"ax",%progbits
 227              		.align	1
 228              		.syntax unified
 229              		.thumb
 230              		.thumb_func
 232              	SAI_Disable:
 233              	.LVL14:
 234              	.LFB868:
2481:../../STM32Cube_FW_N6/Drivers/STM32N6xx_HAL_Driver/Src/stm32n6xx_hal_sai.c **** 
2482:../../STM32Cube_FW_N6/Drivers/STM32N6xx_HAL_Driver/Src/stm32n6xx_hal_sai.c **** /**
2483:../../STM32Cube_FW_N6/Drivers/STM32N6xx_HAL_Driver/Src/stm32n6xx_hal_sai.c ****   * @brief  Disable the SAI and wait for the disabling.
2484:../../STM32Cube_FW_N6/Drivers/STM32N6xx_HAL_Driver/Src/stm32n6xx_hal_sai.c ****   * @param  hsai pointer to a SAI_HandleTypeDef structure that contains
2485:../../STM32Cube_FW_N6/Drivers/STM32N6xx_HAL_Driver/Src/stm32n6xx_hal_sai.c ****   *              the configuration information for SAI module.
2486:../../STM32Cube_FW_N6/Drivers/STM32N6xx_HAL_Driver/Src/stm32n6xx_hal_sai.c ****   * @retval None
2487:../../STM32Cube_FW_N6/Drivers/STM32N6xx_HAL_Driver/Src/stm32n6xx_hal_sai.c ****   */
2488:../../STM32Cube_FW_N6/Drivers/STM32N6xx_HAL_Driver/Src/stm32n6xx_hal_sai.c **** static HAL_StatusTypeDef SAI_Disable(SAI_HandleTypeDef *hsai)
2489:../../STM32Cube_FW_N6/Drivers/STM32N6xx_HAL_Driver/Src/stm32n6xx_hal_sai.c **** {
 235              		.loc 1 2489 1 is_stmt 1 view -0
 236              		.cfi_startproc
 237              		@ args = 0, pretend = 0, frame = 0
 238              		@ frame_needed = 0, uses_anonymous_args = 0
2490:../../STM32Cube_FW_N6/Drivers/STM32N6xx_HAL_Driver/Src/stm32n6xx_hal_sai.c ****   uint32_t count = SAI_DEFAULT_TIMEOUT * (SystemCoreClock / 7U / 1000U);
 239              		.loc 1 2490 3 view .LVU79
 240              		.loc 1 2490 64 is_stmt 0 view .LVU80
 241 0000 41F65832 		movw	r2, #7000
 242 0004 0D4B     		ldr	r3, .L23
2489:../../STM32Cube_FW_N6/Drivers/STM32N6xx_HAL_Driver/Src/stm32n6xx_hal_sai.c ****   uint32_t count = SAI_DEFAULT_TIMEOUT * (SystemCoreClock / 7U / 1000U);
 243              		.loc 1 2489 1 view .LVU81
 244 0006 0146     		mov	r1, r0
 245              		.loc 1 2490 64 view .LVU82
 246 0008 1B68     		ldr	r3, [r3]
2489:../../STM32Cube_FW_N6/Drivers/STM32N6xx_HAL_Driver/Src/stm32n6xx_hal_sai.c ****   uint32_t count = SAI_DEFAULT_TIMEOUT * (SystemCoreClock / 7U / 1000U);
 247              		.loc 1 2489 1 view .LVU83
 248 000a 10B5     		push	{r4, lr}
 249              		.cfi_def_cfa_offset 8
 250              		.cfi_offset 4, -8
 251              		.cfi_offset 14, -4
 252              		.loc 1 2490 64 view .LVU84
ARM GAS  C:\Users\Antonio\AppData\Local\Temp\ccmFwfsh.s 			page 50


 253 000c B3FBF2F3 		udiv	r3, r3, r2
2491:../../STM32Cube_FW_N6/Drivers/STM32N6xx_HAL_Driver/Src/stm32n6xx_hal_sai.c ****   HAL_StatusTypeDef status = HAL_OK;
2492:../../STM32Cube_FW_N6/Drivers/STM32N6xx_HAL_Driver/Src/stm32n6xx_hal_sai.c **** 
2493:../../STM32Cube_FW_N6/Drivers/STM32N6xx_HAL_Driver/Src/stm32n6xx_hal_sai.c ****   /* Disable the SAI instance */
2494:../../STM32Cube_FW_N6/Drivers/STM32N6xx_HAL_Driver/Src/stm32n6xx_hal_sai.c ****   __HAL_SAI_DISABLE(hsai);
 254              		.loc 1 2494 3 view .LVU85
 255 0010 0468     		ldr	r4, [r0]
2490:../../STM32Cube_FW_N6/Drivers/STM32N6xx_HAL_Driver/Src/stm32n6xx_hal_sai.c ****   HAL_StatusTypeDef status = HAL_OK;
 256              		.loc 1 2490 12 view .LVU86
 257 0012 9B00     		lsls	r3, r3, #2
 258              	.LVL15:
2491:../../STM32Cube_FW_N6/Drivers/STM32N6xx_HAL_Driver/Src/stm32n6xx_hal_sai.c ****   HAL_StatusTypeDef status = HAL_OK;
 259              		.loc 1 2491 3 is_stmt 1 view .LVU87
 260              		.loc 1 2494 3 view .LVU88
 261 0014 2268     		ldr	r2, [r4]
 262 0016 0133     		adds	r3, r3, #1
 263              	.LVL16:
 264              		.loc 1 2494 3 is_stmt 0 view .LVU89
 265 0018 22F48032 		bic	r2, r2, #65536
 266 001c 2260     		str	r2, [r4]
 267              	.LVL17:
 268              	.L21:
2495:../../STM32Cube_FW_N6/Drivers/STM32N6xx_HAL_Driver/Src/stm32n6xx_hal_sai.c **** 
2496:../../STM32Cube_FW_N6/Drivers/STM32N6xx_HAL_Driver/Src/stm32n6xx_hal_sai.c ****   do
 269              		.loc 1 2496 3 is_stmt 1 view .LVU90
2497:../../STM32Cube_FW_N6/Drivers/STM32N6xx_HAL_Driver/Src/stm32n6xx_hal_sai.c ****   {
2498:../../STM32Cube_FW_N6/Drivers/STM32N6xx_HAL_Driver/Src/stm32n6xx_hal_sai.c ****     /* Check for the Timeout */
2499:../../STM32Cube_FW_N6/Drivers/STM32N6xx_HAL_Driver/Src/stm32n6xx_hal_sai.c ****     if (count == 0U)
 270              		.loc 1 2499 5 view .LVU91
 271              		.loc 1 2499 8 is_stmt 0 view .LVU92
 272 001e 013B     		subs	r3, r3, #1
 273 0020 07D1     		bne	.L19
2500:../../STM32Cube_FW_N6/Drivers/STM32N6xx_HAL_Driver/Src/stm32n6xx_hal_sai.c ****     {
2501:../../STM32Cube_FW_N6/Drivers/STM32N6xx_HAL_Driver/Src/stm32n6xx_hal_sai.c ****       /* Update error code */
2502:../../STM32Cube_FW_N6/Drivers/STM32N6xx_HAL_Driver/Src/stm32n6xx_hal_sai.c ****       hsai->ErrorCode |= HAL_SAI_ERROR_TIMEOUT;
 274              		.loc 1 2502 7 is_stmt 1 view .LVU93
2503:../../STM32Cube_FW_N6/Drivers/STM32N6xx_HAL_Driver/Src/stm32n6xx_hal_sai.c ****       status = HAL_TIMEOUT;
 275              		.loc 1 2503 14 is_stmt 0 view .LVU94
 276 0022 0320     		movs	r0, #3
2502:../../STM32Cube_FW_N6/Drivers/STM32N6xx_HAL_Driver/Src/stm32n6xx_hal_sai.c ****       status = HAL_TIMEOUT;
 277              		.loc 1 2502 11 view .LVU95
 278 0024 D1F89430 		ldr	r3, [r1, #148]
2502:../../STM32Cube_FW_N6/Drivers/STM32N6xx_HAL_Driver/Src/stm32n6xx_hal_sai.c ****       status = HAL_TIMEOUT;
 279              		.loc 1 2502 23 view .LVU96
 280 0028 43F04003 		orr	r3, r3, #64
 281 002c C1F89430 		str	r3, [r1, #148]
 282              		.loc 1 2503 7 is_stmt 1 view .LVU97
 283              	.LVL18:
2504:../../STM32Cube_FW_N6/Drivers/STM32N6xx_HAL_Driver/Src/stm32n6xx_hal_sai.c ****       break;
 284              		.loc 1 2504 7 view .LVU98
 285              	.L20:
2505:../../STM32Cube_FW_N6/Drivers/STM32N6xx_HAL_Driver/Src/stm32n6xx_hal_sai.c ****     }
2506:../../STM32Cube_FW_N6/Drivers/STM32N6xx_HAL_Driver/Src/stm32n6xx_hal_sai.c ****     count--;
2507:../../STM32Cube_FW_N6/Drivers/STM32N6xx_HAL_Driver/Src/stm32n6xx_hal_sai.c ****   } while ((hsai->Instance->CR1 & SAI_xCR1_SAIEN) != 0U);
2508:../../STM32Cube_FW_N6/Drivers/STM32N6xx_HAL_Driver/Src/stm32n6xx_hal_sai.c **** 
2509:../../STM32Cube_FW_N6/Drivers/STM32N6xx_HAL_Driver/Src/stm32n6xx_hal_sai.c ****   return status;
 286              		.loc 1 2509 3 view .LVU99
ARM GAS  C:\Users\Antonio\AppData\Local\Temp\ccmFwfsh.s 			page 51


2510:../../STM32Cube_FW_N6/Drivers/STM32N6xx_HAL_Driver/Src/stm32n6xx_hal_sai.c **** }
 287              		.loc 1 2510 1 is_stmt 0 view .LVU100
 288 0030 10BD     		pop	{r4, pc}
 289              	.LVL19:
 290              	.L19:
2506:../../STM32Cube_FW_N6/Drivers/STM32N6xx_HAL_Driver/Src/stm32n6xx_hal_sai.c ****   } while ((hsai->Instance->CR1 & SAI_xCR1_SAIEN) != 0U);
 291              		.loc 1 2506 5 is_stmt 1 view .LVU101
2507:../../STM32Cube_FW_N6/Drivers/STM32N6xx_HAL_Driver/Src/stm32n6xx_hal_sai.c **** 
 292              		.loc 1 2507 51 view .LVU102
2507:../../STM32Cube_FW_N6/Drivers/STM32N6xx_HAL_Driver/Src/stm32n6xx_hal_sai.c **** 
 293              		.loc 1 2507 27 is_stmt 0 view .LVU103
 294 0032 2068     		ldr	r0, [r4]
2507:../../STM32Cube_FW_N6/Drivers/STM32N6xx_HAL_Driver/Src/stm32n6xx_hal_sai.c **** 
 295              		.loc 1 2507 51 view .LVU104
 296 0034 10F48030 		ands	r0, r0, #65536
 297 0038 F1D1     		bne	.L21
 298 003a F9E7     		b	.L20
 299              	.L24:
 300              		.align	2
 301              	.L23:
 302 003c 00000000 		.word	SystemCoreClock
 303              		.cfi_endproc
 304              	.LFE868:
 306              		.section	.text.HAL_SAI_MspInit,"ax",%progbits
 307              		.align	1
 308              		.weak	HAL_SAI_MspInit
 309              		.syntax unified
 310              		.thumb
 311              		.thumb_func
 313              	HAL_SAI_MspInit:
 314              	.LVL20:
 315              	.LFB840:
 730:../../STM32Cube_FW_N6/Drivers/STM32N6xx_HAL_Driver/Src/stm32n6xx_hal_sai.c ****   /* Prevent unused argument(s) compilation warning */
 316              		.loc 1 730 1 is_stmt 1 view -0
 317              		.cfi_startproc
 318              		@ args = 0, pretend = 0, frame = 0
 319              		@ frame_needed = 0, uses_anonymous_args = 0
 320              		@ link register save eliminated.
 732:../../STM32Cube_FW_N6/Drivers/STM32N6xx_HAL_Driver/Src/stm32n6xx_hal_sai.c **** 
 321              		.loc 1 732 3 view .LVU106
 737:../../STM32Cube_FW_N6/Drivers/STM32N6xx_HAL_Driver/Src/stm32n6xx_hal_sai.c **** 
 322              		.loc 1 737 1 is_stmt 0 view .LVU107
 323 0000 7047     		bx	lr
 324              		.cfi_endproc
 325              	.LFE840:
 327              		.section	.rodata.HAL_SAI_Init.str1.1,"aMS",%progbits,1
 328              	.LC0:
 329 0000 2E2E2F2E 		.ascii	"../../STM32Cube_FW_N6/Drivers/STM32N6xx_HAL_Driver/"
 329      2E2F5354 
 329      4D333243 
 329      7562655F 
 329      46575F4E 
 330 0033 5372632F 		.ascii	"Src/stm32n6xx_hal_sai.c\000"
 330      73746D33 
 330      326E3678 
 330      785F6861 
 330      6C5F7361 
ARM GAS  C:\Users\Antonio\AppData\Local\Temp\ccmFwfsh.s 			page 52


 331              		.section	.text.HAL_SAI_Init,"ax",%progbits
 332              		.align	1
 333              		.global	HAL_SAI_Init
 334              		.syntax unified
 335              		.thumb
 336              		.thumb_func
 338              	HAL_SAI_Init:
 339              	.LVL21:
 340              	.LFB838:
 371:../../STM32Cube_FW_N6/Drivers/STM32N6xx_HAL_Driver/Src/stm32n6xx_hal_sai.c ****   uint32_t tmpregisterGCR;
 341              		.loc 1 371 1 is_stmt 1 view -0
 342              		.cfi_startproc
 343              		@ args = 0, pretend = 0, frame = 0
 344              		@ frame_needed = 0, uses_anonymous_args = 0
 372:../../STM32Cube_FW_N6/Drivers/STM32N6xx_HAL_Driver/Src/stm32n6xx_hal_sai.c ****   uint32_t ckstr_bits;
 345              		.loc 1 372 3 view .LVU109
 373:../../STM32Cube_FW_N6/Drivers/STM32N6xx_HAL_Driver/Src/stm32n6xx_hal_sai.c ****   uint32_t syncen_bits;
 346              		.loc 1 373 3 view .LVU110
 374:../../STM32Cube_FW_N6/Drivers/STM32N6xx_HAL_Driver/Src/stm32n6xx_hal_sai.c **** 
 347              		.loc 1 374 3 view .LVU111
 377:../../STM32Cube_FW_N6/Drivers/STM32N6xx_HAL_Driver/Src/stm32n6xx_hal_sai.c ****   {
 348              		.loc 1 377 3 view .LVU112
 371:../../STM32Cube_FW_N6/Drivers/STM32N6xx_HAL_Driver/Src/stm32n6xx_hal_sai.c ****   uint32_t tmpregisterGCR;
 349              		.loc 1 371 1 is_stmt 0 view .LVU113
 350 0000 F8B5     		push	{r3, r4, r5, r6, r7, lr}
 351              		.cfi_def_cfa_offset 24
 352              		.cfi_offset 3, -24
 353              		.cfi_offset 4, -20
 354              		.cfi_offset 5, -16
 355              		.cfi_offset 6, -12
 356              		.cfi_offset 7, -8
 357              		.cfi_offset 14, -4
 377:../../STM32Cube_FW_N6/Drivers/STM32N6xx_HAL_Driver/Src/stm32n6xx_hal_sai.c ****   {
 358              		.loc 1 377 6 view .LVU114
 359 0002 0446     		mov	r4, r0
 360 0004 10B9     		cbnz	r0, .L27
 361              	.LVL22:
 362              	.L62:
 379:../../STM32Cube_FW_N6/Drivers/STM32N6xx_HAL_Driver/Src/stm32n6xx_hal_sai.c ****   }
 363              		.loc 1 379 12 view .LVU115
 364 0006 0125     		movs	r5, #1
 365              	.L28:
 653:../../STM32Cube_FW_N6/Drivers/STM32N6xx_HAL_Driver/Src/stm32n6xx_hal_sai.c **** 
 366              		.loc 1 653 1 view .LVU116
 367 0008 2846     		mov	r0, r5
 368 000a F8BD     		pop	{r3, r4, r5, r6, r7, pc}
 369              	.LVL23:
 370              	.L27:
 383:../../STM32Cube_FW_N6/Drivers/STM32N6xx_HAL_Driver/Src/stm32n6xx_hal_sai.c **** 
 371              		.loc 1 383 3 is_stmt 1 view .LVU117
 372 000c 0368     		ldr	r3, [r0]
 373 000e 9F4D     		ldr	r5, .L171
 374 0010 AB42     		cmp	r3, r5
 375 0012 23D0     		beq	.L29
 383:../../STM32Cube_FW_N6/Drivers/STM32N6xx_HAL_Driver/Src/stm32n6xx_hal_sai.c **** 
 376              		.loc 1 383 3 is_stmt 0 discriminator 1 view .LVU118
 377 0014 9E4A     		ldr	r2, .L171+4
ARM GAS  C:\Users\Antonio\AppData\Local\Temp\ccmFwfsh.s 			page 53


 378 0016 9342     		cmp	r3, r2
 379 0018 20D0     		beq	.L29
 383:../../STM32Cube_FW_N6/Drivers/STM32N6xx_HAL_Driver/Src/stm32n6xx_hal_sai.c **** 
 380              		.loc 1 383 3 discriminator 2 view .LVU119
 381 001a 02F18052 		add	r2, r2, #268435456
 382 001e 2032     		adds	r2, r2, #32
 383 0020 9342     		cmp	r3, r2
 384 0022 1BD0     		beq	.L29
 383:../../STM32Cube_FW_N6/Drivers/STM32N6xx_HAL_Driver/Src/stm32n6xx_hal_sai.c **** 
 385              		.loc 1 383 3 discriminator 3 view .LVU120
 386 0024 02F17042 		add	r2, r2, #-268435456
 387 0028 9342     		cmp	r3, r2
 388 002a 17D0     		beq	.L29
 383:../../STM32Cube_FW_N6/Drivers/STM32N6xx_HAL_Driver/Src/stm32n6xx_hal_sai.c **** 
 389              		.loc 1 383 3 discriminator 4 view .LVU121
 390 002c 02F18052 		add	r2, r2, #268435456
 391 0030 02F57872 		add	r2, r2, #992
 392 0034 9342     		cmp	r3, r2
 393 0036 11D0     		beq	.L29
 383:../../STM32Cube_FW_N6/Drivers/STM32N6xx_HAL_Driver/Src/stm32n6xx_hal_sai.c **** 
 394              		.loc 1 383 3 discriminator 5 view .LVU122
 395 0038 02F17042 		add	r2, r2, #-268435456
 396 003c 9342     		cmp	r3, r2
 397 003e 0DD0     		beq	.L29
 383:../../STM32Cube_FW_N6/Drivers/STM32N6xx_HAL_Driver/Src/stm32n6xx_hal_sai.c **** 
 398              		.loc 1 383 3 discriminator 6 view .LVU123
 399 0040 02F18052 		add	r2, r2, #268435456
 400 0044 2032     		adds	r2, r2, #32
 401 0046 9342     		cmp	r3, r2
 402 0048 08D0     		beq	.L29
 383:../../STM32Cube_FW_N6/Drivers/STM32N6xx_HAL_Driver/Src/stm32n6xx_hal_sai.c **** 
 403              		.loc 1 383 3 discriminator 7 view .LVU124
 404 004a 02F17042 		add	r2, r2, #-268435456
 405 004e 9342     		cmp	r3, r2
 406 0050 04D0     		beq	.L29
 383:../../STM32Cube_FW_N6/Drivers/STM32N6xx_HAL_Driver/Src/stm32n6xx_hal_sai.c **** 
 407              		.loc 1 383 3 discriminator 8 view .LVU125
 408 0052 40F27F11 		movw	r1, #383
 409 0056 8F48     		ldr	r0, .L171+8
 410              	.LVL24:
 383:../../STM32Cube_FW_N6/Drivers/STM32N6xx_HAL_Driver/Src/stm32n6xx_hal_sai.c **** 
 411              		.loc 1 383 3 discriminator 8 view .LVU126
 412 0058 FFF7FEFF 		bl	assert_failed
 413              	.LVL25:
 414              	.L29:
 386:../../STM32Cube_FW_N6/Drivers/STM32N6xx_HAL_Driver/Src/stm32n6xx_hal_sai.c ****   assert_param(IS_SAI_BLOCK_PROTOCOL(hsai->Init.Protocol));
 415              		.loc 1 386 3 is_stmt 1 view .LVU127
 416 005c 236A     		ldr	r3, [r4, #32]
 417 005e 8E4A     		ldr	r2, .L171+12
 418 0060 9342     		cmp	r3, r2
 419 0062 21D0     		beq	.L30
 386:../../STM32Cube_FW_N6/Drivers/STM32N6xx_HAL_Driver/Src/stm32n6xx_hal_sai.c ****   assert_param(IS_SAI_BLOCK_PROTOCOL(hsai->Init.Protocol));
 420              		.loc 1 386 3 is_stmt 0 discriminator 1 view .LVU128
 421 0064 8D4A     		ldr	r2, .L171+16
 422 0066 9342     		cmp	r3, r2
 423 0068 1ED0     		beq	.L30
 386:../../STM32Cube_FW_N6/Drivers/STM32N6xx_HAL_Driver/Src/stm32n6xx_hal_sai.c ****   assert_param(IS_SAI_BLOCK_PROTOCOL(hsai->Init.Protocol));
ARM GAS  C:\Users\Antonio\AppData\Local\Temp\ccmFwfsh.s 			page 54


 424              		.loc 1 386 3 discriminator 2 view .LVU129
 425 006a 4BF68032 		movw	r2, #48000
 426 006e 9342     		cmp	r3, r2
 427 0070 1AD0     		beq	.L30
 386:../../STM32Cube_FW_N6/Drivers/STM32N6xx_HAL_Driver/Src/stm32n6xx_hal_sai.c ****   assert_param(IS_SAI_BLOCK_PROTOCOL(hsai->Init.Protocol));
 428              		.loc 1 386 3 discriminator 3 view .LVU130
 429 0072 4AF64442 		movw	r2, #44100
 430 0076 9342     		cmp	r3, r2
 431 0078 16D0     		beq	.L30
 386:../../STM32Cube_FW_N6/Drivers/STM32N6xx_HAL_Driver/Src/stm32n6xx_hal_sai.c ****   assert_param(IS_SAI_BLOCK_PROTOCOL(hsai->Init.Protocol));
 432              		.loc 1 386 3 discriminator 4 view .LVU131
 433 007a B3F5FA4F 		cmp	r3, #32000
 434 007e 13D0     		beq	.L30
 386:../../STM32Cube_FW_N6/Drivers/STM32N6xx_HAL_Driver/Src/stm32n6xx_hal_sai.c ****   assert_param(IS_SAI_BLOCK_PROTOCOL(hsai->Init.Protocol));
 435              		.loc 1 386 3 discriminator 5 view .LVU132
 436 0080 45F22262 		movw	r2, #22050
 437 0084 9342     		cmp	r3, r2
 438 0086 0FD0     		beq	.L30
 386:../../STM32Cube_FW_N6/Drivers/STM32N6xx_HAL_Driver/Src/stm32n6xx_hal_sai.c ****   assert_param(IS_SAI_BLOCK_PROTOCOL(hsai->Init.Protocol));
 439              		.loc 1 386 3 discriminator 6 view .LVU133
 440 0088 B3F57A5F 		cmp	r3, #16000
 441 008c 0CD0     		beq	.L30
 386:../../STM32Cube_FW_N6/Drivers/STM32N6xx_HAL_Driver/Src/stm32n6xx_hal_sai.c ****   assert_param(IS_SAI_BLOCK_PROTOCOL(hsai->Init.Protocol));
 442              		.loc 1 386 3 discriminator 7 view .LVU134
 443 008e 42F61132 		movw	r2, #11025
 444 0092 9342     		cmp	r3, r2
 445 0094 08D0     		beq	.L30
 386:../../STM32Cube_FW_N6/Drivers/STM32N6xx_HAL_Driver/Src/stm32n6xx_hal_sai.c ****   assert_param(IS_SAI_BLOCK_PROTOCOL(hsai->Init.Protocol));
 446              		.loc 1 386 3 discriminator 8 view .LVU135
 447 0096 B3F5FA5F 		cmp	r3, #8000
 448 009a 05D0     		beq	.L30
 386:../../STM32Cube_FW_N6/Drivers/STM32N6xx_HAL_Driver/Src/stm32n6xx_hal_sai.c ****   assert_param(IS_SAI_BLOCK_PROTOCOL(hsai->Init.Protocol));
 449              		.loc 1 386 3 discriminator 9 view .LVU136
 450 009c 23B1     		cbz	r3, .L30
 386:../../STM32Cube_FW_N6/Drivers/STM32N6xx_HAL_Driver/Src/stm32n6xx_hal_sai.c ****   assert_param(IS_SAI_BLOCK_PROTOCOL(hsai->Init.Protocol));
 451              		.loc 1 386 3 discriminator 10 view .LVU137
 452 009e 4FF4C171 		mov	r1, #386
 453 00a2 7C48     		ldr	r0, .L171+8
 454 00a4 FFF7FEFF 		bl	assert_failed
 455              	.LVL26:
 456              	.L30:
 387:../../STM32Cube_FW_N6/Drivers/STM32N6xx_HAL_Driver/Src/stm32n6xx_hal_sai.c ****   assert_param(IS_SAI_BLOCK_MODE(hsai->Init.AudioMode));
 457              		.loc 1 387 3 is_stmt 1 view .LVU138
 458 00a8 636C     		ldr	r3, [r4, #68]
 459 00aa 33F00402 		bics	r2, r3, #4
 460 00ae 06D0     		beq	.L31
 387:../../STM32Cube_FW_N6/Drivers/STM32N6xx_HAL_Driver/Src/stm32n6xx_hal_sai.c ****   assert_param(IS_SAI_BLOCK_MODE(hsai->Init.AudioMode));
 461              		.loc 1 387 3 is_stmt 0 discriminator 1 view .LVU139
 462 00b0 082B     		cmp	r3, #8
 463 00b2 04D0     		beq	.L31
 387:../../STM32Cube_FW_N6/Drivers/STM32N6xx_HAL_Driver/Src/stm32n6xx_hal_sai.c ****   assert_param(IS_SAI_BLOCK_MODE(hsai->Init.AudioMode));
 464              		.loc 1 387 3 discriminator 3 view .LVU140
 465 00b4 40F28311 		movw	r1, #387
 466 00b8 7648     		ldr	r0, .L171+8
 467 00ba FFF7FEFF 		bl	assert_failed
 468              	.LVL27:
 469              	.L31:
ARM GAS  C:\Users\Antonio\AppData\Local\Temp\ccmFwfsh.s 			page 55


 388:../../STM32Cube_FW_N6/Drivers/STM32N6xx_HAL_Driver/Src/stm32n6xx_hal_sai.c ****   assert_param(IS_SAI_BLOCK_DATASIZE(hsai->Init.DataSize));
 470              		.loc 1 388 3 is_stmt 1 view .LVU141
 471 00be 6368     		ldr	r3, [r4, #4]
 472 00c0 032B     		cmp	r3, #3
 473 00c2 04D9     		bls	.L32
 388:../../STM32Cube_FW_N6/Drivers/STM32N6xx_HAL_Driver/Src/stm32n6xx_hal_sai.c ****   assert_param(IS_SAI_BLOCK_DATASIZE(hsai->Init.DataSize));
 474              		.loc 1 388 3 is_stmt 0 discriminator 1 view .LVU142
 475 00c4 4FF4C271 		mov	r1, #388
 476 00c8 7248     		ldr	r0, .L171+8
 477 00ca FFF7FEFF 		bl	assert_failed
 478              	.LVL28:
 479              	.L32:
 389:../../STM32Cube_FW_N6/Drivers/STM32N6xx_HAL_Driver/Src/stm32n6xx_hal_sai.c ****   assert_param(IS_SAI_BLOCK_FIRST_BIT(hsai->Init.FirstBit));
 480              		.loc 1 389 3 is_stmt 1 view .LVU143
 481 00ce A36C     		ldr	r3, [r4, #72]
 482 00d0 23F0A002 		bic	r2, r3, #160
 483 00d4 402A     		cmp	r2, #64
 484 00d6 08D0     		beq	.L33
 485 00d8 23F02003 		bic	r3, r3, #32
 389:../../STM32Cube_FW_N6/Drivers/STM32N6xx_HAL_Driver/Src/stm32n6xx_hal_sai.c ****   assert_param(IS_SAI_BLOCK_FIRST_BIT(hsai->Init.FirstBit));
 486              		.loc 1 389 3 is_stmt 0 discriminator 2 view .LVU144
 487 00dc 802B     		cmp	r3, #128
 488 00de 04D0     		beq	.L33
 389:../../STM32Cube_FW_N6/Drivers/STM32N6xx_HAL_Driver/Src/stm32n6xx_hal_sai.c ****   assert_param(IS_SAI_BLOCK_FIRST_BIT(hsai->Init.FirstBit));
 489              		.loc 1 389 3 discriminator 6 view .LVU145
 490 00e0 40F28511 		movw	r1, #389
 491 00e4 6B48     		ldr	r0, .L171+8
 492 00e6 FFF7FEFF 		bl	assert_failed
 493              	.LVL29:
 494              	.L33:
 390:../../STM32Cube_FW_N6/Drivers/STM32N6xx_HAL_Driver/Src/stm32n6xx_hal_sai.c ****   assert_param(IS_SAI_BLOCK_CLOCK_STROBING(hsai->Init.ClockStrobing));
 495              		.loc 1 390 3 is_stmt 1 view .LVU146
 496 00ea E36C     		ldr	r3, [r4, #76]
 497 00ec 33F48073 		bics	r3, r3, #256
 498 00f0 04D0     		beq	.L34
 390:../../STM32Cube_FW_N6/Drivers/STM32N6xx_HAL_Driver/Src/stm32n6xx_hal_sai.c ****   assert_param(IS_SAI_BLOCK_CLOCK_STROBING(hsai->Init.ClockStrobing));
 499              		.loc 1 390 3 is_stmt 0 discriminator 2 view .LVU147
 500 00f2 4FF4C371 		mov	r1, #390
 501 00f6 6748     		ldr	r0, .L171+8
 502 00f8 FFF7FEFF 		bl	assert_failed
 503              	.LVL30:
 504              	.L34:
 391:../../STM32Cube_FW_N6/Drivers/STM32N6xx_HAL_Driver/Src/stm32n6xx_hal_sai.c ****   assert_param(IS_SAI_BLOCK_SYNCHRO(hsai->Init.Synchro));
 505              		.loc 1 391 3 is_stmt 1 view .LVU148
 506 00fc 236D     		ldr	r3, [r4, #80]
 507 00fe 012B     		cmp	r3, #1
 508 0100 04D9     		bls	.L35
 391:../../STM32Cube_FW_N6/Drivers/STM32N6xx_HAL_Driver/Src/stm32n6xx_hal_sai.c ****   assert_param(IS_SAI_BLOCK_SYNCHRO(hsai->Init.Synchro));
 509              		.loc 1 391 3 is_stmt 0 discriminator 1 view .LVU149
 510 0102 40F28711 		movw	r1, #391
 511 0106 6348     		ldr	r0, .L171+8
 512 0108 FFF7FEFF 		bl	assert_failed
 513              	.LVL31:
 514              	.L35:
 392:../../STM32Cube_FW_N6/Drivers/STM32N6xx_HAL_Driver/Src/stm32n6xx_hal_sai.c ****   assert_param(IS_SAI_BLOCK_MCK_OUTPUT(hsai->Init.MckOutput));
 515              		.loc 1 392 3 is_stmt 1 view .LVU150
 516 010c A368     		ldr	r3, [r4, #8]
ARM GAS  C:\Users\Antonio\AppData\Local\Temp\ccmFwfsh.s 			page 56


 517 010e 032B     		cmp	r3, #3
 518 0110 04D9     		bls	.L36
 392:../../STM32Cube_FW_N6/Drivers/STM32N6xx_HAL_Driver/Src/stm32n6xx_hal_sai.c ****   assert_param(IS_SAI_BLOCK_MCK_OUTPUT(hsai->Init.MckOutput));
 519              		.loc 1 392 3 is_stmt 0 discriminator 1 view .LVU151
 520 0112 4FF4C471 		mov	r1, #392
 521 0116 5F48     		ldr	r0, .L171+8
 522 0118 FFF7FEFF 		bl	assert_failed
 523              	.LVL32:
 524              	.L36:
 393:../../STM32Cube_FW_N6/Drivers/STM32N6xx_HAL_Driver/Src/stm32n6xx_hal_sai.c ****   assert_param(IS_SAI_BLOCK_OUTPUT_DRIVE(hsai->Init.OutputDrive));
 525              		.loc 1 393 3 is_stmt 1 view .LVU152
 526 011c 2369     		ldr	r3, [r4, #16]
 527 011e 33F00063 		bics	r3, r3, #134217728
 528 0122 04D0     		beq	.L37
 393:../../STM32Cube_FW_N6/Drivers/STM32N6xx_HAL_Driver/Src/stm32n6xx_hal_sai.c ****   assert_param(IS_SAI_BLOCK_OUTPUT_DRIVE(hsai->Init.OutputDrive));
 529              		.loc 1 393 3 is_stmt 0 discriminator 2 view .LVU153
 530 0124 40F28911 		movw	r1, #393
 531 0128 5A48     		ldr	r0, .L171+8
 532 012a FFF7FEFF 		bl	assert_failed
 533              	.LVL33:
 534              	.L37:
 394:../../STM32Cube_FW_N6/Drivers/STM32N6xx_HAL_Driver/Src/stm32n6xx_hal_sai.c ****   assert_param(IS_SAI_BLOCK_NODIVIDER(hsai->Init.NoDivider));
 535              		.loc 1 394 3 is_stmt 1 view .LVU154
 536 012e 6369     		ldr	r3, [r4, #20]
 537 0130 33F40053 		bics	r3, r3, #8192
 538 0134 04D0     		beq	.L38
 394:../../STM32Cube_FW_N6/Drivers/STM32N6xx_HAL_Driver/Src/stm32n6xx_hal_sai.c ****   assert_param(IS_SAI_BLOCK_NODIVIDER(hsai->Init.NoDivider));
 539              		.loc 1 394 3 is_stmt 0 discriminator 2 view .LVU155
 540 0136 4FF4C571 		mov	r1, #394
 541 013a 5648     		ldr	r0, .L171+8
 542 013c FFF7FEFF 		bl	assert_failed
 543              	.LVL34:
 544              	.L38:
 395:../../STM32Cube_FW_N6/Drivers/STM32N6xx_HAL_Driver/Src/stm32n6xx_hal_sai.c ****   assert_param(IS_SAI_BLOCK_FIFO_THRESHOLD(hsai->Init.FIFOThreshold));
 545              		.loc 1 395 3 is_stmt 1 view .LVU156
 546 0140 A369     		ldr	r3, [r4, #24]
 547 0142 33F40023 		bics	r3, r3, #524288
 548 0146 04D0     		beq	.L39
 395:../../STM32Cube_FW_N6/Drivers/STM32N6xx_HAL_Driver/Src/stm32n6xx_hal_sai.c ****   assert_param(IS_SAI_BLOCK_FIFO_THRESHOLD(hsai->Init.FIFOThreshold));
 549              		.loc 1 395 3 is_stmt 0 discriminator 2 view .LVU157
 550 0148 40F28B11 		movw	r1, #395
 551 014c 5148     		ldr	r0, .L171+8
 552 014e FFF7FEFF 		bl	assert_failed
 553              	.LVL35:
 554              	.L39:
 396:../../STM32Cube_FW_N6/Drivers/STM32N6xx_HAL_Driver/Src/stm32n6xx_hal_sai.c ****   assert_param(IS_SAI_MONO_STEREO_MODE(hsai->Init.MonoStereoMode));
 555              		.loc 1 396 3 is_stmt 1 view .LVU158
 556 0152 E369     		ldr	r3, [r4, #28]
 557 0154 042B     		cmp	r3, #4
 558 0156 04D9     		bls	.L40
 396:../../STM32Cube_FW_N6/Drivers/STM32N6xx_HAL_Driver/Src/stm32n6xx_hal_sai.c ****   assert_param(IS_SAI_MONO_STEREO_MODE(hsai->Init.MonoStereoMode));
 559              		.loc 1 396 3 is_stmt 0 discriminator 1 view .LVU159
 560 0158 4FF4C671 		mov	r1, #396
 561 015c 4D48     		ldr	r0, .L171+8
 562 015e FFF7FEFF 		bl	assert_failed
 563              	.LVL36:
 564              	.L40:
ARM GAS  C:\Users\Antonio\AppData\Local\Temp\ccmFwfsh.s 			page 57


 397:../../STM32Cube_FW_N6/Drivers/STM32N6xx_HAL_Driver/Src/stm32n6xx_hal_sai.c ****   assert_param(IS_SAI_BLOCK_COMPANDING_MODE(hsai->Init.CompandingMode));
 565              		.loc 1 397 3 is_stmt 1 view .LVU160
 566 0162 E36A     		ldr	r3, [r4, #44]
 567 0164 33F48053 		bics	r3, r3, #4096
 568 0168 04D0     		beq	.L41
 397:../../STM32Cube_FW_N6/Drivers/STM32N6xx_HAL_Driver/Src/stm32n6xx_hal_sai.c ****   assert_param(IS_SAI_BLOCK_COMPANDING_MODE(hsai->Init.CompandingMode));
 569              		.loc 1 397 3 is_stmt 0 discriminator 2 view .LVU161
 570 016a 40F28D11 		movw	r1, #397
 571 016e 4948     		ldr	r0, .L171+8
 572 0170 FFF7FEFF 		bl	assert_failed
 573              	.LVL37:
 574              	.L41:
 398:../../STM32Cube_FW_N6/Drivers/STM32N6xx_HAL_Driver/Src/stm32n6xx_hal_sai.c ****   assert_param(IS_SAI_BLOCK_TRISTATE_MANAGEMENT(hsai->Init.TriState));
 575              		.loc 1 398 3 is_stmt 1 view .LVU162
 576 0174 236B     		ldr	r3, [r4, #48]
 577 0176 33F40042 		bics	r2, r3, #32768
 578 017a 0CD0     		beq	.L42
 398:../../STM32Cube_FW_N6/Drivers/STM32N6xx_HAL_Driver/Src/stm32n6xx_hal_sai.c ****   assert_param(IS_SAI_BLOCK_TRISTATE_MANAGEMENT(hsai->Init.TriState));
 579              		.loc 1 398 3 is_stmt 0 discriminator 2 view .LVU163
 580 017c B3F5404F 		cmp	r3, #49152
 581 0180 09D0     		beq	.L42
 398:../../STM32Cube_FW_N6/Drivers/STM32N6xx_HAL_Driver/Src/stm32n6xx_hal_sai.c ****   assert_param(IS_SAI_BLOCK_TRISTATE_MANAGEMENT(hsai->Init.TriState));
 582              		.loc 1 398 3 discriminator 3 view .LVU164
 583 0182 23F48043 		bic	r3, r3, #16384
 584 0186 B3F5204F 		cmp	r3, #40960
 585 018a 04D0     		beq	.L42
 398:../../STM32Cube_FW_N6/Drivers/STM32N6xx_HAL_Driver/Src/stm32n6xx_hal_sai.c ****   assert_param(IS_SAI_BLOCK_TRISTATE_MANAGEMENT(hsai->Init.TriState));
 586              		.loc 1 398 3 discriminator 5 view .LVU165
 587 018c 4FF4C771 		mov	r1, #398
 588 0190 4048     		ldr	r0, .L171+8
 589 0192 FFF7FEFF 		bl	assert_failed
 590              	.LVL38:
 591              	.L42:
 399:../../STM32Cube_FW_N6/Drivers/STM32N6xx_HAL_Driver/Src/stm32n6xx_hal_sai.c ****   assert_param(IS_SAI_BLOCK_SYNCEXT(hsai->Init.SynchroExt));
 592              		.loc 1 399 3 is_stmt 1 view .LVU166
 593 0196 636B     		ldr	r3, [r4, #52]
 594 0198 33F01003 		bics	r3, r3, #16
 595 019c 04D0     		beq	.L43
 399:../../STM32Cube_FW_N6/Drivers/STM32N6xx_HAL_Driver/Src/stm32n6xx_hal_sai.c ****   assert_param(IS_SAI_BLOCK_SYNCEXT(hsai->Init.SynchroExt));
 596              		.loc 1 399 3 is_stmt 0 discriminator 2 view .LVU167
 597 019e 40F28F11 		movw	r1, #399
 598 01a2 3C48     		ldr	r0, .L171+8
 599 01a4 FFF7FEFF 		bl	assert_failed
 600              	.LVL39:
 601              	.L43:
 400:../../STM32Cube_FW_N6/Drivers/STM32N6xx_HAL_Driver/Src/stm32n6xx_hal_sai.c ****   assert_param(IS_SAI_BLOCK_MCK_OVERSAMPLING(hsai->Init.MckOverSampling));
 602              		.loc 1 400 3 is_stmt 1 view .LVU168
 603 01a8 E368     		ldr	r3, [r4, #12]
 604 01aa 022B     		cmp	r3, #2
 605 01ac 04D9     		bls	.L44
 400:../../STM32Cube_FW_N6/Drivers/STM32N6xx_HAL_Driver/Src/stm32n6xx_hal_sai.c ****   assert_param(IS_SAI_BLOCK_MCK_OVERSAMPLING(hsai->Init.MckOverSampling));
 606              		.loc 1 400 3 is_stmt 0 discriminator 1 view .LVU169
 607 01ae 4FF4C871 		mov	r1, #400
 608 01b2 3848     		ldr	r0, .L171+8
 609 01b4 FFF7FEFF 		bl	assert_failed
 610              	.LVL40:
 611              	.L44:
ARM GAS  C:\Users\Antonio\AppData\Local\Temp\ccmFwfsh.s 			page 58


 401:../../STM32Cube_FW_N6/Drivers/STM32N6xx_HAL_Driver/Src/stm32n6xx_hal_sai.c **** 
 612              		.loc 1 401 3 is_stmt 1 view .LVU170
 613 01b8 A36A     		ldr	r3, [r4, #40]
 614 01ba 33F08063 		bics	r3, r3, #67108864
 615 01be 04D0     		beq	.L45
 401:../../STM32Cube_FW_N6/Drivers/STM32N6xx_HAL_Driver/Src/stm32n6xx_hal_sai.c **** 
 616              		.loc 1 401 3 is_stmt 0 discriminator 2 view .LVU171
 617 01c0 40F29111 		movw	r1, #401
 618 01c4 3348     		ldr	r0, .L171+8
 619 01c6 FFF7FEFF 		bl	assert_failed
 620              	.LVL41:
 621              	.L45:
 404:../../STM32Cube_FW_N6/Drivers/STM32N6xx_HAL_Driver/Src/stm32n6xx_hal_sai.c ****   assert_param(IS_SAI_BLOCK_ACTIVE_FRAME(hsai->FrameInit.ActiveFrameLength));
 622              		.loc 1 404 3 is_stmt 1 view .LVU172
 623 01ca 636D     		ldr	r3, [r4, #84]
 624 01cc 083B     		subs	r3, r3, #8
 625 01ce F82B     		cmp	r3, #248
 626 01d0 04D9     		bls	.L46
 404:../../STM32Cube_FW_N6/Drivers/STM32N6xx_HAL_Driver/Src/stm32n6xx_hal_sai.c ****   assert_param(IS_SAI_BLOCK_ACTIVE_FRAME(hsai->FrameInit.ActiveFrameLength));
 627              		.loc 1 404 3 is_stmt 0 discriminator 1 view .LVU173
 628 01d2 4FF4CA71 		mov	r1, #404
 629 01d6 2F48     		ldr	r0, .L171+8
 630 01d8 FFF7FEFF 		bl	assert_failed
 631              	.LVL42:
 632              	.L46:
 405:../../STM32Cube_FW_N6/Drivers/STM32N6xx_HAL_Driver/Src/stm32n6xx_hal_sai.c ****   assert_param(IS_SAI_BLOCK_FS_DEFINITION(hsai->FrameInit.FSDefinition));
 633              		.loc 1 405 3 is_stmt 1 view .LVU174
 634 01dc A36D     		ldr	r3, [r4, #88]
 635 01de 013B     		subs	r3, r3, #1
 636 01e0 7F2B     		cmp	r3, #127
 637 01e2 04D9     		bls	.L47
 405:../../STM32Cube_FW_N6/Drivers/STM32N6xx_HAL_Driver/Src/stm32n6xx_hal_sai.c ****   assert_param(IS_SAI_BLOCK_FS_DEFINITION(hsai->FrameInit.FSDefinition));
 638              		.loc 1 405 3 is_stmt 0 discriminator 1 view .LVU175
 639 01e4 40F29511 		movw	r1, #405
 640 01e8 2A48     		ldr	r0, .L171+8
 641 01ea FFF7FEFF 		bl	assert_failed
 642              	.LVL43:
 643              	.L47:
 406:../../STM32Cube_FW_N6/Drivers/STM32N6xx_HAL_Driver/Src/stm32n6xx_hal_sai.c ****   assert_param(IS_SAI_BLOCK_FS_POLARITY(hsai->FrameInit.FSPolarity));
 644              		.loc 1 406 3 is_stmt 1 view .LVU176
 645 01ee E36D     		ldr	r3, [r4, #92]
 646 01f0 33F48033 		bics	r3, r3, #65536
 647 01f4 04D0     		beq	.L48
 406:../../STM32Cube_FW_N6/Drivers/STM32N6xx_HAL_Driver/Src/stm32n6xx_hal_sai.c ****   assert_param(IS_SAI_BLOCK_FS_POLARITY(hsai->FrameInit.FSPolarity));
 648              		.loc 1 406 3 is_stmt 0 discriminator 2 view .LVU177
 649 01f6 4FF4CB71 		mov	r1, #406
 650 01fa 2648     		ldr	r0, .L171+8
 651 01fc FFF7FEFF 		bl	assert_failed
 652              	.LVL44:
 653              	.L48:
 407:../../STM32Cube_FW_N6/Drivers/STM32N6xx_HAL_Driver/Src/stm32n6xx_hal_sai.c ****   assert_param(IS_SAI_BLOCK_FS_OFFSET(hsai->FrameInit.FSOffset));
 654              		.loc 1 407 3 is_stmt 1 view .LVU178
 655 0200 236E     		ldr	r3, [r4, #96]
 656 0202 33F40033 		bics	r3, r3, #131072
 657 0206 04D0     		beq	.L49
 407:../../STM32Cube_FW_N6/Drivers/STM32N6xx_HAL_Driver/Src/stm32n6xx_hal_sai.c ****   assert_param(IS_SAI_BLOCK_FS_OFFSET(hsai->FrameInit.FSOffset));
 658              		.loc 1 407 3 is_stmt 0 discriminator 2 view .LVU179
ARM GAS  C:\Users\Antonio\AppData\Local\Temp\ccmFwfsh.s 			page 59


 659 0208 40F29711 		movw	r1, #407
 660 020c 2148     		ldr	r0, .L171+8
 661 020e FFF7FEFF 		bl	assert_failed
 662              	.LVL45:
 663              	.L49:
 408:../../STM32Cube_FW_N6/Drivers/STM32N6xx_HAL_Driver/Src/stm32n6xx_hal_sai.c **** 
 664              		.loc 1 408 3 is_stmt 1 view .LVU180
 665 0212 636E     		ldr	r3, [r4, #100]
 666 0214 33F48023 		bics	r3, r3, #262144
 667 0218 04D0     		beq	.L50
 408:../../STM32Cube_FW_N6/Drivers/STM32N6xx_HAL_Driver/Src/stm32n6xx_hal_sai.c **** 
 668              		.loc 1 408 3 is_stmt 0 discriminator 2 view .LVU181
 669 021a 4FF4CC71 		mov	r1, #408
 670 021e 1D48     		ldr	r0, .L171+8
 671 0220 FFF7FEFF 		bl	assert_failed
 672              	.LVL46:
 673              	.L50:
 411:../../STM32Cube_FW_N6/Drivers/STM32N6xx_HAL_Driver/Src/stm32n6xx_hal_sai.c ****   assert_param(IS_SAI_BLOCK_SLOT_SIZE(hsai->SlotInit.SlotSize));
 674              		.loc 1 411 3 is_stmt 1 view .LVU182
 675 0224 A36E     		ldr	r3, [r4, #104]
 676 0226 182B     		cmp	r3, #24
 677 0228 04D9     		bls	.L51
 411:../../STM32Cube_FW_N6/Drivers/STM32N6xx_HAL_Driver/Src/stm32n6xx_hal_sai.c ****   assert_param(IS_SAI_BLOCK_SLOT_SIZE(hsai->SlotInit.SlotSize));
 678              		.loc 1 411 3 is_stmt 0 discriminator 1 view .LVU183
 679 022a 40F29B11 		movw	r1, #411
 680 022e 1948     		ldr	r0, .L171+8
 681 0230 FFF7FEFF 		bl	assert_failed
 682              	.LVL47:
 683              	.L51:
 412:../../STM32Cube_FW_N6/Drivers/STM32N6xx_HAL_Driver/Src/stm32n6xx_hal_sai.c ****   assert_param(IS_SAI_BLOCK_SLOT_NUMBER(hsai->SlotInit.SlotNumber));
 684              		.loc 1 412 3 is_stmt 1 view .LVU184
 685 0234 E36E     		ldr	r3, [r4, #108]
 686 0236 33F04002 		bics	r2, r3, #64
 687 023a 06D0     		beq	.L52
 412:../../STM32Cube_FW_N6/Drivers/STM32N6xx_HAL_Driver/Src/stm32n6xx_hal_sai.c ****   assert_param(IS_SAI_BLOCK_SLOT_NUMBER(hsai->SlotInit.SlotNumber));
 688              		.loc 1 412 3 is_stmt 0 discriminator 2 view .LVU185
 689 023c 802B     		cmp	r3, #128
 690 023e 04D0     		beq	.L52
 412:../../STM32Cube_FW_N6/Drivers/STM32N6xx_HAL_Driver/Src/stm32n6xx_hal_sai.c ****   assert_param(IS_SAI_BLOCK_SLOT_NUMBER(hsai->SlotInit.SlotNumber));
 691              		.loc 1 412 3 discriminator 3 view .LVU186
 692 0240 4FF4CE71 		mov	r1, #412
 693 0244 1348     		ldr	r0, .L171+8
 694 0246 FFF7FEFF 		bl	assert_failed
 695              	.LVL48:
 696              	.L52:
 413:../../STM32Cube_FW_N6/Drivers/STM32N6xx_HAL_Driver/Src/stm32n6xx_hal_sai.c ****   assert_param(IS_SAI_SLOT_ACTIVE(hsai->SlotInit.SlotActive));
 697              		.loc 1 413 3 is_stmt 1 view .LVU187
 698 024a 236F     		ldr	r3, [r4, #112]
 699 024c 013B     		subs	r3, r3, #1
 700 024e 0F2B     		cmp	r3, #15
 701 0250 04D9     		bls	.L53
 413:../../STM32Cube_FW_N6/Drivers/STM32N6xx_HAL_Driver/Src/stm32n6xx_hal_sai.c ****   assert_param(IS_SAI_SLOT_ACTIVE(hsai->SlotInit.SlotActive));
 702              		.loc 1 413 3 is_stmt 0 discriminator 1 view .LVU188
 703 0252 40F29D11 		movw	r1, #413
 704 0256 0F48     		ldr	r0, .L171+8
 705 0258 FFF7FEFF 		bl	assert_failed
 706              	.LVL49:
ARM GAS  C:\Users\Antonio\AppData\Local\Temp\ccmFwfsh.s 			page 60


 707              	.L53:
 414:../../STM32Cube_FW_N6/Drivers/STM32N6xx_HAL_Driver/Src/stm32n6xx_hal_sai.c **** 
 708              		.loc 1 414 3 is_stmt 1 view .LVU189
 709 025c 636F     		ldr	r3, [r4, #116]
 710 025e B3F5803F 		cmp	r3, #65536
 711 0262 04D3     		bcc	.L54
 414:../../STM32Cube_FW_N6/Drivers/STM32N6xx_HAL_Driver/Src/stm32n6xx_hal_sai.c **** 
 712              		.loc 1 414 3 is_stmt 0 discriminator 1 view .LVU190
 713 0264 4FF4CF71 		mov	r1, #414
 714 0268 0A48     		ldr	r0, .L171+8
 715 026a FFF7FEFF 		bl	assert_failed
 716              	.LVL50:
 717              	.L54:
 417:../../STM32Cube_FW_N6/Drivers/STM32N6xx_HAL_Driver/Src/stm32n6xx_hal_sai.c ****   if (hsai->Init.PdmInit.Activation == ENABLE)
 718              		.loc 1 417 3 is_stmt 1 view .LVU191
 719 026e 94F83830 		ldrb	r3, [r4, #56]	@ zero_extendqisi2
 720 0272 012B     		cmp	r3, #1
 721 0274 04D9     		bls	.L55
 417:../../STM32Cube_FW_N6/Drivers/STM32N6xx_HAL_Driver/Src/stm32n6xx_hal_sai.c ****   if (hsai->Init.PdmInit.Activation == ENABLE)
 722              		.loc 1 417 3 is_stmt 0 discriminator 1 view .LVU192
 723 0276 40F2A111 		movw	r1, #417
 724 027a 0648     		ldr	r0, .L171+8
 725 027c FFF7FEFF 		bl	assert_failed
 726              	.LVL51:
 727              	.L55:
 418:../../STM32Cube_FW_N6/Drivers/STM32N6xx_HAL_Driver/Src/stm32n6xx_hal_sai.c ****   {
 728              		.loc 1 418 3 is_stmt 1 view .LVU193
 418:../../STM32Cube_FW_N6/Drivers/STM32N6xx_HAL_Driver/Src/stm32n6xx_hal_sai.c ****   {
 729              		.loc 1 418 6 is_stmt 0 view .LVU194
 730 0280 94F83830 		ldrb	r3, [r4, #56]	@ zero_extendqisi2
 731 0284 012B     		cmp	r3, #1
 732 0286 00F01981 		beq	.L56
 733 028a 09E0     		b	.L172
 734              	.L173:
 735              		.align	2
 736              	.L171:
 737 028c 04580052 		.word	1375754244
 738 0290 04580042 		.word	1107318788
 739 0294 00000000 		.word	.LC0
 740 0298 00EE0200 		.word	192000
 741 029c 00770100 		.word	96000
 742              	.L172:
 743              	.L63:
 431:../../STM32Cube_FW_N6/Drivers/STM32N6xx_HAL_Driver/Src/stm32n6xx_hal_sai.c ****   {
 744              		.loc 1 431 3 is_stmt 1 view .LVU195
 431:../../STM32Cube_FW_N6/Drivers/STM32N6xx_HAL_Driver/Src/stm32n6xx_hal_sai.c ****   {
 745              		.loc 1 431 11 is_stmt 0 view .LVU196
 746 02a0 94F89130 		ldrb	r3, [r4, #145]	@ zero_extendqisi2
 431:../../STM32Cube_FW_N6/Drivers/STM32N6xx_HAL_Driver/Src/stm32n6xx_hal_sai.c ****   {
 747              		.loc 1 431 6 view .LVU197
 748 02a4 03F0FF02 		and	r2, r3, #255
 749 02a8 23B9     		cbnz	r3, .L58
 434:../../STM32Cube_FW_N6/Drivers/STM32N6xx_HAL_Driver/Src/stm32n6xx_hal_sai.c **** 
 750              		.loc 1 434 5 is_stmt 1 view .LVU198
 452:../../STM32Cube_FW_N6/Drivers/STM32N6xx_HAL_Driver/Src/stm32n6xx_hal_sai.c **** #endif /* USE_HAL_SAI_REGISTER_CALLBACKS */
 751              		.loc 1 452 5 is_stmt 0 view .LVU199
 752 02aa 2046     		mov	r0, r4
ARM GAS  C:\Users\Antonio\AppData\Local\Temp\ccmFwfsh.s 			page 61


 434:../../STM32Cube_FW_N6/Drivers/STM32N6xx_HAL_Driver/Src/stm32n6xx_hal_sai.c **** 
 753              		.loc 1 434 16 view .LVU200
 754 02ac 84F89020 		strb	r2, [r4, #144]
 452:../../STM32Cube_FW_N6/Drivers/STM32N6xx_HAL_Driver/Src/stm32n6xx_hal_sai.c **** #endif /* USE_HAL_SAI_REGISTER_CALLBACKS */
 755              		.loc 1 452 5 is_stmt 1 view .LVU201
 756 02b0 FFF7FEFF 		bl	HAL_SAI_MspInit
 757              	.LVL52:
 758              	.L58:
 457:../../STM32Cube_FW_N6/Drivers/STM32N6xx_HAL_Driver/Src/stm32n6xx_hal_sai.c ****   {
 759              		.loc 1 457 3 view .LVU202
 457:../../STM32Cube_FW_N6/Drivers/STM32N6xx_HAL_Driver/Src/stm32n6xx_hal_sai.c ****   {
 760              		.loc 1 457 7 is_stmt 0 view .LVU203
 761 02b4 2046     		mov	r0, r4
 762 02b6 FFF7FEFF 		bl	SAI_Disable
 763              	.LVL53:
 457:../../STM32Cube_FW_N6/Drivers/STM32N6xx_HAL_Driver/Src/stm32n6xx_hal_sai.c ****   {
 764              		.loc 1 457 6 discriminator 1 view .LVU204
 765 02ba 0546     		mov	r5, r0
 766 02bc 0028     		cmp	r0, #0
 767 02be 7FF4A2AE 		bne	.L62
 462:../../STM32Cube_FW_N6/Drivers/STM32N6xx_HAL_Driver/Src/stm32n6xx_hal_sai.c **** 
 768              		.loc 1 462 3 is_stmt 1 view .LVU205
 462:../../STM32Cube_FW_N6/Drivers/STM32N6xx_HAL_Driver/Src/stm32n6xx_hal_sai.c **** 
 769              		.loc 1 462 15 is_stmt 0 view .LVU206
 770 02c2 0223     		movs	r3, #2
 466:../../STM32Cube_FW_N6/Drivers/STM32N6xx_HAL_Driver/Src/stm32n6xx_hal_sai.c ****   {
 771              		.loc 1 466 21 view .LVU207
 772 02c4 E268     		ldr	r2, [r4, #12]
 482:../../STM32Cube_FW_N6/Drivers/STM32N6xx_HAL_Driver/Src/stm32n6xx_hal_sai.c ****   {
 773              		.loc 1 482 21 view .LVU208
 774 02c6 A768     		ldr	r7, [r4, #8]
 466:../../STM32Cube_FW_N6/Drivers/STM32N6xx_HAL_Driver/Src/stm32n6xx_hal_sai.c ****   {
 775              		.loc 1 466 3 view .LVU209
 776 02c8 D01A     		subs	r0, r2, r3
 462:../../STM32Cube_FW_N6/Drivers/STM32N6xx_HAL_Driver/Src/stm32n6xx_hal_sai.c **** 
 777              		.loc 1 462 15 view .LVU210
 778 02ca 84F89130 		strb	r3, [r4, #145]
 466:../../STM32Cube_FW_N6/Drivers/STM32N6xx_HAL_Driver/Src/stm32n6xx_hal_sai.c ****   {
 779              		.loc 1 466 3 is_stmt 1 view .LVU211
 780 02ce 4342     		rsbs	r3, r0, #0
 781 02d0 4341     		adcs	r3, r3, r0
 782 02d2 012A     		cmp	r2, #1
 783 02d4 4FEA4313 		lsl	r3, r3, #5
 784 02d8 08BF     		it	eq
 785 02da 1023     		moveq	r3, #16
 786              	.LVL54:
 482:../../STM32Cube_FW_N6/Drivers/STM32N6xx_HAL_Driver/Src/stm32n6xx_hal_sai.c ****   {
 787              		.loc 1 482 3 view .LVU212
 788 02dc 022F     		cmp	r7, #2
 789 02de 00F00F81 		beq	.L89
 790 02e2 032F     		cmp	r7, #3
 791 02e4 00F00A81 		beq	.L66
 792 02e8 791E     		subs	r1, r7, #1
 793 02ea 4F42     		rsbs	r7, r1, #0
 794 02ec 4F41     		adcs	r7, r7, r1
 795 02ee BF02     		lsls	r7, r7, #10
 796              	.L65:
ARM GAS  C:\Users\Antonio\AppData\Local\Temp\ccmFwfsh.s 			page 62


 797              	.LVL55:
 502:../../STM32Cube_FW_N6/Drivers/STM32N6xx_HAL_Driver/Src/stm32n6xx_hal_sai.c ****   {
 798              		.loc 1 502 3 view .LVU213
 502:../../STM32Cube_FW_N6/Drivers/STM32N6xx_HAL_Driver/Src/stm32n6xx_hal_sai.c ****   {
 799              		.loc 1 502 12 is_stmt 0 view .LVU214
 800 02f0 2268     		ldr	r2, [r4]
 502:../../STM32Cube_FW_N6/Drivers/STM32N6xx_HAL_Driver/Src/stm32n6xx_hal_sai.c ****   {
 801              		.loc 1 502 6 view .LVU215
 802 02f2 924E     		ldr	r6, .L174
 803 02f4 B242     		cmp	r2, r6
 804 02f6 03D0     		beq	.L67
 502:../../STM32Cube_FW_N6/Drivers/STM32N6xx_HAL_Driver/Src/stm32n6xx_hal_sai.c ****   {
 805              		.loc 1 502 40 discriminator 1 view .LVU216
 806 02f8 9149     		ldr	r1, .L174+4
 807 02fa 8A42     		cmp	r2, r1
 808 02fc 40F00381 		bne	.L68
 809              	.L67:
 504:../../STM32Cube_FW_N6/Drivers/STM32N6xx_HAL_Driver/Src/stm32n6xx_hal_sai.c ****   }
 810              		.loc 1 504 5 is_stmt 1 view .LVU217
 504:../../STM32Cube_FW_N6/Drivers/STM32N6xx_HAL_Driver/Src/stm32n6xx_hal_sai.c ****   }
 811              		.loc 1 504 15 is_stmt 0 view .LVU218
 812 0300 9049     		ldr	r1, .L174+8
 813              	.L169:
 508:../../STM32Cube_FW_N6/Drivers/STM32N6xx_HAL_Driver/Src/stm32n6xx_hal_sai.c ****   }
 814              		.loc 1 508 15 view .LVU219
 815 0302 0B60     		str	r3, [r1]
 511:../../STM32Cube_FW_N6/Drivers/STM32N6xx_HAL_Driver/Src/stm32n6xx_hal_sai.c ****   {
 816              		.loc 1 511 3 is_stmt 1 view .LVU220
 511:../../STM32Cube_FW_N6/Drivers/STM32N6xx_HAL_Driver/Src/stm32n6xx_hal_sai.c ****   {
 817              		.loc 1 511 6 is_stmt 0 view .LVU221
 818 0304 236A     		ldr	r3, [r4, #32]
 819              	.LVL56:
 511:../../STM32Cube_FW_N6/Drivers/STM32N6xx_HAL_Driver/Src/stm32n6xx_hal_sai.c ****   {
 820              		.loc 1 511 6 view .LVU222
 821 0306 002B     		cmp	r3, #0
 822 0308 39D0     		beq	.L71
 823              	.LBB3:
 513:../../STM32Cube_FW_N6/Drivers/STM32N6xx_HAL_Driver/Src/stm32n6xx_hal_sai.c ****     uint32_t tmpval;
 824              		.loc 1 513 5 is_stmt 1 view .LVU223
 825              	.LVL57:
 514:../../STM32Cube_FW_N6/Drivers/STM32N6xx_HAL_Driver/Src/stm32n6xx_hal_sai.c **** 
 826              		.loc 1 514 5 view .LVU224
 517:../../STM32Cube_FW_N6/Drivers/STM32N6xx_HAL_Driver/Src/stm32n6xx_hal_sai.c ****     {
 827              		.loc 1 517 5 view .LVU225
 517:../../STM32Cube_FW_N6/Drivers/STM32N6xx_HAL_Driver/Src/stm32n6xx_hal_sai.c ****     {
 828              		.loc 1 517 8 is_stmt 0 view .LVU226
 829 030a B242     		cmp	r2, r6
 830 030c 03D0     		beq	.L72
 517:../../STM32Cube_FW_N6/Drivers/STM32N6xx_HAL_Driver/Src/stm32n6xx_hal_sai.c ****     {
 831              		.loc 1 517 42 discriminator 1 view .LVU227
 832 030e 8C4B     		ldr	r3, .L174+4
 833 0310 9A42     		cmp	r2, r3
 834 0312 40F0FA80 		bne	.L90
 835              	.L72:
 519:../../STM32Cube_FW_N6/Drivers/STM32N6xx_HAL_Driver/Src/stm32n6xx_hal_sai.c ****     }
 836              		.loc 1 519 7 is_stmt 1 view .LVU228
 519:../../STM32Cube_FW_N6/Drivers/STM32N6xx_HAL_Driver/Src/stm32n6xx_hal_sai.c ****     }
ARM GAS  C:\Users\Antonio\AppData\Local\Temp\ccmFwfsh.s 			page 63


 837              		.loc 1 519 14 is_stmt 0 view .LVU229
 838 0316 4FF08050 		mov	r0, #268435456
 839 031a 0021     		movs	r1, #0
 840              	.LVL58:
 519:../../STM32Cube_FW_N6/Drivers/STM32N6xx_HAL_Driver/Src/stm32n6xx_hal_sai.c ****     }
 841              		.loc 1 519 14 view .LVU230
 842 031c FFF7FEFF 		bl	HAL_RCCEx_GetPeriphCLKFreq
 843              	.LVL59:
 844              	.L73:
 521:../../STM32Cube_FW_N6/Drivers/STM32N6xx_HAL_Driver/Src/stm32n6xx_hal_sai.c ****     {
 845              		.loc 1 521 5 is_stmt 1 view .LVU231
 521:../../STM32Cube_FW_N6/Drivers/STM32N6xx_HAL_Driver/Src/stm32n6xx_hal_sai.c ****     {
 846              		.loc 1 521 14 is_stmt 0 view .LVU232
 847 0320 2368     		ldr	r3, [r4]
 521:../../STM32Cube_FW_N6/Drivers/STM32N6xx_HAL_Driver/Src/stm32n6xx_hal_sai.c ****     {
 848              		.loc 1 521 8 view .LVU233
 849 0322 894A     		ldr	r2, .L174+12
 850 0324 9342     		cmp	r3, r2
 851 0326 02D0     		beq	.L74
 521:../../STM32Cube_FW_N6/Drivers/STM32N6xx_HAL_Driver/Src/stm32n6xx_hal_sai.c ****     {
 852              		.loc 1 521 42 discriminator 1 view .LVU234
 853 0328 2032     		adds	r2, r2, #32
 854 032a 9342     		cmp	r3, r2
 855 032c 04D1     		bne	.L75
 856              	.L74:
 523:../../STM32Cube_FW_N6/Drivers/STM32N6xx_HAL_Driver/Src/stm32n6xx_hal_sai.c ****     }
 857              		.loc 1 523 7 is_stmt 1 view .LVU235
 523:../../STM32Cube_FW_N6/Drivers/STM32N6xx_HAL_Driver/Src/stm32n6xx_hal_sai.c ****     }
 858              		.loc 1 523 14 is_stmt 0 view .LVU236
 859 032e 4FF00050 		mov	r0, #536870912
 860              	.LVL60:
 523:../../STM32Cube_FW_N6/Drivers/STM32N6xx_HAL_Driver/Src/stm32n6xx_hal_sai.c ****     }
 861              		.loc 1 523 14 view .LVU237
 862 0332 0021     		movs	r1, #0
 863 0334 FFF7FEFF 		bl	HAL_RCCEx_GetPeriphCLKFreq
 864              	.LVL61:
 865              	.L75:
 531:../../STM32Cube_FW_N6/Drivers/STM32N6xx_HAL_Driver/Src/stm32n6xx_hal_sai.c ****     {
 866              		.loc 1 531 5 is_stmt 1 view .LVU238
 531:../../STM32Cube_FW_N6/Drivers/STM32N6xx_HAL_Driver/Src/stm32n6xx_hal_sai.c ****     {
 867              		.loc 1 531 8 is_stmt 0 view .LVU239
 868 0338 A369     		ldr	r3, [r4, #24]
 869              	.LBB4:
 536:../../STM32Cube_FW_N6/Drivers/STM32N6xx_HAL_Driver/Src/stm32n6xx_hal_sai.c ****       {
 870              		.loc 1 536 21 view .LVU240
 871 033a 626C     		ldr	r2, [r4, #68]
 872              	.LBE4:
 531:../../STM32Cube_FW_N6/Drivers/STM32N6xx_HAL_Driver/Src/stm32n6xx_hal_sai.c ****     {
 873              		.loc 1 531 8 view .LVU241
 874 033c B3F5002F 		cmp	r3, #524288
 875 0340 D4F820C0 		ldr	ip, [r4, #32]
 876 0344 40F0E880 		bne	.L76
 877              	.LBB5:
 534:../../STM32Cube_FW_N6/Drivers/STM32N6xx_HAL_Driver/Src/stm32n6xx_hal_sai.c **** 
 878              		.loc 1 534 7 is_stmt 1 view .LVU242
 536:../../STM32Cube_FW_N6/Drivers/STM32N6xx_HAL_Driver/Src/stm32n6xx_hal_sai.c ****       {
 879              		.loc 1 536 7 view .LVU243
ARM GAS  C:\Users\Antonio\AppData\Local\Temp\ccmFwfsh.s 			page 64


 536:../../STM32Cube_FW_N6/Drivers/STM32N6xx_HAL_Driver/Src/stm32n6xx_hal_sai.c ****       {
 880              		.loc 1 536 10 is_stmt 0 view .LVU244
 881 0348 042A     		cmp	r2, #4
 882 034a 00F0E080 		beq	.L91
 541:../../STM32Cube_FW_N6/Drivers/STM32N6xx_HAL_Driver/Src/stm32n6xx_hal_sai.c ****       {
 883              		.loc 1 541 12 is_stmt 1 view .LVU245
 541:../../STM32Cube_FW_N6/Drivers/STM32N6xx_HAL_Driver/Src/stm32n6xx_hal_sai.c ****       {
 884              		.loc 1 541 15 is_stmt 0 view .LVU246
 885 034e 082A     		cmp	r2, #8
 886 0350 00F0DF80 		beq	.L92
 549:../../STM32Cube_FW_N6/Drivers/STM32N6xx_HAL_Driver/Src/stm32n6xx_hal_sai.c ****       }
 887              		.loc 1 549 9 is_stmt 1 view .LVU247
 549:../../STM32Cube_FW_N6/Drivers/STM32N6xx_HAL_Driver/Src/stm32n6xx_hal_sai.c ****       }
 888              		.loc 1 549 24 is_stmt 0 view .LVU248
 889 0354 636D     		ldr	r3, [r4, #84]
 890              	.LVL62:
 891              	.L77:
 553:../../STM32Cube_FW_N6/Drivers/STM32N6xx_HAL_Driver/Src/stm32n6xx_hal_sai.c ****     }
 892              		.loc 1 553 7 is_stmt 1 view .LVU249
 553:../../STM32Cube_FW_N6/Drivers/STM32N6xx_HAL_Driver/Src/stm32n6xx_hal_sai.c ****     }
 893              		.loc 1 553 22 is_stmt 0 view .LVU250
 894 0356 0A21     		movs	r1, #10
 553:../../STM32Cube_FW_N6/Drivers/STM32N6xx_HAL_Driver/Src/stm32n6xx_hal_sai.c ****     }
 895              		.loc 1 553 58 view .LVU251
 896 0358 0CFB03F3 		mul	r3, ip, r3
 897              	.LVL63:
 553:../../STM32Cube_FW_N6/Drivers/STM32N6xx_HAL_Driver/Src/stm32n6xx_hal_sai.c ****     }
 898              		.loc 1 553 22 view .LVU252
 899 035c 4143     		muls	r1, r0, r1
 553:../../STM32Cube_FW_N6/Drivers/STM32N6xx_HAL_Driver/Src/stm32n6xx_hal_sai.c ****     }
 900              		.loc 1 553 14 view .LVU253
 901 035e B1FBF3F0 		udiv	r0, r1, r3
 902              	.LVL64:
 903              	.L78:
 553:../../STM32Cube_FW_N6/Drivers/STM32N6xx_HAL_Driver/Src/stm32n6xx_hal_sai.c ****     }
 904              		.loc 1 553 14 view .LVU254
 905              	.LBE5:
 563:../../STM32Cube_FW_N6/Drivers/STM32N6xx_HAL_Driver/Src/stm32n6xx_hal_sai.c **** 
 906              		.loc 1 563 5 is_stmt 1 view .LVU255
 563:../../STM32Cube_FW_N6/Drivers/STM32N6xx_HAL_Driver/Src/stm32n6xx_hal_sai.c **** 
 907              		.loc 1 563 32 is_stmt 0 view .LVU256
 908 0362 0A21     		movs	r1, #10
 909 0364 B0FBF1F3 		udiv	r3, r0, r1
 566:../../STM32Cube_FW_N6/Drivers/STM32N6xx_HAL_Driver/Src/stm32n6xx_hal_sai.c ****     {
 910              		.loc 1 566 5 is_stmt 1 view .LVU257
 566:../../STM32Cube_FW_N6/Drivers/STM32N6xx_HAL_Driver/Src/stm32n6xx_hal_sai.c ****     {
 911              		.loc 1 566 17 is_stmt 0 view .LVU258
 912 0368 01FB1300 		mls	r0, r1, r3, r0
 913              	.LVL65:
 568:../../STM32Cube_FW_N6/Drivers/STM32N6xx_HAL_Driver/Src/stm32n6xx_hal_sai.c ****     }
 914              		.loc 1 568 25 view .LVU259
 915 036c 0928     		cmp	r0, #9
 916 036e 53EA1393 		cinc	r3, r3, eq
 572:../../STM32Cube_FW_N6/Drivers/STM32N6xx_HAL_Driver/Src/stm32n6xx_hal_sai.c ****     {
 917              		.loc 1 572 5 is_stmt 1 view .LVU260
 574:../../STM32Cube_FW_N6/Drivers/STM32N6xx_HAL_Driver/Src/stm32n6xx_hal_sai.c ****     }
 918              		.loc 1 574 25 is_stmt 0 view .LVU261
ARM GAS  C:\Users\Antonio\AppData\Local\Temp\ccmFwfsh.s 			page 65


 919 0372 042A     		cmp	r2, #4
 920 0374 4FEA5301 		lsr	r1, r3, #1
 921 0378 08BF     		it	eq
 922 037a 0B46     		moveq	r3, r1
 923 037c 6362     		str	r3, [r4, #36]
 924              	.LVL66:
 925              	.L71:
 574:../../STM32Cube_FW_N6/Drivers/STM32N6xx_HAL_Driver/Src/stm32n6xx_hal_sai.c ****     }
 926              		.loc 1 574 25 view .LVU262
 927              	.LBE3:
 579:../../STM32Cube_FW_N6/Drivers/STM32N6xx_HAL_Driver/Src/stm32n6xx_hal_sai.c **** 
 928              		.loc 1 579 3 is_stmt 1 view .LVU263
 929 037e 636A     		ldr	r3, [r4, #36]
 930 0380 3F2B     		cmp	r3, #63
 931 0382 04D9     		bls	.L82
 579:../../STM32Cube_FW_N6/Drivers/STM32N6xx_HAL_Driver/Src/stm32n6xx_hal_sai.c **** 
 932              		.loc 1 579 3 is_stmt 0 discriminator 1 view .LVU264
 933 0384 40F24321 		movw	r1, #579
 934 0388 7048     		ldr	r0, .L174+16
 935 038a FFF7FEFF 		bl	assert_failed
 936              	.LVL67:
 937              	.L82:
 582:../../STM32Cube_FW_N6/Drivers/STM32N6xx_HAL_Driver/Src/stm32n6xx_hal_sai.c ****   {
 938              		.loc 1 582 3 is_stmt 1 view .LVU265
 582:../../STM32Cube_FW_N6/Drivers/STM32N6xx_HAL_Driver/Src/stm32n6xx_hal_sai.c ****   {
 939              		.loc 1 582 18 is_stmt 0 view .LVU266
 940 038e 6368     		ldr	r3, [r4, #4]
 585:../../STM32Cube_FW_N6/Drivers/STM32N6xx_HAL_Driver/Src/stm32n6xx_hal_sai.c ****   }
 941              		.loc 1 585 29 view .LVU267
 942 0390 216D     		ldr	r1, [r4, #80]
 582:../../STM32Cube_FW_N6/Drivers/STM32N6xx_HAL_Driver/Src/stm32n6xx_hal_sai.c ****   {
 943              		.loc 1 582 6 view .LVU268
 944 0392 33F00202 		bics	r2, r3, #2
 945 0396 40F0CD80 		bne	.L83
 585:../../STM32Cube_FW_N6/Drivers/STM32N6xx_HAL_Driver/Src/stm32n6xx_hal_sai.c ****   }
 946              		.loc 1 585 5 is_stmt 1 view .LVU269
 585:../../STM32Cube_FW_N6/Drivers/STM32N6xx_HAL_Driver/Src/stm32n6xx_hal_sai.c ****   }
 947              		.loc 1 585 82 is_stmt 0 view .LVU270
 948 039a 0139     		subs	r1, r1, #1
 949 039c 18BF     		it	ne
 950 039e 0121     		movne	r1, #1
 951              	.L170:
 595:../../STM32Cube_FW_N6/Drivers/STM32N6xx_HAL_Driver/Src/stm32n6xx_hal_sai.c ****                            SAI_xCR1_LSBFIRST | SAI_xCR1_CKSTR | SAI_xCR1_SYNCEN | \
 952              		.loc 1 595 7 view .LVU271
 953 03a0 2268     		ldr	r2, [r4]
 595:../../STM32Cube_FW_N6/Drivers/STM32N6xx_HAL_Driver/Src/stm32n6xx_hal_sai.c ****                            SAI_xCR1_LSBFIRST | SAI_xCR1_CKSTR | SAI_xCR1_SYNCEN | \
 954              		.loc 1 595 23 view .LVU272
 955 03a2 6B48     		ldr	r0, .L174+20
 595:../../STM32Cube_FW_N6/Drivers/STM32N6xx_HAL_Driver/Src/stm32n6xx_hal_sai.c ****                            SAI_xCR1_LSBFIRST | SAI_xCR1_CKSTR | SAI_xCR1_SYNCEN | \
 956              		.loc 1 595 17 view .LVU273
 957 03a4 D2F800C0 		ldr	ip, [r2]
 590:../../STM32Cube_FW_N6/Drivers/STM32N6xx_HAL_Driver/Src/stm32n6xx_hal_sai.c ****   }
 958              		.loc 1 590 94 view .LVU274
 959 03a8 4902     		lsls	r1, r1, #9
 960              	.LVL68:
 595:../../STM32Cube_FW_N6/Drivers/STM32N6xx_HAL_Driver/Src/stm32n6xx_hal_sai.c ****                            SAI_xCR1_LSBFIRST | SAI_xCR1_CKSTR | SAI_xCR1_SYNCEN | \
 961              		.loc 1 595 3 is_stmt 1 view .LVU275
ARM GAS  C:\Users\Antonio\AppData\Local\Temp\ccmFwfsh.s 			page 66


 595:../../STM32Cube_FW_N6/Drivers/STM32N6xx_HAL_Driver/Src/stm32n6xx_hal_sai.c ****                            SAI_xCR1_LSBFIRST | SAI_xCR1_CKSTR | SAI_xCR1_SYNCEN | \
 962              		.loc 1 595 23 is_stmt 0 view .LVU276
 963 03aa 0CEA0000 		and	r0, ip, r0
 964 03ae 1060     		str	r0, [r2]
 601:../../STM32Cube_FW_N6/Drivers/STM32N6xx_HAL_Driver/Src/stm32n6xx_hal_sai.c ****                           hsai->Init.DataSize | hsai->Init.FirstBit  |           \
 965              		.loc 1 601 3 is_stmt 1 view .LVU277
 601:../../STM32Cube_FW_N6/Drivers/STM32N6xx_HAL_Driver/Src/stm32n6xx_hal_sai.c ****                           hsai->Init.DataSize | hsai->Init.FirstBit  |           \
 966              		.loc 1 601 23 is_stmt 0 view .LVU278
 967 03b0 606C     		ldr	r0, [r4, #68]
 601:../../STM32Cube_FW_N6/Drivers/STM32N6xx_HAL_Driver/Src/stm32n6xx_hal_sai.c ****                           hsai->Init.DataSize | hsai->Init.FirstBit  |           \
 968              		.loc 1 601 17 view .LVU279
 969 03b2 D2F800C0 		ldr	ip, [r2]
 601:../../STM32Cube_FW_N6/Drivers/STM32N6xx_HAL_Driver/Src/stm32n6xx_hal_sai.c ****                           hsai->Init.DataSize | hsai->Init.FirstBit  |           \
 970              		.loc 1 601 23 view .LVU280
 971 03b6 0343     		orrs	r3, r3, r0
 972 03b8 A06C     		ldr	r0, [r4, #72]
 630:../../STM32Cube_FW_N6/Drivers/STM32N6xx_HAL_Driver/Src/stm32n6xx_hal_sai.c ****   {
 973              		.loc 1 630 6 view .LVU281
 974 03ba B242     		cmp	r2, r6
 601:../../STM32Cube_FW_N6/Drivers/STM32N6xx_HAL_Driver/Src/stm32n6xx_hal_sai.c ****                           hsai->Init.DataSize | hsai->Init.FirstBit  |           \
 975              		.loc 1 601 23 view .LVU282
 976 03bc 43EA0003 		orr	r3, r3, r0
 977 03c0 E06C     		ldr	r0, [r4, #76]
 978 03c2 43EA0003 		orr	r3, r3, r0
 979 03c6 E06A     		ldr	r0, [r4, #44]
 980 03c8 43EA0003 		orr	r3, r3, r0
 981 03cc 6069     		ldr	r0, [r4, #20]
 982 03ce 43EA0003 		orr	r3, r3, r0
 983 03d2 A069     		ldr	r0, [r4, #24]
 984 03d4 43EA0003 		orr	r3, r3, r0
 985 03d8 A06A     		ldr	r0, [r4, #40]
 986 03da 43EA0003 		orr	r3, r3, r0
 987 03de 2069     		ldr	r0, [r4, #16]
 988 03e0 43EA0003 		orr	r3, r3, r0
 605:../../STM32Cube_FW_N6/Drivers/STM32N6xx_HAL_Driver/Src/stm32n6xx_hal_sai.c ****                           hsai->Init.MckOverSampling | hsai->Init.MckOutput);
 989              		.loc 1 605 69 view .LVU283
 990 03e4 606A     		ldr	r0, [r4, #36]
 601:../../STM32Cube_FW_N6/Drivers/STM32N6xx_HAL_Driver/Src/stm32n6xx_hal_sai.c ****                           hsai->Init.DataSize | hsai->Init.FirstBit  |           \
 991              		.loc 1 601 23 view .LVU284
 992 03e6 43EA0C03 		orr	r3, r3, ip
 993 03ea 43EA0053 		orr	r3, r3, r0, lsl #20
 994 03ee 43EA0703 		orr	r3, r3, r7
 995 03f2 43EA0103 		orr	r3, r3, r1
 996 03f6 1360     		str	r3, [r2]
 609:../../STM32Cube_FW_N6/Drivers/STM32N6xx_HAL_Driver/Src/stm32n6xx_hal_sai.c ****   hsai->Instance->CR2 |= (hsai->Init.FIFOThreshold | hsai->Init.CompandingMode | hsai->Init.TriStat
 997              		.loc 1 609 3 is_stmt 1 view .LVU285
 609:../../STM32Cube_FW_N6/Drivers/STM32N6xx_HAL_Driver/Src/stm32n6xx_hal_sai.c ****   hsai->Instance->CR2 |= (hsai->Init.FIFOThreshold | hsai->Init.CompandingMode | hsai->Init.TriStat
 998              		.loc 1 609 17 is_stmt 0 view .LVU286
 999 03f8 5368     		ldr	r3, [r2, #4]
 610:../../STM32Cube_FW_N6/Drivers/STM32N6xx_HAL_Driver/Src/stm32n6xx_hal_sai.c **** 
 1000              		.loc 1 610 52 view .LVU287
 1001 03fa 206B     		ldr	r0, [r4, #48]
 609:../../STM32Cube_FW_N6/Drivers/STM32N6xx_HAL_Driver/Src/stm32n6xx_hal_sai.c ****   hsai->Instance->CR2 |= (hsai->Init.FIFOThreshold | hsai->Init.CompandingMode | hsai->Init.TriStat
 1002              		.loc 1 609 23 view .LVU288
 1003 03fc 23F46043 		bic	r3, r3, #57344
 1004 0400 23F00F03 		bic	r3, r3, #15
 1005 0404 5360     		str	r3, [r2, #4]
ARM GAS  C:\Users\Antonio\AppData\Local\Temp\ccmFwfsh.s 			page 67


 610:../../STM32Cube_FW_N6/Drivers/STM32N6xx_HAL_Driver/Src/stm32n6xx_hal_sai.c **** 
 1006              		.loc 1 610 3 is_stmt 1 view .LVU289
 610:../../STM32Cube_FW_N6/Drivers/STM32N6xx_HAL_Driver/Src/stm32n6xx_hal_sai.c **** 
 1007              		.loc 1 610 52 is_stmt 0 view .LVU290
 1008 0406 E369     		ldr	r3, [r4, #28]
 610:../../STM32Cube_FW_N6/Drivers/STM32N6xx_HAL_Driver/Src/stm32n6xx_hal_sai.c **** 
 1009              		.loc 1 610 17 view .LVU291
 1010 0408 5168     		ldr	r1, [r2, #4]
 1011              	.LVL69:
 610:../../STM32Cube_FW_N6/Drivers/STM32N6xx_HAL_Driver/Src/stm32n6xx_hal_sai.c **** 
 1012              		.loc 1 610 52 view .LVU292
 1013 040a 43EA0003 		orr	r3, r3, r0
 610:../../STM32Cube_FW_N6/Drivers/STM32N6xx_HAL_Driver/Src/stm32n6xx_hal_sai.c **** 
 1014              		.loc 1 610 80 view .LVU293
 1015 040e 606B     		ldr	r0, [r4, #52]
 1016 0410 43EA0003 		orr	r3, r3, r0
 610:../../STM32Cube_FW_N6/Drivers/STM32N6xx_HAL_Driver/Src/stm32n6xx_hal_sai.c **** 
 1017              		.loc 1 610 23 view .LVU294
 1018 0414 43EA0103 		orr	r3, r3, r1
 1019 0418 5360     		str	r3, [r2, #4]
 613:../../STM32Cube_FW_N6/Drivers/STM32N6xx_HAL_Driver/Src/stm32n6xx_hal_sai.c ****                              SAI_xFRCR_FSPOL | SAI_xFRCR_FSOFF));
 1020              		.loc 1 613 3 is_stmt 1 view .LVU295
 613:../../STM32Cube_FW_N6/Drivers/STM32N6xx_HAL_Driver/Src/stm32n6xx_hal_sai.c ****                              SAI_xFRCR_FSPOL | SAI_xFRCR_FSOFF));
 1021              		.loc 1 613 17 is_stmt 0 view .LVU296
 1022 041a 9168     		ldr	r1, [r2, #8]
 613:../../STM32Cube_FW_N6/Drivers/STM32N6xx_HAL_Driver/Src/stm32n6xx_hal_sai.c ****                              SAI_xFRCR_FSPOL | SAI_xFRCR_FSOFF));
 1023              		.loc 1 613 24 view .LVU297
 1024 041c 4D4B     		ldr	r3, .L174+24
 615:../../STM32Cube_FW_N6/Drivers/STM32N6xx_HAL_Driver/Src/stm32n6xx_hal_sai.c ****                            hsai->FrameInit.FSOffset |
 1025              		.loc 1 615 24 view .LVU298
 1026 041e E06D     		ldr	r0, [r4, #92]
 613:../../STM32Cube_FW_N6/Drivers/STM32N6xx_HAL_Driver/Src/stm32n6xx_hal_sai.c ****                              SAI_xFRCR_FSPOL | SAI_xFRCR_FSOFF));
 1027              		.loc 1 613 24 view .LVU299
 1028 0420 03EA0103 		and	r3, r3, r1
 1029 0424 9360     		str	r3, [r2, #8]
 615:../../STM32Cube_FW_N6/Drivers/STM32N6xx_HAL_Driver/Src/stm32n6xx_hal_sai.c ****                            hsai->FrameInit.FSOffset |
 1030              		.loc 1 615 3 is_stmt 1 view .LVU300
 615:../../STM32Cube_FW_N6/Drivers/STM32N6xx_HAL_Driver/Src/stm32n6xx_hal_sai.c ****                            hsai->FrameInit.FSOffset |
 1031              		.loc 1 615 24 is_stmt 0 view .LVU301
 1032 0426 636E     		ldr	r3, [r4, #100]
 615:../../STM32Cube_FW_N6/Drivers/STM32N6xx_HAL_Driver/Src/stm32n6xx_hal_sai.c ****                            hsai->FrameInit.FSOffset |
 1033              		.loc 1 615 17 view .LVU302
 1034 0428 9168     		ldr	r1, [r2, #8]
 615:../../STM32Cube_FW_N6/Drivers/STM32N6xx_HAL_Driver/Src/stm32n6xx_hal_sai.c ****                            hsai->FrameInit.FSOffset |
 1035              		.loc 1 615 24 view .LVU303
 1036 042a 43EA0003 		orr	r3, r3, r0
 1037 042e 206E     		ldr	r0, [r4, #96]
 1038 0430 43EA0003 		orr	r3, r3, r0
 1039 0434 43EA0103 		orr	r3, r3, r1
 615:../../STM32Cube_FW_N6/Drivers/STM32N6xx_HAL_Driver/Src/stm32n6xx_hal_sai.c ****                            hsai->FrameInit.FSOffset |
 1040              		.loc 1 615 57 view .LVU304
 1041 0438 616D     		ldr	r1, [r4, #84]
 1042 043a 01F1FF31 		add	r1, r1, #-1
 615:../../STM32Cube_FW_N6/Drivers/STM32N6xx_HAL_Driver/Src/stm32n6xx_hal_sai.c ****                            hsai->FrameInit.FSOffset |
 1043              		.loc 1 615 24 view .LVU305
 1044 043e 43EA0103 		orr	r3, r3, r1
 619:../../STM32Cube_FW_N6/Drivers/STM32N6xx_HAL_Driver/Src/stm32n6xx_hal_sai.c **** 
ARM GAS  C:\Users\Antonio\AppData\Local\Temp\ccmFwfsh.s 			page 68


 1045              		.loc 1 619 64 view .LVU306
 1046 0442 A16D     		ldr	r1, [r4, #88]
 1047 0444 01F1FF31 		add	r1, r1, #-1
 615:../../STM32Cube_FW_N6/Drivers/STM32N6xx_HAL_Driver/Src/stm32n6xx_hal_sai.c ****                            hsai->FrameInit.FSOffset |
 1048              		.loc 1 615 24 view .LVU307
 1049 0448 43EA0123 		orr	r3, r3, r1, lsl #8
 1050 044c 9360     		str	r3, [r2, #8]
 623:../../STM32Cube_FW_N6/Drivers/STM32N6xx_HAL_Driver/Src/stm32n6xx_hal_sai.c ****                               SAI_xSLOTR_NBSLOT | SAI_xSLOTR_SLOTEN));
 1051              		.loc 1 623 3 is_stmt 1 view .LVU308
 623:../../STM32Cube_FW_N6/Drivers/STM32N6xx_HAL_Driver/Src/stm32n6xx_hal_sai.c ****                               SAI_xSLOTR_NBSLOT | SAI_xSLOTR_SLOTEN));
 1052              		.loc 1 623 17 is_stmt 0 view .LVU309
 1053 044e D368     		ldr	r3, [r2, #12]
 623:../../STM32Cube_FW_N6/Drivers/STM32N6xx_HAL_Driver/Src/stm32n6xx_hal_sai.c ****                               SAI_xSLOTR_NBSLOT | SAI_xSLOTR_SLOTEN));
 1054              		.loc 1 623 25 view .LVU310
 1055 0450 23F47D63 		bic	r3, r3, #4048
 1056 0454 23F00F03 		bic	r3, r3, #15
 1057 0458 4FEA0343 		lsl	r3, r3, #16
 1058 045c 4FEA1343 		lsr	r3, r3, #16
 1059 0460 D360     		str	r3, [r2, #12]
 626:../../STM32Cube_FW_N6/Drivers/STM32N6xx_HAL_Driver/Src/stm32n6xx_hal_sai.c ****                            (hsai->SlotInit.SlotActive << 16) | ((hsai->SlotInit.SlotNumber - 1U) <<
 1060              		.loc 1 626 3 is_stmt 1 view .LVU311
 626:../../STM32Cube_FW_N6/Drivers/STM32N6xx_HAL_Driver/Src/stm32n6xx_hal_sai.c ****                            (hsai->SlotInit.SlotActive << 16) | ((hsai->SlotInit.SlotNumber - 1U) <<
 1061              		.loc 1 626 17 is_stmt 0 view .LVU312
 1062 0462 D168     		ldr	r1, [r2, #12]
 626:../../STM32Cube_FW_N6/Drivers/STM32N6xx_HAL_Driver/Src/stm32n6xx_hal_sai.c ****                            (hsai->SlotInit.SlotActive << 16) | ((hsai->SlotInit.SlotNumber - 1U) <<
 1063              		.loc 1 626 25 view .LVU313
 1064 0464 D4E91A30 		ldrd	r3, r0, [r4, #104]
 1065 0468 43EA0003 		orr	r3, r3, r0
 1066 046c 43EA0103 		orr	r3, r3, r1
 627:../../STM32Cube_FW_N6/Drivers/STM32N6xx_HAL_Driver/Src/stm32n6xx_hal_sai.c **** 
 1067              		.loc 1 627 55 view .LVU314
 1068 0470 616F     		ldr	r1, [r4, #116]
 626:../../STM32Cube_FW_N6/Drivers/STM32N6xx_HAL_Driver/Src/stm32n6xx_hal_sai.c ****                            (hsai->SlotInit.SlotActive << 16) | ((hsai->SlotInit.SlotNumber - 1U) <<
 1069              		.loc 1 626 25 view .LVU315
 1070 0472 43EA0143 		orr	r3, r3, r1, lsl #16
 627:../../STM32Cube_FW_N6/Drivers/STM32N6xx_HAL_Driver/Src/stm32n6xx_hal_sai.c **** 
 1071              		.loc 1 627 92 view .LVU316
 1072 0476 216F     		ldr	r1, [r4, #112]
 1073 0478 01F1FF31 		add	r1, r1, #-1
 626:../../STM32Cube_FW_N6/Drivers/STM32N6xx_HAL_Driver/Src/stm32n6xx_hal_sai.c ****                            (hsai->SlotInit.SlotActive << 16) | ((hsai->SlotInit.SlotNumber - 1U) <<
 1074              		.loc 1 626 25 view .LVU317
 1075 047c 43EA0123 		orr	r3, r3, r1, lsl #8
 1076 0480 D360     		str	r3, [r2, #12]
 630:../../STM32Cube_FW_N6/Drivers/STM32N6xx_HAL_Driver/Src/stm32n6xx_hal_sai.c ****   {
 1077              		.loc 1 630 3 is_stmt 1 view .LVU318
 630:../../STM32Cube_FW_N6/Drivers/STM32N6xx_HAL_Driver/Src/stm32n6xx_hal_sai.c ****   {
 1078              		.loc 1 630 6 is_stmt 0 view .LVU319
 1079 0482 12D1     		bne	.L86
 633:../../STM32Cube_FW_N6/Drivers/STM32N6xx_HAL_Driver/Src/stm32n6xx_hal_sai.c ****     if (hsai->Init.PdmInit.Activation == ENABLE)
 1080              		.loc 1 633 5 is_stmt 1 view .LVU320
 633:../../STM32Cube_FW_N6/Drivers/STM32N6xx_HAL_Driver/Src/stm32n6xx_hal_sai.c ****     if (hsai->Init.PdmInit.Activation == ENABLE)
 1081              		.loc 1 633 9 is_stmt 0 view .LVU321
 1082 0484 2F4B     		ldr	r3, .L174+8
 1083 0486 5A6C     		ldr	r2, [r3, #68]
 633:../../STM32Cube_FW_N6/Drivers/STM32N6xx_HAL_Driver/Src/stm32n6xx_hal_sai.c ****     if (hsai->Init.PdmInit.Activation == ENABLE)
 1084              		.loc 1 633 17 view .LVU322
 1085 0488 22F00102 		bic	r2, r2, #1
ARM GAS  C:\Users\Antonio\AppData\Local\Temp\ccmFwfsh.s 			page 69


 1086 048c 5A64     		str	r2, [r3, #68]
 634:../../STM32Cube_FW_N6/Drivers/STM32N6xx_HAL_Driver/Src/stm32n6xx_hal_sai.c ****     {
 1087              		.loc 1 634 5 is_stmt 1 view .LVU323
 634:../../STM32Cube_FW_N6/Drivers/STM32N6xx_HAL_Driver/Src/stm32n6xx_hal_sai.c ****     {
 1088              		.loc 1 634 8 is_stmt 0 view .LVU324
 1089 048e 94F83820 		ldrb	r2, [r4, #56]	@ zero_extendqisi2
 1090 0492 012A     		cmp	r2, #1
 1091 0494 09D1     		bne	.L86
 637:../../STM32Cube_FW_N6/Drivers/STM32N6xx_HAL_Driver/Src/stm32n6xx_hal_sai.c ****                      ((hsai->Init.PdmInit.MicPairsNbr - 1U) << SAI_PDMCR_MICNBR_Pos));
 1092              		.loc 1 637 7 is_stmt 1 view .LVU325
 638:../../STM32Cube_FW_N6/Drivers/STM32N6xx_HAL_Driver/Src/stm32n6xx_hal_sai.c ****       SAI1->PDMCR |= SAI_PDMCR_PDMEN;
 1093              		.loc 1 638 55 is_stmt 0 view .LVU326
 1094 0496 E26B     		ldr	r2, [r4, #60]
 1095 0498 511E     		subs	r1, r2, #1
 637:../../STM32Cube_FW_N6/Drivers/STM32N6xx_HAL_Driver/Src/stm32n6xx_hal_sai.c ****                      ((hsai->Init.PdmInit.MicPairsNbr - 1U) << SAI_PDMCR_MICNBR_Pos));
 1096              		.loc 1 637 53 view .LVU327
 1097 049a 226C     		ldr	r2, [r4, #64]
 1098 049c 42EA0112 		orr	r2, r2, r1, lsl #4
 637:../../STM32Cube_FW_N6/Drivers/STM32N6xx_HAL_Driver/Src/stm32n6xx_hal_sai.c ****                      ((hsai->Init.PdmInit.MicPairsNbr - 1U) << SAI_PDMCR_MICNBR_Pos));
 1099              		.loc 1 637 19 view .LVU328
 1100 04a0 5A64     		str	r2, [r3, #68]
 639:../../STM32Cube_FW_N6/Drivers/STM32N6xx_HAL_Driver/Src/stm32n6xx_hal_sai.c ****     }
 1101              		.loc 1 639 7 is_stmt 1 view .LVU329
 639:../../STM32Cube_FW_N6/Drivers/STM32N6xx_HAL_Driver/Src/stm32n6xx_hal_sai.c ****     }
 1102              		.loc 1 639 11 is_stmt 0 view .LVU330
 1103 04a2 5A6C     		ldr	r2, [r3, #68]
 639:../../STM32Cube_FW_N6/Drivers/STM32N6xx_HAL_Driver/Src/stm32n6xx_hal_sai.c ****     }
 1104              		.loc 1 639 19 view .LVU331
 1105 04a4 42F00102 		orr	r2, r2, #1
 1106 04a8 5A64     		str	r2, [r3, #68]
 1107              	.L86:
 644:../../STM32Cube_FW_N6/Drivers/STM32N6xx_HAL_Driver/Src/stm32n6xx_hal_sai.c **** 
 1108              		.loc 1 644 3 is_stmt 1 view .LVU332
 644:../../STM32Cube_FW_N6/Drivers/STM32N6xx_HAL_Driver/Src/stm32n6xx_hal_sai.c **** 
 1109              		.loc 1 644 19 is_stmt 0 view .LVU333
 1110 04aa 0023     		movs	r3, #0
 647:../../STM32Cube_FW_N6/Drivers/STM32N6xx_HAL_Driver/Src/stm32n6xx_hal_sai.c **** 
 1111              		.loc 1 647 15 view .LVU334
 1112 04ac 0122     		movs	r2, #1
 644:../../STM32Cube_FW_N6/Drivers/STM32N6xx_HAL_Driver/Src/stm32n6xx_hal_sai.c **** 
 1113              		.loc 1 644 19 view .LVU335
 1114 04ae C4F89430 		str	r3, [r4, #148]
 647:../../STM32Cube_FW_N6/Drivers/STM32N6xx_HAL_Driver/Src/stm32n6xx_hal_sai.c **** 
 1115              		.loc 1 647 3 is_stmt 1 view .LVU336
 650:../../STM32Cube_FW_N6/Drivers/STM32N6xx_HAL_Driver/Src/stm32n6xx_hal_sai.c **** 
 1116              		.loc 1 650 3 is_stmt 0 view .LVU337
 1117 04b2 84F89030 		strb	r3, [r4, #144]
 647:../../STM32Cube_FW_N6/Drivers/STM32N6xx_HAL_Driver/Src/stm32n6xx_hal_sai.c **** 
 1118              		.loc 1 647 15 view .LVU338
 1119 04b6 84F89120 		strb	r2, [r4, #145]
 650:../../STM32Cube_FW_N6/Drivers/STM32N6xx_HAL_Driver/Src/stm32n6xx_hal_sai.c **** 
 1120              		.loc 1 650 3 is_stmt 1 view .LVU339
 650:../../STM32Cube_FW_N6/Drivers/STM32N6xx_HAL_Driver/Src/stm32n6xx_hal_sai.c **** 
 1121              		.loc 1 650 3 view .LVU340
 650:../../STM32Cube_FW_N6/Drivers/STM32N6xx_HAL_Driver/Src/stm32n6xx_hal_sai.c **** 
 1122              		.loc 1 650 3 view .LVU341
 652:../../STM32Cube_FW_N6/Drivers/STM32N6xx_HAL_Driver/Src/stm32n6xx_hal_sai.c **** }
ARM GAS  C:\Users\Antonio\AppData\Local\Temp\ccmFwfsh.s 			page 70


 1123              		.loc 1 652 3 view .LVU342
 652:../../STM32Cube_FW_N6/Drivers/STM32N6xx_HAL_Driver/Src/stm32n6xx_hal_sai.c **** }
 1124              		.loc 1 652 10 is_stmt 0 view .LVU343
 1125 04ba A5E5     		b	.L28
 1126              	.LVL70:
 1127              	.L56:
 420:../../STM32Cube_FW_N6/Drivers/STM32N6xx_HAL_Driver/Src/stm32n6xx_hal_sai.c ****     assert_param(IS_SAI_PDM_CLOCK_ENABLE(hsai->Init.PdmInit.ClockEnable));
 1128              		.loc 1 420 5 is_stmt 1 view .LVU344
 1129 04bc E36B     		ldr	r3, [r4, #60]
 1130 04be 013B     		subs	r3, r3, #1
 1131 04c0 022B     		cmp	r3, #2
 1132 04c2 04D9     		bls	.L59
 420:../../STM32Cube_FW_N6/Drivers/STM32N6xx_HAL_Driver/Src/stm32n6xx_hal_sai.c ****     assert_param(IS_SAI_PDM_CLOCK_ENABLE(hsai->Init.PdmInit.ClockEnable));
 1133              		.loc 1 420 5 is_stmt 0 discriminator 1 view .LVU345
 1134 04c4 4FF4D271 		mov	r1, #420
 1135 04c8 2048     		ldr	r0, .L174+16
 1136 04ca FFF7FEFF 		bl	assert_failed
 1137              	.LVL71:
 1138              	.L59:
 421:../../STM32Cube_FW_N6/Drivers/STM32N6xx_HAL_Driver/Src/stm32n6xx_hal_sai.c ****     /* Check that SAI sub-block is SAI1 sub-block A, in master RX mode with free protocol */
 1139              		.loc 1 421 5 is_stmt 1 view .LVU346
 1140 04ce 236C     		ldr	r3, [r4, #64]
 1141 04d0 13B1     		cbz	r3, .L60
 421:../../STM32Cube_FW_N6/Drivers/STM32N6xx_HAL_Driver/Src/stm32n6xx_hal_sai.c ****     /* Check that SAI sub-block is SAI1 sub-block A, in master RX mode with free protocol */
 1142              		.loc 1 421 5 is_stmt 0 discriminator 2 view .LVU347
 1143 04d2 33F44073 		bics	r3, r3, #768
 1144 04d6 04D0     		beq	.L61
 1145              	.L60:
 421:../../STM32Cube_FW_N6/Drivers/STM32N6xx_HAL_Driver/Src/stm32n6xx_hal_sai.c ****     /* Check that SAI sub-block is SAI1 sub-block A, in master RX mode with free protocol */
 1146              		.loc 1 421 5 discriminator 3 view .LVU348
 1147 04d8 40F2A511 		movw	r1, #421
 1148 04dc 1B48     		ldr	r0, .L174+16
 1149 04de FFF7FEFF 		bl	assert_failed
 1150              	.LVL72:
 1151              	.L61:
 423:../../STM32Cube_FW_N6/Drivers/STM32N6xx_HAL_Driver/Src/stm32n6xx_hal_sai.c ****         (hsai->Init.AudioMode != SAI_MODEMASTER_RX) ||
 1152              		.loc 1 423 5 is_stmt 1 view .LVU349
 423:../../STM32Cube_FW_N6/Drivers/STM32N6xx_HAL_Driver/Src/stm32n6xx_hal_sai.c ****         (hsai->Init.AudioMode != SAI_MODEMASTER_RX) ||
 1153              		.loc 1 423 8 is_stmt 0 view .LVU350
 1154 04e2 2368     		ldr	r3, [r4]
 1155 04e4 AB42     		cmp	r3, r5
 1156 04e6 7FF48EAD 		bne	.L62
 423:../../STM32Cube_FW_N6/Drivers/STM32N6xx_HAL_Driver/Src/stm32n6xx_hal_sai.c ****         (hsai->Init.AudioMode != SAI_MODEMASTER_RX) ||
 1157              		.loc 1 423 42 discriminator 1 view .LVU351
 1158 04ea 6368     		ldr	r3, [r4, #4]
 1159 04ec 012B     		cmp	r3, #1
 1160 04ee 7FF48AAD 		bne	.L62
 424:../../STM32Cube_FW_N6/Drivers/STM32N6xx_HAL_Driver/Src/stm32n6xx_hal_sai.c ****         (hsai->Init.Protocol != SAI_FREE_PROTOCOL))
 1161              		.loc 1 424 53 view .LVU352
 1162 04f2 636C     		ldr	r3, [r4, #68]
 1163 04f4 002B     		cmp	r3, #0
 1164 04f6 3FF4D3AE 		beq	.L63
 1165 04fa 84E5     		b	.L62
 1166              	.LVL73:
 1167              	.L66:
 494:../../STM32Cube_FW_N6/Drivers/STM32N6xx_HAL_Driver/Src/stm32n6xx_hal_sai.c ****       tmpregisterGCR |= SAI_GCR_SYNCIN_0;
 1168              		.loc 1 494 7 is_stmt 1 view .LVU353
ARM GAS  C:\Users\Antonio\AppData\Local\Temp\ccmFwfsh.s 			page 71


 495:../../STM32Cube_FW_N6/Drivers/STM32N6xx_HAL_Driver/Src/stm32n6xx_hal_sai.c ****       break;
 1169              		.loc 1 495 7 view .LVU354
 495:../../STM32Cube_FW_N6/Drivers/STM32N6xx_HAL_Driver/Src/stm32n6xx_hal_sai.c ****       break;
 1170              		.loc 1 495 22 is_stmt 0 view .LVU355
 1171 04fc 43F00103 		orr	r3, r3, #1
 1172              	.LVL74:
 496:../../STM32Cube_FW_N6/Drivers/STM32N6xx_HAL_Driver/Src/stm32n6xx_hal_sai.c ****     default :
 1173              		.loc 1 496 7 is_stmt 1 view .LVU356
 1174              	.L89:
 491:../../STM32Cube_FW_N6/Drivers/STM32N6xx_HAL_Driver/Src/stm32n6xx_hal_sai.c ****       break;
 1175              		.loc 1 491 19 is_stmt 0 view .LVU357
 1176 0500 4FF40067 		mov	r7, #2048
 1177 0504 F4E6     		b	.L65
 1178              	.LVL75:
 1179              	.L68:
 508:../../STM32Cube_FW_N6/Drivers/STM32N6xx_HAL_Driver/Src/stm32n6xx_hal_sai.c ****   }
 1180              		.loc 1 508 5 is_stmt 1 view .LVU358
 508:../../STM32Cube_FW_N6/Drivers/STM32N6xx_HAL_Driver/Src/stm32n6xx_hal_sai.c ****   }
 1181              		.loc 1 508 15 is_stmt 0 view .LVU359
 1182 0506 1449     		ldr	r1, .L174+28
 1183 0508 FBE6     		b	.L169
 1184              	.LVL76:
 1185              	.L90:
 1186              	.LBB8:
 513:../../STM32Cube_FW_N6/Drivers/STM32N6xx_HAL_Driver/Src/stm32n6xx_hal_sai.c ****     uint32_t tmpval;
 1187              		.loc 1 513 14 view .LVU360
 1188 050a 0020     		movs	r0, #0
 1189 050c 08E7     		b	.L73
 1190              	.LVL77:
 1191              	.L91:
 1192              	.LBB6:
 539:../../STM32Cube_FW_N6/Drivers/STM32N6xx_HAL_Driver/Src/stm32n6xx_hal_sai.c ****       }
 1193              		.loc 1 539 24 view .LVU361
 1194 050e 4023     		movs	r3, #64
 1195 0510 21E7     		b	.L77
 1196              	.L92:
 544:../../STM32Cube_FW_N6/Drivers/STM32N6xx_HAL_Driver/Src/stm32n6xx_hal_sai.c ****       }
 1197              		.loc 1 544 24 view .LVU362
 1198 0512 4FF48073 		mov	r3, #256
 1199 0516 1EE7     		b	.L77
 1200              	.L76:
 1201              	.LBE6:
 1202              	.LBB7:
 558:../../STM32Cube_FW_N6/Drivers/STM32N6xx_HAL_Driver/Src/stm32n6xx_hal_sai.c ****       tmposr = (hsai->Init.MckOverSampling == SAI_MCK_OVERSAMPLING_ENABLE) ? 2U : 1U;
 1203              		.loc 1 558 7 is_stmt 1 view .LVU363
 559:../../STM32Cube_FW_N6/Drivers/STM32N6xx_HAL_Driver/Src/stm32n6xx_hal_sai.c ****       /* (freq x 10) to keep Significant digits */
 1204              		.loc 1 559 7 view .LVU364
 559:../../STM32Cube_FW_N6/Drivers/STM32N6xx_HAL_Driver/Src/stm32n6xx_hal_sai.c ****       /* (freq x 10) to keep Significant digits */
 1205              		.loc 1 559 81 is_stmt 0 view .LVU365
 1206 0518 A36A     		ldr	r3, [r4, #40]
 561:../../STM32Cube_FW_N6/Drivers/STM32N6xx_HAL_Driver/Src/stm32n6xx_hal_sai.c ****     }
 1207              		.loc 1 561 22 view .LVU366
 1208 051a 0A21     		movs	r1, #10
 559:../../STM32Cube_FW_N6/Drivers/STM32N6xx_HAL_Driver/Src/stm32n6xx_hal_sai.c ****       /* (freq x 10) to keep Significant digits */
 1209              		.loc 1 559 81 discriminator 1 view .LVU367
 1210 051c B3F1806F 		cmp	r3, #67108864
 1211 0520 14BF     		ite	ne
ARM GAS  C:\Users\Antonio\AppData\Local\Temp\ccmFwfsh.s 			page 72


 1212 0522 0123     		movne	r3, #1
 1213 0524 0223     		moveq	r3, #2
 1214              	.LVL78:
 561:../../STM32Cube_FW_N6/Drivers/STM32N6xx_HAL_Driver/Src/stm32n6xx_hal_sai.c ****     }
 1215              		.loc 1 561 7 is_stmt 1 view .LVU368
 561:../../STM32Cube_FW_N6/Drivers/STM32N6xx_HAL_Driver/Src/stm32n6xx_hal_sai.c ****     }
 1216              		.loc 1 561 67 is_stmt 0 view .LVU369
 1217 0526 0CFB03F3 		mul	r3, ip, r3
 1218              	.LVL79:
 561:../../STM32Cube_FW_N6/Drivers/STM32N6xx_HAL_Driver/Src/stm32n6xx_hal_sai.c ****     }
 1219              		.loc 1 561 22 view .LVU370
 1220 052a 4843     		muls	r0, r1, r0
 1221              	.LVL80:
 561:../../STM32Cube_FW_N6/Drivers/STM32N6xx_HAL_Driver/Src/stm32n6xx_hal_sai.c ****     }
 1222              		.loc 1 561 67 view .LVU371
 1223 052c 1B02     		lsls	r3, r3, #8
 561:../../STM32Cube_FW_N6/Drivers/STM32N6xx_HAL_Driver/Src/stm32n6xx_hal_sai.c ****     }
 1224              		.loc 1 561 14 view .LVU372
 1225 052e B0FBF3F0 		udiv	r0, r0, r3
 1226              	.LVL81:
 561:../../STM32Cube_FW_N6/Drivers/STM32N6xx_HAL_Driver/Src/stm32n6xx_hal_sai.c ****     }
 1227              		.loc 1 561 14 view .LVU373
 1228 0532 16E7     		b	.L78
 1229              	.LVL82:
 1230              	.L83:
 561:../../STM32Cube_FW_N6/Drivers/STM32N6xx_HAL_Driver/Src/stm32n6xx_hal_sai.c ****     }
 1231              		.loc 1 561 14 view .LVU374
 1232              	.LBE7:
 1233              	.LBE8:
 590:../../STM32Cube_FW_N6/Drivers/STM32N6xx_HAL_Driver/Src/stm32n6xx_hal_sai.c ****   }
 1234              		.loc 1 590 5 is_stmt 1 view .LVU375
 590:../../STM32Cube_FW_N6/Drivers/STM32N6xx_HAL_Driver/Src/stm32n6xx_hal_sai.c ****   }
 1235              		.loc 1 590 94 is_stmt 0 view .LVU376
 1236 0534 4A1E     		subs	r2, r1, #1
 1237 0536 5142     		rsbs	r1, r2, #0
 1238 0538 5141     		adcs	r1, r1, r2
 1239 053a 31E7     		b	.L170
 1240              	.L175:
 1241              		.align	2
 1242              	.L174:
 1243 053c 04580052 		.word	1375754244
 1244 0540 24580052 		.word	1375754276
 1245 0544 00580052 		.word	1375754240
 1246 0548 045C0052 		.word	1375755268
 1247 054c 00000000 		.word	.LC0
 1248 0550 10C005F0 		.word	-268058608
 1249 0554 0080F8FF 		.word	-491520
 1250 0558 005C0052 		.word	1375755264
 1251              		.cfi_endproc
 1252              	.LFE838:
 1254              		.section	.text.HAL_SAI_InitProtocol,"ax",%progbits
 1255              		.align	1
 1256              		.global	HAL_SAI_InitProtocol
 1257              		.syntax unified
 1258              		.thumb
 1259              		.thumb_func
 1261              	HAL_SAI_InitProtocol:
ARM GAS  C:\Users\Antonio\AppData\Local\Temp\ccmFwfsh.s 			page 73


 1262              	.LVL83:
 1263              	.LFB837:
 332:../../STM32Cube_FW_N6/Drivers/STM32N6xx_HAL_Driver/Src/stm32n6xx_hal_sai.c ****   HAL_StatusTypeDef status;
 1264              		.loc 1 332 1 is_stmt 1 view -0
 1265              		.cfi_startproc
 1266              		@ args = 0, pretend = 0, frame = 0
 1267              		@ frame_needed = 0, uses_anonymous_args = 0
 333:../../STM32Cube_FW_N6/Drivers/STM32N6xx_HAL_Driver/Src/stm32n6xx_hal_sai.c **** 
 1268              		.loc 1 333 3 view .LVU378
 336:../../STM32Cube_FW_N6/Drivers/STM32N6xx_HAL_Driver/Src/stm32n6xx_hal_sai.c ****   assert_param(IS_SAI_PROTOCOL_DATASIZE(datasize));
 1269              		.loc 1 336 3 view .LVU379
 1270 0000 0429     		cmp	r1, #4
 332:../../STM32Cube_FW_N6/Drivers/STM32N6xx_HAL_Driver/Src/stm32n6xx_hal_sai.c ****   HAL_StatusTypeDef status;
 1271              		.loc 1 332 1 is_stmt 0 view .LVU380
 1272 0002 F8B5     		push	{r3, r4, r5, r6, r7, lr}
 1273              		.cfi_def_cfa_offset 24
 1274              		.cfi_offset 3, -24
 1275              		.cfi_offset 4, -20
 1276              		.cfi_offset 5, -16
 1277              		.cfi_offset 6, -12
 1278              		.cfi_offset 7, -8
 1279              		.cfi_offset 14, -4
 332:../../STM32Cube_FW_N6/Drivers/STM32N6xx_HAL_Driver/Src/stm32n6xx_hal_sai.c ****   HAL_StatusTypeDef status;
 1280              		.loc 1 332 1 view .LVU381
 1281 0004 0446     		mov	r4, r0
 1282 0006 0E46     		mov	r6, r1
 1283 0008 1746     		mov	r7, r2
 1284 000a 1D46     		mov	r5, r3
 336:../../STM32Cube_FW_N6/Drivers/STM32N6xx_HAL_Driver/Src/stm32n6xx_hal_sai.c ****   assert_param(IS_SAI_PROTOCOL_DATASIZE(datasize));
 1285              		.loc 1 336 3 view .LVU382
 1286 000c 2ED9     		bls	.L177
 336:../../STM32Cube_FW_N6/Drivers/STM32N6xx_HAL_Driver/Src/stm32n6xx_hal_sai.c ****   assert_param(IS_SAI_PROTOCOL_DATASIZE(datasize));
 1287              		.loc 1 336 3 discriminator 1 view .LVU383
 1288 000e 4FF4A871 		mov	r1, #336
 1289              	.LVL84:
 336:../../STM32Cube_FW_N6/Drivers/STM32N6xx_HAL_Driver/Src/stm32n6xx_hal_sai.c ****   assert_param(IS_SAI_PROTOCOL_DATASIZE(datasize));
 1290              		.loc 1 336 3 discriminator 1 view .LVU384
 1291 0012 4F48     		ldr	r0, .L227
 1292              	.LVL85:
 336:../../STM32Cube_FW_N6/Drivers/STM32N6xx_HAL_Driver/Src/stm32n6xx_hal_sai.c ****   assert_param(IS_SAI_PROTOCOL_DATASIZE(datasize));
 1293              		.loc 1 336 3 discriminator 1 view .LVU385
 1294 0014 FFF7FEFF 		bl	assert_failed
 1295              	.LVL86:
 337:../../STM32Cube_FW_N6/Drivers/STM32N6xx_HAL_Driver/Src/stm32n6xx_hal_sai.c **** 
 1296              		.loc 1 337 3 is_stmt 1 view .LVU386
 1297 0018 032F     		cmp	r7, #3
 1298 001a 4FD9     		bls	.L206
 1299              	.L178:
 337:../../STM32Cube_FW_N6/Drivers/STM32N6xx_HAL_Driver/Src/stm32n6xx_hal_sai.c **** 
 1300              		.loc 1 337 3 is_stmt 0 discriminator 1 view .LVU387
 1301 001c 40F25111 		movw	r1, #337
 1302 0020 4B48     		ldr	r0, .L227
 1303 0022 FFF7FEFF 		bl	assert_failed
 1304              	.LVL87:
 339:../../STM32Cube_FW_N6/Drivers/STM32N6xx_HAL_Driver/Src/stm32n6xx_hal_sai.c ****   {
 1305              		.loc 1 339 3 is_stmt 1 view .LVU388
 1306 0026 022E     		cmp	r6, #2
ARM GAS  C:\Users\Antonio\AppData\Local\Temp\ccmFwfsh.s 			page 74


 1307 0028 45D8     		bhi	.L181
 1308              	.L182:
 344:../../STM32Cube_FW_N6/Drivers/STM32N6xx_HAL_Driver/Src/stm32n6xx_hal_sai.c ****       break;
 1309              		.loc 1 344 7 view .LVU389
 1310              	.LVL88:
 1311              	.LBB13:
 1312              	.LBI13:
2247:../../STM32Cube_FW_N6/Drivers/STM32N6xx_HAL_Driver/Src/stm32n6xx_hal_sai.c **** {
 1313              		.loc 1 2247 26 view .LVU390
 1314              	.LBB14:
2249:../../STM32Cube_FW_N6/Drivers/STM32N6xx_HAL_Driver/Src/stm32n6xx_hal_sai.c **** 
 1315              		.loc 1 2249 3 view .LVU391
2251:../../STM32Cube_FW_N6/Drivers/STM32N6xx_HAL_Driver/Src/stm32n6xx_hal_sai.c ****   hsai->Init.FirstBit            = SAI_FIRSTBIT_MSB;
 1316              		.loc 1 2251 3 view .LVU392
2251:../../STM32Cube_FW_N6/Drivers/STM32N6xx_HAL_Driver/Src/stm32n6xx_hal_sai.c ****   hsai->Init.FirstBit            = SAI_FIRSTBIT_MSB;
 1317              		.loc 1 2251 34 is_stmt 0 view .LVU393
 1318 002a 0023     		movs	r3, #0
2254:../../STM32Cube_FW_N6/Drivers/STM32N6xx_HAL_Driver/Src/stm32n6xx_hal_sai.c ****   {
 1319              		.loc 1 2254 6 view .LVU394
 1320 002c 6268     		ldr	r2, [r4, #4]
2251:../../STM32Cube_FW_N6/Drivers/STM32N6xx_HAL_Driver/Src/stm32n6xx_hal_sai.c ****   hsai->Init.FirstBit            = SAI_FIRSTBIT_MSB;
 1321              		.loc 1 2251 34 view .LVU395
 1322 002e 6364     		str	r3, [r4, #68]
2252:../../STM32Cube_FW_N6/Drivers/STM32N6xx_HAL_Driver/Src/stm32n6xx_hal_sai.c ****   /* Compute ClockStrobing according AudioMode */
 1323              		.loc 1 2252 3 is_stmt 1 view .LVU396
2254:../../STM32Cube_FW_N6/Drivers/STM32N6xx_HAL_Driver/Src/stm32n6xx_hal_sai.c ****   {
 1324              		.loc 1 2254 6 is_stmt 0 view .LVU397
 1325 0030 32F00202 		bics	r2, r2, #2
 1326 0034 14BF     		ite	ne
 1327 0036 0122     		movne	r2, #1
 1328 0038 1A46     		moveq	r2, r3
 1329 003a 2265     		str	r2, [r4, #80]
2264:../../STM32Cube_FW_N6/Drivers/STM32N6xx_HAL_Driver/Src/stm32n6xx_hal_sai.c ****   hsai->SlotInit.SlotActive      = SAI_SLOTACTIVE_ALL;
 1330              		.loc 1 2264 34 view .LVU398
 1331 003c 4FF48032 		mov	r2, #65536
 1332 0040 E265     		str	r2, [r4, #92]
2265:../../STM32Cube_FW_N6/Drivers/STM32N6xx_HAL_Driver/Src/stm32n6xx_hal_sai.c ****   hsai->SlotInit.FirstBitOffset  = 0;
 1333              		.loc 1 2265 34 view .LVU399
 1334 0042 4FF6FF72 		movw	r2, #65535
2252:../../STM32Cube_FW_N6/Drivers/STM32N6xx_HAL_Driver/Src/stm32n6xx_hal_sai.c ****   /* Compute ClockStrobing according AudioMode */
 1335              		.loc 1 2252 34 view .LVU400
 1336 0046 E364     		str	r3, [r4, #76]
2254:../../STM32Cube_FW_N6/Drivers/STM32N6xx_HAL_Driver/Src/stm32n6xx_hal_sai.c ****   {
 1337              		.loc 1 2254 3 is_stmt 1 view .LVU401
2264:../../STM32Cube_FW_N6/Drivers/STM32N6xx_HAL_Driver/Src/stm32n6xx_hal_sai.c ****   hsai->SlotInit.SlotActive      = SAI_SLOTACTIVE_ALL;
 1338              		.loc 1 2264 3 view .LVU402
2265:../../STM32Cube_FW_N6/Drivers/STM32N6xx_HAL_Driver/Src/stm32n6xx_hal_sai.c ****   hsai->SlotInit.FirstBitOffset  = 0;
 1339              		.loc 1 2265 3 view .LVU403
2266:../../STM32Cube_FW_N6/Drivers/STM32N6xx_HAL_Driver/Src/stm32n6xx_hal_sai.c ****   hsai->SlotInit.SlotNumber      = nbslot;
 1340              		.loc 1 2266 34 is_stmt 0 view .LVU404
 1341 0048 A366     		str	r3, [r4, #104]
2270:../../STM32Cube_FW_N6/Drivers/STM32N6xx_HAL_Driver/Src/stm32n6xx_hal_sai.c ****   {
 1342              		.loc 1 2270 6 view .LVU405
 1343 004a 15F00103 		ands	r3, r5, #1
2265:../../STM32Cube_FW_N6/Drivers/STM32N6xx_HAL_Driver/Src/stm32n6xx_hal_sai.c ****   hsai->SlotInit.FirstBitOffset  = 0;
 1344              		.loc 1 2265 34 view .LVU406
 1345 004e 6267     		str	r2, [r4, #116]
ARM GAS  C:\Users\Antonio\AppData\Local\Temp\ccmFwfsh.s 			page 75


2266:../../STM32Cube_FW_N6/Drivers/STM32N6xx_HAL_Driver/Src/stm32n6xx_hal_sai.c ****   hsai->SlotInit.SlotNumber      = nbslot;
 1346              		.loc 1 2266 3 is_stmt 1 view .LVU407
2267:../../STM32Cube_FW_N6/Drivers/STM32N6xx_HAL_Driver/Src/stm32n6xx_hal_sai.c **** 
 1347              		.loc 1 2267 3 view .LVU408
2267:../../STM32Cube_FW_N6/Drivers/STM32N6xx_HAL_Driver/Src/stm32n6xx_hal_sai.c **** 
 1348              		.loc 1 2267 34 is_stmt 0 view .LVU409
 1349 0050 2567     		str	r5, [r4, #112]
2270:../../STM32Cube_FW_N6/Drivers/STM32N6xx_HAL_Driver/Src/stm32n6xx_hal_sai.c ****   {
 1350              		.loc 1 2270 3 is_stmt 1 view .LVU410
2270:../../STM32Cube_FW_N6/Drivers/STM32N6xx_HAL_Driver/Src/stm32n6xx_hal_sai.c ****   {
 1351              		.loc 1 2270 6 is_stmt 0 view .LVU411
 1352 0052 33D1     		bne	.L206
2275:../../STM32Cube_FW_N6/Drivers/STM32N6xx_HAL_Driver/Src/stm32n6xx_hal_sai.c ****   {
 1353              		.loc 1 2275 3 is_stmt 1 view .LVU412
2275:../../STM32Cube_FW_N6/Drivers/STM32N6xx_HAL_Driver/Src/stm32n6xx_hal_sai.c ****   {
 1354              		.loc 1 2275 6 is_stmt 0 view .LVU413
 1355 0054 002E     		cmp	r6, #0
 1356 0056 47D1     		bne	.L187
2277:../../STM32Cube_FW_N6/Drivers/STM32N6xx_HAL_Driver/Src/stm32n6xx_hal_sai.c ****     hsai->FrameInit.FSOffset   = SAI_FS_BEFOREFIRSTBIT;
 1357              		.loc 1 2277 5 is_stmt 1 view .LVU414
2278:../../STM32Cube_FW_N6/Drivers/STM32N6xx_HAL_Driver/Src/stm32n6xx_hal_sai.c ****   }
 1358              		.loc 1 2278 32 is_stmt 0 view .LVU415
 1359 0058 4FF48023 		mov	r3, #262144
2277:../../STM32Cube_FW_N6/Drivers/STM32N6xx_HAL_Driver/Src/stm32n6xx_hal_sai.c ****     hsai->FrameInit.FSOffset   = SAI_FS_BEFOREFIRSTBIT;
 1360              		.loc 1 2277 32 view .LVU416
 1361 005c 2666     		str	r6, [r4, #96]
2278:../../STM32Cube_FW_N6/Drivers/STM32N6xx_HAL_Driver/Src/stm32n6xx_hal_sai.c ****   }
 1362              		.loc 1 2278 5 is_stmt 1 view .LVU417
 1363              	.L224:
2284:../../STM32Cube_FW_N6/Drivers/STM32N6xx_HAL_Driver/Src/stm32n6xx_hal_sai.c ****   }
 1364              		.loc 1 2284 5 view .LVU418
2284:../../STM32Cube_FW_N6/Drivers/STM32N6xx_HAL_Driver/Src/stm32n6xx_hal_sai.c ****   }
 1365              		.loc 1 2284 32 is_stmt 0 view .LVU419
 1366 005e 6366     		str	r3, [r4, #100]
2288:../../STM32Cube_FW_N6/Drivers/STM32N6xx_HAL_Driver/Src/stm32n6xx_hal_sai.c ****   {
 1367              		.loc 1 2288 3 is_stmt 1 view .LVU420
 1368 0060 032F     		cmp	r7, #3
 1369 0062 2BD8     		bhi	.L206
 1370 0064 DFE807F0 		tbb	[pc, r7]
 1371              	.L194:
 1372 0068 2C       		.byte	(.L192-.L194)/2
 1373 0069 44       		.byte	(.L191-.L194)/2
 1374 006a 49       		.byte	(.L190-.L194)/2
 1375 006b 56       		.byte	(.L188-.L194)/2
 1376              	.LVL89:
 1377              		.p2align 1
 1378              	.L177:
2288:../../STM32Cube_FW_N6/Drivers/STM32N6xx_HAL_Driver/Src/stm32n6xx_hal_sai.c ****   {
 1379              		.loc 1 2288 3 is_stmt 0 view .LVU421
 1380              	.LBE14:
 1381              	.LBE13:
 337:../../STM32Cube_FW_N6/Drivers/STM32N6xx_HAL_Driver/Src/stm32n6xx_hal_sai.c **** 
 1382              		.loc 1 337 3 is_stmt 1 view .LVU422
 1383 006c 032A     		cmp	r2, #3
 1384 006e D5D8     		bhi	.L178
 339:../../STM32Cube_FW_N6/Drivers/STM32N6xx_HAL_Driver/Src/stm32n6xx_hal_sai.c ****   {
 1385              		.loc 1 339 3 view .LVU423
ARM GAS  C:\Users\Antonio\AppData\Local\Temp\ccmFwfsh.s 			page 76


 1386 0070 0229     		cmp	r1, #2
 1387 0072 DAD9     		bls	.L182
 1388              	.LVL90:
 1389              	.L184:
 348:../../STM32Cube_FW_N6/Drivers/STM32N6xx_HAL_Driver/Src/stm32n6xx_hal_sai.c ****       break;
 1390              		.loc 1 348 7 view .LVU424
 1391              	.LBB18:
 1392              	.LBI18:
2342:../../STM32Cube_FW_N6/Drivers/STM32N6xx_HAL_Driver/Src/stm32n6xx_hal_sai.c **** {
 1393              		.loc 1 2342 26 view .LVU425
 1394              	.LBB19:
2344:../../STM32Cube_FW_N6/Drivers/STM32N6xx_HAL_Driver/Src/stm32n6xx_hal_sai.c **** 
 1395              		.loc 1 2344 3 view .LVU426
2346:../../STM32Cube_FW_N6/Drivers/STM32N6xx_HAL_Driver/Src/stm32n6xx_hal_sai.c ****   hsai->Init.FirstBit            = SAI_FIRSTBIT_MSB;
 1396              		.loc 1 2346 3 view .LVU427
2346:../../STM32Cube_FW_N6/Drivers/STM32N6xx_HAL_Driver/Src/stm32n6xx_hal_sai.c ****   hsai->Init.FirstBit            = SAI_FIRSTBIT_MSB;
 1397              		.loc 1 2346 34 is_stmt 0 view .LVU428
 1398 0074 0023     		movs	r3, #0
2349:../../STM32Cube_FW_N6/Drivers/STM32N6xx_HAL_Driver/Src/stm32n6xx_hal_sai.c ****   {
 1399              		.loc 1 2349 6 view .LVU429
 1400 0076 6268     		ldr	r2, [r4, #4]
2346:../../STM32Cube_FW_N6/Drivers/STM32N6xx_HAL_Driver/Src/stm32n6xx_hal_sai.c ****   hsai->Init.FirstBit            = SAI_FIRSTBIT_MSB;
 1401              		.loc 1 2346 34 view .LVU430
 1402 0078 6364     		str	r3, [r4, #68]
2347:../../STM32Cube_FW_N6/Drivers/STM32N6xx_HAL_Driver/Src/stm32n6xx_hal_sai.c ****   /* Compute ClockStrobing according AudioMode */
 1403              		.loc 1 2347 3 is_stmt 1 view .LVU431
2349:../../STM32Cube_FW_N6/Drivers/STM32N6xx_HAL_Driver/Src/stm32n6xx_hal_sai.c ****   {
 1404              		.loc 1 2349 6 is_stmt 0 view .LVU432
 1405 007a 32F00202 		bics	r2, r2, #2
 1406 007e 14BF     		ite	ne
 1407 0080 1A46     		movne	r2, r3
 1408 0082 0122     		moveq	r2, #1
2347:../../STM32Cube_FW_N6/Drivers/STM32N6xx_HAL_Driver/Src/stm32n6xx_hal_sai.c ****   /* Compute ClockStrobing according AudioMode */
 1409              		.loc 1 2347 34 view .LVU433
 1410 0084 E364     		str	r3, [r4, #76]
2349:../../STM32Cube_FW_N6/Drivers/STM32N6xx_HAL_Driver/Src/stm32n6xx_hal_sai.c ****   {
 1411              		.loc 1 2349 3 is_stmt 1 view .LVU434
2359:../../STM32Cube_FW_N6/Drivers/STM32N6xx_HAL_Driver/Src/stm32n6xx_hal_sai.c ****   hsai->FrameInit.FSPolarity     = SAI_FS_ACTIVE_HIGH;
 1412              		.loc 1 2359 34 is_stmt 0 view .LVU435
 1413 0086 E365     		str	r3, [r4, #92]
2362:../../STM32Cube_FW_N6/Drivers/STM32N6xx_HAL_Driver/Src/stm32n6xx_hal_sai.c ****   hsai->SlotInit.SlotNumber      = nbslot;
 1414              		.loc 1 2362 34 view .LVU436
 1415 0088 A366     		str	r3, [r4, #104]
2364:../../STM32Cube_FW_N6/Drivers/STM32N6xx_HAL_Driver/Src/stm32n6xx_hal_sai.c **** 
 1416              		.loc 1 2364 34 view .LVU437
 1417 008a 4FF6FF73 		movw	r3, #65535
2368:../../STM32Cube_FW_N6/Drivers/STM32N6xx_HAL_Driver/Src/stm32n6xx_hal_sai.c ****   }
 1418              		.loc 1 2368 39 view .LVU438
 1419 008e 042E     		cmp	r6, #4
2364:../../STM32Cube_FW_N6/Drivers/STM32N6xx_HAL_Driver/Src/stm32n6xx_hal_sai.c **** 
 1420              		.loc 1 2364 34 view .LVU439
 1421 0090 6367     		str	r3, [r4, #116]
2361:../../STM32Cube_FW_N6/Drivers/STM32N6xx_HAL_Driver/Src/stm32n6xx_hal_sai.c ****   hsai->SlotInit.FirstBitOffset  = 0;
 1422              		.loc 1 2361 34 view .LVU440
 1423 0092 4FF40031 		mov	r1, #131072
2368:../../STM32Cube_FW_N6/Drivers/STM32N6xx_HAL_Driver/Src/stm32n6xx_hal_sai.c ****   }
 1424              		.loc 1 2368 39 view .LVU441
ARM GAS  C:\Users\Antonio\AppData\Local\Temp\ccmFwfsh.s 			page 77


 1425 0096 14BF     		ite	ne
 1426 0098 0D23     		movne	r3, #13
 1427 009a 0123     		moveq	r3, #1
 1428 009c 2265     		str	r2, [r4, #80]
2359:../../STM32Cube_FW_N6/Drivers/STM32N6xx_HAL_Driver/Src/stm32n6xx_hal_sai.c ****   hsai->FrameInit.FSPolarity     = SAI_FS_ACTIVE_HIGH;
 1429              		.loc 1 2359 3 is_stmt 1 view .LVU442
2360:../../STM32Cube_FW_N6/Drivers/STM32N6xx_HAL_Driver/Src/stm32n6xx_hal_sai.c ****   hsai->FrameInit.FSOffset       = SAI_FS_BEFOREFIRSTBIT;
 1430              		.loc 1 2360 3 view .LVU443
2361:../../STM32Cube_FW_N6/Drivers/STM32N6xx_HAL_Driver/Src/stm32n6xx_hal_sai.c ****   hsai->SlotInit.FirstBitOffset  = 0;
 1431              		.loc 1 2361 34 is_stmt 0 view .LVU444
 1432 009e 4FF48022 		mov	r2, #262144
2363:../../STM32Cube_FW_N6/Drivers/STM32N6xx_HAL_Driver/Src/stm32n6xx_hal_sai.c ****   hsai->SlotInit.SlotActive      = SAI_SLOTACTIVE_ALL;
 1433              		.loc 1 2363 34 view .LVU445
 1434 00a2 2567     		str	r5, [r4, #112]
2361:../../STM32Cube_FW_N6/Drivers/STM32N6xx_HAL_Driver/Src/stm32n6xx_hal_sai.c ****   hsai->SlotInit.FirstBitOffset  = 0;
 1435              		.loc 1 2361 34 view .LVU446
 1436 00a4 C4E91812 		strd	r1, r2, [r4, #96]
2362:../../STM32Cube_FW_N6/Drivers/STM32N6xx_HAL_Driver/Src/stm32n6xx_hal_sai.c ****   hsai->SlotInit.SlotNumber      = nbslot;
 1437              		.loc 1 2362 3 is_stmt 1 view .LVU447
2363:../../STM32Cube_FW_N6/Drivers/STM32N6xx_HAL_Driver/Src/stm32n6xx_hal_sai.c ****   hsai->SlotInit.SlotActive      = SAI_SLOTACTIVE_ALL;
 1438              		.loc 1 2363 3 view .LVU448
2364:../../STM32Cube_FW_N6/Drivers/STM32N6xx_HAL_Driver/Src/stm32n6xx_hal_sai.c **** 
 1439              		.loc 1 2364 3 view .LVU449
2366:../../STM32Cube_FW_N6/Drivers/STM32N6xx_HAL_Driver/Src/stm32n6xx_hal_sai.c ****   {
 1440              		.loc 1 2366 3 view .LVU450
 1441 00a8 A365     		str	r3, [r4, #88]
2376:../../STM32Cube_FW_N6/Drivers/STM32N6xx_HAL_Driver/Src/stm32n6xx_hal_sai.c ****   {
 1442              		.loc 1 2376 3 view .LVU451
 1443 00aa 032F     		cmp	r7, #3
 1444 00ac 06D8     		bhi	.L206
 1445 00ae DFE807F0 		tbb	[pc, r7]
 1446              	.L199:
 1447 00b2 3C       		.byte	(.L202-.L199)/2
 1448 00b3 43       		.byte	(.L201-.L199)/2
 1449 00b4 48       		.byte	(.L200-.L199)/2
 1450 00b5 4D       		.byte	(.L198-.L199)/2
 1451              	.LVL91:
 1452              		.p2align 1
 1453              	.L181:
2376:../../STM32Cube_FW_N6/Drivers/STM32N6xx_HAL_Driver/Src/stm32n6xx_hal_sai.c ****   {
 1454              		.loc 1 2376 3 is_stmt 0 view .LVU452
 1455              	.LBE19:
 1456              	.LBE18:
 339:../../STM32Cube_FW_N6/Drivers/STM32N6xx_HAL_Driver/Src/stm32n6xx_hal_sai.c ****   {
 1457              		.loc 1 339 3 view .LVU453
 1458 00b6 F31E     		subs	r3, r6, #3
 1459 00b8 012B     		cmp	r3, #1
 1460 00ba DBD9     		bls	.L184
 1461              	.L206:
 361:../../STM32Cube_FW_N6/Drivers/STM32N6xx_HAL_Driver/Src/stm32n6xx_hal_sai.c **** 
 1462              		.loc 1 361 1 view .LVU454
 1463 00bc 0120     		movs	r0, #1
 1464 00be F8BD     		pop	{r3, r4, r5, r6, r7, pc}
 1465              	.LVL92:
 1466              	.L192:
 1467              	.LBB23:
 1468              	.LBB15:
ARM GAS  C:\Users\Antonio\AppData\Local\Temp\ccmFwfsh.s 			page 78


2291:../../STM32Cube_FW_N6/Drivers/STM32N6xx_HAL_Driver/Src/stm32n6xx_hal_sai.c ****       hsai->FrameInit.FrameLength = 32U * (nbslot / 2U);
 1469              		.loc 1 2291 7 is_stmt 1 view .LVU455
2292:../../STM32Cube_FW_N6/Drivers/STM32N6xx_HAL_Driver/Src/stm32n6xx_hal_sai.c ****       hsai->FrameInit.ActiveFrameLength = 16U * (nbslot / 2U);
 1470              		.loc 1 2292 7 view .LVU456
2295:../../STM32Cube_FW_N6/Drivers/STM32N6xx_HAL_Driver/Src/stm32n6xx_hal_sai.c ****     case SAI_PROTOCOL_DATASIZE_16BITEXTENDED :
 1471              		.loc 1 2295 7 is_stmt 0 view .LVU457
 1472 00c0 4023     		movs	r3, #64
2292:../../STM32Cube_FW_N6/Drivers/STM32N6xx_HAL_Driver/Src/stm32n6xx_hal_sai.c ****       hsai->FrameInit.ActiveFrameLength = 16U * (nbslot / 2U);
 1473              		.loc 1 2292 51 view .LVU458
 1474 00c2 6D08     		lsrs	r5, r5, #1
 1475              	.LVL93:
2292:../../STM32Cube_FW_N6/Drivers/STM32N6xx_HAL_Driver/Src/stm32n6xx_hal_sai.c ****       hsai->FrameInit.ActiveFrameLength = 16U * (nbslot / 2U);
 1476              		.loc 1 2292 41 view .LVU459
 1477 00c4 6A01     		lsls	r2, r5, #5
2293:../../STM32Cube_FW_N6/Drivers/STM32N6xx_HAL_Driver/Src/stm32n6xx_hal_sai.c ****       hsai->SlotInit.SlotSize = SAI_SLOTSIZE_16B;
 1478              		.loc 1 2293 7 is_stmt 1 view .LVU460
2293:../../STM32Cube_FW_N6/Drivers/STM32N6xx_HAL_Driver/Src/stm32n6xx_hal_sai.c ****       hsai->SlotInit.SlotSize = SAI_SLOTSIZE_16B;
 1479              		.loc 1 2293 47 is_stmt 0 view .LVU461
 1480 00c6 2D01     		lsls	r5, r5, #4
2294:../../STM32Cube_FW_N6/Drivers/STM32N6xx_HAL_Driver/Src/stm32n6xx_hal_sai.c ****       break;
 1481              		.loc 1 2294 7 is_stmt 1 view .LVU462
2295:../../STM32Cube_FW_N6/Drivers/STM32N6xx_HAL_Driver/Src/stm32n6xx_hal_sai.c ****     case SAI_PROTOCOL_DATASIZE_16BITEXTENDED :
 1482              		.loc 1 2295 7 view .LVU463
 1483              	.L193:
2291:../../STM32Cube_FW_N6/Drivers/STM32N6xx_HAL_Driver/Src/stm32n6xx_hal_sai.c ****       hsai->FrameInit.FrameLength = 32U * (nbslot / 2U);
 1484              		.loc 1 2291 27 is_stmt 0 view .LVU464
 1485 00c8 8021     		movs	r1, #128
2318:../../STM32Cube_FW_N6/Drivers/STM32N6xx_HAL_Driver/Src/stm32n6xx_hal_sai.c ****   {
 1486              		.loc 1 2318 6 view .LVU465
 1487 00ca 022E     		cmp	r6, #2
2293:../../STM32Cube_FW_N6/Drivers/STM32N6xx_HAL_Driver/Src/stm32n6xx_hal_sai.c ****       hsai->SlotInit.SlotSize = SAI_SLOTSIZE_16B;
 1488              		.loc 1 2293 41 view .LVU466
 1489 00cc C4E91525 		strd	r2, r5, [r4, #84]
2291:../../STM32Cube_FW_N6/Drivers/STM32N6xx_HAL_Driver/Src/stm32n6xx_hal_sai.c ****       hsai->FrameInit.FrameLength = 32U * (nbslot / 2U);
 1490              		.loc 1 2291 27 view .LVU467
 1491 00d0 A164     		str	r1, [r4, #72]
2294:../../STM32Cube_FW_N6/Drivers/STM32N6xx_HAL_Driver/Src/stm32n6xx_hal_sai.c ****       break;
 1492              		.loc 1 2294 31 view .LVU468
 1493 00d2 E366     		str	r3, [r4, #108]
2318:../../STM32Cube_FW_N6/Drivers/STM32N6xx_HAL_Driver/Src/stm32n6xx_hal_sai.c ****   {
 1494              		.loc 1 2318 3 is_stmt 1 view .LVU469
2318:../../STM32Cube_FW_N6/Drivers/STM32N6xx_HAL_Driver/Src/stm32n6xx_hal_sai.c ****   {
 1495              		.loc 1 2318 6 is_stmt 0 view .LVU470
 1496 00d4 03D1     		bne	.L203
2320:../../STM32Cube_FW_N6/Drivers/STM32N6xx_HAL_Driver/Src/stm32n6xx_hal_sai.c ****     {
 1497              		.loc 1 2320 5 is_stmt 1 view .LVU471
2320:../../STM32Cube_FW_N6/Drivers/STM32N6xx_HAL_Driver/Src/stm32n6xx_hal_sai.c ****     {
 1498              		.loc 1 2320 8 is_stmt 0 view .LVU472
 1499 00d6 012F     		cmp	r7, #1
 1500 00d8 25D1     		bne	.L196
2322:../../STM32Cube_FW_N6/Drivers/STM32N6xx_HAL_Driver/Src/stm32n6xx_hal_sai.c ****     }
 1501              		.loc 1 2322 7 is_stmt 1 view .LVU473
2322:../../STM32Cube_FW_N6/Drivers/STM32N6xx_HAL_Driver/Src/stm32n6xx_hal_sai.c ****     }
 1502              		.loc 1 2322 37 is_stmt 0 view .LVU474
 1503 00da 1023     		movs	r3, #16
 1504              	.L223:
2326:../../STM32Cube_FW_N6/Drivers/STM32N6xx_HAL_Driver/Src/stm32n6xx_hal_sai.c ****     }
ARM GAS  C:\Users\Antonio\AppData\Local\Temp\ccmFwfsh.s 			page 79


 1505              		.loc 1 2326 37 view .LVU475
 1506 00dc A366     		str	r3, [r4, #104]
 1507              	.LVL94:
2326:../../STM32Cube_FW_N6/Drivers/STM32N6xx_HAL_Driver/Src/stm32n6xx_hal_sai.c ****     }
 1508              		.loc 1 2326 37 view .LVU476
 1509              	.LBE15:
 1510              	.LBE23:
 355:../../STM32Cube_FW_N6/Drivers/STM32N6xx_HAL_Driver/Src/stm32n6xx_hal_sai.c ****   {
 1511              		.loc 1 355 3 is_stmt 1 view .LVU477
 1512              	.L203:
 357:../../STM32Cube_FW_N6/Drivers/STM32N6xx_HAL_Driver/Src/stm32n6xx_hal_sai.c ****   }
 1513              		.loc 1 357 5 view .LVU478
 357:../../STM32Cube_FW_N6/Drivers/STM32N6xx_HAL_Driver/Src/stm32n6xx_hal_sai.c ****   }
 1514              		.loc 1 357 14 is_stmt 0 view .LVU479
 1515 00de 2046     		mov	r0, r4
 361:../../STM32Cube_FW_N6/Drivers/STM32N6xx_HAL_Driver/Src/stm32n6xx_hal_sai.c **** 
 1516              		.loc 1 361 1 view .LVU480
 1517 00e0 BDE8F840 		pop	{r3, r4, r5, r6, r7, lr}
 1518              		.cfi_remember_state
 1519              		.cfi_restore 14
 1520              		.cfi_restore 7
 1521              		.cfi_restore 6
 1522              		.cfi_restore 5
 1523              		.cfi_restore 4
 1524              		.cfi_restore 3
 1525              		.cfi_def_cfa_offset 0
 1526              	.LVL95:
 357:../../STM32Cube_FW_N6/Drivers/STM32N6xx_HAL_Driver/Src/stm32n6xx_hal_sai.c ****   }
 1527              		.loc 1 357 14 view .LVU481
 1528 00e4 FFF7FEBF 		b	HAL_SAI_Init
 1529              	.LVL96:
 1530              	.L187:
 1531              		.cfi_restore_state
 1532              	.LBB24:
 1533              	.LBB16:
2283:../../STM32Cube_FW_N6/Drivers/STM32N6xx_HAL_Driver/Src/stm32n6xx_hal_sai.c ****     hsai->FrameInit.FSOffset   = SAI_FS_FIRSTBIT;
 1534              		.loc 1 2283 5 is_stmt 1 view .LVU482
2283:../../STM32Cube_FW_N6/Drivers/STM32N6xx_HAL_Driver/Src/stm32n6xx_hal_sai.c ****     hsai->FrameInit.FSOffset   = SAI_FS_FIRSTBIT;
 1535              		.loc 1 2283 32 is_stmt 0 view .LVU483
 1536 00e8 4FF40032 		mov	r2, #131072
 1537 00ec 2266     		str	r2, [r4, #96]
 1538 00ee B6E7     		b	.L224
 1539              	.L191:
2297:../../STM32Cube_FW_N6/Drivers/STM32N6xx_HAL_Driver/Src/stm32n6xx_hal_sai.c ****       hsai->FrameInit.FrameLength = 64U * (nbslot / 2U);
 1540              		.loc 1 2297 7 is_stmt 1 view .LVU484
2298:../../STM32Cube_FW_N6/Drivers/STM32N6xx_HAL_Driver/Src/stm32n6xx_hal_sai.c ****       hsai->FrameInit.ActiveFrameLength = 32U * (nbslot / 2U);
 1541              		.loc 1 2298 7 view .LVU485
2298:../../STM32Cube_FW_N6/Drivers/STM32N6xx_HAL_Driver/Src/stm32n6xx_hal_sai.c ****       hsai->FrameInit.ActiveFrameLength = 32U * (nbslot / 2U);
 1542              		.loc 1 2298 51 is_stmt 0 view .LVU486
 1543 00f0 6D08     		lsrs	r5, r5, #1
 1544              	.LVL97:
2298:../../STM32Cube_FW_N6/Drivers/STM32N6xx_HAL_Driver/Src/stm32n6xx_hal_sai.c ****       hsai->FrameInit.ActiveFrameLength = 32U * (nbslot / 2U);
 1545              		.loc 1 2298 41 view .LVU487
 1546 00f2 AA01     		lsls	r2, r5, #6
2299:../../STM32Cube_FW_N6/Drivers/STM32N6xx_HAL_Driver/Src/stm32n6xx_hal_sai.c ****       hsai->SlotInit.SlotSize = SAI_SLOTSIZE_32B;
 1547              		.loc 1 2299 7 is_stmt 1 view .LVU488
2301:../../STM32Cube_FW_N6/Drivers/STM32N6xx_HAL_Driver/Src/stm32n6xx_hal_sai.c ****     case SAI_PROTOCOL_DATASIZE_24BIT:
ARM GAS  C:\Users\Antonio\AppData\Local\Temp\ccmFwfsh.s 			page 80


 1548              		.loc 1 2301 7 is_stmt 0 view .LVU489
 1549 00f4 8023     		movs	r3, #128
2299:../../STM32Cube_FW_N6/Drivers/STM32N6xx_HAL_Driver/Src/stm32n6xx_hal_sai.c ****       hsai->SlotInit.SlotSize = SAI_SLOTSIZE_32B;
 1550              		.loc 1 2299 47 view .LVU490
 1551 00f6 6D01     		lsls	r5, r5, #5
2300:../../STM32Cube_FW_N6/Drivers/STM32N6xx_HAL_Driver/Src/stm32n6xx_hal_sai.c ****       break;
 1552              		.loc 1 2300 7 is_stmt 1 view .LVU491
2301:../../STM32Cube_FW_N6/Drivers/STM32N6xx_HAL_Driver/Src/stm32n6xx_hal_sai.c ****     case SAI_PROTOCOL_DATASIZE_24BIT:
 1553              		.loc 1 2301 7 view .LVU492
 1554 00f8 E6E7     		b	.L193
 1555              	.LVL98:
 1556              	.L190:
2303:../../STM32Cube_FW_N6/Drivers/STM32N6xx_HAL_Driver/Src/stm32n6xx_hal_sai.c ****       hsai->FrameInit.FrameLength = 64U * (nbslot / 2U);
 1557              		.loc 1 2303 7 view .LVU493
2303:../../STM32Cube_FW_N6/Drivers/STM32N6xx_HAL_Driver/Src/stm32n6xx_hal_sai.c ****       hsai->FrameInit.FrameLength = 64U * (nbslot / 2U);
 1558              		.loc 1 2303 27 is_stmt 0 view .LVU494
 1559 00fa C023     		movs	r3, #192
2304:../../STM32Cube_FW_N6/Drivers/STM32N6xx_HAL_Driver/Src/stm32n6xx_hal_sai.c ****       hsai->FrameInit.ActiveFrameLength = 32U * (nbslot / 2U);
 1560              		.loc 1 2304 51 view .LVU495
 1561 00fc 6D08     		lsrs	r5, r5, #1
 1562              	.LVL99:
2303:../../STM32Cube_FW_N6/Drivers/STM32N6xx_HAL_Driver/Src/stm32n6xx_hal_sai.c ****       hsai->FrameInit.FrameLength = 64U * (nbslot / 2U);
 1563              		.loc 1 2303 27 view .LVU496
 1564 00fe A364     		str	r3, [r4, #72]
2304:../../STM32Cube_FW_N6/Drivers/STM32N6xx_HAL_Driver/Src/stm32n6xx_hal_sai.c ****       hsai->FrameInit.ActiveFrameLength = 32U * (nbslot / 2U);
 1565              		.loc 1 2304 7 is_stmt 1 view .LVU497
2304:../../STM32Cube_FW_N6/Drivers/STM32N6xx_HAL_Driver/Src/stm32n6xx_hal_sai.c ****       hsai->FrameInit.ActiveFrameLength = 32U * (nbslot / 2U);
 1566              		.loc 1 2304 41 is_stmt 0 view .LVU498
 1567 0100 AB01     		lsls	r3, r5, #6
2304:../../STM32Cube_FW_N6/Drivers/STM32N6xx_HAL_Driver/Src/stm32n6xx_hal_sai.c ****       hsai->FrameInit.ActiveFrameLength = 32U * (nbslot / 2U);
 1568              		.loc 1 2304 35 view .LVU499
 1569 0102 6365     		str	r3, [r4, #84]
2305:../../STM32Cube_FW_N6/Drivers/STM32N6xx_HAL_Driver/Src/stm32n6xx_hal_sai.c ****       hsai->SlotInit.SlotSize = SAI_SLOTSIZE_32B;
 1570              		.loc 1 2305 7 is_stmt 1 view .LVU500
2306:../../STM32Cube_FW_N6/Drivers/STM32N6xx_HAL_Driver/Src/stm32n6xx_hal_sai.c ****       break;
 1571              		.loc 1 2306 31 is_stmt 0 view .LVU501
 1572 0104 8023     		movs	r3, #128
2305:../../STM32Cube_FW_N6/Drivers/STM32N6xx_HAL_Driver/Src/stm32n6xx_hal_sai.c ****       hsai->SlotInit.SlotSize = SAI_SLOTSIZE_32B;
 1573              		.loc 1 2305 47 view .LVU502
 1574 0106 6D01     		lsls	r5, r5, #5
2305:../../STM32Cube_FW_N6/Drivers/STM32N6xx_HAL_Driver/Src/stm32n6xx_hal_sai.c ****       hsai->SlotInit.SlotSize = SAI_SLOTSIZE_32B;
 1575              		.loc 1 2305 41 view .LVU503
 1576 0108 A565     		str	r5, [r4, #88]
2306:../../STM32Cube_FW_N6/Drivers/STM32N6xx_HAL_Driver/Src/stm32n6xx_hal_sai.c ****       break;
 1577              		.loc 1 2306 7 is_stmt 1 view .LVU504
2306:../../STM32Cube_FW_N6/Drivers/STM32N6xx_HAL_Driver/Src/stm32n6xx_hal_sai.c ****       break;
 1578              		.loc 1 2306 31 is_stmt 0 view .LVU505
 1579 010a E366     		str	r3, [r4, #108]
2307:../../STM32Cube_FW_N6/Drivers/STM32N6xx_HAL_Driver/Src/stm32n6xx_hal_sai.c ****     case SAI_PROTOCOL_DATASIZE_32BIT:
 1580              		.loc 1 2307 7 is_stmt 1 view .LVU506
2318:../../STM32Cube_FW_N6/Drivers/STM32N6xx_HAL_Driver/Src/stm32n6xx_hal_sai.c ****   {
 1581              		.loc 1 2318 3 view .LVU507
2318:../../STM32Cube_FW_N6/Drivers/STM32N6xx_HAL_Driver/Src/stm32n6xx_hal_sai.c ****   {
 1582              		.loc 1 2318 6 is_stmt 0 view .LVU508
 1583 010c 022E     		cmp	r6, #2
 1584              	.L226:
2324:../../STM32Cube_FW_N6/Drivers/STM32N6xx_HAL_Driver/Src/stm32n6xx_hal_sai.c ****     {
ARM GAS  C:\Users\Antonio\AppData\Local\Temp\ccmFwfsh.s 			page 81


 1585              		.loc 1 2324 8 view .LVU509
 1586 010e E6D1     		bne	.L203
2326:../../STM32Cube_FW_N6/Drivers/STM32N6xx_HAL_Driver/Src/stm32n6xx_hal_sai.c ****     }
 1587              		.loc 1 2326 7 is_stmt 1 view .LVU510
2326:../../STM32Cube_FW_N6/Drivers/STM32N6xx_HAL_Driver/Src/stm32n6xx_hal_sai.c ****     }
 1588              		.loc 1 2326 37 is_stmt 0 view .LVU511
 1589 0110 0823     		movs	r3, #8
 1590 0112 E3E7     		b	.L223
 1591              	.LVL100:
 1592              	.L188:
2309:../../STM32Cube_FW_N6/Drivers/STM32N6xx_HAL_Driver/Src/stm32n6xx_hal_sai.c ****       hsai->FrameInit.FrameLength = 64U * (nbslot / 2U);
 1593              		.loc 1 2309 7 is_stmt 1 view .LVU512
2309:../../STM32Cube_FW_N6/Drivers/STM32N6xx_HAL_Driver/Src/stm32n6xx_hal_sai.c ****       hsai->FrameInit.FrameLength = 64U * (nbslot / 2U);
 1594              		.loc 1 2309 27 is_stmt 0 view .LVU513
 1595 0114 E023     		movs	r3, #224
2310:../../STM32Cube_FW_N6/Drivers/STM32N6xx_HAL_Driver/Src/stm32n6xx_hal_sai.c ****       hsai->FrameInit.ActiveFrameLength = 32U * (nbslot / 2U);
 1596              		.loc 1 2310 51 view .LVU514
 1597 0116 6D08     		lsrs	r5, r5, #1
 1598              	.LVL101:
2309:../../STM32Cube_FW_N6/Drivers/STM32N6xx_HAL_Driver/Src/stm32n6xx_hal_sai.c ****       hsai->FrameInit.FrameLength = 64U * (nbslot / 2U);
 1599              		.loc 1 2309 27 view .LVU515
 1600 0118 A364     		str	r3, [r4, #72]
2310:../../STM32Cube_FW_N6/Drivers/STM32N6xx_HAL_Driver/Src/stm32n6xx_hal_sai.c ****       hsai->FrameInit.ActiveFrameLength = 32U * (nbslot / 2U);
 1601              		.loc 1 2310 7 is_stmt 1 view .LVU516
2310:../../STM32Cube_FW_N6/Drivers/STM32N6xx_HAL_Driver/Src/stm32n6xx_hal_sai.c ****       hsai->FrameInit.ActiveFrameLength = 32U * (nbslot / 2U);
 1602              		.loc 1 2310 41 is_stmt 0 view .LVU517
 1603 011a AB01     		lsls	r3, r5, #6
2311:../../STM32Cube_FW_N6/Drivers/STM32N6xx_HAL_Driver/Src/stm32n6xx_hal_sai.c ****       hsai->SlotInit.SlotSize = SAI_SLOTSIZE_32B;
 1604              		.loc 1 2311 47 view .LVU518
 1605 011c 6D01     		lsls	r5, r5, #5
2310:../../STM32Cube_FW_N6/Drivers/STM32N6xx_HAL_Driver/Src/stm32n6xx_hal_sai.c ****       hsai->FrameInit.ActiveFrameLength = 32U * (nbslot / 2U);
 1606              		.loc 1 2310 35 view .LVU519
 1607 011e 6365     		str	r3, [r4, #84]
2311:../../STM32Cube_FW_N6/Drivers/STM32N6xx_HAL_Driver/Src/stm32n6xx_hal_sai.c ****       hsai->SlotInit.SlotSize = SAI_SLOTSIZE_32B;
 1608              		.loc 1 2311 7 is_stmt 1 view .LVU520
2311:../../STM32Cube_FW_N6/Drivers/STM32N6xx_HAL_Driver/Src/stm32n6xx_hal_sai.c ****       hsai->SlotInit.SlotSize = SAI_SLOTSIZE_32B;
 1609              		.loc 1 2311 41 is_stmt 0 view .LVU521
 1610 0120 A565     		str	r5, [r4, #88]
2312:../../STM32Cube_FW_N6/Drivers/STM32N6xx_HAL_Driver/Src/stm32n6xx_hal_sai.c ****       break;
 1611              		.loc 1 2312 7 is_stmt 1 view .LVU522
 1612              	.LVL102:
 1613              	.L221:
2312:../../STM32Cube_FW_N6/Drivers/STM32N6xx_HAL_Driver/Src/stm32n6xx_hal_sai.c ****       break;
 1614              		.loc 1 2312 7 is_stmt 0 view .LVU523
 1615              	.LBE16:
 1616              	.LBE24:
 1617              	.LBB25:
 1618              	.LBB20:
2396:../../STM32Cube_FW_N6/Drivers/STM32N6xx_HAL_Driver/Src/stm32n6xx_hal_sai.c ****       break;
 1619              		.loc 1 2396 7 is_stmt 1 view .LVU524
2396:../../STM32Cube_FW_N6/Drivers/STM32N6xx_HAL_Driver/Src/stm32n6xx_hal_sai.c ****       break;
 1620              		.loc 1 2396 31 is_stmt 0 view .LVU525
 1621 0122 8023     		movs	r3, #128
 1622 0124 06E0     		b	.L220
 1623              	.LVL103:
 1624              	.L196:
2396:../../STM32Cube_FW_N6/Drivers/STM32N6xx_HAL_Driver/Src/stm32n6xx_hal_sai.c ****       break;
ARM GAS  C:\Users\Antonio\AppData\Local\Temp\ccmFwfsh.s 			page 82


 1625              		.loc 1 2396 31 view .LVU526
 1626              	.LBE20:
 1627              	.LBE25:
 1628              	.LBB26:
 1629              	.LBB17:
2324:../../STM32Cube_FW_N6/Drivers/STM32N6xx_HAL_Driver/Src/stm32n6xx_hal_sai.c ****     {
 1630              		.loc 1 2324 5 is_stmt 1 view .LVU527
2324:../../STM32Cube_FW_N6/Drivers/STM32N6xx_HAL_Driver/Src/stm32n6xx_hal_sai.c ****     {
 1631              		.loc 1 2324 8 is_stmt 0 view .LVU528
 1632 0126 022F     		cmp	r7, #2
 1633 0128 F1E7     		b	.L226
 1634              	.LVL104:
 1635              	.L202:
2324:../../STM32Cube_FW_N6/Drivers/STM32N6xx_HAL_Driver/Src/stm32n6xx_hal_sai.c ****     {
 1636              		.loc 1 2324 8 view .LVU529
 1637              	.LBE17:
 1638              	.LBE26:
 1639              	.LBB27:
 1640              	.LBB21:
2379:../../STM32Cube_FW_N6/Drivers/STM32N6xx_HAL_Driver/Src/stm32n6xx_hal_sai.c ****       hsai->FrameInit.FrameLength = 16U * nbslot;
 1641              		.loc 1 2379 7 is_stmt 1 view .LVU530
2379:../../STM32Cube_FW_N6/Drivers/STM32N6xx_HAL_Driver/Src/stm32n6xx_hal_sai.c ****       hsai->FrameInit.FrameLength = 16U * nbslot;
 1642              		.loc 1 2379 27 is_stmt 0 view .LVU531
 1643 012a 8023     		movs	r3, #128
 1644 012c A364     		str	r3, [r4, #72]
2380:../../STM32Cube_FW_N6/Drivers/STM32N6xx_HAL_Driver/Src/stm32n6xx_hal_sai.c ****       hsai->SlotInit.SlotSize = SAI_SLOTSIZE_16B;
 1645              		.loc 1 2380 7 is_stmt 1 view .LVU532
2381:../../STM32Cube_FW_N6/Drivers/STM32N6xx_HAL_Driver/Src/stm32n6xx_hal_sai.c ****       break;
 1646              		.loc 1 2381 31 is_stmt 0 view .LVU533
 1647 012e 4023     		movs	r3, #64
2380:../../STM32Cube_FW_N6/Drivers/STM32N6xx_HAL_Driver/Src/stm32n6xx_hal_sai.c ****       hsai->SlotInit.SlotSize = SAI_SLOTSIZE_16B;
 1648              		.loc 1 2380 41 view .LVU534
 1649 0130 2D01     		lsls	r5, r5, #4
 1650              	.LVL105:
2380:../../STM32Cube_FW_N6/Drivers/STM32N6xx_HAL_Driver/Src/stm32n6xx_hal_sai.c ****       hsai->SlotInit.SlotSize = SAI_SLOTSIZE_16B;
 1651              		.loc 1 2380 35 view .LVU535
 1652 0132 6565     		str	r5, [r4, #84]
2381:../../STM32Cube_FW_N6/Drivers/STM32N6xx_HAL_Driver/Src/stm32n6xx_hal_sai.c ****       break;
 1653              		.loc 1 2381 7 is_stmt 1 view .LVU536
 1654              	.LVL106:
 1655              	.L220:
2396:../../STM32Cube_FW_N6/Drivers/STM32N6xx_HAL_Driver/Src/stm32n6xx_hal_sai.c ****       break;
 1656              		.loc 1 2396 31 is_stmt 0 view .LVU537
 1657 0134 E366     		str	r3, [r4, #108]
2397:../../STM32Cube_FW_N6/Drivers/STM32N6xx_HAL_Driver/Src/stm32n6xx_hal_sai.c ****     default :
 1658              		.loc 1 2397 7 is_stmt 1 view .LVU538
 1659              	.LVL107:
2397:../../STM32Cube_FW_N6/Drivers/STM32N6xx_HAL_Driver/Src/stm32n6xx_hal_sai.c ****     default :
 1660              		.loc 1 2397 7 is_stmt 0 view .LVU539
 1661              	.LBE21:
 1662              	.LBE27:
 355:../../STM32Cube_FW_N6/Drivers/STM32N6xx_HAL_Driver/Src/stm32n6xx_hal_sai.c ****   {
 1663              		.loc 1 355 3 is_stmt 1 view .LVU540
 1664 0136 D2E7     		b	.L203
 1665              	.LVL108:
 1666              	.L201:
 1667              	.LBB28:
ARM GAS  C:\Users\Antonio\AppData\Local\Temp\ccmFwfsh.s 			page 83


 1668              	.LBB22:
2384:../../STM32Cube_FW_N6/Drivers/STM32N6xx_HAL_Driver/Src/stm32n6xx_hal_sai.c ****       hsai->FrameInit.FrameLength = 32U * nbslot;
 1669              		.loc 1 2384 7 view .LVU541
2384:../../STM32Cube_FW_N6/Drivers/STM32N6xx_HAL_Driver/Src/stm32n6xx_hal_sai.c ****       hsai->FrameInit.FrameLength = 32U * nbslot;
 1670              		.loc 1 2384 27 is_stmt 0 view .LVU542
 1671 0138 8023     		movs	r3, #128
2385:../../STM32Cube_FW_N6/Drivers/STM32N6xx_HAL_Driver/Src/stm32n6xx_hal_sai.c ****       hsai->SlotInit.SlotSize = SAI_SLOTSIZE_32B;
 1672              		.loc 1 2385 41 view .LVU543
 1673 013a 6D01     		lsls	r5, r5, #5
 1674              	.LVL109:
2384:../../STM32Cube_FW_N6/Drivers/STM32N6xx_HAL_Driver/Src/stm32n6xx_hal_sai.c ****       hsai->FrameInit.FrameLength = 32U * nbslot;
 1675              		.loc 1 2384 27 view .LVU544
 1676 013c A364     		str	r3, [r4, #72]
2385:../../STM32Cube_FW_N6/Drivers/STM32N6xx_HAL_Driver/Src/stm32n6xx_hal_sai.c ****       hsai->SlotInit.SlotSize = SAI_SLOTSIZE_32B;
 1677              		.loc 1 2385 7 is_stmt 1 view .LVU545
2385:../../STM32Cube_FW_N6/Drivers/STM32N6xx_HAL_Driver/Src/stm32n6xx_hal_sai.c ****       hsai->SlotInit.SlotSize = SAI_SLOTSIZE_32B;
 1678              		.loc 1 2385 35 is_stmt 0 view .LVU546
 1679 013e 6565     		str	r5, [r4, #84]
2386:../../STM32Cube_FW_N6/Drivers/STM32N6xx_HAL_Driver/Src/stm32n6xx_hal_sai.c ****       break;
 1680              		.loc 1 2386 7 is_stmt 1 view .LVU547
 1681 0140 F8E7     		b	.L220
 1682              	.LVL110:
 1683              	.L200:
2389:../../STM32Cube_FW_N6/Drivers/STM32N6xx_HAL_Driver/Src/stm32n6xx_hal_sai.c ****       hsai->FrameInit.FrameLength = 32U * nbslot;
 1684              		.loc 1 2389 7 view .LVU548
2389:../../STM32Cube_FW_N6/Drivers/STM32N6xx_HAL_Driver/Src/stm32n6xx_hal_sai.c ****       hsai->FrameInit.FrameLength = 32U * nbslot;
 1685              		.loc 1 2389 27 is_stmt 0 view .LVU549
 1686 0142 C023     		movs	r3, #192
 1687              	.L219:
2395:../../STM32Cube_FW_N6/Drivers/STM32N6xx_HAL_Driver/Src/stm32n6xx_hal_sai.c ****       hsai->SlotInit.SlotSize = SAI_SLOTSIZE_32B;
 1688              		.loc 1 2395 41 view .LVU550
 1689 0144 6D01     		lsls	r5, r5, #5
 1690              	.LVL111:
2394:../../STM32Cube_FW_N6/Drivers/STM32N6xx_HAL_Driver/Src/stm32n6xx_hal_sai.c ****       hsai->FrameInit.FrameLength = 32U * nbslot;
 1691              		.loc 1 2394 27 view .LVU551
 1692 0146 A364     		str	r3, [r4, #72]
2395:../../STM32Cube_FW_N6/Drivers/STM32N6xx_HAL_Driver/Src/stm32n6xx_hal_sai.c ****       hsai->SlotInit.SlotSize = SAI_SLOTSIZE_32B;
 1693              		.loc 1 2395 7 is_stmt 1 view .LVU552
2395:../../STM32Cube_FW_N6/Drivers/STM32N6xx_HAL_Driver/Src/stm32n6xx_hal_sai.c ****       hsai->SlotInit.SlotSize = SAI_SLOTSIZE_32B;
 1694              		.loc 1 2395 35 is_stmt 0 view .LVU553
 1695 0148 6565     		str	r5, [r4, #84]
 1696 014a EAE7     		b	.L221
 1697              	.LVL112:
 1698              	.L198:
2394:../../STM32Cube_FW_N6/Drivers/STM32N6xx_HAL_Driver/Src/stm32n6xx_hal_sai.c ****       hsai->FrameInit.FrameLength = 32U * nbslot;
 1699              		.loc 1 2394 7 is_stmt 1 view .LVU554
2394:../../STM32Cube_FW_N6/Drivers/STM32N6xx_HAL_Driver/Src/stm32n6xx_hal_sai.c ****       hsai->FrameInit.FrameLength = 32U * nbslot;
 1700              		.loc 1 2394 27 is_stmt 0 view .LVU555
 1701 014c E023     		movs	r3, #224
 1702 014e F9E7     		b	.L219
 1703              	.L228:
 1704              		.align	2
 1705              	.L227:
 1706 0150 00000000 		.word	.LC0
 1707              	.LBE22:
 1708              	.LBE28:
 1709              		.cfi_endproc
ARM GAS  C:\Users\Antonio\AppData\Local\Temp\ccmFwfsh.s 			page 84


 1710              	.LFE837:
 1712              		.section	.text.HAL_SAI_MspDeInit,"ax",%progbits
 1713              		.align	1
 1714              		.weak	HAL_SAI_MspDeInit
 1715              		.syntax unified
 1716              		.thumb
 1717              		.thumb_func
 1719              	HAL_SAI_MspDeInit:
 1720              	.LFB886:
 1721              		.cfi_startproc
 745:../../STM32Cube_FW_N6/Drivers/STM32N6xx_HAL_Driver/Src/stm32n6xx_hal_sai.c **** {
 1722              		.loc 1 745 13 is_stmt 1 view -0
 1723              		@ args = 0, pretend = 0, frame = 0
 1724              		@ frame_needed = 0, uses_anonymous_args = 0
 1725              		@ link register save eliminated.
 1726 0000 7047     		bx	lr
 1727              		.cfi_endproc
 1728              	.LFE886:
 1730              		.section	.text.HAL_SAI_DeInit,"ax",%progbits
 1731              		.align	1
 1732              		.global	HAL_SAI_DeInit
 1733              		.syntax unified
 1734              		.thumb
 1735              		.thumb_func
 1737              	HAL_SAI_DeInit:
 1738              	.LVL113:
 1739              	.LFB839:
 662:../../STM32Cube_FW_N6/Drivers/STM32N6xx_HAL_Driver/Src/stm32n6xx_hal_sai.c ****   /* Check the SAI handle allocation */
 1740              		.loc 1 662 1 view -0
 1741              		.cfi_startproc
 1742              		@ args = 0, pretend = 0, frame = 0
 1743              		@ frame_needed = 0, uses_anonymous_args = 0
 664:../../STM32Cube_FW_N6/Drivers/STM32N6xx_HAL_Driver/Src/stm32n6xx_hal_sai.c ****   {
 1744              		.loc 1 664 3 view .LVU558
 662:../../STM32Cube_FW_N6/Drivers/STM32N6xx_HAL_Driver/Src/stm32n6xx_hal_sai.c ****   /* Check the SAI handle allocation */
 1745              		.loc 1 662 1 is_stmt 0 view .LVU559
 1746 0000 F8B5     		push	{r3, r4, r5, r6, r7, lr}
 1747              		.cfi_def_cfa_offset 24
 1748              		.cfi_offset 3, -24
 1749              		.cfi_offset 4, -20
 1750              		.cfi_offset 5, -16
 1751              		.cfi_offset 6, -12
 1752              		.cfi_offset 7, -8
 1753              		.cfi_offset 14, -4
 664:../../STM32Cube_FW_N6/Drivers/STM32N6xx_HAL_Driver/Src/stm32n6xx_hal_sai.c ****   {
 1754              		.loc 1 664 6 view .LVU560
 1755 0002 0446     		mov	r4, r0
 1756 0004 88B1     		cbz	r0, .L231
 669:../../STM32Cube_FW_N6/Drivers/STM32N6xx_HAL_Driver/Src/stm32n6xx_hal_sai.c **** 
 1757              		.loc 1 669 3 is_stmt 1 view .LVU561
 669:../../STM32Cube_FW_N6/Drivers/STM32N6xx_HAL_Driver/Src/stm32n6xx_hal_sai.c **** 
 1758              		.loc 1 669 15 is_stmt 0 view .LVU562
 1759 0006 0223     		movs	r3, #2
 672:../../STM32Cube_FW_N6/Drivers/STM32N6xx_HAL_Driver/Src/stm32n6xx_hal_sai.c ****   hsai->Instance->CLRFR = 0xFFFFFFFFU;
 1760              		.loc 1 672 23 view .LVU563
 1761 0008 0027     		movs	r7, #0
 669:../../STM32Cube_FW_N6/Drivers/STM32N6xx_HAL_Driver/Src/stm32n6xx_hal_sai.c **** 
ARM GAS  C:\Users\Antonio\AppData\Local\Temp\ccmFwfsh.s 			page 85


 1762              		.loc 1 669 15 view .LVU564
 1763 000a 80F89130 		strb	r3, [r0, #145]
 672:../../STM32Cube_FW_N6/Drivers/STM32N6xx_HAL_Driver/Src/stm32n6xx_hal_sai.c ****   hsai->Instance->CLRFR = 0xFFFFFFFFU;
 1764              		.loc 1 672 3 is_stmt 1 view .LVU565
 673:../../STM32Cube_FW_N6/Drivers/STM32N6xx_HAL_Driver/Src/stm32n6xx_hal_sai.c **** 
 1765              		.loc 1 673 25 is_stmt 0 view .LVU566
 1766 000e 4FF0FF33 		mov	r3, #-1
 672:../../STM32Cube_FW_N6/Drivers/STM32N6xx_HAL_Driver/Src/stm32n6xx_hal_sai.c ****   hsai->Instance->CLRFR = 0xFFFFFFFFU;
 1767              		.loc 1 672 7 view .LVU567
 1768 0012 0668     		ldr	r6, [r0]
 672:../../STM32Cube_FW_N6/Drivers/STM32N6xx_HAL_Driver/Src/stm32n6xx_hal_sai.c ****   hsai->Instance->CLRFR = 0xFFFFFFFFU;
 1769              		.loc 1 672 23 view .LVU568
 1770 0014 3761     		str	r7, [r6, #16]
 673:../../STM32Cube_FW_N6/Drivers/STM32N6xx_HAL_Driver/Src/stm32n6xx_hal_sai.c **** 
 1771              		.loc 1 673 3 is_stmt 1 view .LVU569
 673:../../STM32Cube_FW_N6/Drivers/STM32N6xx_HAL_Driver/Src/stm32n6xx_hal_sai.c **** 
 1772              		.loc 1 673 25 is_stmt 0 view .LVU570
 1773 0016 B361     		str	r3, [r6, #24]
 676:../../STM32Cube_FW_N6/Drivers/STM32N6xx_HAL_Driver/Src/stm32n6xx_hal_sai.c ****   {
 1774              		.loc 1 676 3 is_stmt 1 view .LVU571
 676:../../STM32Cube_FW_N6/Drivers/STM32N6xx_HAL_Driver/Src/stm32n6xx_hal_sai.c ****   {
 1775              		.loc 1 676 7 is_stmt 0 view .LVU572
 1776 0018 FFF7FEFF 		bl	SAI_Disable
 1777              	.LVL114:
 676:../../STM32Cube_FW_N6/Drivers/STM32N6xx_HAL_Driver/Src/stm32n6xx_hal_sai.c ****   {
 1778              		.loc 1 676 6 discriminator 1 view .LVU573
 1779 001c 0546     		mov	r5, r0
 1780 001e 38B1     		cbz	r0, .L232
 679:../../STM32Cube_FW_N6/Drivers/STM32N6xx_HAL_Driver/Src/stm32n6xx_hal_sai.c **** 
 1781              		.loc 1 679 5 is_stmt 1 view .LVU574
 679:../../STM32Cube_FW_N6/Drivers/STM32N6xx_HAL_Driver/Src/stm32n6xx_hal_sai.c **** 
 1782              		.loc 1 679 17 is_stmt 0 view .LVU575
 1783 0020 0123     		movs	r3, #1
 682:../../STM32Cube_FW_N6/Drivers/STM32N6xx_HAL_Driver/Src/stm32n6xx_hal_sai.c **** 
 1784              		.loc 1 682 5 view .LVU576
 1785 0022 84F89070 		strb	r7, [r4, #144]
 679:../../STM32Cube_FW_N6/Drivers/STM32N6xx_HAL_Driver/Src/stm32n6xx_hal_sai.c **** 
 1786              		.loc 1 679 17 view .LVU577
 1787 0026 84F89130 		strb	r3, [r4, #145]
 682:../../STM32Cube_FW_N6/Drivers/STM32N6xx_HAL_Driver/Src/stm32n6xx_hal_sai.c **** 
 1788              		.loc 1 682 5 is_stmt 1 view .LVU578
 682:../../STM32Cube_FW_N6/Drivers/STM32N6xx_HAL_Driver/Src/stm32n6xx_hal_sai.c **** 
 1789              		.loc 1 682 5 view .LVU579
 682:../../STM32Cube_FW_N6/Drivers/STM32N6xx_HAL_Driver/Src/stm32n6xx_hal_sai.c **** 
 1790              		.loc 1 682 5 view .LVU580
 684:../../STM32Cube_FW_N6/Drivers/STM32N6xx_HAL_Driver/Src/stm32n6xx_hal_sai.c ****   }
 1791              		.loc 1 684 5 view .LVU581
 1792              	.L231:
 666:../../STM32Cube_FW_N6/Drivers/STM32N6xx_HAL_Driver/Src/stm32n6xx_hal_sai.c ****   }
 1793              		.loc 1 666 12 is_stmt 0 view .LVU582
 1794 002a 0125     		movs	r5, #1
 1795              	.L233:
 721:../../STM32Cube_FW_N6/Drivers/STM32N6xx_HAL_Driver/Src/stm32n6xx_hal_sai.c **** 
 1796              		.loc 1 721 1 view .LVU583
 1797 002c 2846     		mov	r0, r5
 1798 002e F8BD     		pop	{r3, r4, r5, r6, r7, pc}
 1799              	.LVL115:
ARM GAS  C:\Users\Antonio\AppData\Local\Temp\ccmFwfsh.s 			page 86


 1800              	.L232:
 688:../../STM32Cube_FW_N6/Drivers/STM32N6xx_HAL_Driver/Src/stm32n6xx_hal_sai.c **** 
 1801              		.loc 1 688 3 is_stmt 1 view .LVU584
 1802 0030 7368     		ldr	r3, [r6, #4]
 1803 0032 43F00803 		orr	r3, r3, #8
 1804 0036 7360     		str	r3, [r6, #4]
 691:../../STM32Cube_FW_N6/Drivers/STM32N6xx_HAL_Driver/Src/stm32n6xx_hal_sai.c ****   {
 1805              		.loc 1 691 3 view .LVU585
 691:../../STM32Cube_FW_N6/Drivers/STM32N6xx_HAL_Driver/Src/stm32n6xx_hal_sai.c ****   {
 1806              		.loc 1 691 6 is_stmt 0 view .LVU586
 1807 0038 094B     		ldr	r3, .L238
 1808 003a 9E42     		cmp	r6, r3
 1809 003c 04D1     		bne	.L234
 694:../../STM32Cube_FW_N6/Drivers/STM32N6xx_HAL_Driver/Src/stm32n6xx_hal_sai.c **** 
 1810              		.loc 1 694 5 is_stmt 1 view .LVU587
 694:../../STM32Cube_FW_N6/Drivers/STM32N6xx_HAL_Driver/Src/stm32n6xx_hal_sai.c **** 
 1811              		.loc 1 694 18 is_stmt 0 view .LVU588
 1812 003e 5864     		str	r0, [r3, #68]
 697:../../STM32Cube_FW_N6/Drivers/STM32N6xx_HAL_Driver/Src/stm32n6xx_hal_sai.c ****   }
 1813              		.loc 1 697 5 is_stmt 1 view .LVU589
 697:../../STM32Cube_FW_N6/Drivers/STM32N6xx_HAL_Driver/Src/stm32n6xx_hal_sai.c ****   }
 1814              		.loc 1 697 9 is_stmt 0 view .LVU590
 1815 0040 1A6C     		ldr	r2, [r3, #64]
 697:../../STM32Cube_FW_N6/Drivers/STM32N6xx_HAL_Driver/Src/stm32n6xx_hal_sai.c ****   }
 1816              		.loc 1 697 17 view .LVU591
 1817 0042 22F00102 		bic	r2, r2, #1
 1818 0046 1A64     		str	r2, [r3, #64]
 1819              	.L234:
 708:../../STM32Cube_FW_N6/Drivers/STM32N6xx_HAL_Driver/Src/stm32n6xx_hal_sai.c **** #endif /* USE_HAL_SAI_REGISTER_CALLBACKS */
 1820              		.loc 1 708 3 is_stmt 1 view .LVU592
 1821 0048 2046     		mov	r0, r4
 1822 004a FFF7FEFF 		bl	HAL_SAI_MspDeInit
 1823              	.LVL116:
 712:../../STM32Cube_FW_N6/Drivers/STM32N6xx_HAL_Driver/Src/stm32n6xx_hal_sai.c **** 
 1824              		.loc 1 712 3 view .LVU593
 712:../../STM32Cube_FW_N6/Drivers/STM32N6xx_HAL_Driver/Src/stm32n6xx_hal_sai.c **** 
 1825              		.loc 1 712 19 is_stmt 0 view .LVU594
 1826 004e 0023     		movs	r3, #0
 1827 0050 C4F89430 		str	r3, [r4, #148]
 715:../../STM32Cube_FW_N6/Drivers/STM32N6xx_HAL_Driver/Src/stm32n6xx_hal_sai.c **** 
 1828              		.loc 1 715 3 is_stmt 1 view .LVU595
 718:../../STM32Cube_FW_N6/Drivers/STM32N6xx_HAL_Driver/Src/stm32n6xx_hal_sai.c **** 
 1829              		.loc 1 718 3 is_stmt 0 view .LVU596
 1830 0054 84F89030 		strb	r3, [r4, #144]
 715:../../STM32Cube_FW_N6/Drivers/STM32N6xx_HAL_Driver/Src/stm32n6xx_hal_sai.c **** 
 1831              		.loc 1 715 15 view .LVU597
 1832 0058 84F89130 		strb	r3, [r4, #145]
 718:../../STM32Cube_FW_N6/Drivers/STM32N6xx_HAL_Driver/Src/stm32n6xx_hal_sai.c **** 
 1833              		.loc 1 718 3 is_stmt 1 view .LVU598
 718:../../STM32Cube_FW_N6/Drivers/STM32N6xx_HAL_Driver/Src/stm32n6xx_hal_sai.c **** 
 1834              		.loc 1 718 3 view .LVU599
 718:../../STM32Cube_FW_N6/Drivers/STM32N6xx_HAL_Driver/Src/stm32n6xx_hal_sai.c **** 
 1835              		.loc 1 718 3 view .LVU600
 720:../../STM32Cube_FW_N6/Drivers/STM32N6xx_HAL_Driver/Src/stm32n6xx_hal_sai.c **** }
 1836              		.loc 1 720 3 view .LVU601
 720:../../STM32Cube_FW_N6/Drivers/STM32N6xx_HAL_Driver/Src/stm32n6xx_hal_sai.c **** }
 1837              		.loc 1 720 10 is_stmt 0 view .LVU602
ARM GAS  C:\Users\Antonio\AppData\Local\Temp\ccmFwfsh.s 			page 87


 1838 005c E6E7     		b	.L233
 1839              	.L239:
 1840 005e 00BF     		.align	2
 1841              	.L238:
 1842 0060 04580052 		.word	1375754244
 1843              		.cfi_endproc
 1844              	.LFE839:
 1846              		.section	.text.HAL_SAI_Transmit,"ax",%progbits
 1847              		.align	1
 1848              		.global	HAL_SAI_Transmit
 1849              		.syntax unified
 1850              		.thumb
 1851              		.thumb_func
 1853              	HAL_SAI_Transmit:
 1854              	.LVL117:
 1855              	.LFB842:
 987:../../STM32Cube_FW_N6/Drivers/STM32N6xx_HAL_Driver/Src/stm32n6xx_hal_sai.c ****   uint32_t tickstart = HAL_GetTick();
 1856              		.loc 1 987 1 is_stmt 1 view -0
 1857              		.cfi_startproc
 1858              		@ args = 0, pretend = 0, frame = 0
 1859              		@ frame_needed = 0, uses_anonymous_args = 0
 988:../../STM32Cube_FW_N6/Drivers/STM32N6xx_HAL_Driver/Src/stm32n6xx_hal_sai.c ****   uint32_t temp;
 1860              		.loc 1 988 3 view .LVU604
 987:../../STM32Cube_FW_N6/Drivers/STM32N6xx_HAL_Driver/Src/stm32n6xx_hal_sai.c ****   uint32_t tickstart = HAL_GetTick();
 1861              		.loc 1 987 1 is_stmt 0 view .LVU605
 1862 0000 2DE9F041 		push	{r4, r5, r6, r7, r8, lr}
 1863              		.cfi_def_cfa_offset 24
 1864              		.cfi_offset 4, -24
 1865              		.cfi_offset 5, -20
 1866              		.cfi_offset 6, -16
 1867              		.cfi_offset 7, -12
 1868              		.cfi_offset 8, -8
 1869              		.cfi_offset 14, -4
 987:../../STM32Cube_FW_N6/Drivers/STM32N6xx_HAL_Driver/Src/stm32n6xx_hal_sai.c ****   uint32_t tickstart = HAL_GetTick();
 1870              		.loc 1 987 1 view .LVU606
 1871 0004 0446     		mov	r4, r0
 1872 0006 8846     		mov	r8, r1
 1873 0008 1746     		mov	r7, r2
 1874 000a 1D46     		mov	r5, r3
 988:../../STM32Cube_FW_N6/Drivers/STM32N6xx_HAL_Driver/Src/stm32n6xx_hal_sai.c ****   uint32_t temp;
 1875              		.loc 1 988 24 view .LVU607
 1876 000c FFF7FEFF 		bl	HAL_GetTick
 1877              	.LVL118:
 988:../../STM32Cube_FW_N6/Drivers/STM32N6xx_HAL_Driver/Src/stm32n6xx_hal_sai.c ****   uint32_t temp;
 1878              		.loc 1 988 24 view .LVU608
 1879 0010 0646     		mov	r6, r0
 1880              	.LVL119:
 989:../../STM32Cube_FW_N6/Drivers/STM32N6xx_HAL_Driver/Src/stm32n6xx_hal_sai.c **** 
 1881              		.loc 1 989 3 is_stmt 1 view .LVU609
 991:../../STM32Cube_FW_N6/Drivers/STM32N6xx_HAL_Driver/Src/stm32n6xx_hal_sai.c ****   {
 1882              		.loc 1 991 3 view .LVU610
 991:../../STM32Cube_FW_N6/Drivers/STM32N6xx_HAL_Driver/Src/stm32n6xx_hal_sai.c ****   {
 1883              		.loc 1 991 6 is_stmt 0 view .LVU611
 1884 0012 B8F1000F 		cmp	r8, #0
 1885 0016 7ED0     		beq	.L241
 991:../../STM32Cube_FW_N6/Drivers/STM32N6xx_HAL_Driver/Src/stm32n6xx_hal_sai.c ****   {
 1886              		.loc 1 991 23 discriminator 1 view .LVU612
ARM GAS  C:\Users\Antonio\AppData\Local\Temp\ccmFwfsh.s 			page 88


 1887 0018 002F     		cmp	r7, #0
 1888 001a 7CD0     		beq	.L241
 996:../../STM32Cube_FW_N6/Drivers/STM32N6xx_HAL_Driver/Src/stm32n6xx_hal_sai.c ****   {
 1889              		.loc 1 996 3 is_stmt 1 view .LVU613
 996:../../STM32Cube_FW_N6/Drivers/STM32N6xx_HAL_Driver/Src/stm32n6xx_hal_sai.c ****   {
 1890              		.loc 1 996 11 is_stmt 0 view .LVU614
 1891 001c 94F89130 		ldrb	r3, [r4, #145]	@ zero_extendqisi2
 996:../../STM32Cube_FW_N6/Drivers/STM32N6xx_HAL_Driver/Src/stm32n6xx_hal_sai.c ****   {
 1892              		.loc 1 996 6 view .LVU615
 1893 0020 012B     		cmp	r3, #1
 996:../../STM32Cube_FW_N6/Drivers/STM32N6xx_HAL_Driver/Src/stm32n6xx_hal_sai.c ****   {
 1894              		.loc 1 996 11 view .LVU616
 1895 0022 DAB2     		uxtb	r2, r3
 996:../../STM32Cube_FW_N6/Drivers/STM32N6xx_HAL_Driver/Src/stm32n6xx_hal_sai.c ****   {
 1896              		.loc 1 996 6 view .LVU617
 1897 0024 7AD1     		bne	.L254
 999:../../STM32Cube_FW_N6/Drivers/STM32N6xx_HAL_Driver/Src/stm32n6xx_hal_sai.c **** 
 1898              		.loc 1 999 5 is_stmt 1 view .LVU618
 999:../../STM32Cube_FW_N6/Drivers/STM32N6xx_HAL_Driver/Src/stm32n6xx_hal_sai.c **** 
 1899              		.loc 1 999 5 view .LVU619
 1900 0026 94F89030 		ldrb	r3, [r4, #144]	@ zero_extendqisi2
 1901 002a 012B     		cmp	r3, #1
 1902 002c 76D0     		beq	.L254
 999:../../STM32Cube_FW_N6/Drivers/STM32N6xx_HAL_Driver/Src/stm32n6xx_hal_sai.c **** 
 1903              		.loc 1 999 5 discriminator 2 view .LVU620
1004:../../STM32Cube_FW_N6/Drivers/STM32N6xx_HAL_Driver/Src/stm32n6xx_hal_sai.c ****     hsai->ErrorCode = HAL_SAI_ERROR_NONE;
 1904              		.loc 1 1004 17 is_stmt 0 view .LVU621
 1905 002e 1223     		movs	r3, #18
 1906 0030 84F89130 		strb	r3, [r4, #145]
1005:../../STM32Cube_FW_N6/Drivers/STM32N6xx_HAL_Driver/Src/stm32n6xx_hal_sai.c **** 
 1907              		.loc 1 1005 21 view .LVU622
 1908 0034 0023     		movs	r3, #0
1001:../../STM32Cube_FW_N6/Drivers/STM32N6xx_HAL_Driver/Src/stm32n6xx_hal_sai.c ****     hsai->XferCount = Size;
 1909              		.loc 1 1001 20 view .LVU623
 1910 0036 A4F87C70 		strh	r7, [r4, #124]	@ movhi
1002:../../STM32Cube_FW_N6/Drivers/STM32N6xx_HAL_Driver/Src/stm32n6xx_hal_sai.c ****     hsai->pBuffPtr = pData;
 1911              		.loc 1 1002 21 view .LVU624
 1912 003a A4F87E70 		strh	r7, [r4, #126]	@ movhi
1008:../../STM32Cube_FW_N6/Drivers/STM32N6xx_HAL_Driver/Src/stm32n6xx_hal_sai.c ****     {
 1913              		.loc 1 1008 14 view .LVU625
 1914 003e 2768     		ldr	r7, [r4]
 1915              	.LVL120:
 999:../../STM32Cube_FW_N6/Drivers/STM32N6xx_HAL_Driver/Src/stm32n6xx_hal_sai.c **** 
 1916              		.loc 1 999 5 discriminator 2 view .LVU626
 1917 0040 84F89020 		strb	r2, [r4, #144]
 999:../../STM32Cube_FW_N6/Drivers/STM32N6xx_HAL_Driver/Src/stm32n6xx_hal_sai.c **** 
 1918              		.loc 1 999 5 is_stmt 1 discriminator 2 view .LVU627
1001:../../STM32Cube_FW_N6/Drivers/STM32N6xx_HAL_Driver/Src/stm32n6xx_hal_sai.c ****     hsai->XferCount = Size;
 1919              		.loc 1 1001 5 view .LVU628
1002:../../STM32Cube_FW_N6/Drivers/STM32N6xx_HAL_Driver/Src/stm32n6xx_hal_sai.c ****     hsai->pBuffPtr = pData;
 1920              		.loc 1 1002 5 view .LVU629
1003:../../STM32Cube_FW_N6/Drivers/STM32N6xx_HAL_Driver/Src/stm32n6xx_hal_sai.c ****     hsai->State = HAL_SAI_STATE_BUSY_TX;
 1921              		.loc 1 1003 5 view .LVU630
1005:../../STM32Cube_FW_N6/Drivers/STM32N6xx_HAL_Driver/Src/stm32n6xx_hal_sai.c **** 
 1922              		.loc 1 1005 21 is_stmt 0 view .LVU631
 1923 0044 C4F89430 		str	r3, [r4, #148]
1008:../../STM32Cube_FW_N6/Drivers/STM32N6xx_HAL_Driver/Src/stm32n6xx_hal_sai.c ****     {
ARM GAS  C:\Users\Antonio\AppData\Local\Temp\ccmFwfsh.s 			page 89


 1924              		.loc 1 1008 24 view .LVU632
 1925 0048 3B68     		ldr	r3, [r7]
1003:../../STM32Cube_FW_N6/Drivers/STM32N6xx_HAL_Driver/Src/stm32n6xx_hal_sai.c ****     hsai->State = HAL_SAI_STATE_BUSY_TX;
 1926              		.loc 1 1003 20 view .LVU633
 1927 004a C4F87880 		str	r8, [r4, #120]
1004:../../STM32Cube_FW_N6/Drivers/STM32N6xx_HAL_Driver/Src/stm32n6xx_hal_sai.c ****     hsai->ErrorCode = HAL_SAI_ERROR_NONE;
 1928              		.loc 1 1004 5 is_stmt 1 view .LVU634
1005:../../STM32Cube_FW_N6/Drivers/STM32N6xx_HAL_Driver/Src/stm32n6xx_hal_sai.c **** 
 1929              		.loc 1 1005 5 view .LVU635
1008:../../STM32Cube_FW_N6/Drivers/STM32N6xx_HAL_Driver/Src/stm32n6xx_hal_sai.c ****     {
 1930              		.loc 1 1008 5 view .LVU636
1008:../../STM32Cube_FW_N6/Drivers/STM32N6xx_HAL_Driver/Src/stm32n6xx_hal_sai.c ****     {
 1931              		.loc 1 1008 8 is_stmt 0 view .LVU637
 1932 004e DB03     		lsls	r3, r3, #15
 1933 0050 06D4     		bmi	.L244
1011:../../STM32Cube_FW_N6/Drivers/STM32N6xx_HAL_Driver/Src/stm32n6xx_hal_sai.c ****       /* Enable SAI peripheral */
 1934              		.loc 1 1011 7 is_stmt 1 view .LVU638
 1935 0052 2046     		mov	r0, r4
 1936              	.LVL121:
1011:../../STM32Cube_FW_N6/Drivers/STM32N6xx_HAL_Driver/Src/stm32n6xx_hal_sai.c ****       /* Enable SAI peripheral */
 1937              		.loc 1 1011 7 is_stmt 0 view .LVU639
 1938 0054 FFF7FEFF 		bl	SAI_FillFifo
 1939              	.LVL122:
1013:../../STM32Cube_FW_N6/Drivers/STM32N6xx_HAL_Driver/Src/stm32n6xx_hal_sai.c ****     }
 1940              		.loc 1 1013 7 is_stmt 1 view .LVU640
 1941 0058 3B68     		ldr	r3, [r7]
 1942 005a 43F48033 		orr	r3, r3, #65536
 1943 005e 3B60     		str	r3, [r7]
 1944              	.L244:
1016:../../STM32Cube_FW_N6/Drivers/STM32N6xx_HAL_Driver/Src/stm32n6xx_hal_sai.c ****     {
 1945              		.loc 1 1016 28 view .LVU641
1016:../../STM32Cube_FW_N6/Drivers/STM32N6xx_HAL_Driver/Src/stm32n6xx_hal_sai.c ****     {
 1946              		.loc 1 1016 16 is_stmt 0 view .LVU642
 1947 0060 B4F87E00 		ldrh	r0, [r4, #126]
1016:../../STM32Cube_FW_N6/Drivers/STM32N6xx_HAL_Driver/Src/stm32n6xx_hal_sai.c ****     {
 1948              		.loc 1 1016 28 view .LVU643
 1949 0064 28B9     		cbnz	r0, .L252
1077:../../STM32Cube_FW_N6/Drivers/STM32N6xx_HAL_Driver/Src/stm32n6xx_hal_sai.c **** 
 1950              		.loc 1 1077 5 is_stmt 1 view .LVU644
1077:../../STM32Cube_FW_N6/Drivers/STM32N6xx_HAL_Driver/Src/stm32n6xx_hal_sai.c **** 
 1951              		.loc 1 1077 17 is_stmt 0 view .LVU645
 1952 0066 0123     		movs	r3, #1
1080:../../STM32Cube_FW_N6/Drivers/STM32N6xx_HAL_Driver/Src/stm32n6xx_hal_sai.c **** 
 1953              		.loc 1 1080 5 view .LVU646
 1954 0068 84F89000 		strb	r0, [r4, #144]
1077:../../STM32Cube_FW_N6/Drivers/STM32N6xx_HAL_Driver/Src/stm32n6xx_hal_sai.c **** 
 1955              		.loc 1 1077 17 view .LVU647
 1956 006c 84F89130 		strb	r3, [r4, #145]
1080:../../STM32Cube_FW_N6/Drivers/STM32N6xx_HAL_Driver/Src/stm32n6xx_hal_sai.c **** 
 1957              		.loc 1 1080 5 is_stmt 1 view .LVU648
1080:../../STM32Cube_FW_N6/Drivers/STM32N6xx_HAL_Driver/Src/stm32n6xx_hal_sai.c **** 
 1958              		.loc 1 1080 5 view .LVU649
1080:../../STM32Cube_FW_N6/Drivers/STM32N6xx_HAL_Driver/Src/stm32n6xx_hal_sai.c **** 
 1959              		.loc 1 1080 5 view .LVU650
1082:../../STM32Cube_FW_N6/Drivers/STM32N6xx_HAL_Driver/Src/stm32n6xx_hal_sai.c ****   }
 1960              		.loc 1 1082 5 view .LVU651
1082:../../STM32Cube_FW_N6/Drivers/STM32N6xx_HAL_Driver/Src/stm32n6xx_hal_sai.c ****   }
ARM GAS  C:\Users\Antonio\AppData\Local\Temp\ccmFwfsh.s 			page 90


 1961              		.loc 1 1082 12 is_stmt 0 view .LVU652
 1962 0070 52E0     		b	.L242
 1963              	.L252:
1019:../../STM32Cube_FW_N6/Drivers/STM32N6xx_HAL_Driver/Src/stm32n6xx_hal_sai.c ****       {
 1964              		.loc 1 1019 7 is_stmt 1 view .LVU653
1019:../../STM32Cube_FW_N6/Drivers/STM32N6xx_HAL_Driver/Src/stm32n6xx_hal_sai.c ****       {
 1965              		.loc 1 1019 16 is_stmt 0 view .LVU654
 1966 0072 2768     		ldr	r7, [r4]
1019:../../STM32Cube_FW_N6/Drivers/STM32N6xx_HAL_Driver/Src/stm32n6xx_hal_sai.c ****       {
 1967              		.loc 1 1019 26 view .LVU655
 1968 0074 7B69     		ldr	r3, [r7, #20]
1019:../../STM32Cube_FW_N6/Drivers/STM32N6xx_HAL_Driver/Src/stm32n6xx_hal_sai.c ****       {
 1969              		.loc 1 1019 31 view .LVU656
 1970 0076 03F4E023 		and	r3, r3, #458752
1019:../../STM32Cube_FW_N6/Drivers/STM32N6xx_HAL_Driver/Src/stm32n6xx_hal_sai.c ****       {
 1971              		.loc 1 1019 10 view .LVU657
 1972 007a B3F5A02F 		cmp	r3, #327680
 1973 007e 2CD0     		beq	.L245
1021:../../STM32Cube_FW_N6/Drivers/STM32N6xx_HAL_Driver/Src/stm32n6xx_hal_sai.c ****         {
 1974              		.loc 1 1021 9 is_stmt 1 view .LVU658
1023:../../STM32Cube_FW_N6/Drivers/STM32N6xx_HAL_Driver/Src/stm32n6xx_hal_sai.c ****           hsai->pBuffPtr++;
 1975              		.loc 1 1023 37 is_stmt 0 view .LVU659
 1976 0080 A26F     		ldr	r2, [r4, #120]
1021:../../STM32Cube_FW_N6/Drivers/STM32N6xx_HAL_Driver/Src/stm32n6xx_hal_sai.c ****         {
 1977              		.loc 1 1021 24 view .LVU660
 1978 0082 A16C     		ldr	r1, [r4, #72]
1024:../../STM32Cube_FW_N6/Drivers/STM32N6xx_HAL_Driver/Src/stm32n6xx_hal_sai.c ****         }
 1979              		.loc 1 1024 25 view .LVU661
 1980 0084 1346     		mov	r3, r2
1021:../../STM32Cube_FW_N6/Drivers/STM32N6xx_HAL_Driver/Src/stm32n6xx_hal_sai.c ****         {
 1981              		.loc 1 1021 12 view .LVU662
 1982 0086 4029     		cmp	r1, #64
1023:../../STM32Cube_FW_N6/Drivers/STM32N6xx_HAL_Driver/Src/stm32n6xx_hal_sai.c ****           hsai->pBuffPtr++;
 1983              		.loc 1 1023 32 view .LVU663
 1984 0088 13F801CB 		ldrb	ip, [r3], #1	@ zero_extendqisi2
1021:../../STM32Cube_FW_N6/Drivers/STM32N6xx_HAL_Driver/Src/stm32n6xx_hal_sai.c ****         {
 1985              		.loc 1 1021 12 view .LVU664
 1986 008c 08D1     		bne	.L246
1021:../../STM32Cube_FW_N6/Drivers/STM32N6xx_HAL_Driver/Src/stm32n6xx_hal_sai.c ****         {
 1987              		.loc 1 1021 53 discriminator 1 view .LVU665
 1988 008e 216B     		ldr	r1, [r4, #48]
 1989 0090 41B9     		cbnz	r1, .L247
1023:../../STM32Cube_FW_N6/Drivers/STM32N6xx_HAL_Driver/Src/stm32n6xx_hal_sai.c ****           hsai->pBuffPtr++;
 1990              		.loc 1 1023 11 is_stmt 1 view .LVU666
1023:../../STM32Cube_FW_N6/Drivers/STM32N6xx_HAL_Driver/Src/stm32n6xx_hal_sai.c ****           hsai->pBuffPtr++;
 1991              		.loc 1 1023 30 is_stmt 0 view .LVU667
 1992 0092 C7F81CC0 		str	ip, [r7, #28]
1024:../../STM32Cube_FW_N6/Drivers/STM32N6xx_HAL_Driver/Src/stm32n6xx_hal_sai.c ****         }
 1993              		.loc 1 1024 11 is_stmt 1 view .LVU668
1024:../../STM32Cube_FW_N6/Drivers/STM32N6xx_HAL_Driver/Src/stm32n6xx_hal_sai.c ****         }
 1994              		.loc 1 1024 25 is_stmt 0 view .LVU669
 1995 0096 A367     		str	r3, [r4, #120]
 1996              	.L248:
1046:../../STM32Cube_FW_N6/Drivers/STM32N6xx_HAL_Driver/Src/stm32n6xx_hal_sai.c ****       }
 1997              		.loc 1 1046 9 is_stmt 1 view .LVU670
1046:../../STM32Cube_FW_N6/Drivers/STM32N6xx_HAL_Driver/Src/stm32n6xx_hal_sai.c ****       }
 1998              		.loc 1 1046 24 is_stmt 0 view .LVU671
ARM GAS  C:\Users\Antonio\AppData\Local\Temp\ccmFwfsh.s 			page 91


 1999 0098 0138     		subs	r0, r0, #1
 2000 009a A4F87E00 		strh	r0, [r4, #126]	@ movhi
 2001 009e DFE7     		b	.L244
 2002              	.L246:
1026:../../STM32Cube_FW_N6/Drivers/STM32N6xx_HAL_Driver/Src/stm32n6xx_hal_sai.c ****         {
 2003              		.loc 1 1026 14 is_stmt 1 view .LVU672
1026:../../STM32Cube_FW_N6/Drivers/STM32N6xx_HAL_Driver/Src/stm32n6xx_hal_sai.c ****         {
 2004              		.loc 1 1026 17 is_stmt 0 view .LVU673
 2005 00a0 8029     		cmp	r1, #128
 2006 00a2 07D8     		bhi	.L249
 2007              	.L247:
1028:../../STM32Cube_FW_N6/Drivers/STM32N6xx_HAL_Driver/Src/stm32n6xx_hal_sai.c ****           hsai->pBuffPtr++;
 2008              		.loc 1 1028 11 is_stmt 1 view .LVU674
 2009              	.LVL123:
1029:../../STM32Cube_FW_N6/Drivers/STM32N6xx_HAL_Driver/Src/stm32n6xx_hal_sai.c ****           temp |= ((uint32_t)(*hsai->pBuffPtr) << 8);
 2010              		.loc 1 1029 11 view .LVU675
1029:../../STM32Cube_FW_N6/Drivers/STM32N6xx_HAL_Driver/Src/stm32n6xx_hal_sai.c ****           temp |= ((uint32_t)(*hsai->pBuffPtr) << 8);
 2011              		.loc 1 1029 25 is_stmt 0 view .LVU676
 2012 00a4 A367     		str	r3, [r4, #120]
 2013              	.LVL124:
1030:../../STM32Cube_FW_N6/Drivers/STM32N6xx_HAL_Driver/Src/stm32n6xx_hal_sai.c ****           hsai->pBuffPtr++;
 2014              		.loc 1 1030 11 is_stmt 1 view .LVU677
1030:../../STM32Cube_FW_N6/Drivers/STM32N6xx_HAL_Driver/Src/stm32n6xx_hal_sai.c ****           hsai->pBuffPtr++;
 2015              		.loc 1 1030 20 is_stmt 0 view .LVU678
 2016 00a6 5378     		ldrb	r3, [r2, #1]	@ zero_extendqisi2
1031:../../STM32Cube_FW_N6/Drivers/STM32N6xx_HAL_Driver/Src/stm32n6xx_hal_sai.c ****           hsai->Instance->DR = temp;
 2017              		.loc 1 1031 25 view .LVU679
 2018 00a8 0232     		adds	r2, r2, #2
1030:../../STM32Cube_FW_N6/Drivers/STM32N6xx_HAL_Driver/Src/stm32n6xx_hal_sai.c ****           hsai->pBuffPtr++;
 2019              		.loc 1 1030 16 view .LVU680
 2020 00aa 4CEA0323 		orr	r3, ip, r3, lsl #8
 2021              	.LVL125:
1031:../../STM32Cube_FW_N6/Drivers/STM32N6xx_HAL_Driver/Src/stm32n6xx_hal_sai.c ****           hsai->Instance->DR = temp;
 2022              		.loc 1 1031 11 is_stmt 1 view .LVU681
1031:../../STM32Cube_FW_N6/Drivers/STM32N6xx_HAL_Driver/Src/stm32n6xx_hal_sai.c ****           hsai->Instance->DR = temp;
 2023              		.loc 1 1031 25 is_stmt 0 view .LVU682
 2024 00ae A267     		str	r2, [r4, #120]
1032:../../STM32Cube_FW_N6/Drivers/STM32N6xx_HAL_Driver/Src/stm32n6xx_hal_sai.c ****         }
 2025              		.loc 1 1032 11 is_stmt 1 view .LVU683
1032:../../STM32Cube_FW_N6/Drivers/STM32N6xx_HAL_Driver/Src/stm32n6xx_hal_sai.c ****         }
 2026              		.loc 1 1032 30 is_stmt 0 view .LVU684
 2027 00b0 FB61     		str	r3, [r7, #28]
 2028 00b2 F1E7     		b	.L248
 2029              	.LVL126:
 2030              	.L249:
1036:../../STM32Cube_FW_N6/Drivers/STM32N6xx_HAL_Driver/Src/stm32n6xx_hal_sai.c ****           hsai->pBuffPtr++;
 2031              		.loc 1 1036 11 is_stmt 1 view .LVU685
1037:../../STM32Cube_FW_N6/Drivers/STM32N6xx_HAL_Driver/Src/stm32n6xx_hal_sai.c ****           temp |= ((uint32_t)(*hsai->pBuffPtr) << 8);
 2032              		.loc 1 1037 11 view .LVU686
1037:../../STM32Cube_FW_N6/Drivers/STM32N6xx_HAL_Driver/Src/stm32n6xx_hal_sai.c ****           temp |= ((uint32_t)(*hsai->pBuffPtr) << 8);
 2033              		.loc 1 1037 25 is_stmt 0 view .LVU687
 2034 00b4 A367     		str	r3, [r4, #120]
 2035              	.LVL127:
1038:../../STM32Cube_FW_N6/Drivers/STM32N6xx_HAL_Driver/Src/stm32n6xx_hal_sai.c ****           hsai->pBuffPtr++;
 2036              		.loc 1 1038 11 is_stmt 1 view .LVU688
1039:../../STM32Cube_FW_N6/Drivers/STM32N6xx_HAL_Driver/Src/stm32n6xx_hal_sai.c ****           temp |= ((uint32_t)(*hsai->pBuffPtr) << 16);
 2037              		.loc 1 1039 25 is_stmt 0 view .LVU689
ARM GAS  C:\Users\Antonio\AppData\Local\Temp\ccmFwfsh.s 			page 92


 2038 00b6 911C     		adds	r1, r2, #2
1038:../../STM32Cube_FW_N6/Drivers/STM32N6xx_HAL_Driver/Src/stm32n6xx_hal_sai.c ****           hsai->pBuffPtr++;
 2039              		.loc 1 1038 20 view .LVU690
 2040 00b8 5378     		ldrb	r3, [r2, #1]	@ zero_extendqisi2
1039:../../STM32Cube_FW_N6/Drivers/STM32N6xx_HAL_Driver/Src/stm32n6xx_hal_sai.c ****           temp |= ((uint32_t)(*hsai->pBuffPtr) << 16);
 2041              		.loc 1 1039 11 is_stmt 1 view .LVU691
1039:../../STM32Cube_FW_N6/Drivers/STM32N6xx_HAL_Driver/Src/stm32n6xx_hal_sai.c ****           temp |= ((uint32_t)(*hsai->pBuffPtr) << 16);
 2042              		.loc 1 1039 25 is_stmt 0 view .LVU692
 2043 00ba A167     		str	r1, [r4, #120]
1040:../../STM32Cube_FW_N6/Drivers/STM32N6xx_HAL_Driver/Src/stm32n6xx_hal_sai.c ****           hsai->pBuffPtr++;
 2044              		.loc 1 1040 11 is_stmt 1 view .LVU693
1040:../../STM32Cube_FW_N6/Drivers/STM32N6xx_HAL_Driver/Src/stm32n6xx_hal_sai.c ****           hsai->pBuffPtr++;
 2045              		.loc 1 1040 20 is_stmt 0 view .LVU694
 2046 00bc 9178     		ldrb	r1, [r2, #2]	@ zero_extendqisi2
1040:../../STM32Cube_FW_N6/Drivers/STM32N6xx_HAL_Driver/Src/stm32n6xx_hal_sai.c ****           hsai->pBuffPtr++;
 2047              		.loc 1 1040 48 view .LVU695
 2048 00be 0904     		lsls	r1, r1, #16
1040:../../STM32Cube_FW_N6/Drivers/STM32N6xx_HAL_Driver/Src/stm32n6xx_hal_sai.c ****           hsai->pBuffPtr++;
 2049              		.loc 1 1040 16 view .LVU696
 2050 00c0 41EA0321 		orr	r1, r1, r3, lsl #8
1041:../../STM32Cube_FW_N6/Drivers/STM32N6xx_HAL_Driver/Src/stm32n6xx_hal_sai.c ****           temp |= ((uint32_t)(*hsai->pBuffPtr) << 24);
 2051              		.loc 1 1041 25 view .LVU697
 2052 00c4 D31C     		adds	r3, r2, #3
1041:../../STM32Cube_FW_N6/Drivers/STM32N6xx_HAL_Driver/Src/stm32n6xx_hal_sai.c ****           temp |= ((uint32_t)(*hsai->pBuffPtr) << 24);
 2053              		.loc 1 1041 25 view .LVU698
 2054 00c6 A367     		str	r3, [r4, #120]
1042:../../STM32Cube_FW_N6/Drivers/STM32N6xx_HAL_Driver/Src/stm32n6xx_hal_sai.c ****           hsai->pBuffPtr++;
 2055              		.loc 1 1042 20 view .LVU699
 2056 00c8 D378     		ldrb	r3, [r2, #3]	@ zero_extendqisi2
1040:../../STM32Cube_FW_N6/Drivers/STM32N6xx_HAL_Driver/Src/stm32n6xx_hal_sai.c ****           hsai->pBuffPtr++;
 2057              		.loc 1 1040 16 view .LVU700
 2058 00ca 41EA0C01 		orr	r1, r1, ip
 2059              	.LVL128:
1041:../../STM32Cube_FW_N6/Drivers/STM32N6xx_HAL_Driver/Src/stm32n6xx_hal_sai.c ****           temp |= ((uint32_t)(*hsai->pBuffPtr) << 24);
 2060              		.loc 1 1041 11 is_stmt 1 view .LVU701
1042:../../STM32Cube_FW_N6/Drivers/STM32N6xx_HAL_Driver/Src/stm32n6xx_hal_sai.c ****           hsai->pBuffPtr++;
 2061              		.loc 1 1042 11 view .LVU702
1042:../../STM32Cube_FW_N6/Drivers/STM32N6xx_HAL_Driver/Src/stm32n6xx_hal_sai.c ****           hsai->pBuffPtr++;
 2062              		.loc 1 1042 16 is_stmt 0 view .LVU703
 2063 00ce 41EA0361 		orr	r1, r1, r3, lsl #24
 2064              	.LVL129:
1043:../../STM32Cube_FW_N6/Drivers/STM32N6xx_HAL_Driver/Src/stm32n6xx_hal_sai.c ****           hsai->Instance->DR = temp;
 2065              		.loc 1 1043 11 is_stmt 1 view .LVU704
1043:../../STM32Cube_FW_N6/Drivers/STM32N6xx_HAL_Driver/Src/stm32n6xx_hal_sai.c ****           hsai->Instance->DR = temp;
 2066              		.loc 1 1043 25 is_stmt 0 view .LVU705
 2067 00d2 0432     		adds	r2, r2, #4
 2068 00d4 A267     		str	r2, [r4, #120]
1044:../../STM32Cube_FW_N6/Drivers/STM32N6xx_HAL_Driver/Src/stm32n6xx_hal_sai.c ****         }
 2069              		.loc 1 1044 11 is_stmt 1 view .LVU706
1044:../../STM32Cube_FW_N6/Drivers/STM32N6xx_HAL_Driver/Src/stm32n6xx_hal_sai.c ****         }
 2070              		.loc 1 1044 30 is_stmt 0 view .LVU707
 2071 00d6 F961     		str	r1, [r7, #28]
 2072 00d8 DEE7     		b	.L248
 2073              	.LVL130:
 2074              	.L245:
1051:../../STM32Cube_FW_N6/Drivers/STM32N6xx_HAL_Driver/Src/stm32n6xx_hal_sai.c ****         {
 2075              		.loc 1 1051 9 is_stmt 1 view .LVU708
ARM GAS  C:\Users\Antonio\AppData\Local\Temp\ccmFwfsh.s 			page 93


1051:../../STM32Cube_FW_N6/Drivers/STM32N6xx_HAL_Driver/Src/stm32n6xx_hal_sai.c ****         {
 2076              		.loc 1 1051 16 is_stmt 0 view .LVU709
 2077 00da FFF7FEFF 		bl	HAL_GetTick
 2078              	.LVL131:
1051:../../STM32Cube_FW_N6/Drivers/STM32N6xx_HAL_Driver/Src/stm32n6xx_hal_sai.c ****         {
 2079              		.loc 1 1051 30 discriminator 1 view .LVU710
 2080 00de 801B     		subs	r0, r0, r6
1051:../../STM32Cube_FW_N6/Drivers/STM32N6xx_HAL_Driver/Src/stm32n6xx_hal_sai.c ****         {
 2081              		.loc 1 1051 12 discriminator 1 view .LVU711
 2082 00e0 A842     		cmp	r0, r5
 2083 00e2 01D8     		bhi	.L251
1051:../../STM32Cube_FW_N6/Drivers/STM32N6xx_HAL_Driver/Src/stm32n6xx_hal_sai.c ****         {
 2084              		.loc 1 1051 54 discriminator 2 view .LVU712
 2085 00e4 002D     		cmp	r5, #0
 2086 00e6 BBD1     		bne	.L244
 2087              	.L251:
1054:../../STM32Cube_FW_N6/Drivers/STM32N6xx_HAL_Driver/Src/stm32n6xx_hal_sai.c **** 
 2088              		.loc 1 1054 11 is_stmt 1 view .LVU713
1054:../../STM32Cube_FW_N6/Drivers/STM32N6xx_HAL_Driver/Src/stm32n6xx_hal_sai.c **** 
 2089              		.loc 1 1054 15 is_stmt 0 view .LVU714
 2090 00e8 D4F89430 		ldr	r3, [r4, #148]
1057:../../STM32Cube_FW_N6/Drivers/STM32N6xx_HAL_Driver/Src/stm32n6xx_hal_sai.c **** 
 2091              		.loc 1 1057 15 view .LVU715
 2092 00ec 2568     		ldr	r5, [r4]
 2093              	.LVL132:
1054:../../STM32Cube_FW_N6/Drivers/STM32N6xx_HAL_Driver/Src/stm32n6xx_hal_sai.c **** 
 2094              		.loc 1 1054 27 view .LVU716
 2095 00ee 43F04003 		orr	r3, r3, #64
 2096 00f2 C4F89430 		str	r3, [r4, #148]
1057:../../STM32Cube_FW_N6/Drivers/STM32N6xx_HAL_Driver/Src/stm32n6xx_hal_sai.c **** 
 2097              		.loc 1 1057 11 is_stmt 1 view .LVU717
1057:../../STM32Cube_FW_N6/Drivers/STM32N6xx_HAL_Driver/Src/stm32n6xx_hal_sai.c **** 
 2098              		.loc 1 1057 33 is_stmt 0 view .LVU718
 2099 00f6 4FF0FF33 		mov	r3, #-1
1061:../../STM32Cube_FW_N6/Drivers/STM32N6xx_HAL_Driver/Src/stm32n6xx_hal_sai.c **** 
 2100              		.loc 1 1061 18 view .LVU719
 2101 00fa 2046     		mov	r0, r4
1057:../../STM32Cube_FW_N6/Drivers/STM32N6xx_HAL_Driver/Src/stm32n6xx_hal_sai.c **** 
 2102              		.loc 1 1057 33 view .LVU720
 2103 00fc AB61     		str	r3, [r5, #24]
1061:../../STM32Cube_FW_N6/Drivers/STM32N6xx_HAL_Driver/Src/stm32n6xx_hal_sai.c **** 
 2104              		.loc 1 1061 11 is_stmt 1 view .LVU721
1061:../../STM32Cube_FW_N6/Drivers/STM32N6xx_HAL_Driver/Src/stm32n6xx_hal_sai.c **** 
 2105              		.loc 1 1061 18 is_stmt 0 view .LVU722
 2106 00fe FFF7FEFF 		bl	SAI_Disable
 2107              	.LVL133:
1064:../../STM32Cube_FW_N6/Drivers/STM32N6xx_HAL_Driver/Src/stm32n6xx_hal_sai.c **** 
 2108              		.loc 1 1064 11 is_stmt 1 view .LVU723
 2109 0102 6B68     		ldr	r3, [r5, #4]
 2110 0104 43F00803 		orr	r3, r3, #8
 2111 0108 6B60     		str	r3, [r5, #4]
1067:../../STM32Cube_FW_N6/Drivers/STM32N6xx_HAL_Driver/Src/stm32n6xx_hal_sai.c **** 
 2112              		.loc 1 1067 11 view .LVU724
1067:../../STM32Cube_FW_N6/Drivers/STM32N6xx_HAL_Driver/Src/stm32n6xx_hal_sai.c **** 
 2113              		.loc 1 1067 23 is_stmt 0 view .LVU725
 2114 010a 0123     		movs	r3, #1
 2115 010c 84F89130 		strb	r3, [r4, #145]
ARM GAS  C:\Users\Antonio\AppData\Local\Temp\ccmFwfsh.s 			page 94


1070:../../STM32Cube_FW_N6/Drivers/STM32N6xx_HAL_Driver/Src/stm32n6xx_hal_sai.c **** 
 2116              		.loc 1 1070 11 is_stmt 1 view .LVU726
1070:../../STM32Cube_FW_N6/Drivers/STM32N6xx_HAL_Driver/Src/stm32n6xx_hal_sai.c **** 
 2117              		.loc 1 1070 11 view .LVU727
 2118 0110 0023     		movs	r3, #0
 2119 0112 84F89030 		strb	r3, [r4, #144]
1070:../../STM32Cube_FW_N6/Drivers/STM32N6xx_HAL_Driver/Src/stm32n6xx_hal_sai.c **** 
 2120              		.loc 1 1070 11 view .LVU728
1072:../../STM32Cube_FW_N6/Drivers/STM32N6xx_HAL_Driver/Src/stm32n6xx_hal_sai.c ****         }
 2121              		.loc 1 1072 11 view .LVU729
 2122              	.L241:
 993:../../STM32Cube_FW_N6/Drivers/STM32N6xx_HAL_Driver/Src/stm32n6xx_hal_sai.c ****   }
 2123              		.loc 1 993 13 is_stmt 0 view .LVU730
 2124 0116 0120     		movs	r0, #1
 2125              	.L242:
1088:../../STM32Cube_FW_N6/Drivers/STM32N6xx_HAL_Driver/Src/stm32n6xx_hal_sai.c **** 
 2126              		.loc 1 1088 1 view .LVU731
 2127 0118 BDE8F081 		pop	{r4, r5, r6, r7, r8, pc}
 2128              	.LVL134:
 2129              	.L254:
 999:../../STM32Cube_FW_N6/Drivers/STM32N6xx_HAL_Driver/Src/stm32n6xx_hal_sai.c **** 
 2130              		.loc 1 999 5 discriminator 1 view .LVU732
 2131 011c 0220     		movs	r0, #2
 2132              	.LVL135:
 999:../../STM32Cube_FW_N6/Drivers/STM32N6xx_HAL_Driver/Src/stm32n6xx_hal_sai.c **** 
 2133              		.loc 1 999 5 discriminator 1 view .LVU733
 2134 011e FBE7     		b	.L242
 2135              		.cfi_endproc
 2136              	.LFE842:
 2138              		.section	.text.HAL_SAI_Receive,"ax",%progbits
 2139              		.align	1
 2140              		.global	HAL_SAI_Receive
 2141              		.syntax unified
 2142              		.thumb
 2143              		.thumb_func
 2145              	HAL_SAI_Receive:
 2146              	.LVL136:
 2147              	.LFB843:
1100:../../STM32Cube_FW_N6/Drivers/STM32N6xx_HAL_Driver/Src/stm32n6xx_hal_sai.c ****   uint32_t tickstart = HAL_GetTick();
 2148              		.loc 1 1100 1 is_stmt 1 view -0
 2149              		.cfi_startproc
 2150              		@ args = 0, pretend = 0, frame = 0
 2151              		@ frame_needed = 0, uses_anonymous_args = 0
1101:../../STM32Cube_FW_N6/Drivers/STM32N6xx_HAL_Driver/Src/stm32n6xx_hal_sai.c ****   uint32_t temp;
 2152              		.loc 1 1101 3 view .LVU735
1100:../../STM32Cube_FW_N6/Drivers/STM32N6xx_HAL_Driver/Src/stm32n6xx_hal_sai.c ****   uint32_t tickstart = HAL_GetTick();
 2153              		.loc 1 1100 1 is_stmt 0 view .LVU736
 2154 0000 2DE9F041 		push	{r4, r5, r6, r7, r8, lr}
 2155              		.cfi_def_cfa_offset 24
 2156              		.cfi_offset 4, -24
 2157              		.cfi_offset 5, -20
 2158              		.cfi_offset 6, -16
 2159              		.cfi_offset 7, -12
 2160              		.cfi_offset 8, -8
 2161              		.cfi_offset 14, -4
1100:../../STM32Cube_FW_N6/Drivers/STM32N6xx_HAL_Driver/Src/stm32n6xx_hal_sai.c ****   uint32_t tickstart = HAL_GetTick();
 2162              		.loc 1 1100 1 view .LVU737
ARM GAS  C:\Users\Antonio\AppData\Local\Temp\ccmFwfsh.s 			page 95


 2163 0004 0446     		mov	r4, r0
 2164 0006 8846     		mov	r8, r1
 2165 0008 1646     		mov	r6, r2
 2166 000a 1D46     		mov	r5, r3
1101:../../STM32Cube_FW_N6/Drivers/STM32N6xx_HAL_Driver/Src/stm32n6xx_hal_sai.c ****   uint32_t temp;
 2167              		.loc 1 1101 24 view .LVU738
 2168 000c FFF7FEFF 		bl	HAL_GetTick
 2169              	.LVL137:
1101:../../STM32Cube_FW_N6/Drivers/STM32N6xx_HAL_Driver/Src/stm32n6xx_hal_sai.c ****   uint32_t temp;
 2170              		.loc 1 1101 24 view .LVU739
 2171 0010 0746     		mov	r7, r0
 2172              	.LVL138:
1102:../../STM32Cube_FW_N6/Drivers/STM32N6xx_HAL_Driver/Src/stm32n6xx_hal_sai.c **** 
 2173              		.loc 1 1102 3 is_stmt 1 view .LVU740
1104:../../STM32Cube_FW_N6/Drivers/STM32N6xx_HAL_Driver/Src/stm32n6xx_hal_sai.c ****   {
 2174              		.loc 1 1104 3 view .LVU741
1104:../../STM32Cube_FW_N6/Drivers/STM32N6xx_HAL_Driver/Src/stm32n6xx_hal_sai.c ****   {
 2175              		.loc 1 1104 6 is_stmt 0 view .LVU742
 2176 0012 B8F1000F 		cmp	r8, #0
 2177 0016 79D0     		beq	.L262
1104:../../STM32Cube_FW_N6/Drivers/STM32N6xx_HAL_Driver/Src/stm32n6xx_hal_sai.c ****   {
 2178              		.loc 1 1104 23 discriminator 1 view .LVU743
 2179 0018 002E     		cmp	r6, #0
 2180 001a 77D0     		beq	.L262
1109:../../STM32Cube_FW_N6/Drivers/STM32N6xx_HAL_Driver/Src/stm32n6xx_hal_sai.c ****   {
 2181              		.loc 1 1109 3 is_stmt 1 view .LVU744
1109:../../STM32Cube_FW_N6/Drivers/STM32N6xx_HAL_Driver/Src/stm32n6xx_hal_sai.c ****   {
 2182              		.loc 1 1109 11 is_stmt 0 view .LVU745
 2183 001c 94F89130 		ldrb	r3, [r4, #145]	@ zero_extendqisi2
1109:../../STM32Cube_FW_N6/Drivers/STM32N6xx_HAL_Driver/Src/stm32n6xx_hal_sai.c ****   {
 2184              		.loc 1 1109 6 view .LVU746
 2185 0020 012B     		cmp	r3, #1
1109:../../STM32Cube_FW_N6/Drivers/STM32N6xx_HAL_Driver/Src/stm32n6xx_hal_sai.c ****   {
 2186              		.loc 1 1109 11 view .LVU747
 2187 0022 DAB2     		uxtb	r2, r3
1109:../../STM32Cube_FW_N6/Drivers/STM32N6xx_HAL_Driver/Src/stm32n6xx_hal_sai.c ****   {
 2188              		.loc 1 1109 6 view .LVU748
 2189 0024 75D1     		bne	.L275
1112:../../STM32Cube_FW_N6/Drivers/STM32N6xx_HAL_Driver/Src/stm32n6xx_hal_sai.c **** 
 2190              		.loc 1 1112 5 is_stmt 1 view .LVU749
1112:../../STM32Cube_FW_N6/Drivers/STM32N6xx_HAL_Driver/Src/stm32n6xx_hal_sai.c **** 
 2191              		.loc 1 1112 5 view .LVU750
 2192 0026 94F89030 		ldrb	r3, [r4, #144]	@ zero_extendqisi2
 2193 002a 012B     		cmp	r3, #1
 2194 002c 71D0     		beq	.L275
1112:../../STM32Cube_FW_N6/Drivers/STM32N6xx_HAL_Driver/Src/stm32n6xx_hal_sai.c **** 
 2195              		.loc 1 1112 5 discriminator 2 view .LVU751
1117:../../STM32Cube_FW_N6/Drivers/STM32N6xx_HAL_Driver/Src/stm32n6xx_hal_sai.c ****     hsai->ErrorCode = HAL_SAI_ERROR_NONE;
 2196              		.loc 1 1117 17 is_stmt 0 view .LVU752
 2197 002e 2223     		movs	r3, #34
 2198 0030 84F89130 		strb	r3, [r4, #145]
1118:../../STM32Cube_FW_N6/Drivers/STM32N6xx_HAL_Driver/Src/stm32n6xx_hal_sai.c **** 
 2199              		.loc 1 1118 21 view .LVU753
 2200 0034 0023     		movs	r3, #0
 2201 0036 C4F89430 		str	r3, [r4, #148]
1121:../../STM32Cube_FW_N6/Drivers/STM32N6xx_HAL_Driver/Src/stm32n6xx_hal_sai.c ****     {
 2202              		.loc 1 1121 14 view .LVU754
ARM GAS  C:\Users\Antonio\AppData\Local\Temp\ccmFwfsh.s 			page 96


 2203 003a 2368     		ldr	r3, [r4]
1112:../../STM32Cube_FW_N6/Drivers/STM32N6xx_HAL_Driver/Src/stm32n6xx_hal_sai.c **** 
 2204              		.loc 1 1112 5 discriminator 2 view .LVU755
 2205 003c 84F89020 		strb	r2, [r4, #144]
1112:../../STM32Cube_FW_N6/Drivers/STM32N6xx_HAL_Driver/Src/stm32n6xx_hal_sai.c **** 
 2206              		.loc 1 1112 5 is_stmt 1 discriminator 2 view .LVU756
1114:../../STM32Cube_FW_N6/Drivers/STM32N6xx_HAL_Driver/Src/stm32n6xx_hal_sai.c ****     hsai->XferSize = Size;
 2207              		.loc 1 1114 5 view .LVU757
1121:../../STM32Cube_FW_N6/Drivers/STM32N6xx_HAL_Driver/Src/stm32n6xx_hal_sai.c ****     {
 2208              		.loc 1 1121 24 is_stmt 0 view .LVU758
 2209 0040 1A68     		ldr	r2, [r3]
1114:../../STM32Cube_FW_N6/Drivers/STM32N6xx_HAL_Driver/Src/stm32n6xx_hal_sai.c ****     hsai->XferSize = Size;
 2210              		.loc 1 1114 20 view .LVU759
 2211 0042 C4F87880 		str	r8, [r4, #120]
1115:../../STM32Cube_FW_N6/Drivers/STM32N6xx_HAL_Driver/Src/stm32n6xx_hal_sai.c ****     hsai->XferCount = Size;
 2212              		.loc 1 1115 5 is_stmt 1 view .LVU760
1121:../../STM32Cube_FW_N6/Drivers/STM32N6xx_HAL_Driver/Src/stm32n6xx_hal_sai.c ****     {
 2213              		.loc 1 1121 8 is_stmt 0 view .LVU761
 2214 0046 D203     		lsls	r2, r2, #15
1115:../../STM32Cube_FW_N6/Drivers/STM32N6xx_HAL_Driver/Src/stm32n6xx_hal_sai.c ****     hsai->XferCount = Size;
 2215              		.loc 1 1115 20 view .LVU762
 2216 0048 A4F87C60 		strh	r6, [r4, #124]	@ movhi
1116:../../STM32Cube_FW_N6/Drivers/STM32N6xx_HAL_Driver/Src/stm32n6xx_hal_sai.c ****     hsai->State = HAL_SAI_STATE_BUSY_RX;
 2217              		.loc 1 1116 5 is_stmt 1 view .LVU763
1116:../../STM32Cube_FW_N6/Drivers/STM32N6xx_HAL_Driver/Src/stm32n6xx_hal_sai.c ****     hsai->State = HAL_SAI_STATE_BUSY_RX;
 2218              		.loc 1 1116 21 is_stmt 0 view .LVU764
 2219 004c A4F87E60 		strh	r6, [r4, #126]	@ movhi
1117:../../STM32Cube_FW_N6/Drivers/STM32N6xx_HAL_Driver/Src/stm32n6xx_hal_sai.c ****     hsai->ErrorCode = HAL_SAI_ERROR_NONE;
 2220              		.loc 1 1117 5 is_stmt 1 view .LVU765
1118:../../STM32Cube_FW_N6/Drivers/STM32N6xx_HAL_Driver/Src/stm32n6xx_hal_sai.c **** 
 2221              		.loc 1 1118 5 view .LVU766
1121:../../STM32Cube_FW_N6/Drivers/STM32N6xx_HAL_Driver/Src/stm32n6xx_hal_sai.c ****     {
 2222              		.loc 1 1121 5 view .LVU767
1121:../../STM32Cube_FW_N6/Drivers/STM32N6xx_HAL_Driver/Src/stm32n6xx_hal_sai.c ****     {
 2223              		.loc 1 1121 8 is_stmt 0 view .LVU768
 2224 0050 03D4     		bmi	.L265
1124:../../STM32Cube_FW_N6/Drivers/STM32N6xx_HAL_Driver/Src/stm32n6xx_hal_sai.c ****     }
 2225              		.loc 1 1124 7 is_stmt 1 view .LVU769
 2226 0052 1A68     		ldr	r2, [r3]
 2227 0054 42F48032 		orr	r2, r2, #65536
 2228 0058 1A60     		str	r2, [r3]
 2229              	.LVL139:
 2230              	.L265:
1128:../../STM32Cube_FW_N6/Drivers/STM32N6xx_HAL_Driver/Src/stm32n6xx_hal_sai.c ****     {
 2231              		.loc 1 1128 28 view .LVU770
 2232 005a B4F87E00 		ldrh	r0, [r4, #126]
 2233 005e 28B9     		cbnz	r0, .L273
1188:../../STM32Cube_FW_N6/Drivers/STM32N6xx_HAL_Driver/Src/stm32n6xx_hal_sai.c **** 
 2234              		.loc 1 1188 5 view .LVU771
1188:../../STM32Cube_FW_N6/Drivers/STM32N6xx_HAL_Driver/Src/stm32n6xx_hal_sai.c **** 
 2235              		.loc 1 1188 17 is_stmt 0 view .LVU772
 2236 0060 0123     		movs	r3, #1
1191:../../STM32Cube_FW_N6/Drivers/STM32N6xx_HAL_Driver/Src/stm32n6xx_hal_sai.c **** 
 2237              		.loc 1 1191 5 view .LVU773
 2238 0062 84F89000 		strb	r0, [r4, #144]
1188:../../STM32Cube_FW_N6/Drivers/STM32N6xx_HAL_Driver/Src/stm32n6xx_hal_sai.c **** 
 2239              		.loc 1 1188 17 view .LVU774
ARM GAS  C:\Users\Antonio\AppData\Local\Temp\ccmFwfsh.s 			page 97


 2240 0066 84F89130 		strb	r3, [r4, #145]
1191:../../STM32Cube_FW_N6/Drivers/STM32N6xx_HAL_Driver/Src/stm32n6xx_hal_sai.c **** 
 2241              		.loc 1 1191 5 is_stmt 1 view .LVU775
1191:../../STM32Cube_FW_N6/Drivers/STM32N6xx_HAL_Driver/Src/stm32n6xx_hal_sai.c **** 
 2242              		.loc 1 1191 5 view .LVU776
1191:../../STM32Cube_FW_N6/Drivers/STM32N6xx_HAL_Driver/Src/stm32n6xx_hal_sai.c **** 
 2243              		.loc 1 1191 5 view .LVU777
1193:../../STM32Cube_FW_N6/Drivers/STM32N6xx_HAL_Driver/Src/stm32n6xx_hal_sai.c ****   }
 2244              		.loc 1 1193 5 view .LVU778
1193:../../STM32Cube_FW_N6/Drivers/STM32N6xx_HAL_Driver/Src/stm32n6xx_hal_sai.c ****   }
 2245              		.loc 1 1193 12 is_stmt 0 view .LVU779
 2246 006a 50E0     		b	.L263
 2247              	.L273:
1130:../../STM32Cube_FW_N6/Drivers/STM32N6xx_HAL_Driver/Src/stm32n6xx_hal_sai.c ****       {
 2248              		.loc 1 1130 7 is_stmt 1 view .LVU780
1130:../../STM32Cube_FW_N6/Drivers/STM32N6xx_HAL_Driver/Src/stm32n6xx_hal_sai.c ****       {
 2249              		.loc 1 1130 16 is_stmt 0 view .LVU781
 2250 006c 2368     		ldr	r3, [r4]
1130:../../STM32Cube_FW_N6/Drivers/STM32N6xx_HAL_Driver/Src/stm32n6xx_hal_sai.c ****       {
 2251              		.loc 1 1130 26 view .LVU782
 2252 006e 5A69     		ldr	r2, [r3, #20]
1130:../../STM32Cube_FW_N6/Drivers/STM32N6xx_HAL_Driver/Src/stm32n6xx_hal_sai.c ****       {
 2253              		.loc 1 1130 10 view .LVU783
 2254 0070 12F4E02F 		tst	r2, #458752
 2255 0074 2CD0     		beq	.L266
1132:../../STM32Cube_FW_N6/Drivers/STM32N6xx_HAL_Driver/Src/stm32n6xx_hal_sai.c ****         {
 2256              		.loc 1 1132 9 is_stmt 1 view .LVU784
1132:../../STM32Cube_FW_N6/Drivers/STM32N6xx_HAL_Driver/Src/stm32n6xx_hal_sai.c ****         {
 2257              		.loc 1 1132 24 is_stmt 0 view .LVU785
 2258 0076 A26C     		ldr	r2, [r4, #72]
1134:../../STM32Cube_FW_N6/Drivers/STM32N6xx_HAL_Driver/Src/stm32n6xx_hal_sai.c ****           hsai->pBuffPtr++;
 2259              		.loc 1 1134 16 view .LVU786
 2260 0078 A16F     		ldr	r1, [r4, #120]
1132:../../STM32Cube_FW_N6/Drivers/STM32N6xx_HAL_Driver/Src/stm32n6xx_hal_sai.c ****         {
 2261              		.loc 1 1132 12 view .LVU787
 2262 007a 402A     		cmp	r2, #64
 2263 007c 0CD1     		bne	.L267
1132:../../STM32Cube_FW_N6/Drivers/STM32N6xx_HAL_Driver/Src/stm32n6xx_hal_sai.c ****         {
 2264              		.loc 1 1132 53 discriminator 1 view .LVU788
 2265 007e 226B     		ldr	r2, [r4, #48]
 2266 0080 62B9     		cbnz	r2, .L268
1134:../../STM32Cube_FW_N6/Drivers/STM32N6xx_HAL_Driver/Src/stm32n6xx_hal_sai.c ****           hsai->pBuffPtr++;
 2267              		.loc 1 1134 11 is_stmt 1 view .LVU789
1134:../../STM32Cube_FW_N6/Drivers/STM32N6xx_HAL_Driver/Src/stm32n6xx_hal_sai.c ****           hsai->pBuffPtr++;
 2268              		.loc 1 1134 52 is_stmt 0 view .LVU790
 2269 0082 DB69     		ldr	r3, [r3, #28]
1134:../../STM32Cube_FW_N6/Drivers/STM32N6xx_HAL_Driver/Src/stm32n6xx_hal_sai.c ****           hsai->pBuffPtr++;
 2270              		.loc 1 1134 29 view .LVU791
 2271 0084 0B70     		strb	r3, [r1]
1135:../../STM32Cube_FW_N6/Drivers/STM32N6xx_HAL_Driver/Src/stm32n6xx_hal_sai.c ****         }
 2272              		.loc 1 1135 11 is_stmt 1 view .LVU792
 2273              	.L282:
1155:../../STM32Cube_FW_N6/Drivers/STM32N6xx_HAL_Driver/Src/stm32n6xx_hal_sai.c ****         }
 2274              		.loc 1 1155 11 view .LVU793
1155:../../STM32Cube_FW_N6/Drivers/STM32N6xx_HAL_Driver/Src/stm32n6xx_hal_sai.c ****         }
 2275              		.loc 1 1155 25 is_stmt 0 view .LVU794
 2276 0086 A26F     		ldr	r2, [r4, #120]
ARM GAS  C:\Users\Antonio\AppData\Local\Temp\ccmFwfsh.s 			page 98


1157:../../STM32Cube_FW_N6/Drivers/STM32N6xx_HAL_Driver/Src/stm32n6xx_hal_sai.c ****       }
 2277              		.loc 1 1157 24 view .LVU795
 2278 0088 B4F87E30 		ldrh	r3, [r4, #126]
1155:../../STM32Cube_FW_N6/Drivers/STM32N6xx_HAL_Driver/Src/stm32n6xx_hal_sai.c ****         }
 2279              		.loc 1 1155 25 view .LVU796
 2280 008c 0132     		adds	r2, r2, #1
1157:../../STM32Cube_FW_N6/Drivers/STM32N6xx_HAL_Driver/Src/stm32n6xx_hal_sai.c ****       }
 2281              		.loc 1 1157 24 view .LVU797
 2282 008e 013B     		subs	r3, r3, #1
1135:../../STM32Cube_FW_N6/Drivers/STM32N6xx_HAL_Driver/Src/stm32n6xx_hal_sai.c ****         }
 2283              		.loc 1 1135 25 view .LVU798
 2284 0090 A267     		str	r2, [r4, #120]
1157:../../STM32Cube_FW_N6/Drivers/STM32N6xx_HAL_Driver/Src/stm32n6xx_hal_sai.c ****       }
 2285              		.loc 1 1157 9 is_stmt 1 view .LVU799
1157:../../STM32Cube_FW_N6/Drivers/STM32N6xx_HAL_Driver/Src/stm32n6xx_hal_sai.c ****       }
 2286              		.loc 1 1157 24 is_stmt 0 view .LVU800
 2287 0092 A4F87E30 		strh	r3, [r4, #126]	@ movhi
 2288 0096 E0E7     		b	.L265
 2289              	.L267:
1137:../../STM32Cube_FW_N6/Drivers/STM32N6xx_HAL_Driver/Src/stm32n6xx_hal_sai.c ****         {
 2290              		.loc 1 1137 14 is_stmt 1 view .LVU801
1137:../../STM32Cube_FW_N6/Drivers/STM32N6xx_HAL_Driver/Src/stm32n6xx_hal_sai.c ****         {
 2291              		.loc 1 1137 17 is_stmt 0 view .LVU802
 2292 0098 802A     		cmp	r2, #128
 2293 009a 07D8     		bhi	.L270
 2294              	.L268:
1139:../../STM32Cube_FW_N6/Drivers/STM32N6xx_HAL_Driver/Src/stm32n6xx_hal_sai.c ****           *hsai->pBuffPtr = (uint8_t)temp;
 2295              		.loc 1 1139 11 is_stmt 1 view .LVU803
1139:../../STM32Cube_FW_N6/Drivers/STM32N6xx_HAL_Driver/Src/stm32n6xx_hal_sai.c ****           *hsai->pBuffPtr = (uint8_t)temp;
 2296              		.loc 1 1139 16 is_stmt 0 view .LVU804
 2297 009c DB69     		ldr	r3, [r3, #28]
 2298              	.LVL140:
1140:../../STM32Cube_FW_N6/Drivers/STM32N6xx_HAL_Driver/Src/stm32n6xx_hal_sai.c ****           hsai->pBuffPtr++;
 2299              		.loc 1 1140 11 is_stmt 1 view .LVU805
1140:../../STM32Cube_FW_N6/Drivers/STM32N6xx_HAL_Driver/Src/stm32n6xx_hal_sai.c ****           hsai->pBuffPtr++;
 2300              		.loc 1 1140 29 is_stmt 0 view .LVU806
 2301 009e 0B70     		strb	r3, [r1]
1141:../../STM32Cube_FW_N6/Drivers/STM32N6xx_HAL_Driver/Src/stm32n6xx_hal_sai.c ****           *hsai->pBuffPtr = (uint8_t)(temp >> 8);
 2302              		.loc 1 1141 11 is_stmt 1 view .LVU807
1141:../../STM32Cube_FW_N6/Drivers/STM32N6xx_HAL_Driver/Src/stm32n6xx_hal_sai.c ****           *hsai->pBuffPtr = (uint8_t)(temp >> 8);
 2303              		.loc 1 1141 15 is_stmt 0 view .LVU808
 2304 00a0 A26F     		ldr	r2, [r4, #120]
1142:../../STM32Cube_FW_N6/Drivers/STM32N6xx_HAL_Driver/Src/stm32n6xx_hal_sai.c ****           hsai->pBuffPtr++;
 2305              		.loc 1 1142 44 view .LVU809
 2306 00a2 1B0A     		lsrs	r3, r3, #8
 2307              	.LVL141:
1141:../../STM32Cube_FW_N6/Drivers/STM32N6xx_HAL_Driver/Src/stm32n6xx_hal_sai.c ****           *hsai->pBuffPtr = (uint8_t)(temp >> 8);
 2308              		.loc 1 1141 25 view .LVU810
 2309 00a4 511C     		adds	r1, r2, #1
 2310 00a6 A167     		str	r1, [r4, #120]
1142:../../STM32Cube_FW_N6/Drivers/STM32N6xx_HAL_Driver/Src/stm32n6xx_hal_sai.c ****           hsai->pBuffPtr++;
 2311              		.loc 1 1142 11 is_stmt 1 view .LVU811
1142:../../STM32Cube_FW_N6/Drivers/STM32N6xx_HAL_Driver/Src/stm32n6xx_hal_sai.c ****           hsai->pBuffPtr++;
 2312              		.loc 1 1142 29 is_stmt 0 view .LVU812
 2313 00a8 5370     		strb	r3, [r2, #1]
1143:../../STM32Cube_FW_N6/Drivers/STM32N6xx_HAL_Driver/Src/stm32n6xx_hal_sai.c ****         }
 2314              		.loc 1 1143 11 is_stmt 1 view .LVU813
ARM GAS  C:\Users\Antonio\AppData\Local\Temp\ccmFwfsh.s 			page 99


 2315 00aa ECE7     		b	.L282
 2316              	.LVL142:
 2317              	.L270:
1147:../../STM32Cube_FW_N6/Drivers/STM32N6xx_HAL_Driver/Src/stm32n6xx_hal_sai.c ****           *hsai->pBuffPtr = (uint8_t)temp;
 2318              		.loc 1 1147 11 view .LVU814
1147:../../STM32Cube_FW_N6/Drivers/STM32N6xx_HAL_Driver/Src/stm32n6xx_hal_sai.c ****           *hsai->pBuffPtr = (uint8_t)temp;
 2319              		.loc 1 1147 16 is_stmt 0 view .LVU815
 2320 00ac DA69     		ldr	r2, [r3, #28]
 2321              	.LVL143:
1148:../../STM32Cube_FW_N6/Drivers/STM32N6xx_HAL_Driver/Src/stm32n6xx_hal_sai.c ****           hsai->pBuffPtr++;
 2322              		.loc 1 1148 11 is_stmt 1 view .LVU816
1148:../../STM32Cube_FW_N6/Drivers/STM32N6xx_HAL_Driver/Src/stm32n6xx_hal_sai.c ****           hsai->pBuffPtr++;
 2323              		.loc 1 1148 29 is_stmt 0 view .LVU817
 2324 00ae 0A70     		strb	r2, [r1]
1149:../../STM32Cube_FW_N6/Drivers/STM32N6xx_HAL_Driver/Src/stm32n6xx_hal_sai.c ****           *hsai->pBuffPtr = (uint8_t)(temp >> 8);
 2325              		.loc 1 1149 11 is_stmt 1 view .LVU818
1149:../../STM32Cube_FW_N6/Drivers/STM32N6xx_HAL_Driver/Src/stm32n6xx_hal_sai.c ****           *hsai->pBuffPtr = (uint8_t)(temp >> 8);
 2326              		.loc 1 1149 15 is_stmt 0 view .LVU819
 2327 00b0 A36F     		ldr	r3, [r4, #120]
1149:../../STM32Cube_FW_N6/Drivers/STM32N6xx_HAL_Driver/Src/stm32n6xx_hal_sai.c ****           *hsai->pBuffPtr = (uint8_t)(temp >> 8);
 2328              		.loc 1 1149 25 view .LVU820
 2329 00b2 591C     		adds	r1, r3, #1
 2330 00b4 A167     		str	r1, [r4, #120]
1150:../../STM32Cube_FW_N6/Drivers/STM32N6xx_HAL_Driver/Src/stm32n6xx_hal_sai.c ****           hsai->pBuffPtr++;
 2331              		.loc 1 1150 11 is_stmt 1 view .LVU821
1150:../../STM32Cube_FW_N6/Drivers/STM32N6xx_HAL_Driver/Src/stm32n6xx_hal_sai.c ****           hsai->pBuffPtr++;
 2332              		.loc 1 1150 44 is_stmt 0 view .LVU822
 2333 00b6 110A     		lsrs	r1, r2, #8
1150:../../STM32Cube_FW_N6/Drivers/STM32N6xx_HAL_Driver/Src/stm32n6xx_hal_sai.c ****           hsai->pBuffPtr++;
 2334              		.loc 1 1150 29 view .LVU823
 2335 00b8 5970     		strb	r1, [r3, #1]
1151:../../STM32Cube_FW_N6/Drivers/STM32N6xx_HAL_Driver/Src/stm32n6xx_hal_sai.c ****           *hsai->pBuffPtr = (uint8_t)(temp >> 16);
 2336              		.loc 1 1151 11 is_stmt 1 view .LVU824
1151:../../STM32Cube_FW_N6/Drivers/STM32N6xx_HAL_Driver/Src/stm32n6xx_hal_sai.c ****           *hsai->pBuffPtr = (uint8_t)(temp >> 16);
 2337              		.loc 1 1151 15 is_stmt 0 view .LVU825
 2338 00ba A36F     		ldr	r3, [r4, #120]
1151:../../STM32Cube_FW_N6/Drivers/STM32N6xx_HAL_Driver/Src/stm32n6xx_hal_sai.c ****           *hsai->pBuffPtr = (uint8_t)(temp >> 16);
 2339              		.loc 1 1151 25 view .LVU826
 2340 00bc 591C     		adds	r1, r3, #1
 2341 00be A167     		str	r1, [r4, #120]
1152:../../STM32Cube_FW_N6/Drivers/STM32N6xx_HAL_Driver/Src/stm32n6xx_hal_sai.c ****           hsai->pBuffPtr++;
 2342              		.loc 1 1152 11 is_stmt 1 view .LVU827
1152:../../STM32Cube_FW_N6/Drivers/STM32N6xx_HAL_Driver/Src/stm32n6xx_hal_sai.c ****           hsai->pBuffPtr++;
 2343              		.loc 1 1152 44 is_stmt 0 view .LVU828
 2344 00c0 110C     		lsrs	r1, r2, #16
1152:../../STM32Cube_FW_N6/Drivers/STM32N6xx_HAL_Driver/Src/stm32n6xx_hal_sai.c ****           hsai->pBuffPtr++;
 2345              		.loc 1 1152 29 view .LVU829
 2346 00c2 5970     		strb	r1, [r3, #1]
1153:../../STM32Cube_FW_N6/Drivers/STM32N6xx_HAL_Driver/Src/stm32n6xx_hal_sai.c ****           *hsai->pBuffPtr = (uint8_t)(temp >> 24);
 2347              		.loc 1 1153 11 is_stmt 1 view .LVU830
1153:../../STM32Cube_FW_N6/Drivers/STM32N6xx_HAL_Driver/Src/stm32n6xx_hal_sai.c ****           *hsai->pBuffPtr = (uint8_t)(temp >> 24);
 2348              		.loc 1 1153 15 is_stmt 0 view .LVU831
 2349 00c4 A36F     		ldr	r3, [r4, #120]
1154:../../STM32Cube_FW_N6/Drivers/STM32N6xx_HAL_Driver/Src/stm32n6xx_hal_sai.c ****           hsai->pBuffPtr++;
 2350              		.loc 1 1154 44 view .LVU832
 2351 00c6 120E     		lsrs	r2, r2, #24
 2352              	.LVL144:
ARM GAS  C:\Users\Antonio\AppData\Local\Temp\ccmFwfsh.s 			page 100


1153:../../STM32Cube_FW_N6/Drivers/STM32N6xx_HAL_Driver/Src/stm32n6xx_hal_sai.c ****           *hsai->pBuffPtr = (uint8_t)(temp >> 24);
 2353              		.loc 1 1153 25 view .LVU833
 2354 00c8 591C     		adds	r1, r3, #1
 2355 00ca A167     		str	r1, [r4, #120]
1154:../../STM32Cube_FW_N6/Drivers/STM32N6xx_HAL_Driver/Src/stm32n6xx_hal_sai.c ****           hsai->pBuffPtr++;
 2356              		.loc 1 1154 11 is_stmt 1 view .LVU834
1154:../../STM32Cube_FW_N6/Drivers/STM32N6xx_HAL_Driver/Src/stm32n6xx_hal_sai.c ****           hsai->pBuffPtr++;
 2357              		.loc 1 1154 29 is_stmt 0 view .LVU835
 2358 00cc 5A70     		strb	r2, [r3, #1]
 2359 00ce DAE7     		b	.L282
 2360              	.LVL145:
 2361              	.L266:
1162:../../STM32Cube_FW_N6/Drivers/STM32N6xx_HAL_Driver/Src/stm32n6xx_hal_sai.c ****         {
 2362              		.loc 1 1162 9 is_stmt 1 view .LVU836
1162:../../STM32Cube_FW_N6/Drivers/STM32N6xx_HAL_Driver/Src/stm32n6xx_hal_sai.c ****         {
 2363              		.loc 1 1162 16 is_stmt 0 view .LVU837
 2364 00d0 FFF7FEFF 		bl	HAL_GetTick
 2365              	.LVL146:
1162:../../STM32Cube_FW_N6/Drivers/STM32N6xx_HAL_Driver/Src/stm32n6xx_hal_sai.c ****         {
 2366              		.loc 1 1162 30 discriminator 1 view .LVU838
 2367 00d4 C01B     		subs	r0, r0, r7
1162:../../STM32Cube_FW_N6/Drivers/STM32N6xx_HAL_Driver/Src/stm32n6xx_hal_sai.c ****         {
 2368              		.loc 1 1162 12 discriminator 1 view .LVU839
 2369 00d6 A842     		cmp	r0, r5
 2370 00d8 01D8     		bhi	.L272
1162:../../STM32Cube_FW_N6/Drivers/STM32N6xx_HAL_Driver/Src/stm32n6xx_hal_sai.c ****         {
 2371              		.loc 1 1162 54 discriminator 2 view .LVU840
 2372 00da 002D     		cmp	r5, #0
 2373 00dc BDD1     		bne	.L265
 2374              	.L272:
1165:../../STM32Cube_FW_N6/Drivers/STM32N6xx_HAL_Driver/Src/stm32n6xx_hal_sai.c **** 
 2375              		.loc 1 1165 11 is_stmt 1 view .LVU841
1165:../../STM32Cube_FW_N6/Drivers/STM32N6xx_HAL_Driver/Src/stm32n6xx_hal_sai.c **** 
 2376              		.loc 1 1165 15 is_stmt 0 view .LVU842
 2377 00de D4F89430 		ldr	r3, [r4, #148]
1168:../../STM32Cube_FW_N6/Drivers/STM32N6xx_HAL_Driver/Src/stm32n6xx_hal_sai.c **** 
 2378              		.loc 1 1168 15 view .LVU843
 2379 00e2 2568     		ldr	r5, [r4]
 2380              	.LVL147:
1165:../../STM32Cube_FW_N6/Drivers/STM32N6xx_HAL_Driver/Src/stm32n6xx_hal_sai.c **** 
 2381              		.loc 1 1165 27 view .LVU844
 2382 00e4 43F04003 		orr	r3, r3, #64
 2383 00e8 C4F89430 		str	r3, [r4, #148]
1168:../../STM32Cube_FW_N6/Drivers/STM32N6xx_HAL_Driver/Src/stm32n6xx_hal_sai.c **** 
 2384              		.loc 1 1168 11 is_stmt 1 view .LVU845
1168:../../STM32Cube_FW_N6/Drivers/STM32N6xx_HAL_Driver/Src/stm32n6xx_hal_sai.c **** 
 2385              		.loc 1 1168 33 is_stmt 0 view .LVU846
 2386 00ec 4FF0FF33 		mov	r3, #-1
1172:../../STM32Cube_FW_N6/Drivers/STM32N6xx_HAL_Driver/Src/stm32n6xx_hal_sai.c **** 
 2387              		.loc 1 1172 18 view .LVU847
 2388 00f0 2046     		mov	r0, r4
1168:../../STM32Cube_FW_N6/Drivers/STM32N6xx_HAL_Driver/Src/stm32n6xx_hal_sai.c **** 
 2389              		.loc 1 1168 33 view .LVU848
 2390 00f2 AB61     		str	r3, [r5, #24]
1172:../../STM32Cube_FW_N6/Drivers/STM32N6xx_HAL_Driver/Src/stm32n6xx_hal_sai.c **** 
 2391              		.loc 1 1172 11 is_stmt 1 view .LVU849
1172:../../STM32Cube_FW_N6/Drivers/STM32N6xx_HAL_Driver/Src/stm32n6xx_hal_sai.c **** 
ARM GAS  C:\Users\Antonio\AppData\Local\Temp\ccmFwfsh.s 			page 101


 2392              		.loc 1 1172 18 is_stmt 0 view .LVU850
 2393 00f4 FFF7FEFF 		bl	SAI_Disable
 2394              	.LVL148:
1175:../../STM32Cube_FW_N6/Drivers/STM32N6xx_HAL_Driver/Src/stm32n6xx_hal_sai.c **** 
 2395              		.loc 1 1175 11 is_stmt 1 view .LVU851
 2396 00f8 6B68     		ldr	r3, [r5, #4]
 2397 00fa 43F00803 		orr	r3, r3, #8
 2398 00fe 6B60     		str	r3, [r5, #4]
1178:../../STM32Cube_FW_N6/Drivers/STM32N6xx_HAL_Driver/Src/stm32n6xx_hal_sai.c **** 
 2399              		.loc 1 1178 11 view .LVU852
1178:../../STM32Cube_FW_N6/Drivers/STM32N6xx_HAL_Driver/Src/stm32n6xx_hal_sai.c **** 
 2400              		.loc 1 1178 23 is_stmt 0 view .LVU853
 2401 0100 0123     		movs	r3, #1
 2402 0102 84F89130 		strb	r3, [r4, #145]
1181:../../STM32Cube_FW_N6/Drivers/STM32N6xx_HAL_Driver/Src/stm32n6xx_hal_sai.c **** 
 2403              		.loc 1 1181 11 is_stmt 1 view .LVU854
1181:../../STM32Cube_FW_N6/Drivers/STM32N6xx_HAL_Driver/Src/stm32n6xx_hal_sai.c **** 
 2404              		.loc 1 1181 11 view .LVU855
 2405 0106 0023     		movs	r3, #0
 2406 0108 84F89030 		strb	r3, [r4, #144]
1181:../../STM32Cube_FW_N6/Drivers/STM32N6xx_HAL_Driver/Src/stm32n6xx_hal_sai.c **** 
 2407              		.loc 1 1181 11 view .LVU856
1183:../../STM32Cube_FW_N6/Drivers/STM32N6xx_HAL_Driver/Src/stm32n6xx_hal_sai.c ****         }
 2408              		.loc 1 1183 11 view .LVU857
 2409              	.L262:
1106:../../STM32Cube_FW_N6/Drivers/STM32N6xx_HAL_Driver/Src/stm32n6xx_hal_sai.c ****   }
 2410              		.loc 1 1106 13 is_stmt 0 view .LVU858
 2411 010c 0120     		movs	r0, #1
 2412              	.L263:
1199:../../STM32Cube_FW_N6/Drivers/STM32N6xx_HAL_Driver/Src/stm32n6xx_hal_sai.c **** 
 2413              		.loc 1 1199 1 view .LVU859
 2414 010e BDE8F081 		pop	{r4, r5, r6, r7, r8, pc}
 2415              	.LVL149:
 2416              	.L275:
1112:../../STM32Cube_FW_N6/Drivers/STM32N6xx_HAL_Driver/Src/stm32n6xx_hal_sai.c **** 
 2417              		.loc 1 1112 5 discriminator 1 view .LVU860
 2418 0112 0220     		movs	r0, #2
 2419              	.LVL150:
1112:../../STM32Cube_FW_N6/Drivers/STM32N6xx_HAL_Driver/Src/stm32n6xx_hal_sai.c **** 
 2420              		.loc 1 1112 5 discriminator 1 view .LVU861
 2421 0114 FBE7     		b	.L263
 2422              		.cfi_endproc
 2423              	.LFE843:
 2425              		.section	.text.HAL_SAI_Transmit_IT,"ax",%progbits
 2426              		.align	1
 2427              		.global	HAL_SAI_Transmit_IT
 2428              		.syntax unified
 2429              		.thumb
 2430              		.thumb_func
 2432              	HAL_SAI_Transmit_IT:
 2433              	.LVL151:
 2434              	.LFB844:
1210:../../STM32Cube_FW_N6/Drivers/STM32N6xx_HAL_Driver/Src/stm32n6xx_hal_sai.c ****   if ((pData == NULL) || (Size == 0U))
 2435              		.loc 1 1210 1 is_stmt 1 view -0
 2436              		.cfi_startproc
 2437              		@ args = 0, pretend = 0, frame = 0
 2438              		@ frame_needed = 0, uses_anonymous_args = 0
ARM GAS  C:\Users\Antonio\AppData\Local\Temp\ccmFwfsh.s 			page 102


1211:../../STM32Cube_FW_N6/Drivers/STM32N6xx_HAL_Driver/Src/stm32n6xx_hal_sai.c ****   {
 2439              		.loc 1 1211 3 view .LVU863
1210:../../STM32Cube_FW_N6/Drivers/STM32N6xx_HAL_Driver/Src/stm32n6xx_hal_sai.c ****   if ((pData == NULL) || (Size == 0U))
 2440              		.loc 1 1210 1 is_stmt 0 view .LVU864
 2441 0000 10B5     		push	{r4, lr}
 2442              		.cfi_def_cfa_offset 8
 2443              		.cfi_offset 4, -8
 2444              		.cfi_offset 14, -4
1210:../../STM32Cube_FW_N6/Drivers/STM32N6xx_HAL_Driver/Src/stm32n6xx_hal_sai.c ****   if ((pData == NULL) || (Size == 0U))
 2445              		.loc 1 1210 1 view .LVU865
 2446 0002 0446     		mov	r4, r0
1211:../../STM32Cube_FW_N6/Drivers/STM32N6xx_HAL_Driver/Src/stm32n6xx_hal_sai.c ****   {
 2447              		.loc 1 1211 6 view .LVU866
 2448 0004 0029     		cmp	r1, #0
 2449 0006 3DD0     		beq	.L289
1211:../../STM32Cube_FW_N6/Drivers/STM32N6xx_HAL_Driver/Src/stm32n6xx_hal_sai.c ****   {
 2450              		.loc 1 1211 23 discriminator 1 view .LVU867
 2451 0008 002A     		cmp	r2, #0
 2452 000a 3BD0     		beq	.L289
1216:../../STM32Cube_FW_N6/Drivers/STM32N6xx_HAL_Driver/Src/stm32n6xx_hal_sai.c ****   {
 2453              		.loc 1 1216 3 is_stmt 1 view .LVU868
1216:../../STM32Cube_FW_N6/Drivers/STM32N6xx_HAL_Driver/Src/stm32n6xx_hal_sai.c ****   {
 2454              		.loc 1 1216 11 is_stmt 0 view .LVU869
 2455 000c 90F89130 		ldrb	r3, [r0, #145]	@ zero_extendqisi2
1216:../../STM32Cube_FW_N6/Drivers/STM32N6xx_HAL_Driver/Src/stm32n6xx_hal_sai.c ****   {
 2456              		.loc 1 1216 6 view .LVU870
 2457 0010 012B     		cmp	r3, #1
1216:../../STM32Cube_FW_N6/Drivers/STM32N6xx_HAL_Driver/Src/stm32n6xx_hal_sai.c ****   {
 2458              		.loc 1 1216 11 view .LVU871
 2459 0012 D8B2     		uxtb	r0, r3
 2460              	.LVL152:
1216:../../STM32Cube_FW_N6/Drivers/STM32N6xx_HAL_Driver/Src/stm32n6xx_hal_sai.c ****   {
 2461              		.loc 1 1216 6 view .LVU872
 2462 0014 38D1     		bne	.L291
1219:../../STM32Cube_FW_N6/Drivers/STM32N6xx_HAL_Driver/Src/stm32n6xx_hal_sai.c **** 
 2463              		.loc 1 1219 5 is_stmt 1 view .LVU873
1219:../../STM32Cube_FW_N6/Drivers/STM32N6xx_HAL_Driver/Src/stm32n6xx_hal_sai.c **** 
 2464              		.loc 1 1219 5 view .LVU874
 2465 0016 94F89030 		ldrb	r3, [r4, #144]	@ zero_extendqisi2
 2466 001a 012B     		cmp	r3, #1
 2467 001c 34D0     		beq	.L291
1219:../../STM32Cube_FW_N6/Drivers/STM32N6xx_HAL_Driver/Src/stm32n6xx_hal_sai.c **** 
 2468              		.loc 1 1219 5 discriminator 2 view .LVU875
1224:../../STM32Cube_FW_N6/Drivers/STM32N6xx_HAL_Driver/Src/stm32n6xx_hal_sai.c ****     hsai->State = HAL_SAI_STATE_BUSY_TX;
 2469              		.loc 1 1224 21 is_stmt 0 view .LVU876
 2470 001e 0023     		movs	r3, #0
 2471 0020 C4F89430 		str	r3, [r4, #148]
1225:../../STM32Cube_FW_N6/Drivers/STM32N6xx_HAL_Driver/Src/stm32n6xx_hal_sai.c **** 
 2472              		.loc 1 1225 17 view .LVU877
 2473 0024 1223     		movs	r3, #18
 2474 0026 84F89130 		strb	r3, [r4, #145]
1227:../../STM32Cube_FW_N6/Drivers/STM32N6xx_HAL_Driver/Src/stm32n6xx_hal_sai.c ****     {
 2475              		.loc 1 1227 20 view .LVU878
 2476 002a A36C     		ldr	r3, [r4, #72]
1219:../../STM32Cube_FW_N6/Drivers/STM32N6xx_HAL_Driver/Src/stm32n6xx_hal_sai.c **** 
 2477              		.loc 1 1219 5 discriminator 2 view .LVU879
 2478 002c 84F89000 		strb	r0, [r4, #144]
ARM GAS  C:\Users\Antonio\AppData\Local\Temp\ccmFwfsh.s 			page 103


1219:../../STM32Cube_FW_N6/Drivers/STM32N6xx_HAL_Driver/Src/stm32n6xx_hal_sai.c **** 
 2479              		.loc 1 1219 5 is_stmt 1 discriminator 2 view .LVU880
1221:../../STM32Cube_FW_N6/Drivers/STM32N6xx_HAL_Driver/Src/stm32n6xx_hal_sai.c ****     hsai->XferSize = Size;
 2480              		.loc 1 1221 5 view .LVU881
1227:../../STM32Cube_FW_N6/Drivers/STM32N6xx_HAL_Driver/Src/stm32n6xx_hal_sai.c ****     {
 2481              		.loc 1 1227 8 is_stmt 0 view .LVU882
 2482 0030 402B     		cmp	r3, #64
1221:../../STM32Cube_FW_N6/Drivers/STM32N6xx_HAL_Driver/Src/stm32n6xx_hal_sai.c ****     hsai->XferSize = Size;
 2483              		.loc 1 1221 20 view .LVU883
 2484 0032 A167     		str	r1, [r4, #120]
1222:../../STM32Cube_FW_N6/Drivers/STM32N6xx_HAL_Driver/Src/stm32n6xx_hal_sai.c ****     hsai->XferCount = Size;
 2485              		.loc 1 1222 5 is_stmt 1 view .LVU884
1222:../../STM32Cube_FW_N6/Drivers/STM32N6xx_HAL_Driver/Src/stm32n6xx_hal_sai.c ****     hsai->XferCount = Size;
 2486              		.loc 1 1222 20 is_stmt 0 view .LVU885
 2487 0034 A4F87C20 		strh	r2, [r4, #124]	@ movhi
1223:../../STM32Cube_FW_N6/Drivers/STM32N6xx_HAL_Driver/Src/stm32n6xx_hal_sai.c ****     hsai->ErrorCode = HAL_SAI_ERROR_NONE;
 2488              		.loc 1 1223 5 is_stmt 1 view .LVU886
1223:../../STM32Cube_FW_N6/Drivers/STM32N6xx_HAL_Driver/Src/stm32n6xx_hal_sai.c ****     hsai->ErrorCode = HAL_SAI_ERROR_NONE;
 2489              		.loc 1 1223 21 is_stmt 0 view .LVU887
 2490 0038 A4F87E20 		strh	r2, [r4, #126]	@ movhi
1224:../../STM32Cube_FW_N6/Drivers/STM32N6xx_HAL_Driver/Src/stm32n6xx_hal_sai.c ****     hsai->State = HAL_SAI_STATE_BUSY_TX;
 2491              		.loc 1 1224 5 is_stmt 1 view .LVU888
1225:../../STM32Cube_FW_N6/Drivers/STM32N6xx_HAL_Driver/Src/stm32n6xx_hal_sai.c **** 
 2492              		.loc 1 1225 5 view .LVU889
1227:../../STM32Cube_FW_N6/Drivers/STM32N6xx_HAL_Driver/Src/stm32n6xx_hal_sai.c ****     {
 2493              		.loc 1 1227 5 view .LVU890
1227:../../STM32Cube_FW_N6/Drivers/STM32N6xx_HAL_Driver/Src/stm32n6xx_hal_sai.c ****     {
 2494              		.loc 1 1227 8 is_stmt 0 view .LVU891
 2495 003c 1CD1     		bne	.L285
1227:../../STM32Cube_FW_N6/Drivers/STM32N6xx_HAL_Driver/Src/stm32n6xx_hal_sai.c ****     {
 2496              		.loc 1 1227 49 discriminator 1 view .LVU892
 2497 003e 236B     		ldr	r3, [r4, #48]
 2498 0040 124A     		ldr	r2, .L294
 2499              	.LVL153:
1227:../../STM32Cube_FW_N6/Drivers/STM32N6xx_HAL_Driver/Src/stm32n6xx_hal_sai.c ****     {
 2500              		.loc 1 1227 49 discriminator 1 view .LVU893
 2501 0042 002B     		cmp	r3, #0
 2502 0044 124B     		ldr	r3, .L294+4
 2503 0046 18BF     		it	ne
 2504 0048 1346     		movne	r3, r2
 2505              	.L286:
1229:../../STM32Cube_FW_N6/Drivers/STM32N6xx_HAL_Driver/Src/stm32n6xx_hal_sai.c ****     }
 2506              		.loc 1 1229 37 view .LVU894
 2507 004a C4F88C30 		str	r3, [r4, #140]
1241:../../STM32Cube_FW_N6/Drivers/STM32N6xx_HAL_Driver/Src/stm32n6xx_hal_sai.c **** 
 2508              		.loc 1 1241 5 is_stmt 1 view .LVU895
 2509 004e 2046     		mov	r0, r4
 2510 0050 FFF7FEFF 		bl	SAI_FillFifo
 2511              	.LVL154:
1244:../../STM32Cube_FW_N6/Drivers/STM32N6xx_HAL_Driver/Src/stm32n6xx_hal_sai.c **** 
 2512              		.loc 1 1244 5 view .LVU896
 2513 0054 0121     		movs	r1, #1
 2514 0056 FFF7FEFF 		bl	SAI_InterruptFlag
 2515              	.LVL155:
1244:../../STM32Cube_FW_N6/Drivers/STM32N6xx_HAL_Driver/Src/stm32n6xx_hal_sai.c **** 
 2516              		.loc 1 1244 5 is_stmt 0 discriminator 1 view .LVU897
 2517 005a 2368     		ldr	r3, [r4]
ARM GAS  C:\Users\Antonio\AppData\Local\Temp\ccmFwfsh.s 			page 104


 2518 005c 1A69     		ldr	r2, [r3, #16]
 2519 005e 0243     		orrs	r2, r2, r0
1253:../../STM32Cube_FW_N6/Drivers/STM32N6xx_HAL_Driver/Src/stm32n6xx_hal_sai.c **** 
 2520              		.loc 1 1253 5 view .LVU898
 2521 0060 0020     		movs	r0, #0
1244:../../STM32Cube_FW_N6/Drivers/STM32N6xx_HAL_Driver/Src/stm32n6xx_hal_sai.c **** 
 2522              		.loc 1 1244 5 discriminator 1 view .LVU899
 2523 0062 1A61     		str	r2, [r3, #16]
1247:../../STM32Cube_FW_N6/Drivers/STM32N6xx_HAL_Driver/Src/stm32n6xx_hal_sai.c ****     {
 2524              		.loc 1 1247 5 is_stmt 1 view .LVU900
1247:../../STM32Cube_FW_N6/Drivers/STM32N6xx_HAL_Driver/Src/stm32n6xx_hal_sai.c ****     {
 2525              		.loc 1 1247 24 is_stmt 0 view .LVU901
 2526 0064 1A68     		ldr	r2, [r3]
1247:../../STM32Cube_FW_N6/Drivers/STM32N6xx_HAL_Driver/Src/stm32n6xx_hal_sai.c ****     {
 2527              		.loc 1 1247 8 view .LVU902
 2528 0066 D203     		lsls	r2, r2, #15
1250:../../STM32Cube_FW_N6/Drivers/STM32N6xx_HAL_Driver/Src/stm32n6xx_hal_sai.c ****     }
 2529              		.loc 1 1250 7 is_stmt 1 view .LVU903
 2530 0068 5EBF     		ittt	pl
 2531 006a 1A68     		ldrpl	r2, [r3]
 2532 006c 42F48032 		orrpl	r2, r2, #65536
 2533 0070 1A60     		strpl	r2, [r3]
1253:../../STM32Cube_FW_N6/Drivers/STM32N6xx_HAL_Driver/Src/stm32n6xx_hal_sai.c **** 
 2534              		.loc 1 1253 5 view .LVU904
1253:../../STM32Cube_FW_N6/Drivers/STM32N6xx_HAL_Driver/Src/stm32n6xx_hal_sai.c **** 
 2535              		.loc 1 1253 5 view .LVU905
 2536 0072 84F89000 		strb	r0, [r4, #144]
1253:../../STM32Cube_FW_N6/Drivers/STM32N6xx_HAL_Driver/Src/stm32n6xx_hal_sai.c **** 
 2537              		.loc 1 1253 5 view .LVU906
1255:../../STM32Cube_FW_N6/Drivers/STM32N6xx_HAL_Driver/Src/stm32n6xx_hal_sai.c ****   }
 2538              		.loc 1 1255 5 view .LVU907
 2539              	.L284:
1261:../../STM32Cube_FW_N6/Drivers/STM32N6xx_HAL_Driver/Src/stm32n6xx_hal_sai.c **** 
 2540              		.loc 1 1261 1 is_stmt 0 view .LVU908
 2541 0076 10BD     		pop	{r4, pc}
 2542              	.LVL156:
 2543              	.L285:
1231:../../STM32Cube_FW_N6/Drivers/STM32N6xx_HAL_Driver/Src/stm32n6xx_hal_sai.c ****     {
 2544              		.loc 1 1231 10 is_stmt 1 view .LVU909
1231:../../STM32Cube_FW_N6/Drivers/STM32N6xx_HAL_Driver/Src/stm32n6xx_hal_sai.c ****     {
 2545              		.loc 1 1231 13 is_stmt 0 view .LVU910
 2546 0078 064A     		ldr	r2, .L294+8
 2547              	.LVL157:
1231:../../STM32Cube_FW_N6/Drivers/STM32N6xx_HAL_Driver/Src/stm32n6xx_hal_sai.c ****     {
 2548              		.loc 1 1231 13 view .LVU911
 2549 007a 812B     		cmp	r3, #129
 2550 007c 034B     		ldr	r3, .L294
 2551 007e 28BF     		it	cs
 2552 0080 1346     		movcs	r3, r2
 2553 0082 E2E7     		b	.L286
 2554              	.LVL158:
 2555              	.L289:
1213:../../STM32Cube_FW_N6/Drivers/STM32N6xx_HAL_Driver/Src/stm32n6xx_hal_sai.c ****   }
 2556              		.loc 1 1213 13 view .LVU912
 2557 0084 0120     		movs	r0, #1
 2558              	.LVL159:
1213:../../STM32Cube_FW_N6/Drivers/STM32N6xx_HAL_Driver/Src/stm32n6xx_hal_sai.c ****   }
ARM GAS  C:\Users\Antonio\AppData\Local\Temp\ccmFwfsh.s 			page 105


 2559              		.loc 1 1213 13 view .LVU913
 2560 0086 F6E7     		b	.L284
 2561              	.L291:
1219:../../STM32Cube_FW_N6/Drivers/STM32N6xx_HAL_Driver/Src/stm32n6xx_hal_sai.c **** 
 2562              		.loc 1 1219 5 discriminator 1 view .LVU914
 2563 0088 0220     		movs	r0, #2
 2564 008a F4E7     		b	.L284
 2565              	.L295:
 2566              		.align	2
 2567              	.L294:
 2568 008c 00000000 		.word	SAI_Transmit_IT16Bit
 2569 0090 00000000 		.word	SAI_Transmit_IT8Bit
 2570 0094 00000000 		.word	SAI_Transmit_IT32Bit
 2571              		.cfi_endproc
 2572              	.LFE844:
 2574              		.section	.text.HAL_SAI_Receive_IT,"ax",%progbits
 2575              		.align	1
 2576              		.global	HAL_SAI_Receive_IT
 2577              		.syntax unified
 2578              		.thumb
 2579              		.thumb_func
 2581              	HAL_SAI_Receive_IT:
 2582              	.LVL160:
 2583              	.LFB845:
1272:../../STM32Cube_FW_N6/Drivers/STM32N6xx_HAL_Driver/Src/stm32n6xx_hal_sai.c ****   if ((pData == NULL) || (Size == 0U))
 2584              		.loc 1 1272 1 is_stmt 1 view -0
 2585              		.cfi_startproc
 2586              		@ args = 0, pretend = 0, frame = 0
 2587              		@ frame_needed = 0, uses_anonymous_args = 0
1273:../../STM32Cube_FW_N6/Drivers/STM32N6xx_HAL_Driver/Src/stm32n6xx_hal_sai.c ****   {
 2588              		.loc 1 1273 3 view .LVU916
1272:../../STM32Cube_FW_N6/Drivers/STM32N6xx_HAL_Driver/Src/stm32n6xx_hal_sai.c ****   if ((pData == NULL) || (Size == 0U))
 2589              		.loc 1 1272 1 is_stmt 0 view .LVU917
 2590 0000 10B5     		push	{r4, lr}
 2591              		.cfi_def_cfa_offset 8
 2592              		.cfi_offset 4, -8
 2593              		.cfi_offset 14, -4
1272:../../STM32Cube_FW_N6/Drivers/STM32N6xx_HAL_Driver/Src/stm32n6xx_hal_sai.c ****   if ((pData == NULL) || (Size == 0U))
 2594              		.loc 1 1272 1 view .LVU918
 2595 0002 0446     		mov	r4, r0
1273:../../STM32Cube_FW_N6/Drivers/STM32N6xx_HAL_Driver/Src/stm32n6xx_hal_sai.c ****   {
 2596              		.loc 1 1273 6 view .LVU919
 2597 0004 0029     		cmp	r1, #0
 2598 0006 38D0     		beq	.L302
1273:../../STM32Cube_FW_N6/Drivers/STM32N6xx_HAL_Driver/Src/stm32n6xx_hal_sai.c ****   {
 2599              		.loc 1 1273 23 discriminator 1 view .LVU920
 2600 0008 002A     		cmp	r2, #0
 2601 000a 36D0     		beq	.L302
1278:../../STM32Cube_FW_N6/Drivers/STM32N6xx_HAL_Driver/Src/stm32n6xx_hal_sai.c ****   {
 2602              		.loc 1 1278 3 is_stmt 1 view .LVU921
1278:../../STM32Cube_FW_N6/Drivers/STM32N6xx_HAL_Driver/Src/stm32n6xx_hal_sai.c ****   {
 2603              		.loc 1 1278 11 is_stmt 0 view .LVU922
 2604 000c 90F89130 		ldrb	r3, [r0, #145]	@ zero_extendqisi2
1278:../../STM32Cube_FW_N6/Drivers/STM32N6xx_HAL_Driver/Src/stm32n6xx_hal_sai.c ****   {
 2605              		.loc 1 1278 6 view .LVU923
 2606 0010 012B     		cmp	r3, #1
 2607 0012 34D1     		bne	.L304
ARM GAS  C:\Users\Antonio\AppData\Local\Temp\ccmFwfsh.s 			page 106


1281:../../STM32Cube_FW_N6/Drivers/STM32N6xx_HAL_Driver/Src/stm32n6xx_hal_sai.c **** 
 2608              		.loc 1 1281 5 is_stmt 1 view .LVU924
1281:../../STM32Cube_FW_N6/Drivers/STM32N6xx_HAL_Driver/Src/stm32n6xx_hal_sai.c **** 
 2609              		.loc 1 1281 5 view .LVU925
 2610 0014 90F89030 		ldrb	r3, [r0, #144]	@ zero_extendqisi2
 2611 0018 012B     		cmp	r3, #1
 2612 001a 30D0     		beq	.L304
1281:../../STM32Cube_FW_N6/Drivers/STM32N6xx_HAL_Driver/Src/stm32n6xx_hal_sai.c **** 
 2613              		.loc 1 1281 5 discriminator 2 view .LVU926
1281:../../STM32Cube_FW_N6/Drivers/STM32N6xx_HAL_Driver/Src/stm32n6xx_hal_sai.c **** 
 2614              		.loc 1 1281 5 discriminator 2 view .LVU927
1283:../../STM32Cube_FW_N6/Drivers/STM32N6xx_HAL_Driver/Src/stm32n6xx_hal_sai.c ****     hsai->XferSize = Size;
 2615              		.loc 1 1283 5 view .LVU928
1286:../../STM32Cube_FW_N6/Drivers/STM32N6xx_HAL_Driver/Src/stm32n6xx_hal_sai.c ****     hsai->State = HAL_SAI_STATE_BUSY_RX;
 2616              		.loc 1 1286 21 is_stmt 0 view .LVU929
 2617 001c 0023     		movs	r3, #0
 2618 001e C0F89430 		str	r3, [r0, #148]
1287:../../STM32Cube_FW_N6/Drivers/STM32N6xx_HAL_Driver/Src/stm32n6xx_hal_sai.c **** 
 2619              		.loc 1 1287 17 view .LVU930
 2620 0022 2223     		movs	r3, #34
 2621 0024 80F89130 		strb	r3, [r0, #145]
1289:../../STM32Cube_FW_N6/Drivers/STM32N6xx_HAL_Driver/Src/stm32n6xx_hal_sai.c ****     {
 2622              		.loc 1 1289 20 view .LVU931
 2623 0028 836C     		ldr	r3, [r0, #72]
1283:../../STM32Cube_FW_N6/Drivers/STM32N6xx_HAL_Driver/Src/stm32n6xx_hal_sai.c ****     hsai->XferSize = Size;
 2624              		.loc 1 1283 20 view .LVU932
 2625 002a 8167     		str	r1, [r0, #120]
1284:../../STM32Cube_FW_N6/Drivers/STM32N6xx_HAL_Driver/Src/stm32n6xx_hal_sai.c ****     hsai->XferCount = Size;
 2626              		.loc 1 1284 5 is_stmt 1 view .LVU933
1289:../../STM32Cube_FW_N6/Drivers/STM32N6xx_HAL_Driver/Src/stm32n6xx_hal_sai.c ****     {
 2627              		.loc 1 1289 8 is_stmt 0 view .LVU934
 2628 002c 402B     		cmp	r3, #64
1284:../../STM32Cube_FW_N6/Drivers/STM32N6xx_HAL_Driver/Src/stm32n6xx_hal_sai.c ****     hsai->XferCount = Size;
 2629              		.loc 1 1284 20 view .LVU935
 2630 002e A0F87C20 		strh	r2, [r0, #124]	@ movhi
1285:../../STM32Cube_FW_N6/Drivers/STM32N6xx_HAL_Driver/Src/stm32n6xx_hal_sai.c ****     hsai->ErrorCode = HAL_SAI_ERROR_NONE;
 2631              		.loc 1 1285 5 is_stmt 1 view .LVU936
1285:../../STM32Cube_FW_N6/Drivers/STM32N6xx_HAL_Driver/Src/stm32n6xx_hal_sai.c ****     hsai->ErrorCode = HAL_SAI_ERROR_NONE;
 2632              		.loc 1 1285 21 is_stmt 0 view .LVU937
 2633 0032 A0F87E20 		strh	r2, [r0, #126]	@ movhi
1286:../../STM32Cube_FW_N6/Drivers/STM32N6xx_HAL_Driver/Src/stm32n6xx_hal_sai.c ****     hsai->State = HAL_SAI_STATE_BUSY_RX;
 2634              		.loc 1 1286 5 is_stmt 1 view .LVU938
1287:../../STM32Cube_FW_N6/Drivers/STM32N6xx_HAL_Driver/Src/stm32n6xx_hal_sai.c **** 
 2635              		.loc 1 1287 5 view .LVU939
1289:../../STM32Cube_FW_N6/Drivers/STM32N6xx_HAL_Driver/Src/stm32n6xx_hal_sai.c ****     {
 2636              		.loc 1 1289 5 view .LVU940
1289:../../STM32Cube_FW_N6/Drivers/STM32N6xx_HAL_Driver/Src/stm32n6xx_hal_sai.c ****     {
 2637              		.loc 1 1289 8 is_stmt 0 view .LVU941
 2638 0036 1AD1     		bne	.L298
1289:../../STM32Cube_FW_N6/Drivers/STM32N6xx_HAL_Driver/Src/stm32n6xx_hal_sai.c ****     {
 2639              		.loc 1 1289 49 discriminator 1 view .LVU942
 2640 0038 036B     		ldr	r3, [r0, #48]
 2641 003a 124A     		ldr	r2, .L307
 2642              	.LVL161:
1289:../../STM32Cube_FW_N6/Drivers/STM32N6xx_HAL_Driver/Src/stm32n6xx_hal_sai.c ****     {
 2643              		.loc 1 1289 49 discriminator 1 view .LVU943
 2644 003c 002B     		cmp	r3, #0
ARM GAS  C:\Users\Antonio\AppData\Local\Temp\ccmFwfsh.s 			page 107


 2645 003e 124B     		ldr	r3, .L307+4
 2646 0040 18BF     		it	ne
 2647 0042 1346     		movne	r3, r2
 2648              	.L299:
1291:../../STM32Cube_FW_N6/Drivers/STM32N6xx_HAL_Driver/Src/stm32n6xx_hal_sai.c ****     }
 2649              		.loc 1 1291 37 view .LVU944
 2650 0044 C4F88C30 		str	r3, [r4, #140]
1303:../../STM32Cube_FW_N6/Drivers/STM32N6xx_HAL_Driver/Src/stm32n6xx_hal_sai.c **** 
 2651              		.loc 1 1303 5 is_stmt 1 view .LVU945
 2652 0048 0121     		movs	r1, #1
 2653              	.LVL162:
1303:../../STM32Cube_FW_N6/Drivers/STM32N6xx_HAL_Driver/Src/stm32n6xx_hal_sai.c **** 
 2654              		.loc 1 1303 5 is_stmt 0 view .LVU946
 2655 004a 2046     		mov	r0, r4
 2656              	.LVL163:
1303:../../STM32Cube_FW_N6/Drivers/STM32N6xx_HAL_Driver/Src/stm32n6xx_hal_sai.c **** 
 2657              		.loc 1 1303 5 view .LVU947
 2658 004c FFF7FEFF 		bl	SAI_InterruptFlag
 2659              	.LVL164:
1303:../../STM32Cube_FW_N6/Drivers/STM32N6xx_HAL_Driver/Src/stm32n6xx_hal_sai.c **** 
 2660              		.loc 1 1303 5 discriminator 1 view .LVU948
 2661 0050 2368     		ldr	r3, [r4]
 2662 0052 1A69     		ldr	r2, [r3, #16]
 2663 0054 0243     		orrs	r2, r2, r0
1313:../../STM32Cube_FW_N6/Drivers/STM32N6xx_HAL_Driver/Src/stm32n6xx_hal_sai.c **** 
 2664              		.loc 1 1313 5 view .LVU949
 2665 0056 0020     		movs	r0, #0
1303:../../STM32Cube_FW_N6/Drivers/STM32N6xx_HAL_Driver/Src/stm32n6xx_hal_sai.c **** 
 2666              		.loc 1 1303 5 discriminator 1 view .LVU950
 2667 0058 1A61     		str	r2, [r3, #16]
1306:../../STM32Cube_FW_N6/Drivers/STM32N6xx_HAL_Driver/Src/stm32n6xx_hal_sai.c ****     {
 2668              		.loc 1 1306 5 is_stmt 1 view .LVU951
1306:../../STM32Cube_FW_N6/Drivers/STM32N6xx_HAL_Driver/Src/stm32n6xx_hal_sai.c ****     {
 2669              		.loc 1 1306 24 is_stmt 0 view .LVU952
 2670 005a 1A68     		ldr	r2, [r3]
1306:../../STM32Cube_FW_N6/Drivers/STM32N6xx_HAL_Driver/Src/stm32n6xx_hal_sai.c ****     {
 2671              		.loc 1 1306 8 view .LVU953
 2672 005c D203     		lsls	r2, r2, #15
1309:../../STM32Cube_FW_N6/Drivers/STM32N6xx_HAL_Driver/Src/stm32n6xx_hal_sai.c ****     }
 2673              		.loc 1 1309 7 is_stmt 1 view .LVU954
 2674 005e 5EBF     		ittt	pl
 2675 0060 1A68     		ldrpl	r2, [r3]
 2676 0062 42F48032 		orrpl	r2, r2, #65536
 2677 0066 1A60     		strpl	r2, [r3]
1313:../../STM32Cube_FW_N6/Drivers/STM32N6xx_HAL_Driver/Src/stm32n6xx_hal_sai.c **** 
 2678              		.loc 1 1313 5 view .LVU955
1313:../../STM32Cube_FW_N6/Drivers/STM32N6xx_HAL_Driver/Src/stm32n6xx_hal_sai.c **** 
 2679              		.loc 1 1313 5 view .LVU956
 2680 0068 84F89000 		strb	r0, [r4, #144]
1313:../../STM32Cube_FW_N6/Drivers/STM32N6xx_HAL_Driver/Src/stm32n6xx_hal_sai.c **** 
 2681              		.loc 1 1313 5 view .LVU957
1315:../../STM32Cube_FW_N6/Drivers/STM32N6xx_HAL_Driver/Src/stm32n6xx_hal_sai.c ****   }
 2682              		.loc 1 1315 5 view .LVU958
 2683              	.L297:
1321:../../STM32Cube_FW_N6/Drivers/STM32N6xx_HAL_Driver/Src/stm32n6xx_hal_sai.c **** 
 2684              		.loc 1 1321 1 is_stmt 0 view .LVU959
 2685 006c 10BD     		pop	{r4, pc}
ARM GAS  C:\Users\Antonio\AppData\Local\Temp\ccmFwfsh.s 			page 108


 2686              	.LVL165:
 2687              	.L298:
1293:../../STM32Cube_FW_N6/Drivers/STM32N6xx_HAL_Driver/Src/stm32n6xx_hal_sai.c ****     {
 2688              		.loc 1 1293 10 is_stmt 1 view .LVU960
1293:../../STM32Cube_FW_N6/Drivers/STM32N6xx_HAL_Driver/Src/stm32n6xx_hal_sai.c ****     {
 2689              		.loc 1 1293 13 is_stmt 0 view .LVU961
 2690 006e 074A     		ldr	r2, .L307+8
 2691              	.LVL166:
1293:../../STM32Cube_FW_N6/Drivers/STM32N6xx_HAL_Driver/Src/stm32n6xx_hal_sai.c ****     {
 2692              		.loc 1 1293 13 view .LVU962
 2693 0070 812B     		cmp	r3, #129
 2694 0072 044B     		ldr	r3, .L307
 2695 0074 28BF     		it	cs
 2696 0076 1346     		movcs	r3, r2
 2697 0078 E4E7     		b	.L299
 2698              	.LVL167:
 2699              	.L302:
1275:../../STM32Cube_FW_N6/Drivers/STM32N6xx_HAL_Driver/Src/stm32n6xx_hal_sai.c ****   }
 2700              		.loc 1 1275 13 view .LVU963
 2701 007a 0120     		movs	r0, #1
 2702              	.LVL168:
1275:../../STM32Cube_FW_N6/Drivers/STM32N6xx_HAL_Driver/Src/stm32n6xx_hal_sai.c ****   }
 2703              		.loc 1 1275 13 view .LVU964
 2704 007c F6E7     		b	.L297
 2705              	.LVL169:
 2706              	.L304:
1281:../../STM32Cube_FW_N6/Drivers/STM32N6xx_HAL_Driver/Src/stm32n6xx_hal_sai.c **** 
 2707              		.loc 1 1281 5 discriminator 1 view .LVU965
 2708 007e 0220     		movs	r0, #2
 2709              	.LVL170:
1281:../../STM32Cube_FW_N6/Drivers/STM32N6xx_HAL_Driver/Src/stm32n6xx_hal_sai.c **** 
 2710              		.loc 1 1281 5 discriminator 1 view .LVU966
 2711 0080 F4E7     		b	.L297
 2712              	.L308:
 2713 0082 00BF     		.align	2
 2714              	.L307:
 2715 0084 00000000 		.word	SAI_Receive_IT16Bit
 2716 0088 00000000 		.word	SAI_Receive_IT8Bit
 2717 008c 00000000 		.word	SAI_Receive_IT32Bit
 2718              		.cfi_endproc
 2719              	.LFE845:
 2721              		.section	.text.HAL_SAI_DMAPause,"ax",%progbits
 2722              		.align	1
 2723              		.global	HAL_SAI_DMAPause
 2724              		.syntax unified
 2725              		.thumb
 2726              		.thumb_func
 2728              	HAL_SAI_DMAPause:
 2729              	.LVL171:
 2730              	.LFB846:
1330:../../STM32Cube_FW_N6/Drivers/STM32N6xx_HAL_Driver/Src/stm32n6xx_hal_sai.c ****   /* Process Locked */
 2731              		.loc 1 1330 1 is_stmt 1 view -0
 2732              		.cfi_startproc
 2733              		@ args = 0, pretend = 0, frame = 0
 2734              		@ frame_needed = 0, uses_anonymous_args = 0
 2735              		@ link register save eliminated.
1332:../../STM32Cube_FW_N6/Drivers/STM32N6xx_HAL_Driver/Src/stm32n6xx_hal_sai.c **** 
ARM GAS  C:\Users\Antonio\AppData\Local\Temp\ccmFwfsh.s 			page 109


 2736              		.loc 1 1332 3 view .LVU968
1332:../../STM32Cube_FW_N6/Drivers/STM32N6xx_HAL_Driver/Src/stm32n6xx_hal_sai.c **** 
 2737              		.loc 1 1332 3 view .LVU969
 2738 0000 90F89020 		ldrb	r2, [r0, #144]	@ zero_extendqisi2
1330:../../STM32Cube_FW_N6/Drivers/STM32N6xx_HAL_Driver/Src/stm32n6xx_hal_sai.c ****   /* Process Locked */
 2739              		.loc 1 1330 1 is_stmt 0 view .LVU970
 2740 0004 0346     		mov	r3, r0
1332:../../STM32Cube_FW_N6/Drivers/STM32N6xx_HAL_Driver/Src/stm32n6xx_hal_sai.c **** 
 2741              		.loc 1 1332 3 view .LVU971
 2742 0006 012A     		cmp	r2, #1
1332:../../STM32Cube_FW_N6/Drivers/STM32N6xx_HAL_Driver/Src/stm32n6xx_hal_sai.c **** 
 2743              		.loc 1 1332 3 is_stmt 1 discriminator 2 view .LVU972
1332:../../STM32Cube_FW_N6/Drivers/STM32N6xx_HAL_Driver/Src/stm32n6xx_hal_sai.c **** 
 2744              		.loc 1 1332 3 discriminator 2 view .LVU973
1335:../../STM32Cube_FW_N6/Drivers/STM32N6xx_HAL_Driver/Src/stm32n6xx_hal_sai.c **** 
 2745              		.loc 1 1335 3 view .LVU974
1335:../../STM32Cube_FW_N6/Drivers/STM32N6xx_HAL_Driver/Src/stm32n6xx_hal_sai.c **** 
 2746              		.loc 1 1335 7 is_stmt 0 view .LVU975
 2747 0008 1DBF     		ittte	ne
 2748 000a 0168     		ldrne	r1, [r0]
1338:../../STM32Cube_FW_N6/Drivers/STM32N6xx_HAL_Driver/Src/stm32n6xx_hal_sai.c **** 
 2749              		.loc 1 1338 3 view .LVU976
 2750 000c 0020     		movne	r0, #0
 2751              	.LVL172:
1335:../../STM32Cube_FW_N6/Drivers/STM32N6xx_HAL_Driver/Src/stm32n6xx_hal_sai.c **** 
 2752              		.loc 1 1335 17 view .LVU977
 2753 000e 0A68     		ldrne	r2, [r1]
1332:../../STM32Cube_FW_N6/Drivers/STM32N6xx_HAL_Driver/Src/stm32n6xx_hal_sai.c **** 
 2754              		.loc 1 1332 3 discriminator 1 view .LVU978
 2755 0010 0220     		moveq	r0, #2
1335:../../STM32Cube_FW_N6/Drivers/STM32N6xx_HAL_Driver/Src/stm32n6xx_hal_sai.c **** 
 2756              		.loc 1 1335 23 view .LVU979
 2757 0012 1EBF     		ittt	ne
 2758 0014 22F40032 		bicne	r2, r2, #131072
 2759 0018 0A60     		strne	r2, [r1]
1338:../../STM32Cube_FW_N6/Drivers/STM32N6xx_HAL_Driver/Src/stm32n6xx_hal_sai.c **** 
 2760              		.loc 1 1338 3 is_stmt 1 view .LVU980
1338:../../STM32Cube_FW_N6/Drivers/STM32N6xx_HAL_Driver/Src/stm32n6xx_hal_sai.c **** 
 2761              		.loc 1 1338 3 view .LVU981
 2762 001a 83F89000 		strbne	r0, [r3, #144]
1338:../../STM32Cube_FW_N6/Drivers/STM32N6xx_HAL_Driver/Src/stm32n6xx_hal_sai.c **** 
 2763              		.loc 1 1338 3 view .LVU982
1340:../../STM32Cube_FW_N6/Drivers/STM32N6xx_HAL_Driver/Src/stm32n6xx_hal_sai.c **** }
 2764              		.loc 1 1340 3 view .LVU983
1341:../../STM32Cube_FW_N6/Drivers/STM32N6xx_HAL_Driver/Src/stm32n6xx_hal_sai.c **** 
 2765              		.loc 1 1341 1 is_stmt 0 view .LVU984
 2766 001e 7047     		bx	lr
 2767              		.cfi_endproc
 2768              	.LFE846:
 2770              		.section	.text.HAL_SAI_DMAResume,"ax",%progbits
 2771              		.align	1
 2772              		.global	HAL_SAI_DMAResume
 2773              		.syntax unified
 2774              		.thumb
 2775              		.thumb_func
 2777              	HAL_SAI_DMAResume:
 2778              	.LVL173:
ARM GAS  C:\Users\Antonio\AppData\Local\Temp\ccmFwfsh.s 			page 110


 2779              	.LFB847:
1350:../../STM32Cube_FW_N6/Drivers/STM32N6xx_HAL_Driver/Src/stm32n6xx_hal_sai.c ****   /* Process Locked */
 2780              		.loc 1 1350 1 is_stmt 1 view -0
 2781              		.cfi_startproc
 2782              		@ args = 0, pretend = 0, frame = 0
 2783              		@ frame_needed = 0, uses_anonymous_args = 0
 2784              		@ link register save eliminated.
1352:../../STM32Cube_FW_N6/Drivers/STM32N6xx_HAL_Driver/Src/stm32n6xx_hal_sai.c **** 
 2785              		.loc 1 1352 3 view .LVU986
1352:../../STM32Cube_FW_N6/Drivers/STM32N6xx_HAL_Driver/Src/stm32n6xx_hal_sai.c **** 
 2786              		.loc 1 1352 3 view .LVU987
 2787 0000 90F89020 		ldrb	r2, [r0, #144]	@ zero_extendqisi2
1350:../../STM32Cube_FW_N6/Drivers/STM32N6xx_HAL_Driver/Src/stm32n6xx_hal_sai.c ****   /* Process Locked */
 2788              		.loc 1 1350 1 is_stmt 0 view .LVU988
 2789 0004 0346     		mov	r3, r0
1352:../../STM32Cube_FW_N6/Drivers/STM32N6xx_HAL_Driver/Src/stm32n6xx_hal_sai.c **** 
 2790              		.loc 1 1352 3 view .LVU989
 2791 0006 012A     		cmp	r2, #1
 2792 0008 0FD0     		beq	.L315
1352:../../STM32Cube_FW_N6/Drivers/STM32N6xx_HAL_Driver/Src/stm32n6xx_hal_sai.c **** 
 2793              		.loc 1 1352 3 is_stmt 1 discriminator 2 view .LVU990
1352:../../STM32Cube_FW_N6/Drivers/STM32N6xx_HAL_Driver/Src/stm32n6xx_hal_sai.c **** 
 2794              		.loc 1 1352 3 discriminator 2 view .LVU991
1355:../../STM32Cube_FW_N6/Drivers/STM32N6xx_HAL_Driver/Src/stm32n6xx_hal_sai.c **** 
 2795              		.loc 1 1355 3 view .LVU992
1355:../../STM32Cube_FW_N6/Drivers/STM32N6xx_HAL_Driver/Src/stm32n6xx_hal_sai.c **** 
 2796              		.loc 1 1355 7 is_stmt 0 view .LVU993
 2797 000a 0268     		ldr	r2, [r0]
1365:../../STM32Cube_FW_N6/Drivers/STM32N6xx_HAL_Driver/Src/stm32n6xx_hal_sai.c **** 
 2798              		.loc 1 1365 3 view .LVU994
 2799 000c 0020     		movs	r0, #0
 2800              	.LVL174:
1355:../../STM32Cube_FW_N6/Drivers/STM32N6xx_HAL_Driver/Src/stm32n6xx_hal_sai.c **** 
 2801              		.loc 1 1355 17 view .LVU995
 2802 000e 1168     		ldr	r1, [r2]
1355:../../STM32Cube_FW_N6/Drivers/STM32N6xx_HAL_Driver/Src/stm32n6xx_hal_sai.c **** 
 2803              		.loc 1 1355 23 view .LVU996
 2804 0010 41F40031 		orr	r1, r1, #131072
 2805 0014 1160     		str	r1, [r2]
1358:../../STM32Cube_FW_N6/Drivers/STM32N6xx_HAL_Driver/Src/stm32n6xx_hal_sai.c ****   {
 2806              		.loc 1 1358 3 is_stmt 1 view .LVU997
1358:../../STM32Cube_FW_N6/Drivers/STM32N6xx_HAL_Driver/Src/stm32n6xx_hal_sai.c ****   {
 2807              		.loc 1 1358 22 is_stmt 0 view .LVU998
 2808 0016 1168     		ldr	r1, [r2]
1358:../../STM32Cube_FW_N6/Drivers/STM32N6xx_HAL_Driver/Src/stm32n6xx_hal_sai.c ****   {
 2809              		.loc 1 1358 6 view .LVU999
 2810 0018 C903     		lsls	r1, r1, #15
1361:../../STM32Cube_FW_N6/Drivers/STM32N6xx_HAL_Driver/Src/stm32n6xx_hal_sai.c ****   }
 2811              		.loc 1 1361 5 is_stmt 1 view .LVU1000
 2812 001a 5EBF     		ittt	pl
 2813 001c 1168     		ldrpl	r1, [r2]
 2814 001e 41F48031 		orrpl	r1, r1, #65536
 2815 0022 1160     		strpl	r1, [r2]
1365:../../STM32Cube_FW_N6/Drivers/STM32N6xx_HAL_Driver/Src/stm32n6xx_hal_sai.c **** 
 2816              		.loc 1 1365 3 view .LVU1001
1365:../../STM32Cube_FW_N6/Drivers/STM32N6xx_HAL_Driver/Src/stm32n6xx_hal_sai.c **** 
 2817              		.loc 1 1365 3 view .LVU1002
ARM GAS  C:\Users\Antonio\AppData\Local\Temp\ccmFwfsh.s 			page 111


 2818 0024 83F89000 		strb	r0, [r3, #144]
1365:../../STM32Cube_FW_N6/Drivers/STM32N6xx_HAL_Driver/Src/stm32n6xx_hal_sai.c **** 
 2819              		.loc 1 1365 3 view .LVU1003
1367:../../STM32Cube_FW_N6/Drivers/STM32N6xx_HAL_Driver/Src/stm32n6xx_hal_sai.c **** }
 2820              		.loc 1 1367 3 view .LVU1004
1367:../../STM32Cube_FW_N6/Drivers/STM32N6xx_HAL_Driver/Src/stm32n6xx_hal_sai.c **** }
 2821              		.loc 1 1367 10 is_stmt 0 view .LVU1005
 2822 0028 7047     		bx	lr
 2823              	.LVL175:
 2824              	.L315:
1352:../../STM32Cube_FW_N6/Drivers/STM32N6xx_HAL_Driver/Src/stm32n6xx_hal_sai.c **** 
 2825              		.loc 1 1352 3 discriminator 1 view .LVU1006
 2826 002a 0220     		movs	r0, #2
 2827              	.LVL176:
1368:../../STM32Cube_FW_N6/Drivers/STM32N6xx_HAL_Driver/Src/stm32n6xx_hal_sai.c **** 
 2828              		.loc 1 1368 1 view .LVU1007
 2829 002c 7047     		bx	lr
 2830              		.cfi_endproc
 2831              	.LFE847:
 2833              		.section	.text.HAL_SAI_DMAStop,"ax",%progbits
 2834              		.align	1
 2835              		.global	HAL_SAI_DMAStop
 2836              		.syntax unified
 2837              		.thumb
 2838              		.thumb_func
 2840              	HAL_SAI_DMAStop:
 2841              	.LVL177:
 2842              	.LFB848:
1377:../../STM32Cube_FW_N6/Drivers/STM32N6xx_HAL_Driver/Src/stm32n6xx_hal_sai.c ****   HAL_StatusTypeDef status = HAL_OK;
 2843              		.loc 1 1377 1 is_stmt 1 view -0
 2844              		.cfi_startproc
 2845              		@ args = 0, pretend = 0, frame = 0
 2846              		@ frame_needed = 0, uses_anonymous_args = 0
1378:../../STM32Cube_FW_N6/Drivers/STM32N6xx_HAL_Driver/Src/stm32n6xx_hal_sai.c **** 
 2847              		.loc 1 1378 3 view .LVU1009
1381:../../STM32Cube_FW_N6/Drivers/STM32N6xx_HAL_Driver/Src/stm32n6xx_hal_sai.c **** 
 2848              		.loc 1 1381 3 view .LVU1010
1381:../../STM32Cube_FW_N6/Drivers/STM32N6xx_HAL_Driver/Src/stm32n6xx_hal_sai.c **** 
 2849              		.loc 1 1381 3 view .LVU1011
1377:../../STM32Cube_FW_N6/Drivers/STM32N6xx_HAL_Driver/Src/stm32n6xx_hal_sai.c ****   HAL_StatusTypeDef status = HAL_OK;
 2850              		.loc 1 1377 1 is_stmt 0 view .LVU1012
 2851 0000 70B5     		push	{r4, r5, r6, lr}
 2852              		.cfi_def_cfa_offset 16
 2853              		.cfi_offset 4, -16
 2854              		.cfi_offset 5, -12
 2855              		.cfi_offset 6, -8
 2856              		.cfi_offset 14, -4
1381:../../STM32Cube_FW_N6/Drivers/STM32N6xx_HAL_Driver/Src/stm32n6xx_hal_sai.c **** 
 2857              		.loc 1 1381 3 view .LVU1013
 2858 0002 90F89030 		ldrb	r3, [r0, #144]	@ zero_extendqisi2
1377:../../STM32Cube_FW_N6/Drivers/STM32N6xx_HAL_Driver/Src/stm32n6xx_hal_sai.c ****   HAL_StatusTypeDef status = HAL_OK;
 2859              		.loc 1 1377 1 view .LVU1014
 2860 0006 0446     		mov	r4, r0
1381:../../STM32Cube_FW_N6/Drivers/STM32N6xx_HAL_Driver/Src/stm32n6xx_hal_sai.c **** 
 2861              		.loc 1 1381 3 view .LVU1015
 2862 0008 012B     		cmp	r3, #1
 2863 000a 45D0     		beq	.L324
ARM GAS  C:\Users\Antonio\AppData\Local\Temp\ccmFwfsh.s 			page 112


1381:../../STM32Cube_FW_N6/Drivers/STM32N6xx_HAL_Driver/Src/stm32n6xx_hal_sai.c **** 
 2864              		.loc 1 1381 3 is_stmt 1 discriminator 2 view .LVU1016
 2865 000c 0126     		movs	r6, #1
 2866 000e 80F89060 		strb	r6, [r0, #144]
1381:../../STM32Cube_FW_N6/Drivers/STM32N6xx_HAL_Driver/Src/stm32n6xx_hal_sai.c **** 
 2867              		.loc 1 1381 3 discriminator 2 view .LVU1017
1384:../../STM32Cube_FW_N6/Drivers/STM32N6xx_HAL_Driver/Src/stm32n6xx_hal_sai.c ****   {
 2868              		.loc 1 1384 3 view .LVU1018
1384:../../STM32Cube_FW_N6/Drivers/STM32N6xx_HAL_Driver/Src/stm32n6xx_hal_sai.c ****   {
 2869              		.loc 1 1384 7 is_stmt 0 view .LVU1019
 2870 0012 FFF7FEFF 		bl	SAI_Disable
 2871              	.LVL178:
1390:../../STM32Cube_FW_N6/Drivers/STM32N6xx_HAL_Driver/Src/stm32n6xx_hal_sai.c **** 
 2872              		.loc 1 1390 7 view .LVU1020
 2873 0016 2268     		ldr	r2, [r4]
1384:../../STM32Cube_FW_N6/Drivers/STM32N6xx_HAL_Driver/Src/stm32n6xx_hal_sai.c ****   {
 2874              		.loc 1 1384 6 discriminator 1 view .LVU1021
 2875 0018 051E     		subs	r5, r0, #0
1390:../../STM32Cube_FW_N6/Drivers/STM32N6xx_HAL_Driver/Src/stm32n6xx_hal_sai.c **** 
 2876              		.loc 1 1390 17 view .LVU1022
 2877 001a 1368     		ldr	r3, [r2]
1384:../../STM32Cube_FW_N6/Drivers/STM32N6xx_HAL_Driver/Src/stm32n6xx_hal_sai.c ****   {
 2878              		.loc 1 1384 6 discriminator 1 view .LVU1023
 2879 001c 18BF     		it	ne
 2880 001e 0125     		movne	r5, #1
 2881              	.LVL179:
1390:../../STM32Cube_FW_N6/Drivers/STM32N6xx_HAL_Driver/Src/stm32n6xx_hal_sai.c **** 
 2882              		.loc 1 1390 3 is_stmt 1 view .LVU1024
1390:../../STM32Cube_FW_N6/Drivers/STM32N6xx_HAL_Driver/Src/stm32n6xx_hal_sai.c **** 
 2883              		.loc 1 1390 23 is_stmt 0 view .LVU1025
 2884 0020 23F40033 		bic	r3, r3, #131072
 2885 0024 1360     		str	r3, [r2]
1393:../../STM32Cube_FW_N6/Drivers/STM32N6xx_HAL_Driver/Src/stm32n6xx_hal_sai.c ****   {
 2886              		.loc 1 1393 3 is_stmt 1 view .LVU1026
1393:../../STM32Cube_FW_N6/Drivers/STM32N6xx_HAL_Driver/Src/stm32n6xx_hal_sai.c ****   {
 2887              		.loc 1 1393 12 is_stmt 0 view .LVU1027
 2888 0026 94F89130 		ldrb	r3, [r4, #145]	@ zero_extendqisi2
1393:../../STM32Cube_FW_N6/Drivers/STM32N6xx_HAL_Driver/Src/stm32n6xx_hal_sai.c ****   {
 2889              		.loc 1 1393 6 view .LVU1028
 2890 002a 122B     		cmp	r3, #18
 2891 002c 11D1     		bne	.L320
1393:../../STM32Cube_FW_N6/Drivers/STM32N6xx_HAL_Driver/Src/stm32n6xx_hal_sai.c ****   {
 2892              		.loc 1 1393 54 discriminator 1 view .LVU1029
 2893 002e D4F88000 		ldr	r0, [r4, #128]
1393:../../STM32Cube_FW_N6/Drivers/STM32N6xx_HAL_Driver/Src/stm32n6xx_hal_sai.c ****   {
 2894              		.loc 1 1393 46 discriminator 1 view .LVU1030
 2895 0032 70B1     		cbz	r0, .L320
1395:../../STM32Cube_FW_N6/Drivers/STM32N6xx_HAL_Driver/Src/stm32n6xx_hal_sai.c ****     {
 2896              		.loc 1 1395 5 is_stmt 1 view .LVU1031
1395:../../STM32Cube_FW_N6/Drivers/STM32N6xx_HAL_Driver/Src/stm32n6xx_hal_sai.c ****     {
 2897              		.loc 1 1395 9 is_stmt 0 view .LVU1032
 2898 0034 FFF7FEFF 		bl	HAL_DMA_Abort
 2899              	.LVL180:
1395:../../STM32Cube_FW_N6/Drivers/STM32N6xx_HAL_Driver/Src/stm32n6xx_hal_sai.c ****     {
 2900              		.loc 1 1395 8 discriminator 1 view .LVU1033
 2901 0038 58B1     		cbz	r0, .L320
1398:../../STM32Cube_FW_N6/Drivers/STM32N6xx_HAL_Driver/Src/stm32n6xx_hal_sai.c ****       {
ARM GAS  C:\Users\Antonio\AppData\Local\Temp\ccmFwfsh.s 			page 113


 2902              		.loc 1 1398 7 is_stmt 1 view .LVU1034
1398:../../STM32Cube_FW_N6/Drivers/STM32N6xx_HAL_Driver/Src/stm32n6xx_hal_sai.c ****       {
 2903              		.loc 1 1398 15 is_stmt 0 view .LVU1035
 2904 003a D4F88030 		ldr	r3, [r4, #128]
1398:../../STM32Cube_FW_N6/Drivers/STM32N6xx_HAL_Driver/Src/stm32n6xx_hal_sai.c ****       {
 2905              		.loc 1 1398 23 view .LVU1036
 2906 003e 9B6D     		ldr	r3, [r3, #88]
1398:../../STM32Cube_FW_N6/Drivers/STM32N6xx_HAL_Driver/Src/stm32n6xx_hal_sai.c ****       {
 2907              		.loc 1 1398 10 view .LVU1037
 2908 0040 202B     		cmp	r3, #32
1400:../../STM32Cube_FW_N6/Drivers/STM32N6xx_HAL_Driver/Src/stm32n6xx_hal_sai.c ****         hsai->ErrorCode |= HAL_SAI_ERROR_DMA;
 2909              		.loc 1 1400 9 is_stmt 1 view .LVU1038
 2910              	.LVL181:
1401:../../STM32Cube_FW_N6/Drivers/STM32N6xx_HAL_Driver/Src/stm32n6xx_hal_sai.c ****       }
 2911              		.loc 1 1401 9 view .LVU1039
1400:../../STM32Cube_FW_N6/Drivers/STM32N6xx_HAL_Driver/Src/stm32n6xx_hal_sai.c ****         hsai->ErrorCode |= HAL_SAI_ERROR_DMA;
 2912              		.loc 1 1400 16 is_stmt 0 view .LVU1040
 2913 0042 1FBF     		itttt	ne
 2914 0044 3546     		movne	r5, r6
1401:../../STM32Cube_FW_N6/Drivers/STM32N6xx_HAL_Driver/Src/stm32n6xx_hal_sai.c ****       }
 2915              		.loc 1 1401 13 view .LVU1041
 2916 0046 D4F89430 		ldrne	r3, [r4, #148]
1401:../../STM32Cube_FW_N6/Drivers/STM32N6xx_HAL_Driver/Src/stm32n6xx_hal_sai.c ****       }
 2917              		.loc 1 1401 25 view .LVU1042
 2918 004a 43F08003 		orrne	r3, r3, #128
 2919 004e C4F89430 		strne	r3, [r4, #148]
 2920              	.LVL182:
 2921              	.L320:
1407:../../STM32Cube_FW_N6/Drivers/STM32N6xx_HAL_Driver/Src/stm32n6xx_hal_sai.c ****   {
 2922              		.loc 1 1407 3 is_stmt 1 view .LVU1043
1407:../../STM32Cube_FW_N6/Drivers/STM32N6xx_HAL_Driver/Src/stm32n6xx_hal_sai.c ****   {
 2923              		.loc 1 1407 12 is_stmt 0 view .LVU1044
 2924 0052 94F89130 		ldrb	r3, [r4, #145]	@ zero_extendqisi2
1407:../../STM32Cube_FW_N6/Drivers/STM32N6xx_HAL_Driver/Src/stm32n6xx_hal_sai.c ****   {
 2925              		.loc 1 1407 6 view .LVU1045
 2926 0056 222B     		cmp	r3, #34
 2927 0058 11D1     		bne	.L323
1407:../../STM32Cube_FW_N6/Drivers/STM32N6xx_HAL_Driver/Src/stm32n6xx_hal_sai.c ****   {
 2928              		.loc 1 1407 54 discriminator 1 view .LVU1046
 2929 005a D4F88400 		ldr	r0, [r4, #132]
1407:../../STM32Cube_FW_N6/Drivers/STM32N6xx_HAL_Driver/Src/stm32n6xx_hal_sai.c ****   {
 2930              		.loc 1 1407 46 discriminator 1 view .LVU1047
 2931 005e 70B1     		cbz	r0, .L323
1409:../../STM32Cube_FW_N6/Drivers/STM32N6xx_HAL_Driver/Src/stm32n6xx_hal_sai.c ****     {
 2932              		.loc 1 1409 5 is_stmt 1 view .LVU1048
1409:../../STM32Cube_FW_N6/Drivers/STM32N6xx_HAL_Driver/Src/stm32n6xx_hal_sai.c ****     {
 2933              		.loc 1 1409 9 is_stmt 0 view .LVU1049
 2934 0060 FFF7FEFF 		bl	HAL_DMA_Abort
 2935              	.LVL183:
1409:../../STM32Cube_FW_N6/Drivers/STM32N6xx_HAL_Driver/Src/stm32n6xx_hal_sai.c ****     {
 2936              		.loc 1 1409 8 discriminator 1 view .LVU1050
 2937 0064 58B1     		cbz	r0, .L323
1412:../../STM32Cube_FW_N6/Drivers/STM32N6xx_HAL_Driver/Src/stm32n6xx_hal_sai.c ****       {
 2938              		.loc 1 1412 7 is_stmt 1 view .LVU1051
1412:../../STM32Cube_FW_N6/Drivers/STM32N6xx_HAL_Driver/Src/stm32n6xx_hal_sai.c ****       {
 2939              		.loc 1 1412 15 is_stmt 0 view .LVU1052
 2940 0066 D4F88430 		ldr	r3, [r4, #132]
ARM GAS  C:\Users\Antonio\AppData\Local\Temp\ccmFwfsh.s 			page 114


1412:../../STM32Cube_FW_N6/Drivers/STM32N6xx_HAL_Driver/Src/stm32n6xx_hal_sai.c ****       {
 2941              		.loc 1 1412 23 view .LVU1053
 2942 006a 9B6D     		ldr	r3, [r3, #88]
1412:../../STM32Cube_FW_N6/Drivers/STM32N6xx_HAL_Driver/Src/stm32n6xx_hal_sai.c ****       {
 2943              		.loc 1 1412 10 view .LVU1054
 2944 006c 202B     		cmp	r3, #32
1414:../../STM32Cube_FW_N6/Drivers/STM32N6xx_HAL_Driver/Src/stm32n6xx_hal_sai.c ****         hsai->ErrorCode |= HAL_SAI_ERROR_DMA;
 2945              		.loc 1 1414 9 is_stmt 1 view .LVU1055
 2946              	.LVL184:
1415:../../STM32Cube_FW_N6/Drivers/STM32N6xx_HAL_Driver/Src/stm32n6xx_hal_sai.c ****       }
 2947              		.loc 1 1415 9 view .LVU1056
1414:../../STM32Cube_FW_N6/Drivers/STM32N6xx_HAL_Driver/Src/stm32n6xx_hal_sai.c ****         hsai->ErrorCode |= HAL_SAI_ERROR_DMA;
 2948              		.loc 1 1414 16 is_stmt 0 view .LVU1057
 2949 006e 1FBF     		itttt	ne
 2950 0070 0125     		movne	r5, #1
1415:../../STM32Cube_FW_N6/Drivers/STM32N6xx_HAL_Driver/Src/stm32n6xx_hal_sai.c ****       }
 2951              		.loc 1 1415 13 view .LVU1058
 2952 0072 D4F89430 		ldrne	r3, [r4, #148]
1415:../../STM32Cube_FW_N6/Drivers/STM32N6xx_HAL_Driver/Src/stm32n6xx_hal_sai.c ****       }
 2953              		.loc 1 1415 25 view .LVU1059
 2954 0076 43F08003 		orrne	r3, r3, #128
 2955 007a C4F89430 		strne	r3, [r4, #148]
 2956              	.LVL185:
 2957              	.L323:
1421:../../STM32Cube_FW_N6/Drivers/STM32N6xx_HAL_Driver/Src/stm32n6xx_hal_sai.c **** 
 2958              		.loc 1 1421 3 is_stmt 1 view .LVU1060
 2959 007e 2268     		ldr	r2, [r4]
 2960 0080 5368     		ldr	r3, [r2, #4]
 2961 0082 43F00803 		orr	r3, r3, #8
 2962 0086 5360     		str	r3, [r2, #4]
1424:../../STM32Cube_FW_N6/Drivers/STM32N6xx_HAL_Driver/Src/stm32n6xx_hal_sai.c **** 
 2963              		.loc 1 1424 3 view .LVU1061
1424:../../STM32Cube_FW_N6/Drivers/STM32N6xx_HAL_Driver/Src/stm32n6xx_hal_sai.c **** 
 2964              		.loc 1 1424 15 is_stmt 0 view .LVU1062
 2965 0088 0123     		movs	r3, #1
 2966 008a 84F89130 		strb	r3, [r4, #145]
1427:../../STM32Cube_FW_N6/Drivers/STM32N6xx_HAL_Driver/Src/stm32n6xx_hal_sai.c **** 
 2967              		.loc 1 1427 3 is_stmt 1 view .LVU1063
1427:../../STM32Cube_FW_N6/Drivers/STM32N6xx_HAL_Driver/Src/stm32n6xx_hal_sai.c **** 
 2968              		.loc 1 1427 3 view .LVU1064
 2969 008e 0023     		movs	r3, #0
 2970 0090 84F89030 		strb	r3, [r4, #144]
1427:../../STM32Cube_FW_N6/Drivers/STM32N6xx_HAL_Driver/Src/stm32n6xx_hal_sai.c **** 
 2971              		.loc 1 1427 3 view .LVU1065
1429:../../STM32Cube_FW_N6/Drivers/STM32N6xx_HAL_Driver/Src/stm32n6xx_hal_sai.c **** }
 2972              		.loc 1 1429 3 view .LVU1066
 2973              	.LVL186:
 2974              	.L317:
1430:../../STM32Cube_FW_N6/Drivers/STM32N6xx_HAL_Driver/Src/stm32n6xx_hal_sai.c **** 
 2975              		.loc 1 1430 1 is_stmt 0 view .LVU1067
 2976 0094 2846     		mov	r0, r5
 2977 0096 70BD     		pop	{r4, r5, r6, pc}
 2978              	.LVL187:
 2979              	.L324:
1381:../../STM32Cube_FW_N6/Drivers/STM32N6xx_HAL_Driver/Src/stm32n6xx_hal_sai.c **** 
 2980              		.loc 1 1381 3 discriminator 1 view .LVU1068
 2981 0098 0225     		movs	r5, #2
ARM GAS  C:\Users\Antonio\AppData\Local\Temp\ccmFwfsh.s 			page 115


 2982 009a FBE7     		b	.L317
 2983              		.cfi_endproc
 2984              	.LFE848:
 2986              		.section	.text.HAL_SAI_Abort,"ax",%progbits
 2987              		.align	1
 2988              		.global	HAL_SAI_Abort
 2989              		.syntax unified
 2990              		.thumb
 2991              		.thumb_func
 2993              	HAL_SAI_Abort:
 2994              	.LVL188:
 2995              	.LFB849:
1439:../../STM32Cube_FW_N6/Drivers/STM32N6xx_HAL_Driver/Src/stm32n6xx_hal_sai.c ****   HAL_StatusTypeDef status = HAL_OK;
 2996              		.loc 1 1439 1 is_stmt 1 view -0
 2997              		.cfi_startproc
 2998              		@ args = 0, pretend = 0, frame = 0
 2999              		@ frame_needed = 0, uses_anonymous_args = 0
1440:../../STM32Cube_FW_N6/Drivers/STM32N6xx_HAL_Driver/Src/stm32n6xx_hal_sai.c **** 
 3000              		.loc 1 1440 3 view .LVU1070
1443:../../STM32Cube_FW_N6/Drivers/STM32N6xx_HAL_Driver/Src/stm32n6xx_hal_sai.c **** 
 3001              		.loc 1 1443 3 view .LVU1071
1443:../../STM32Cube_FW_N6/Drivers/STM32N6xx_HAL_Driver/Src/stm32n6xx_hal_sai.c **** 
 3002              		.loc 1 1443 3 view .LVU1072
1439:../../STM32Cube_FW_N6/Drivers/STM32N6xx_HAL_Driver/Src/stm32n6xx_hal_sai.c ****   HAL_StatusTypeDef status = HAL_OK;
 3003              		.loc 1 1439 1 is_stmt 0 view .LVU1073
 3004 0000 70B5     		push	{r4, r5, r6, lr}
 3005              		.cfi_def_cfa_offset 16
 3006              		.cfi_offset 4, -16
 3007              		.cfi_offset 5, -12
 3008              		.cfi_offset 6, -8
 3009              		.cfi_offset 14, -4
1443:../../STM32Cube_FW_N6/Drivers/STM32N6xx_HAL_Driver/Src/stm32n6xx_hal_sai.c **** 
 3010              		.loc 1 1443 3 view .LVU1074
 3011 0002 90F89030 		ldrb	r3, [r0, #144]	@ zero_extendqisi2
1439:../../STM32Cube_FW_N6/Drivers/STM32N6xx_HAL_Driver/Src/stm32n6xx_hal_sai.c ****   HAL_StatusTypeDef status = HAL_OK;
 3012              		.loc 1 1439 1 view .LVU1075
 3013 0006 0446     		mov	r4, r0
1443:../../STM32Cube_FW_N6/Drivers/STM32N6xx_HAL_Driver/Src/stm32n6xx_hal_sai.c **** 
 3014              		.loc 1 1443 3 view .LVU1076
 3015 0008 012B     		cmp	r3, #1
 3016 000a 4CD0     		beq	.L345
1443:../../STM32Cube_FW_N6/Drivers/STM32N6xx_HAL_Driver/Src/stm32n6xx_hal_sai.c **** 
 3017              		.loc 1 1443 3 is_stmt 1 discriminator 2 view .LVU1077
 3018 000c 0126     		movs	r6, #1
 3019 000e 80F89060 		strb	r6, [r0, #144]
1443:../../STM32Cube_FW_N6/Drivers/STM32N6xx_HAL_Driver/Src/stm32n6xx_hal_sai.c **** 
 3020              		.loc 1 1443 3 discriminator 2 view .LVU1078
1446:../../STM32Cube_FW_N6/Drivers/STM32N6xx_HAL_Driver/Src/stm32n6xx_hal_sai.c ****   {
 3021              		.loc 1 1446 3 view .LVU1079
1446:../../STM32Cube_FW_N6/Drivers/STM32N6xx_HAL_Driver/Src/stm32n6xx_hal_sai.c ****   {
 3022              		.loc 1 1446 7 is_stmt 0 view .LVU1080
 3023 0012 FFF7FEFF 		bl	SAI_Disable
 3024              	.LVL189:
1452:../../STM32Cube_FW_N6/Drivers/STM32N6xx_HAL_Driver/Src/stm32n6xx_hal_sai.c ****   {
 3025              		.loc 1 1452 12 view .LVU1081
 3026 0016 2368     		ldr	r3, [r4]
1446:../../STM32Cube_FW_N6/Drivers/STM32N6xx_HAL_Driver/Src/stm32n6xx_hal_sai.c ****   {
ARM GAS  C:\Users\Antonio\AppData\Local\Temp\ccmFwfsh.s 			page 116


 3027              		.loc 1 1446 6 discriminator 1 view .LVU1082
 3028 0018 051E     		subs	r5, r0, #0
1452:../../STM32Cube_FW_N6/Drivers/STM32N6xx_HAL_Driver/Src/stm32n6xx_hal_sai.c ****   {
 3029              		.loc 1 1452 22 view .LVU1083
 3030 001a 1A68     		ldr	r2, [r3]
1446:../../STM32Cube_FW_N6/Drivers/STM32N6xx_HAL_Driver/Src/stm32n6xx_hal_sai.c ****   {
 3031              		.loc 1 1446 6 discriminator 1 view .LVU1084
 3032 001c 18BF     		it	ne
 3033 001e 0125     		movne	r5, #1
 3034              	.LVL190:
1452:../../STM32Cube_FW_N6/Drivers/STM32N6xx_HAL_Driver/Src/stm32n6xx_hal_sai.c ****   {
 3035              		.loc 1 1452 3 is_stmt 1 view .LVU1085
1452:../../STM32Cube_FW_N6/Drivers/STM32N6xx_HAL_Driver/Src/stm32n6xx_hal_sai.c ****   {
 3036              		.loc 1 1452 6 is_stmt 0 view .LVU1086
 3037 0020 9203     		lsls	r2, r2, #14
 3038 0022 2FD5     		bpl	.L339
1455:../../STM32Cube_FW_N6/Drivers/STM32N6xx_HAL_Driver/Src/stm32n6xx_hal_sai.c **** 
 3039              		.loc 1 1455 5 is_stmt 1 view .LVU1087
1455:../../STM32Cube_FW_N6/Drivers/STM32N6xx_HAL_Driver/Src/stm32n6xx_hal_sai.c **** 
 3040              		.loc 1 1455 19 is_stmt 0 view .LVU1088
 3041 0024 1A68     		ldr	r2, [r3]
1455:../../STM32Cube_FW_N6/Drivers/STM32N6xx_HAL_Driver/Src/stm32n6xx_hal_sai.c **** 
 3042              		.loc 1 1455 25 view .LVU1089
 3043 0026 22F40032 		bic	r2, r2, #131072
 3044 002a 1A60     		str	r2, [r3]
1458:../../STM32Cube_FW_N6/Drivers/STM32N6xx_HAL_Driver/Src/stm32n6xx_hal_sai.c ****     {
 3045              		.loc 1 1458 5 is_stmt 1 view .LVU1090
1458:../../STM32Cube_FW_N6/Drivers/STM32N6xx_HAL_Driver/Src/stm32n6xx_hal_sai.c ****     {
 3046              		.loc 1 1458 14 is_stmt 0 view .LVU1091
 3047 002c 94F89130 		ldrb	r3, [r4, #145]	@ zero_extendqisi2
1458:../../STM32Cube_FW_N6/Drivers/STM32N6xx_HAL_Driver/Src/stm32n6xx_hal_sai.c ****     {
 3048              		.loc 1 1458 8 view .LVU1092
 3049 0030 122B     		cmp	r3, #18
 3050 0032 11D1     		bne	.L342
1458:../../STM32Cube_FW_N6/Drivers/STM32N6xx_HAL_Driver/Src/stm32n6xx_hal_sai.c ****     {
 3051              		.loc 1 1458 56 discriminator 1 view .LVU1093
 3052 0034 D4F88000 		ldr	r0, [r4, #128]
1458:../../STM32Cube_FW_N6/Drivers/STM32N6xx_HAL_Driver/Src/stm32n6xx_hal_sai.c ****     {
 3053              		.loc 1 1458 48 discriminator 1 view .LVU1094
 3054 0038 70B1     		cbz	r0, .L342
1460:../../STM32Cube_FW_N6/Drivers/STM32N6xx_HAL_Driver/Src/stm32n6xx_hal_sai.c ****       {
 3055              		.loc 1 1460 7 is_stmt 1 view .LVU1095
1460:../../STM32Cube_FW_N6/Drivers/STM32N6xx_HAL_Driver/Src/stm32n6xx_hal_sai.c ****       {
 3056              		.loc 1 1460 11 is_stmt 0 view .LVU1096
 3057 003a FFF7FEFF 		bl	HAL_DMA_Abort
 3058              	.LVL191:
1460:../../STM32Cube_FW_N6/Drivers/STM32N6xx_HAL_Driver/Src/stm32n6xx_hal_sai.c ****       {
 3059              		.loc 1 1460 10 discriminator 1 view .LVU1097
 3060 003e 58B1     		cbz	r0, .L342
1463:../../STM32Cube_FW_N6/Drivers/STM32N6xx_HAL_Driver/Src/stm32n6xx_hal_sai.c ****         {
 3061              		.loc 1 1463 9 is_stmt 1 view .LVU1098
1463:../../STM32Cube_FW_N6/Drivers/STM32N6xx_HAL_Driver/Src/stm32n6xx_hal_sai.c ****         {
 3062              		.loc 1 1463 17 is_stmt 0 view .LVU1099
 3063 0040 D4F88030 		ldr	r3, [r4, #128]
1463:../../STM32Cube_FW_N6/Drivers/STM32N6xx_HAL_Driver/Src/stm32n6xx_hal_sai.c ****         {
 3064              		.loc 1 1463 25 view .LVU1100
 3065 0044 9B6D     		ldr	r3, [r3, #88]
ARM GAS  C:\Users\Antonio\AppData\Local\Temp\ccmFwfsh.s 			page 117


1463:../../STM32Cube_FW_N6/Drivers/STM32N6xx_HAL_Driver/Src/stm32n6xx_hal_sai.c ****         {
 3066              		.loc 1 1463 12 view .LVU1101
 3067 0046 202B     		cmp	r3, #32
1465:../../STM32Cube_FW_N6/Drivers/STM32N6xx_HAL_Driver/Src/stm32n6xx_hal_sai.c ****           hsai->ErrorCode |= HAL_SAI_ERROR_DMA;
 3068              		.loc 1 1465 11 is_stmt 1 view .LVU1102
 3069              	.LVL192:
1466:../../STM32Cube_FW_N6/Drivers/STM32N6xx_HAL_Driver/Src/stm32n6xx_hal_sai.c ****         }
 3070              		.loc 1 1466 11 view .LVU1103
1465:../../STM32Cube_FW_N6/Drivers/STM32N6xx_HAL_Driver/Src/stm32n6xx_hal_sai.c ****           hsai->ErrorCode |= HAL_SAI_ERROR_DMA;
 3071              		.loc 1 1465 18 is_stmt 0 view .LVU1104
 3072 0048 1FBF     		itttt	ne
 3073 004a 3546     		movne	r5, r6
1466:../../STM32Cube_FW_N6/Drivers/STM32N6xx_HAL_Driver/Src/stm32n6xx_hal_sai.c ****         }
 3074              		.loc 1 1466 15 view .LVU1105
 3075 004c D4F89430 		ldrne	r3, [r4, #148]
1466:../../STM32Cube_FW_N6/Drivers/STM32N6xx_HAL_Driver/Src/stm32n6xx_hal_sai.c ****         }
 3076              		.loc 1 1466 27 view .LVU1106
 3077 0050 43F08003 		orrne	r3, r3, #128
 3078 0054 C4F89430 		strne	r3, [r4, #148]
 3079              	.LVL193:
 3080              	.L342:
1472:../../STM32Cube_FW_N6/Drivers/STM32N6xx_HAL_Driver/Src/stm32n6xx_hal_sai.c ****     {
 3081              		.loc 1 1472 5 is_stmt 1 view .LVU1107
1472:../../STM32Cube_FW_N6/Drivers/STM32N6xx_HAL_Driver/Src/stm32n6xx_hal_sai.c ****     {
 3082              		.loc 1 1472 14 is_stmt 0 view .LVU1108
 3083 0058 94F89130 		ldrb	r3, [r4, #145]	@ zero_extendqisi2
1472:../../STM32Cube_FW_N6/Drivers/STM32N6xx_HAL_Driver/Src/stm32n6xx_hal_sai.c ****     {
 3084              		.loc 1 1472 8 view .LVU1109
 3085 005c 222B     		cmp	r3, #34
 3086 005e 11D1     		bne	.L339
1472:../../STM32Cube_FW_N6/Drivers/STM32N6xx_HAL_Driver/Src/stm32n6xx_hal_sai.c ****     {
 3087              		.loc 1 1472 56 discriminator 1 view .LVU1110
 3088 0060 D4F88400 		ldr	r0, [r4, #132]
1472:../../STM32Cube_FW_N6/Drivers/STM32N6xx_HAL_Driver/Src/stm32n6xx_hal_sai.c ****     {
 3089              		.loc 1 1472 48 discriminator 1 view .LVU1111
 3090 0064 70B1     		cbz	r0, .L339
1474:../../STM32Cube_FW_N6/Drivers/STM32N6xx_HAL_Driver/Src/stm32n6xx_hal_sai.c ****       {
 3091              		.loc 1 1474 7 is_stmt 1 view .LVU1112
1474:../../STM32Cube_FW_N6/Drivers/STM32N6xx_HAL_Driver/Src/stm32n6xx_hal_sai.c ****       {
 3092              		.loc 1 1474 11 is_stmt 0 view .LVU1113
 3093 0066 FFF7FEFF 		bl	HAL_DMA_Abort
 3094              	.LVL194:
1474:../../STM32Cube_FW_N6/Drivers/STM32N6xx_HAL_Driver/Src/stm32n6xx_hal_sai.c ****       {
 3095              		.loc 1 1474 10 discriminator 1 view .LVU1114
 3096 006a 58B1     		cbz	r0, .L339
1477:../../STM32Cube_FW_N6/Drivers/STM32N6xx_HAL_Driver/Src/stm32n6xx_hal_sai.c ****         {
 3097              		.loc 1 1477 9 is_stmt 1 view .LVU1115
1477:../../STM32Cube_FW_N6/Drivers/STM32N6xx_HAL_Driver/Src/stm32n6xx_hal_sai.c ****         {
 3098              		.loc 1 1477 17 is_stmt 0 view .LVU1116
 3099 006c D4F88430 		ldr	r3, [r4, #132]
1477:../../STM32Cube_FW_N6/Drivers/STM32N6xx_HAL_Driver/Src/stm32n6xx_hal_sai.c ****         {
 3100              		.loc 1 1477 25 view .LVU1117
 3101 0070 9B6D     		ldr	r3, [r3, #88]
1477:../../STM32Cube_FW_N6/Drivers/STM32N6xx_HAL_Driver/Src/stm32n6xx_hal_sai.c ****         {
 3102              		.loc 1 1477 12 view .LVU1118
 3103 0072 202B     		cmp	r3, #32
1479:../../STM32Cube_FW_N6/Drivers/STM32N6xx_HAL_Driver/Src/stm32n6xx_hal_sai.c ****           hsai->ErrorCode |= HAL_SAI_ERROR_DMA;
ARM GAS  C:\Users\Antonio\AppData\Local\Temp\ccmFwfsh.s 			page 118


 3104              		.loc 1 1479 11 is_stmt 1 view .LVU1119
 3105              	.LVL195:
1480:../../STM32Cube_FW_N6/Drivers/STM32N6xx_HAL_Driver/Src/stm32n6xx_hal_sai.c ****         }
 3106              		.loc 1 1480 11 view .LVU1120
1479:../../STM32Cube_FW_N6/Drivers/STM32N6xx_HAL_Driver/Src/stm32n6xx_hal_sai.c ****           hsai->ErrorCode |= HAL_SAI_ERROR_DMA;
 3107              		.loc 1 1479 18 is_stmt 0 view .LVU1121
 3108 0074 1FBF     		itttt	ne
 3109 0076 0125     		movne	r5, #1
1480:../../STM32Cube_FW_N6/Drivers/STM32N6xx_HAL_Driver/Src/stm32n6xx_hal_sai.c ****         }
 3110              		.loc 1 1480 15 view .LVU1122
 3111 0078 D4F89430 		ldrne	r3, [r4, #148]
1480:../../STM32Cube_FW_N6/Drivers/STM32N6xx_HAL_Driver/Src/stm32n6xx_hal_sai.c ****         }
 3112              		.loc 1 1480 27 view .LVU1123
 3113 007c 43F08003 		orrne	r3, r3, #128
 3114 0080 C4F89430 		strne	r3, [r4, #148]
 3115              	.LVL196:
 3116              	.L339:
1487:../../STM32Cube_FW_N6/Drivers/STM32N6xx_HAL_Driver/Src/stm32n6xx_hal_sai.c ****   hsai->Instance->CLRFR = 0xFFFFFFFFU;
 3117              		.loc 1 1487 3 is_stmt 1 view .LVU1124
1487:../../STM32Cube_FW_N6/Drivers/STM32N6xx_HAL_Driver/Src/stm32n6xx_hal_sai.c ****   hsai->Instance->CLRFR = 0xFFFFFFFFU;
 3118              		.loc 1 1487 23 is_stmt 0 view .LVU1125
 3119 0084 0021     		movs	r1, #0
1488:../../STM32Cube_FW_N6/Drivers/STM32N6xx_HAL_Driver/Src/stm32n6xx_hal_sai.c **** 
 3120              		.loc 1 1488 25 view .LVU1126
 3121 0086 4FF0FF32 		mov	r2, #-1
1487:../../STM32Cube_FW_N6/Drivers/STM32N6xx_HAL_Driver/Src/stm32n6xx_hal_sai.c ****   hsai->Instance->CLRFR = 0xFFFFFFFFU;
 3122              		.loc 1 1487 7 view .LVU1127
 3123 008a 2368     		ldr	r3, [r4]
1487:../../STM32Cube_FW_N6/Drivers/STM32N6xx_HAL_Driver/Src/stm32n6xx_hal_sai.c ****   hsai->Instance->CLRFR = 0xFFFFFFFFU;
 3124              		.loc 1 1487 23 view .LVU1128
 3125 008c 1961     		str	r1, [r3, #16]
1488:../../STM32Cube_FW_N6/Drivers/STM32N6xx_HAL_Driver/Src/stm32n6xx_hal_sai.c **** 
 3126              		.loc 1 1488 3 is_stmt 1 view .LVU1129
1488:../../STM32Cube_FW_N6/Drivers/STM32N6xx_HAL_Driver/Src/stm32n6xx_hal_sai.c **** 
 3127              		.loc 1 1488 25 is_stmt 0 view .LVU1130
 3128 008e 9A61     		str	r2, [r3, #24]
1491:../../STM32Cube_FW_N6/Drivers/STM32N6xx_HAL_Driver/Src/stm32n6xx_hal_sai.c **** 
 3129              		.loc 1 1491 3 is_stmt 1 view .LVU1131
 3130 0090 5A68     		ldr	r2, [r3, #4]
 3131 0092 42F00802 		orr	r2, r2, #8
 3132 0096 5A60     		str	r2, [r3, #4]
1494:../../STM32Cube_FW_N6/Drivers/STM32N6xx_HAL_Driver/Src/stm32n6xx_hal_sai.c **** 
 3133              		.loc 1 1494 3 view .LVU1132
1494:../../STM32Cube_FW_N6/Drivers/STM32N6xx_HAL_Driver/Src/stm32n6xx_hal_sai.c **** 
 3134              		.loc 1 1494 15 is_stmt 0 view .LVU1133
 3135 0098 0123     		movs	r3, #1
1497:../../STM32Cube_FW_N6/Drivers/STM32N6xx_HAL_Driver/Src/stm32n6xx_hal_sai.c **** 
 3136              		.loc 1 1497 3 view .LVU1134
 3137 009a 84F89010 		strb	r1, [r4, #144]
1494:../../STM32Cube_FW_N6/Drivers/STM32N6xx_HAL_Driver/Src/stm32n6xx_hal_sai.c **** 
 3138              		.loc 1 1494 15 view .LVU1135
 3139 009e 84F89130 		strb	r3, [r4, #145]
1497:../../STM32Cube_FW_N6/Drivers/STM32N6xx_HAL_Driver/Src/stm32n6xx_hal_sai.c **** 
 3140              		.loc 1 1497 3 is_stmt 1 view .LVU1136
1497:../../STM32Cube_FW_N6/Drivers/STM32N6xx_HAL_Driver/Src/stm32n6xx_hal_sai.c **** 
 3141              		.loc 1 1497 3 view .LVU1137
1497:../../STM32Cube_FW_N6/Drivers/STM32N6xx_HAL_Driver/Src/stm32n6xx_hal_sai.c **** 
ARM GAS  C:\Users\Antonio\AppData\Local\Temp\ccmFwfsh.s 			page 119


 3142              		.loc 1 1497 3 view .LVU1138
1499:../../STM32Cube_FW_N6/Drivers/STM32N6xx_HAL_Driver/Src/stm32n6xx_hal_sai.c **** }
 3143              		.loc 1 1499 3 view .LVU1139
 3144              	.LVL197:
 3145              	.L338:
1500:../../STM32Cube_FW_N6/Drivers/STM32N6xx_HAL_Driver/Src/stm32n6xx_hal_sai.c **** 
 3146              		.loc 1 1500 1 is_stmt 0 view .LVU1140
 3147 00a2 2846     		mov	r0, r5
 3148 00a4 70BD     		pop	{r4, r5, r6, pc}
 3149              	.LVL198:
 3150              	.L345:
1443:../../STM32Cube_FW_N6/Drivers/STM32N6xx_HAL_Driver/Src/stm32n6xx_hal_sai.c **** 
 3151              		.loc 1 1443 3 discriminator 1 view .LVU1141
 3152 00a6 0225     		movs	r5, #2
 3153 00a8 FBE7     		b	.L338
 3154              		.cfi_endproc
 3155              	.LFE849:
 3157              		.section	.text.HAL_SAI_Transmit_DMA,"ax",%progbits
 3158              		.align	1
 3159              		.global	HAL_SAI_Transmit_DMA
 3160              		.syntax unified
 3161              		.thumb
 3162              		.thumb_func
 3164              	HAL_SAI_Transmit_DMA:
 3165              	.LVL199:
 3166              	.LFB850:
1511:../../STM32Cube_FW_N6/Drivers/STM32N6xx_HAL_Driver/Src/stm32n6xx_hal_sai.c ****   HAL_StatusTypeDef status;
 3167              		.loc 1 1511 1 is_stmt 1 view -0
 3168              		.cfi_startproc
 3169              		@ args = 0, pretend = 0, frame = 0
 3170              		@ frame_needed = 0, uses_anonymous_args = 0
1512:../../STM32Cube_FW_N6/Drivers/STM32N6xx_HAL_Driver/Src/stm32n6xx_hal_sai.c ****   uint32_t tickstart = HAL_GetTick();
 3171              		.loc 1 1512 3 view .LVU1143
1513:../../STM32Cube_FW_N6/Drivers/STM32N6xx_HAL_Driver/Src/stm32n6xx_hal_sai.c **** 
 3172              		.loc 1 1513 3 view .LVU1144
1511:../../STM32Cube_FW_N6/Drivers/STM32N6xx_HAL_Driver/Src/stm32n6xx_hal_sai.c ****   HAL_StatusTypeDef status;
 3173              		.loc 1 1511 1 is_stmt 0 view .LVU1145
 3174 0000 F8B5     		push	{r3, r4, r5, r6, r7, lr}
 3175              		.cfi_def_cfa_offset 24
 3176              		.cfi_offset 3, -24
 3177              		.cfi_offset 4, -20
 3178              		.cfi_offset 5, -16
 3179              		.cfi_offset 6, -12
 3180              		.cfi_offset 7, -8
 3181              		.cfi_offset 14, -4
1511:../../STM32Cube_FW_N6/Drivers/STM32N6xx_HAL_Driver/Src/stm32n6xx_hal_sai.c ****   HAL_StatusTypeDef status;
 3182              		.loc 1 1511 1 view .LVU1146
 3183 0002 0446     		mov	r4, r0
 3184 0004 0E46     		mov	r6, r1
 3185 0006 1546     		mov	r5, r2
1513:../../STM32Cube_FW_N6/Drivers/STM32N6xx_HAL_Driver/Src/stm32n6xx_hal_sai.c **** 
 3186              		.loc 1 1513 24 view .LVU1147
 3187 0008 FFF7FEFF 		bl	HAL_GetTick
 3188              	.LVL200:
1513:../../STM32Cube_FW_N6/Drivers/STM32N6xx_HAL_Driver/Src/stm32n6xx_hal_sai.c **** 
 3189              		.loc 1 1513 24 view .LVU1148
 3190 000c 0746     		mov	r7, r0
ARM GAS  C:\Users\Antonio\AppData\Local\Temp\ccmFwfsh.s 			page 120


 3191              	.LVL201:
1515:../../STM32Cube_FW_N6/Drivers/STM32N6xx_HAL_Driver/Src/stm32n6xx_hal_sai.c ****   {
 3192              		.loc 1 1515 3 is_stmt 1 view .LVU1149
1515:../../STM32Cube_FW_N6/Drivers/STM32N6xx_HAL_Driver/Src/stm32n6xx_hal_sai.c ****   {
 3193              		.loc 1 1515 6 is_stmt 0 view .LVU1150
 3194 000e 002E     		cmp	r6, #0
 3195 0010 59D0     		beq	.L362
1515:../../STM32Cube_FW_N6/Drivers/STM32N6xx_HAL_Driver/Src/stm32n6xx_hal_sai.c ****   {
 3196              		.loc 1 1515 23 discriminator 1 view .LVU1151
 3197 0012 002D     		cmp	r5, #0
 3198 0014 57D0     		beq	.L362
1520:../../STM32Cube_FW_N6/Drivers/STM32N6xx_HAL_Driver/Src/stm32n6xx_hal_sai.c ****   {
 3199              		.loc 1 1520 3 is_stmt 1 view .LVU1152
1520:../../STM32Cube_FW_N6/Drivers/STM32N6xx_HAL_Driver/Src/stm32n6xx_hal_sai.c ****   {
 3200              		.loc 1 1520 11 is_stmt 0 view .LVU1153
 3201 0016 94F89130 		ldrb	r3, [r4, #145]	@ zero_extendqisi2
1520:../../STM32Cube_FW_N6/Drivers/STM32N6xx_HAL_Driver/Src/stm32n6xx_hal_sai.c ****   {
 3202              		.loc 1 1520 6 view .LVU1154
 3203 001a 012B     		cmp	r3, #1
1520:../../STM32Cube_FW_N6/Drivers/STM32N6xx_HAL_Driver/Src/stm32n6xx_hal_sai.c ****   {
 3204              		.loc 1 1520 11 view .LVU1155
 3205 001c DAB2     		uxtb	r2, r3
1520:../../STM32Cube_FW_N6/Drivers/STM32N6xx_HAL_Driver/Src/stm32n6xx_hal_sai.c ****   {
 3206              		.loc 1 1520 6 view .LVU1156
 3207 001e 6BD1     		bne	.L375
 3208              	.LBB29:
1522:../../STM32Cube_FW_N6/Drivers/STM32N6xx_HAL_Driver/Src/stm32n6xx_hal_sai.c **** 
 3209              		.loc 1 1522 5 is_stmt 1 view .LVU1157
1525:../../STM32Cube_FW_N6/Drivers/STM32N6xx_HAL_Driver/Src/stm32n6xx_hal_sai.c **** 
 3210              		.loc 1 1525 5 view .LVU1158
1525:../../STM32Cube_FW_N6/Drivers/STM32N6xx_HAL_Driver/Src/stm32n6xx_hal_sai.c **** 
 3211              		.loc 1 1525 5 view .LVU1159
 3212 0020 94F89030 		ldrb	r3, [r4, #144]	@ zero_extendqisi2
 3213 0024 012B     		cmp	r3, #1
 3214 0026 67D0     		beq	.L375
1525:../../STM32Cube_FW_N6/Drivers/STM32N6xx_HAL_Driver/Src/stm32n6xx_hal_sai.c **** 
 3215              		.loc 1 1525 5 discriminator 2 view .LVU1160
 3216 0028 84F89020 		strb	r2, [r4, #144]
1525:../../STM32Cube_FW_N6/Drivers/STM32N6xx_HAL_Driver/Src/stm32n6xx_hal_sai.c **** 
 3217              		.loc 1 1525 5 discriminator 2 view .LVU1161
1527:../../STM32Cube_FW_N6/Drivers/STM32N6xx_HAL_Driver/Src/stm32n6xx_hal_sai.c ****     hsai->XferSize = Size;
 3218              		.loc 1 1527 5 view .LVU1162
1530:../../STM32Cube_FW_N6/Drivers/STM32N6xx_HAL_Driver/Src/stm32n6xx_hal_sai.c ****     hsai->State = HAL_SAI_STATE_BUSY_TX;
 3219              		.loc 1 1530 21 is_stmt 0 view .LVU1163
 3220 002c 0023     		movs	r3, #0
1531:../../STM32Cube_FW_N6/Drivers/STM32N6xx_HAL_Driver/Src/stm32n6xx_hal_sai.c **** 
 3221              		.loc 1 1531 17 view .LVU1164
 3222 002e 1222     		movs	r2, #18
1530:../../STM32Cube_FW_N6/Drivers/STM32N6xx_HAL_Driver/Src/stm32n6xx_hal_sai.c ****     hsai->State = HAL_SAI_STATE_BUSY_TX;
 3223              		.loc 1 1530 21 view .LVU1165
 3224 0030 C4F89430 		str	r3, [r4, #148]
1534:../../STM32Cube_FW_N6/Drivers/STM32N6xx_HAL_Driver/Src/stm32n6xx_hal_sai.c **** 
 3225              		.loc 1 1534 9 view .LVU1166
 3226 0034 D4F88000 		ldr	r0, [r4, #128]
 3227              	.LVL202:
1531:../../STM32Cube_FW_N6/Drivers/STM32N6xx_HAL_Driver/Src/stm32n6xx_hal_sai.c **** 
 3228              		.loc 1 1531 17 view .LVU1167
ARM GAS  C:\Users\Antonio\AppData\Local\Temp\ccmFwfsh.s 			page 121


 3229 0038 84F89120 		strb	r2, [r4, #145]
1534:../../STM32Cube_FW_N6/Drivers/STM32N6xx_HAL_Driver/Src/stm32n6xx_hal_sai.c **** 
 3230              		.loc 1 1534 40 view .LVU1168
 3231 003c 2F4A     		ldr	r2, .L390
1527:../../STM32Cube_FW_N6/Drivers/STM32N6xx_HAL_Driver/Src/stm32n6xx_hal_sai.c ****     hsai->XferSize = Size;
 3232              		.loc 1 1527 20 view .LVU1169
 3233 003e A667     		str	r6, [r4, #120]
1528:../../STM32Cube_FW_N6/Drivers/STM32N6xx_HAL_Driver/Src/stm32n6xx_hal_sai.c ****     hsai->XferCount = Size;
 3234              		.loc 1 1528 5 is_stmt 1 view .LVU1170
1528:../../STM32Cube_FW_N6/Drivers/STM32N6xx_HAL_Driver/Src/stm32n6xx_hal_sai.c ****     hsai->XferCount = Size;
 3235              		.loc 1 1528 20 is_stmt 0 view .LVU1171
 3236 0040 A4F87C50 		strh	r5, [r4, #124]	@ movhi
1529:../../STM32Cube_FW_N6/Drivers/STM32N6xx_HAL_Driver/Src/stm32n6xx_hal_sai.c ****     hsai->ErrorCode = HAL_SAI_ERROR_NONE;
 3237              		.loc 1 1529 5 is_stmt 1 view .LVU1172
1529:../../STM32Cube_FW_N6/Drivers/STM32N6xx_HAL_Driver/Src/stm32n6xx_hal_sai.c ****     hsai->ErrorCode = HAL_SAI_ERROR_NONE;
 3238              		.loc 1 1529 21 is_stmt 0 view .LVU1173
 3239 0044 A4F87E50 		strh	r5, [r4, #126]	@ movhi
1530:../../STM32Cube_FW_N6/Drivers/STM32N6xx_HAL_Driver/Src/stm32n6xx_hal_sai.c ****     hsai->State = HAL_SAI_STATE_BUSY_TX;
 3240              		.loc 1 1530 5 is_stmt 1 view .LVU1174
1531:../../STM32Cube_FW_N6/Drivers/STM32N6xx_HAL_Driver/Src/stm32n6xx_hal_sai.c **** 
 3241              		.loc 1 1531 5 view .LVU1175
1534:../../STM32Cube_FW_N6/Drivers/STM32N6xx_HAL_Driver/Src/stm32n6xx_hal_sai.c **** 
 3242              		.loc 1 1534 5 view .LVU1176
1534:../../STM32Cube_FW_N6/Drivers/STM32N6xx_HAL_Driver/Src/stm32n6xx_hal_sai.c **** 
 3243              		.loc 1 1534 40 is_stmt 0 view .LVU1177
 3244 0048 4266     		str	r2, [r0, #100]
1537:../../STM32Cube_FW_N6/Drivers/STM32N6xx_HAL_Driver/Src/stm32n6xx_hal_sai.c **** 
 3245              		.loc 1 1537 5 is_stmt 1 view .LVU1178
1537:../../STM32Cube_FW_N6/Drivers/STM32N6xx_HAL_Driver/Src/stm32n6xx_hal_sai.c **** 
 3246              		.loc 1 1537 36 is_stmt 0 view .LVU1179
 3247 004a 2D4A     		ldr	r2, .L390+4
 3248 004c 0266     		str	r2, [r0, #96]
1540:../../STM32Cube_FW_N6/Drivers/STM32N6xx_HAL_Driver/Src/stm32n6xx_hal_sai.c **** 
 3249              		.loc 1 1540 5 is_stmt 1 view .LVU1180
1540:../../STM32Cube_FW_N6/Drivers/STM32N6xx_HAL_Driver/Src/stm32n6xx_hal_sai.c **** 
 3250              		.loc 1 1540 37 is_stmt 0 view .LVU1181
 3251 004e 2D4A     		ldr	r2, .L390+8
1543:../../STM32Cube_FW_N6/Drivers/STM32N6xx_HAL_Driver/Src/stm32n6xx_hal_sai.c **** 
 3252              		.loc 1 1543 37 view .LVU1182
 3253 0050 C0E91A23 		strd	r2, r3, [r0, #104]
1547:../../STM32Cube_FW_N6/Drivers/STM32N6xx_HAL_Driver/Src/stm32n6xx_hal_sai.c ****     {
 3254              		.loc 1 1547 5 is_stmt 1 view .LVU1183
1547:../../STM32Cube_FW_N6/Drivers/STM32N6xx_HAL_Driver/Src/stm32n6xx_hal_sai.c ****     {
 3255              		.loc 1 1547 20 is_stmt 0 view .LVU1184
 3256 0054 A26C     		ldr	r2, [r4, #72]
1549:../../STM32Cube_FW_N6/Drivers/STM32N6xx_HAL_Driver/Src/stm32n6xx_hal_sai.c ****     }
 3257              		.loc 1 1549 18 view .LVU1185
 3258 0056 2B46     		mov	r3, r5
1547:../../STM32Cube_FW_N6/Drivers/STM32N6xx_HAL_Driver/Src/stm32n6xx_hal_sai.c ****     {
 3259              		.loc 1 1547 8 view .LVU1186
 3260 0058 402A     		cmp	r2, #64
 3261 005a 2DD1     		bne	.L364
1547:../../STM32Cube_FW_N6/Drivers/STM32N6xx_HAL_Driver/Src/stm32n6xx_hal_sai.c ****     {
 3262              		.loc 1 1547 49 discriminator 1 view .LVU1187
 3263 005c 226B     		ldr	r2, [r4, #48]
 3264 005e 02B1     		cbz	r2, .L365
 3265              	.L366:
ARM GAS  C:\Users\Antonio\AppData\Local\Temp\ccmFwfsh.s 			page 122


1553:../../STM32Cube_FW_N6/Drivers/STM32N6xx_HAL_Driver/Src/stm32n6xx_hal_sai.c ****     }
 3266              		.loc 1 1553 7 is_stmt 1 view .LVU1188
1553:../../STM32Cube_FW_N6/Drivers/STM32N6xx_HAL_Driver/Src/stm32n6xx_hal_sai.c ****     }
 3267              		.loc 1 1553 18 is_stmt 0 view .LVU1189
 3268 0060 6B00     		lsls	r3, r5, #1
 3269              	.LVL203:
 3270              	.L365:
1561:../../STM32Cube_FW_N6/Drivers/STM32N6xx_HAL_Driver/Src/stm32n6xx_hal_sai.c ****     {
 3271              		.loc 1 1561 5 is_stmt 1 view .LVU1190
1561:../../STM32Cube_FW_N6/Drivers/STM32N6xx_HAL_Driver/Src/stm32n6xx_hal_sai.c ****     {
 3272              		.loc 1 1561 29 is_stmt 0 view .LVU1191
 3273 0062 026D     		ldr	r2, [r0, #80]
1561:../../STM32Cube_FW_N6/Drivers/STM32N6xx_HAL_Driver/Src/stm32n6xx_hal_sai.c ****     {
 3274              		.loc 1 1561 8 view .LVU1192
 3275 0064 1106     		lsls	r1, r2, #24
 3276 0066 31D5     		bpl	.L368
1563:../../STM32Cube_FW_N6/Drivers/STM32N6xx_HAL_Driver/Src/stm32n6xx_hal_sai.c ****       {
 3277              		.loc 1 1563 7 is_stmt 1 view .LVU1193
1563:../../STM32Cube_FW_N6/Drivers/STM32N6xx_HAL_Driver/Src/stm32n6xx_hal_sai.c ****       {
 3278              		.loc 1 1563 23 is_stmt 0 view .LVU1194
 3279 0068 426F     		ldr	r2, [r0, #116]
1563:../../STM32Cube_FW_N6/Drivers/STM32N6xx_HAL_Driver/Src/stm32n6xx_hal_sai.c ****       {
 3280              		.loc 1 1563 10 view .LVU1195
 3281 006a 4AB3     		cbz	r2, .L369
1566:../../STM32Cube_FW_N6/Drivers/STM32N6xx_HAL_Driver/Src/stm32n6xx_hal_sai.c **** 
 3282              		.loc 1 1566 9 is_stmt 1 view .LVU1196
1566:../../STM32Cube_FW_N6/Drivers/STM32N6xx_HAL_Driver/Src/stm32n6xx_hal_sai.c **** 
 3283              		.loc 1 1566 38 is_stmt 0 view .LVU1197
 3284 006c 1268     		ldr	r2, [r2]
1569:../../STM32Cube_FW_N6/Drivers/STM32N6xx_HAL_Driver/Src/stm32n6xx_hal_sai.c **** 
 3285              		.loc 1 1569 86 view .LVU1198
 3286 006e C2E90236 		strd	r3, r6, [r2, #8]
1572:../../STM32Cube_FW_N6/Drivers/STM32N6xx_HAL_Driver/Src/stm32n6xx_hal_sai.c **** 
 3287              		.loc 1 1572 9 is_stmt 1 view .LVU1199
1572:../../STM32Cube_FW_N6/Drivers/STM32N6xx_HAL_Driver/Src/stm32n6xx_hal_sai.c **** 
 3288              		.loc 1 1572 98 is_stmt 0 view .LVU1200
 3289 0072 2368     		ldr	r3, [r4]
 3290              	.LVL204:
1572:../../STM32Cube_FW_N6/Drivers/STM32N6xx_HAL_Driver/Src/stm32n6xx_hal_sai.c **** 
 3291              		.loc 1 1572 98 view .LVU1201
 3292 0074 1C33     		adds	r3, r3, #28
1572:../../STM32Cube_FW_N6/Drivers/STM32N6xx_HAL_Driver/Src/stm32n6xx_hal_sai.c **** 
 3293              		.loc 1 1572 86 view .LVU1202
 3294 0076 1361     		str	r3, [r2, #16]
1574:../../STM32Cube_FW_N6/Drivers/STM32N6xx_HAL_Driver/Src/stm32n6xx_hal_sai.c ****       }
 3295              		.loc 1 1574 9 is_stmt 1 view .LVU1203
1574:../../STM32Cube_FW_N6/Drivers/STM32N6xx_HAL_Driver/Src/stm32n6xx_hal_sai.c ****       }
 3296              		.loc 1 1574 18 is_stmt 0 view .LVU1204
 3297 0078 FFF7FEFF 		bl	HAL_DMAEx_List_Start_IT
 3298              	.LVL205:
 3299              	.L389:
1584:../../STM32Cube_FW_N6/Drivers/STM32N6xx_HAL_Driver/Src/stm32n6xx_hal_sai.c ****     }
 3300              		.loc 1 1584 16 view .LVU1205
 3301 007c 0546     		mov	r5, r0
 3302              	.LVL206:
1587:../../STM32Cube_FW_N6/Drivers/STM32N6xx_HAL_Driver/Src/stm32n6xx_hal_sai.c ****     {
 3303              		.loc 1 1587 5 is_stmt 1 view .LVU1206
ARM GAS  C:\Users\Antonio\AppData\Local\Temp\ccmFwfsh.s 			page 123


1587:../../STM32Cube_FW_N6/Drivers/STM32N6xx_HAL_Driver/Src/stm32n6xx_hal_sai.c ****     {
 3304              		.loc 1 1587 8 is_stmt 0 view .LVU1207
 3305 007e F8B9     		cbnz	r0, .L369
1594:../../STM32Cube_FW_N6/Drivers/STM32N6xx_HAL_Driver/Src/stm32n6xx_hal_sai.c **** 
 3306              		.loc 1 1594 5 is_stmt 1 view .LVU1208
 3307 0080 0146     		mov	r1, r0
 3308 0082 2046     		mov	r0, r4
 3309              	.LVL207:
1594:../../STM32Cube_FW_N6/Drivers/STM32N6xx_HAL_Driver/Src/stm32n6xx_hal_sai.c **** 
 3310              		.loc 1 1594 5 is_stmt 0 view .LVU1209
 3311 0084 FFF7FEFF 		bl	SAI_InterruptFlag
 3312              	.LVL208:
1594:../../STM32Cube_FW_N6/Drivers/STM32N6xx_HAL_Driver/Src/stm32n6xx_hal_sai.c **** 
 3313              		.loc 1 1594 5 discriminator 1 view .LVU1210
 3314 0088 2368     		ldr	r3, [r4]
 3315 008a 1A69     		ldr	r2, [r3, #16]
 3316 008c 0243     		orrs	r2, r2, r0
 3317 008e 1A61     		str	r2, [r3, #16]
1597:../../STM32Cube_FW_N6/Drivers/STM32N6xx_HAL_Driver/Src/stm32n6xx_hal_sai.c **** 
 3318              		.loc 1 1597 5 is_stmt 1 view .LVU1211
1597:../../STM32Cube_FW_N6/Drivers/STM32N6xx_HAL_Driver/Src/stm32n6xx_hal_sai.c **** 
 3319              		.loc 1 1597 19 is_stmt 0 view .LVU1212
 3320 0090 1A68     		ldr	r2, [r3]
1597:../../STM32Cube_FW_N6/Drivers/STM32N6xx_HAL_Driver/Src/stm32n6xx_hal_sai.c **** 
 3321              		.loc 1 1597 25 view .LVU1213
 3322 0092 42F40032 		orr	r2, r2, #131072
 3323 0096 1A60     		str	r2, [r3]
1600:../../STM32Cube_FW_N6/Drivers/STM32N6xx_HAL_Driver/Src/stm32n6xx_hal_sai.c ****     {
 3324              		.loc 1 1600 5 is_stmt 1 view .LVU1214
 3325              	.LVL209:
 3326              	.L371:
1600:../../STM32Cube_FW_N6/Drivers/STM32N6xx_HAL_Driver/Src/stm32n6xx_hal_sai.c ****     {
 3327              		.loc 1 1600 48 view .LVU1215
1600:../../STM32Cube_FW_N6/Drivers/STM32N6xx_HAL_Driver/Src/stm32n6xx_hal_sai.c ****     {
 3328              		.loc 1 1600 17 is_stmt 0 view .LVU1216
 3329 0098 2368     		ldr	r3, [r4]
1600:../../STM32Cube_FW_N6/Drivers/STM32N6xx_HAL_Driver/Src/stm32n6xx_hal_sai.c ****     {
 3330              		.loc 1 1600 27 view .LVU1217
 3331 009a 5E69     		ldr	r6, [r3, #20]
1600:../../STM32Cube_FW_N6/Drivers/STM32N6xx_HAL_Driver/Src/stm32n6xx_hal_sai.c ****     {
 3332              		.loc 1 1600 48 view .LVU1218
 3333 009c 16F4E026 		ands	r6, r6, #458752
 3334 00a0 1AD0     		beq	.L372
1616:../../STM32Cube_FW_N6/Drivers/STM32N6xx_HAL_Driver/Src/stm32n6xx_hal_sai.c ****     {
 3335              		.loc 1 1616 5 is_stmt 1 view .LVU1219
1616:../../STM32Cube_FW_N6/Drivers/STM32N6xx_HAL_Driver/Src/stm32n6xx_hal_sai.c ****     {
 3336              		.loc 1 1616 24 is_stmt 0 view .LVU1220
 3337 00a2 1A68     		ldr	r2, [r3]
1616:../../STM32Cube_FW_N6/Drivers/STM32N6xx_HAL_Driver/Src/stm32n6xx_hal_sai.c ****     {
 3338              		.loc 1 1616 8 view .LVU1221
 3339 00a4 D203     		lsls	r2, r2, #15
1619:../../STM32Cube_FW_N6/Drivers/STM32N6xx_HAL_Driver/Src/stm32n6xx_hal_sai.c ****     }
 3340              		.loc 1 1619 7 is_stmt 1 view .LVU1222
 3341 00a6 5EBF     		ittt	pl
 3342 00a8 1A68     		ldrpl	r2, [r3]
 3343 00aa 42F48032 		orrpl	r2, r2, #65536
 3344 00ae 1A60     		strpl	r2, [r3]
ARM GAS  C:\Users\Antonio\AppData\Local\Temp\ccmFwfsh.s 			page 124


1623:../../STM32Cube_FW_N6/Drivers/STM32N6xx_HAL_Driver/Src/stm32n6xx_hal_sai.c **** 
 3345              		.loc 1 1623 5 view .LVU1223
1623:../../STM32Cube_FW_N6/Drivers/STM32N6xx_HAL_Driver/Src/stm32n6xx_hal_sai.c **** 
 3346              		.loc 1 1623 5 view .LVU1224
 3347 00b0 0023     		movs	r3, #0
 3348 00b2 84F89030 		strb	r3, [r4, #144]
1623:../../STM32Cube_FW_N6/Drivers/STM32N6xx_HAL_Driver/Src/stm32n6xx_hal_sai.c **** 
 3349              		.loc 1 1623 5 view .LVU1225
1625:../../STM32Cube_FW_N6/Drivers/STM32N6xx_HAL_Driver/Src/stm32n6xx_hal_sai.c ****   }
 3350              		.loc 1 1625 5 view .LVU1226
1625:../../STM32Cube_FW_N6/Drivers/STM32N6xx_HAL_Driver/Src/stm32n6xx_hal_sai.c ****   }
 3351              		.loc 1 1625 12 is_stmt 0 view .LVU1227
 3352 00b6 07E0     		b	.L363
 3353              	.LVL210:
 3354              	.L364:
1551:../../STM32Cube_FW_N6/Drivers/STM32N6xx_HAL_Driver/Src/stm32n6xx_hal_sai.c ****     {
 3355              		.loc 1 1551 10 is_stmt 1 view .LVU1228
1551:../../STM32Cube_FW_N6/Drivers/STM32N6xx_HAL_Driver/Src/stm32n6xx_hal_sai.c ****     {
 3356              		.loc 1 1551 13 is_stmt 0 view .LVU1229
 3357 00b8 802A     		cmp	r2, #128
 3358 00ba D1D9     		bls	.L366
1557:../../STM32Cube_FW_N6/Drivers/STM32N6xx_HAL_Driver/Src/stm32n6xx_hal_sai.c ****     }
 3359              		.loc 1 1557 7 is_stmt 1 view .LVU1230
1557:../../STM32Cube_FW_N6/Drivers/STM32N6xx_HAL_Driver/Src/stm32n6xx_hal_sai.c ****     }
 3360              		.loc 1 1557 18 is_stmt 0 view .LVU1231
 3361 00bc AB00     		lsls	r3, r5, #2
 3362              	.LVL211:
1557:../../STM32Cube_FW_N6/Drivers/STM32N6xx_HAL_Driver/Src/stm32n6xx_hal_sai.c ****     }
 3363              		.loc 1 1557 18 view .LVU1232
 3364 00be D0E7     		b	.L365
 3365              	.LVL212:
 3366              	.L369:
1578:../../STM32Cube_FW_N6/Drivers/STM32N6xx_HAL_Driver/Src/stm32n6xx_hal_sai.c ****         return  HAL_ERROR;
 3367              		.loc 1 1578 9 is_stmt 1 view .LVU1233
1578:../../STM32Cube_FW_N6/Drivers/STM32N6xx_HAL_Driver/Src/stm32n6xx_hal_sai.c ****         return  HAL_ERROR;
 3368              		.loc 1 1578 9 view .LVU1234
 3369 00c0 0023     		movs	r3, #0
 3370 00c2 84F89030 		strb	r3, [r4, #144]
1578:../../STM32Cube_FW_N6/Drivers/STM32N6xx_HAL_Driver/Src/stm32n6xx_hal_sai.c ****         return  HAL_ERROR;
 3371              		.loc 1 1578 9 view .LVU1235
1579:../../STM32Cube_FW_N6/Drivers/STM32N6xx_HAL_Driver/Src/stm32n6xx_hal_sai.c ****       }
 3372              		.loc 1 1579 9 view .LVU1236
 3373              	.LVL213:
 3374              	.L362:
1579:../../STM32Cube_FW_N6/Drivers/STM32N6xx_HAL_Driver/Src/stm32n6xx_hal_sai.c ****       }
 3375              		.loc 1 1579 9 is_stmt 0 view .LVU1237
 3376              	.LBE29:
1517:../../STM32Cube_FW_N6/Drivers/STM32N6xx_HAL_Driver/Src/stm32n6xx_hal_sai.c ****   }
 3377              		.loc 1 1517 13 view .LVU1238
 3378 00c6 0125     		movs	r5, #1
 3379              	.LVL214:
 3380              	.L363:
1631:../../STM32Cube_FW_N6/Drivers/STM32N6xx_HAL_Driver/Src/stm32n6xx_hal_sai.c **** 
 3381              		.loc 1 1631 1 view .LVU1239
 3382 00c8 2846     		mov	r0, r5
 3383 00ca F8BD     		pop	{r3, r4, r5, r6, r7, pc}
 3384              	.LVL215:
ARM GAS  C:\Users\Antonio\AppData\Local\Temp\ccmFwfsh.s 			page 125


 3385              	.L368:
 3386              	.LBB30:
1584:../../STM32Cube_FW_N6/Drivers/STM32N6xx_HAL_Driver/Src/stm32n6xx_hal_sai.c ****     }
 3387              		.loc 1 1584 7 is_stmt 1 view .LVU1240
1584:../../STM32Cube_FW_N6/Drivers/STM32N6xx_HAL_Driver/Src/stm32n6xx_hal_sai.c ****     }
 3388              		.loc 1 1584 83 is_stmt 0 view .LVU1241
 3389 00cc 2268     		ldr	r2, [r4]
1584:../../STM32Cube_FW_N6/Drivers/STM32N6xx_HAL_Driver/Src/stm32n6xx_hal_sai.c ****     }
 3390              		.loc 1 1584 16 view .LVU1242
 3391 00ce 3146     		mov	r1, r6
 3392 00d0 1C32     		adds	r2, r2, #28
 3393 00d2 FFF7FEFF 		bl	HAL_DMA_Start_IT
 3394              	.LVL216:
1584:../../STM32Cube_FW_N6/Drivers/STM32N6xx_HAL_Driver/Src/stm32n6xx_hal_sai.c ****     }
 3395              		.loc 1 1584 16 view .LVU1243
 3396 00d6 D1E7     		b	.L389
 3397              	.LVL217:
 3398              	.L372:
1603:../../STM32Cube_FW_N6/Drivers/STM32N6xx_HAL_Driver/Src/stm32n6xx_hal_sai.c ****       {
 3399              		.loc 1 1603 7 is_stmt 1 view .LVU1244
1603:../../STM32Cube_FW_N6/Drivers/STM32N6xx_HAL_Driver/Src/stm32n6xx_hal_sai.c ****       {
 3400              		.loc 1 1603 12 is_stmt 0 view .LVU1245
 3401 00d8 FFF7FEFF 		bl	HAL_GetTick
 3402              	.LVL218:
1603:../../STM32Cube_FW_N6/Drivers/STM32N6xx_HAL_Driver/Src/stm32n6xx_hal_sai.c ****       {
 3403              		.loc 1 1603 26 discriminator 1 view .LVU1246
 3404 00dc C01B     		subs	r0, r0, r7
1603:../../STM32Cube_FW_N6/Drivers/STM32N6xx_HAL_Driver/Src/stm32n6xx_hal_sai.c ****       {
 3405              		.loc 1 1603 10 discriminator 1 view .LVU1247
 3406 00de B0F57A7F 		cmp	r0, #1000
 3407 00e2 D9D9     		bls	.L371
1606:../../STM32Cube_FW_N6/Drivers/STM32N6xx_HAL_Driver/Src/stm32n6xx_hal_sai.c **** 
 3408              		.loc 1 1606 9 is_stmt 1 view .LVU1248
1606:../../STM32Cube_FW_N6/Drivers/STM32N6xx_HAL_Driver/Src/stm32n6xx_hal_sai.c **** 
 3409              		.loc 1 1606 13 is_stmt 0 view .LVU1249
 3410 00e4 D4F89430 		ldr	r3, [r4, #148]
1611:../../STM32Cube_FW_N6/Drivers/STM32N6xx_HAL_Driver/Src/stm32n6xx_hal_sai.c ****       }
 3411              		.loc 1 1611 16 view .LVU1250
 3412 00e8 0325     		movs	r5, #3
1606:../../STM32Cube_FW_N6/Drivers/STM32N6xx_HAL_Driver/Src/stm32n6xx_hal_sai.c **** 
 3413              		.loc 1 1606 25 view .LVU1251
 3414 00ea 43F04003 		orr	r3, r3, #64
 3415 00ee C4F89430 		str	r3, [r4, #148]
1609:../../STM32Cube_FW_N6/Drivers/STM32N6xx_HAL_Driver/Src/stm32n6xx_hal_sai.c **** 
 3416              		.loc 1 1609 9 is_stmt 1 view .LVU1252
1609:../../STM32Cube_FW_N6/Drivers/STM32N6xx_HAL_Driver/Src/stm32n6xx_hal_sai.c **** 
 3417              		.loc 1 1609 9 view .LVU1253
 3418 00f2 84F89060 		strb	r6, [r4, #144]
1609:../../STM32Cube_FW_N6/Drivers/STM32N6xx_HAL_Driver/Src/stm32n6xx_hal_sai.c **** 
 3419              		.loc 1 1609 9 view .LVU1254
1611:../../STM32Cube_FW_N6/Drivers/STM32N6xx_HAL_Driver/Src/stm32n6xx_hal_sai.c ****       }
 3420              		.loc 1 1611 9 view .LVU1255
1611:../../STM32Cube_FW_N6/Drivers/STM32N6xx_HAL_Driver/Src/stm32n6xx_hal_sai.c ****       }
 3421              		.loc 1 1611 16 is_stmt 0 view .LVU1256
 3422 00f6 E7E7     		b	.L363
 3423              	.LVL219:
 3424              	.L375:
ARM GAS  C:\Users\Antonio\AppData\Local\Temp\ccmFwfsh.s 			page 126


1525:../../STM32Cube_FW_N6/Drivers/STM32N6xx_HAL_Driver/Src/stm32n6xx_hal_sai.c **** 
 3425              		.loc 1 1525 5 discriminator 1 view .LVU1257
 3426 00f8 0225     		movs	r5, #2
 3427 00fa E5E7     		b	.L363
 3428              	.L391:
 3429              		.align	2
 3430              	.L390:
 3431 00fc 00000000 		.word	SAI_DMATxHalfCplt
 3432 0100 00000000 		.word	SAI_DMATxCplt
 3433 0104 00000000 		.word	SAI_DMAError
 3434              	.LBE30:
 3435              		.cfi_endproc
 3436              	.LFE850:
 3438              		.section	.text.HAL_SAI_Receive_DMA,"ax",%progbits
 3439              		.align	1
 3440              		.global	HAL_SAI_Receive_DMA
 3441              		.syntax unified
 3442              		.thumb
 3443              		.thumb_func
 3445              	HAL_SAI_Receive_DMA:
 3446              	.LVL220:
 3447              	.LFB851:
1642:../../STM32Cube_FW_N6/Drivers/STM32N6xx_HAL_Driver/Src/stm32n6xx_hal_sai.c ****   HAL_StatusTypeDef status;
 3448              		.loc 1 1642 1 is_stmt 1 view -0
 3449              		.cfi_startproc
 3450              		@ args = 0, pretend = 0, frame = 0
 3451              		@ frame_needed = 0, uses_anonymous_args = 0
1643:../../STM32Cube_FW_N6/Drivers/STM32N6xx_HAL_Driver/Src/stm32n6xx_hal_sai.c **** 
 3452              		.loc 1 1643 3 view .LVU1259
1645:../../STM32Cube_FW_N6/Drivers/STM32N6xx_HAL_Driver/Src/stm32n6xx_hal_sai.c ****   {
 3453              		.loc 1 1645 3 view .LVU1260
1642:../../STM32Cube_FW_N6/Drivers/STM32N6xx_HAL_Driver/Src/stm32n6xx_hal_sai.c ****   HAL_StatusTypeDef status;
 3454              		.loc 1 1642 1 is_stmt 0 view .LVU1261
 3455 0000 38B5     		push	{r3, r4, r5, lr}
 3456              		.cfi_def_cfa_offset 16
 3457              		.cfi_offset 3, -16
 3458              		.cfi_offset 4, -12
 3459              		.cfi_offset 5, -8
 3460              		.cfi_offset 14, -4
1642:../../STM32Cube_FW_N6/Drivers/STM32N6xx_HAL_Driver/Src/stm32n6xx_hal_sai.c ****   HAL_StatusTypeDef status;
 3461              		.loc 1 1642 1 view .LVU1262
 3462 0002 1546     		mov	r5, r2
 3463 0004 0446     		mov	r4, r0
1645:../../STM32Cube_FW_N6/Drivers/STM32N6xx_HAL_Driver/Src/stm32n6xx_hal_sai.c ****   {
 3464              		.loc 1 1645 6 view .LVU1263
 3465 0006 0A46     		mov	r2, r1
 3466              	.LVL221:
1645:../../STM32Cube_FW_N6/Drivers/STM32N6xx_HAL_Driver/Src/stm32n6xx_hal_sai.c ****   {
 3467              		.loc 1 1645 6 view .LVU1264
 3468 0008 0029     		cmp	r1, #0
 3469 000a 54D0     		beq	.L393
1645:../../STM32Cube_FW_N6/Drivers/STM32N6xx_HAL_Driver/Src/stm32n6xx_hal_sai.c ****   {
 3470              		.loc 1 1645 23 discriminator 1 view .LVU1265
 3471 000c 002D     		cmp	r5, #0
 3472 000e 52D0     		beq	.L393
1650:../../STM32Cube_FW_N6/Drivers/STM32N6xx_HAL_Driver/Src/stm32n6xx_hal_sai.c ****   {
 3473              		.loc 1 1650 3 is_stmt 1 view .LVU1266
ARM GAS  C:\Users\Antonio\AppData\Local\Temp\ccmFwfsh.s 			page 127


1650:../../STM32Cube_FW_N6/Drivers/STM32N6xx_HAL_Driver/Src/stm32n6xx_hal_sai.c ****   {
 3474              		.loc 1 1650 11 is_stmt 0 view .LVU1267
 3475 0010 90F89130 		ldrb	r3, [r0, #145]	@ zero_extendqisi2
1650:../../STM32Cube_FW_N6/Drivers/STM32N6xx_HAL_Driver/Src/stm32n6xx_hal_sai.c ****   {
 3476              		.loc 1 1650 6 view .LVU1268
 3477 0014 012B     		cmp	r3, #1
1650:../../STM32Cube_FW_N6/Drivers/STM32N6xx_HAL_Driver/Src/stm32n6xx_hal_sai.c ****   {
 3478              		.loc 1 1650 11 view .LVU1269
 3479 0016 D9B2     		uxtb	r1, r3
 3480              	.LVL222:
1650:../../STM32Cube_FW_N6/Drivers/STM32N6xx_HAL_Driver/Src/stm32n6xx_hal_sai.c ****   {
 3481              		.loc 1 1650 6 view .LVU1270
 3482 0018 55D1     		bne	.L404
 3483              	.LBB31:
1652:../../STM32Cube_FW_N6/Drivers/STM32N6xx_HAL_Driver/Src/stm32n6xx_hal_sai.c **** 
 3484              		.loc 1 1652 5 is_stmt 1 view .LVU1271
1655:../../STM32Cube_FW_N6/Drivers/STM32N6xx_HAL_Driver/Src/stm32n6xx_hal_sai.c **** 
 3485              		.loc 1 1655 5 view .LVU1272
1655:../../STM32Cube_FW_N6/Drivers/STM32N6xx_HAL_Driver/Src/stm32n6xx_hal_sai.c **** 
 3486              		.loc 1 1655 5 view .LVU1273
 3487 001a 90F89030 		ldrb	r3, [r0, #144]	@ zero_extendqisi2
 3488 001e 012B     		cmp	r3, #1
 3489 0020 51D0     		beq	.L404
1655:../../STM32Cube_FW_N6/Drivers/STM32N6xx_HAL_Driver/Src/stm32n6xx_hal_sai.c **** 
 3490              		.loc 1 1655 5 discriminator 2 view .LVU1274
1660:../../STM32Cube_FW_N6/Drivers/STM32N6xx_HAL_Driver/Src/stm32n6xx_hal_sai.c ****     hsai->State = HAL_SAI_STATE_BUSY_RX;
 3491              		.loc 1 1660 21 is_stmt 0 view .LVU1275
 3492 0022 0023     		movs	r3, #0
1655:../../STM32Cube_FW_N6/Drivers/STM32N6xx_HAL_Driver/Src/stm32n6xx_hal_sai.c **** 
 3493              		.loc 1 1655 5 discriminator 2 view .LVU1276
 3494 0024 80F89010 		strb	r1, [r0, #144]
1655:../../STM32Cube_FW_N6/Drivers/STM32N6xx_HAL_Driver/Src/stm32n6xx_hal_sai.c **** 
 3495              		.loc 1 1655 5 is_stmt 1 discriminator 2 view .LVU1277
1657:../../STM32Cube_FW_N6/Drivers/STM32N6xx_HAL_Driver/Src/stm32n6xx_hal_sai.c ****     hsai->XferSize = Size;
 3496              		.loc 1 1657 5 view .LVU1278
1661:../../STM32Cube_FW_N6/Drivers/STM32N6xx_HAL_Driver/Src/stm32n6xx_hal_sai.c **** 
 3497              		.loc 1 1661 17 is_stmt 0 view .LVU1279
 3498 0028 2221     		movs	r1, #34
1660:../../STM32Cube_FW_N6/Drivers/STM32N6xx_HAL_Driver/Src/stm32n6xx_hal_sai.c ****     hsai->State = HAL_SAI_STATE_BUSY_RX;
 3499              		.loc 1 1660 21 view .LVU1280
 3500 002a C0F89430 		str	r3, [r0, #148]
1657:../../STM32Cube_FW_N6/Drivers/STM32N6xx_HAL_Driver/Src/stm32n6xx_hal_sai.c ****     hsai->XferSize = Size;
 3501              		.loc 1 1657 20 view .LVU1281
 3502 002e 8267     		str	r2, [r0, #120]
1658:../../STM32Cube_FW_N6/Drivers/STM32N6xx_HAL_Driver/Src/stm32n6xx_hal_sai.c ****     hsai->XferCount = Size;
 3503              		.loc 1 1658 5 is_stmt 1 view .LVU1282
1661:../../STM32Cube_FW_N6/Drivers/STM32N6xx_HAL_Driver/Src/stm32n6xx_hal_sai.c **** 
 3504              		.loc 1 1661 17 is_stmt 0 view .LVU1283
 3505 0030 80F89110 		strb	r1, [r0, #145]
1658:../../STM32Cube_FW_N6/Drivers/STM32N6xx_HAL_Driver/Src/stm32n6xx_hal_sai.c ****     hsai->XferCount = Size;
 3506              		.loc 1 1658 20 view .LVU1284
 3507 0034 A0F87C50 		strh	r5, [r0, #124]	@ movhi
1659:../../STM32Cube_FW_N6/Drivers/STM32N6xx_HAL_Driver/Src/stm32n6xx_hal_sai.c ****     hsai->ErrorCode = HAL_SAI_ERROR_NONE;
 3508              		.loc 1 1659 5 is_stmt 1 view .LVU1285
1664:../../STM32Cube_FW_N6/Drivers/STM32N6xx_HAL_Driver/Src/stm32n6xx_hal_sai.c **** 
 3509              		.loc 1 1664 40 is_stmt 0 view .LVU1286
 3510 0038 2449     		ldr	r1, .L418
ARM GAS  C:\Users\Antonio\AppData\Local\Temp\ccmFwfsh.s 			page 128


1659:../../STM32Cube_FW_N6/Drivers/STM32N6xx_HAL_Driver/Src/stm32n6xx_hal_sai.c ****     hsai->ErrorCode = HAL_SAI_ERROR_NONE;
 3511              		.loc 1 1659 21 view .LVU1287
 3512 003a A0F87E50 		strh	r5, [r0, #126]	@ movhi
1660:../../STM32Cube_FW_N6/Drivers/STM32N6xx_HAL_Driver/Src/stm32n6xx_hal_sai.c ****     hsai->State = HAL_SAI_STATE_BUSY_RX;
 3513              		.loc 1 1660 5 is_stmt 1 view .LVU1288
1661:../../STM32Cube_FW_N6/Drivers/STM32N6xx_HAL_Driver/Src/stm32n6xx_hal_sai.c **** 
 3514              		.loc 1 1661 5 view .LVU1289
1664:../../STM32Cube_FW_N6/Drivers/STM32N6xx_HAL_Driver/Src/stm32n6xx_hal_sai.c **** 
 3515              		.loc 1 1664 5 view .LVU1290
1664:../../STM32Cube_FW_N6/Drivers/STM32N6xx_HAL_Driver/Src/stm32n6xx_hal_sai.c **** 
 3516              		.loc 1 1664 9 is_stmt 0 view .LVU1291
 3517 003e D0F88400 		ldr	r0, [r0, #132]
 3518              	.LVL223:
1664:../../STM32Cube_FW_N6/Drivers/STM32N6xx_HAL_Driver/Src/stm32n6xx_hal_sai.c **** 
 3519              		.loc 1 1664 40 view .LVU1292
 3520 0042 4166     		str	r1, [r0, #100]
1667:../../STM32Cube_FW_N6/Drivers/STM32N6xx_HAL_Driver/Src/stm32n6xx_hal_sai.c **** 
 3521              		.loc 1 1667 5 is_stmt 1 view .LVU1293
1667:../../STM32Cube_FW_N6/Drivers/STM32N6xx_HAL_Driver/Src/stm32n6xx_hal_sai.c **** 
 3522              		.loc 1 1667 36 is_stmt 0 view .LVU1294
 3523 0044 2249     		ldr	r1, .L418+4
 3524 0046 0166     		str	r1, [r0, #96]
1670:../../STM32Cube_FW_N6/Drivers/STM32N6xx_HAL_Driver/Src/stm32n6xx_hal_sai.c **** 
 3525              		.loc 1 1670 5 is_stmt 1 view .LVU1295
1670:../../STM32Cube_FW_N6/Drivers/STM32N6xx_HAL_Driver/Src/stm32n6xx_hal_sai.c **** 
 3526              		.loc 1 1670 37 is_stmt 0 view .LVU1296
 3527 0048 2249     		ldr	r1, .L418+8
1673:../../STM32Cube_FW_N6/Drivers/STM32N6xx_HAL_Driver/Src/stm32n6xx_hal_sai.c **** 
 3528              		.loc 1 1673 37 view .LVU1297
 3529 004a C0E91A13 		strd	r1, r3, [r0, #104]
1677:../../STM32Cube_FW_N6/Drivers/STM32N6xx_HAL_Driver/Src/stm32n6xx_hal_sai.c ****     {
 3530              		.loc 1 1677 5 is_stmt 1 view .LVU1298
1677:../../STM32Cube_FW_N6/Drivers/STM32N6xx_HAL_Driver/Src/stm32n6xx_hal_sai.c ****     {
 3531              		.loc 1 1677 20 is_stmt 0 view .LVU1299
 3532 004e A16C     		ldr	r1, [r4, #72]
1679:../../STM32Cube_FW_N6/Drivers/STM32N6xx_HAL_Driver/Src/stm32n6xx_hal_sai.c ****     }
 3533              		.loc 1 1679 18 view .LVU1300
 3534 0050 2B46     		mov	r3, r5
1677:../../STM32Cube_FW_N6/Drivers/STM32N6xx_HAL_Driver/Src/stm32n6xx_hal_sai.c ****     {
 3535              		.loc 1 1677 8 view .LVU1301
 3536 0052 4029     		cmp	r1, #64
 3537 0054 28D1     		bne	.L395
1677:../../STM32Cube_FW_N6/Drivers/STM32N6xx_HAL_Driver/Src/stm32n6xx_hal_sai.c ****     {
 3538              		.loc 1 1677 49 discriminator 1 view .LVU1302
 3539 0056 216B     		ldr	r1, [r4, #48]
 3540 0058 01B1     		cbz	r1, .L396
 3541              	.L397:
1683:../../STM32Cube_FW_N6/Drivers/STM32N6xx_HAL_Driver/Src/stm32n6xx_hal_sai.c ****     }
 3542              		.loc 1 1683 7 is_stmt 1 view .LVU1303
1683:../../STM32Cube_FW_N6/Drivers/STM32N6xx_HAL_Driver/Src/stm32n6xx_hal_sai.c ****     }
 3543              		.loc 1 1683 18 is_stmt 0 view .LVU1304
 3544 005a 6B00     		lsls	r3, r5, #1
 3545              	.LVL224:
 3546              	.L396:
1691:../../STM32Cube_FW_N6/Drivers/STM32N6xx_HAL_Driver/Src/stm32n6xx_hal_sai.c ****     {
 3547              		.loc 1 1691 5 is_stmt 1 view .LVU1305
1691:../../STM32Cube_FW_N6/Drivers/STM32N6xx_HAL_Driver/Src/stm32n6xx_hal_sai.c ****     {
ARM GAS  C:\Users\Antonio\AppData\Local\Temp\ccmFwfsh.s 			page 129


 3548              		.loc 1 1691 29 is_stmt 0 view .LVU1306
 3549 005c 016D     		ldr	r1, [r0, #80]
1691:../../STM32Cube_FW_N6/Drivers/STM32N6xx_HAL_Driver/Src/stm32n6xx_hal_sai.c ****     {
 3550              		.loc 1 1691 8 view .LVU1307
 3551 005e 0906     		lsls	r1, r1, #24
 3552 0060 2CD5     		bpl	.L399
1693:../../STM32Cube_FW_N6/Drivers/STM32N6xx_HAL_Driver/Src/stm32n6xx_hal_sai.c ****       {
 3553              		.loc 1 1693 7 is_stmt 1 view .LVU1308
1693:../../STM32Cube_FW_N6/Drivers/STM32N6xx_HAL_Driver/Src/stm32n6xx_hal_sai.c ****       {
 3554              		.loc 1 1693 23 is_stmt 0 view .LVU1309
 3555 0062 416F     		ldr	r1, [r0, #116]
1693:../../STM32Cube_FW_N6/Drivers/STM32N6xx_HAL_Driver/Src/stm32n6xx_hal_sai.c ****       {
 3556              		.loc 1 1693 10 view .LVU1310
 3557 0064 21B3     		cbz	r1, .L400
1696:../../STM32Cube_FW_N6/Drivers/STM32N6xx_HAL_Driver/Src/stm32n6xx_hal_sai.c **** 
 3558              		.loc 1 1696 9 is_stmt 1 view .LVU1311
1696:../../STM32Cube_FW_N6/Drivers/STM32N6xx_HAL_Driver/Src/stm32n6xx_hal_sai.c **** 
 3559              		.loc 1 1696 38 is_stmt 0 view .LVU1312
 3560 0066 0968     		ldr	r1, [r1]
1696:../../STM32Cube_FW_N6/Drivers/STM32N6xx_HAL_Driver/Src/stm32n6xx_hal_sai.c **** 
 3561              		.loc 1 1696 86 view .LVU1313
 3562 0068 8B60     		str	r3, [r1, #8]
1699:../../STM32Cube_FW_N6/Drivers/STM32N6xx_HAL_Driver/Src/stm32n6xx_hal_sai.c **** 
 3563              		.loc 1 1699 9 is_stmt 1 view .LVU1314
1699:../../STM32Cube_FW_N6/Drivers/STM32N6xx_HAL_Driver/Src/stm32n6xx_hal_sai.c **** 
 3564              		.loc 1 1699 98 is_stmt 0 view .LVU1315
 3565 006a 2368     		ldr	r3, [r4]
 3566              	.LVL225:
1699:../../STM32Cube_FW_N6/Drivers/STM32N6xx_HAL_Driver/Src/stm32n6xx_hal_sai.c **** 
 3567              		.loc 1 1699 98 view .LVU1316
 3568 006c 1C33     		adds	r3, r3, #28
1702:../../STM32Cube_FW_N6/Drivers/STM32N6xx_HAL_Driver/Src/stm32n6xx_hal_sai.c **** 
 3569              		.loc 1 1702 86 view .LVU1317
 3570 006e C1E90332 		strd	r3, r2, [r1, #12]
1704:../../STM32Cube_FW_N6/Drivers/STM32N6xx_HAL_Driver/Src/stm32n6xx_hal_sai.c ****       }
 3571              		.loc 1 1704 9 is_stmt 1 view .LVU1318
1704:../../STM32Cube_FW_N6/Drivers/STM32N6xx_HAL_Driver/Src/stm32n6xx_hal_sai.c ****       }
 3572              		.loc 1 1704 18 is_stmt 0 view .LVU1319
 3573 0072 FFF7FEFF 		bl	HAL_DMAEx_List_Start_IT
 3574              	.LVL226:
 3575              	.L417:
1714:../../STM32Cube_FW_N6/Drivers/STM32N6xx_HAL_Driver/Src/stm32n6xx_hal_sai.c ****     }
 3576              		.loc 1 1714 16 view .LVU1320
 3577 0076 0546     		mov	r5, r0
 3578              	.LVL227:
1717:../../STM32Cube_FW_N6/Drivers/STM32N6xx_HAL_Driver/Src/stm32n6xx_hal_sai.c ****     {
 3579              		.loc 1 1717 5 is_stmt 1 view .LVU1321
1717:../../STM32Cube_FW_N6/Drivers/STM32N6xx_HAL_Driver/Src/stm32n6xx_hal_sai.c ****     {
 3580              		.loc 1 1717 8 is_stmt 0 view .LVU1322
 3581 0078 D0B9     		cbnz	r0, .L400
1724:../../STM32Cube_FW_N6/Drivers/STM32N6xx_HAL_Driver/Src/stm32n6xx_hal_sai.c **** 
 3582              		.loc 1 1724 5 is_stmt 1 view .LVU1323
 3583 007a 0146     		mov	r1, r0
 3584 007c 2046     		mov	r0, r4
 3585              	.LVL228:
1724:../../STM32Cube_FW_N6/Drivers/STM32N6xx_HAL_Driver/Src/stm32n6xx_hal_sai.c **** 
 3586              		.loc 1 1724 5 is_stmt 0 view .LVU1324
ARM GAS  C:\Users\Antonio\AppData\Local\Temp\ccmFwfsh.s 			page 130


 3587 007e FFF7FEFF 		bl	SAI_InterruptFlag
 3588              	.LVL229:
1724:../../STM32Cube_FW_N6/Drivers/STM32N6xx_HAL_Driver/Src/stm32n6xx_hal_sai.c **** 
 3589              		.loc 1 1724 5 discriminator 1 view .LVU1325
 3590 0082 2368     		ldr	r3, [r4]
 3591 0084 1A69     		ldr	r2, [r3, #16]
 3592 0086 0243     		orrs	r2, r2, r0
 3593 0088 1A61     		str	r2, [r3, #16]
1727:../../STM32Cube_FW_N6/Drivers/STM32N6xx_HAL_Driver/Src/stm32n6xx_hal_sai.c **** 
 3594              		.loc 1 1727 5 is_stmt 1 view .LVU1326
1727:../../STM32Cube_FW_N6/Drivers/STM32N6xx_HAL_Driver/Src/stm32n6xx_hal_sai.c **** 
 3595              		.loc 1 1727 19 is_stmt 0 view .LVU1327
 3596 008a 1A68     		ldr	r2, [r3]
1727:../../STM32Cube_FW_N6/Drivers/STM32N6xx_HAL_Driver/Src/stm32n6xx_hal_sai.c **** 
 3597              		.loc 1 1727 25 view .LVU1328
 3598 008c 42F40032 		orr	r2, r2, #131072
 3599 0090 1A60     		str	r2, [r3]
1730:../../STM32Cube_FW_N6/Drivers/STM32N6xx_HAL_Driver/Src/stm32n6xx_hal_sai.c ****     {
 3600              		.loc 1 1730 5 is_stmt 1 view .LVU1329
1730:../../STM32Cube_FW_N6/Drivers/STM32N6xx_HAL_Driver/Src/stm32n6xx_hal_sai.c ****     {
 3601              		.loc 1 1730 24 is_stmt 0 view .LVU1330
 3602 0092 1A68     		ldr	r2, [r3]
1730:../../STM32Cube_FW_N6/Drivers/STM32N6xx_HAL_Driver/Src/stm32n6xx_hal_sai.c ****     {
 3603              		.loc 1 1730 8 view .LVU1331
 3604 0094 D203     		lsls	r2, r2, #15
1733:../../STM32Cube_FW_N6/Drivers/STM32N6xx_HAL_Driver/Src/stm32n6xx_hal_sai.c ****     }
 3605              		.loc 1 1733 7 is_stmt 1 view .LVU1332
 3606 0096 5EBF     		ittt	pl
 3607 0098 1A68     		ldrpl	r2, [r3]
 3608 009a 42F48032 		orrpl	r2, r2, #65536
 3609 009e 1A60     		strpl	r2, [r3]
1737:../../STM32Cube_FW_N6/Drivers/STM32N6xx_HAL_Driver/Src/stm32n6xx_hal_sai.c **** 
 3610              		.loc 1 1737 5 view .LVU1333
1737:../../STM32Cube_FW_N6/Drivers/STM32N6xx_HAL_Driver/Src/stm32n6xx_hal_sai.c **** 
 3611              		.loc 1 1737 5 view .LVU1334
 3612 00a0 0023     		movs	r3, #0
 3613 00a2 84F89030 		strb	r3, [r4, #144]
1737:../../STM32Cube_FW_N6/Drivers/STM32N6xx_HAL_Driver/Src/stm32n6xx_hal_sai.c **** 
 3614              		.loc 1 1737 5 view .LVU1335
1739:../../STM32Cube_FW_N6/Drivers/STM32N6xx_HAL_Driver/Src/stm32n6xx_hal_sai.c ****   }
 3615              		.loc 1 1739 5 view .LVU1336
1739:../../STM32Cube_FW_N6/Drivers/STM32N6xx_HAL_Driver/Src/stm32n6xx_hal_sai.c ****   }
 3616              		.loc 1 1739 12 is_stmt 0 view .LVU1337
 3617 00a6 07E0     		b	.L394
 3618              	.LVL230:
 3619              	.L395:
1681:../../STM32Cube_FW_N6/Drivers/STM32N6xx_HAL_Driver/Src/stm32n6xx_hal_sai.c ****     {
 3620              		.loc 1 1681 10 is_stmt 1 view .LVU1338
1681:../../STM32Cube_FW_N6/Drivers/STM32N6xx_HAL_Driver/Src/stm32n6xx_hal_sai.c ****     {
 3621              		.loc 1 1681 13 is_stmt 0 view .LVU1339
 3622 00a8 8029     		cmp	r1, #128
 3623 00aa D6D9     		bls	.L397
1687:../../STM32Cube_FW_N6/Drivers/STM32N6xx_HAL_Driver/Src/stm32n6xx_hal_sai.c ****     }
 3624              		.loc 1 1687 7 is_stmt 1 view .LVU1340
1687:../../STM32Cube_FW_N6/Drivers/STM32N6xx_HAL_Driver/Src/stm32n6xx_hal_sai.c ****     }
 3625              		.loc 1 1687 18 is_stmt 0 view .LVU1341
 3626 00ac AB00     		lsls	r3, r5, #2
ARM GAS  C:\Users\Antonio\AppData\Local\Temp\ccmFwfsh.s 			page 131


 3627              	.LVL231:
1687:../../STM32Cube_FW_N6/Drivers/STM32N6xx_HAL_Driver/Src/stm32n6xx_hal_sai.c ****     }
 3628              		.loc 1 1687 18 view .LVU1342
 3629 00ae D5E7     		b	.L396
 3630              	.LVL232:
 3631              	.L400:
1708:../../STM32Cube_FW_N6/Drivers/STM32N6xx_HAL_Driver/Src/stm32n6xx_hal_sai.c ****         return  HAL_ERROR;
 3632              		.loc 1 1708 9 is_stmt 1 view .LVU1343
1708:../../STM32Cube_FW_N6/Drivers/STM32N6xx_HAL_Driver/Src/stm32n6xx_hal_sai.c ****         return  HAL_ERROR;
 3633              		.loc 1 1708 9 view .LVU1344
 3634 00b0 0023     		movs	r3, #0
 3635 00b2 84F89030 		strb	r3, [r4, #144]
1708:../../STM32Cube_FW_N6/Drivers/STM32N6xx_HAL_Driver/Src/stm32n6xx_hal_sai.c ****         return  HAL_ERROR;
 3636              		.loc 1 1708 9 view .LVU1345
1709:../../STM32Cube_FW_N6/Drivers/STM32N6xx_HAL_Driver/Src/stm32n6xx_hal_sai.c ****       }
 3637              		.loc 1 1709 9 view .LVU1346
 3638              	.LVL233:
 3639              	.L393:
1709:../../STM32Cube_FW_N6/Drivers/STM32N6xx_HAL_Driver/Src/stm32n6xx_hal_sai.c ****       }
 3640              		.loc 1 1709 9 is_stmt 0 view .LVU1347
 3641              	.LBE31:
1647:../../STM32Cube_FW_N6/Drivers/STM32N6xx_HAL_Driver/Src/stm32n6xx_hal_sai.c ****   }
 3642              		.loc 1 1647 13 view .LVU1348
 3643 00b6 0125     		movs	r5, #1
 3644              	.L394:
1745:../../STM32Cube_FW_N6/Drivers/STM32N6xx_HAL_Driver/Src/stm32n6xx_hal_sai.c **** 
 3645              		.loc 1 1745 1 view .LVU1349
 3646 00b8 2846     		mov	r0, r5
 3647 00ba 38BD     		pop	{r3, r4, r5, pc}
 3648              	.LVL234:
 3649              	.L399:
 3650              	.LBB32:
1714:../../STM32Cube_FW_N6/Drivers/STM32N6xx_HAL_Driver/Src/stm32n6xx_hal_sai.c ****     }
 3651              		.loc 1 1714 7 is_stmt 1 view .LVU1350
1714:../../STM32Cube_FW_N6/Drivers/STM32N6xx_HAL_Driver/Src/stm32n6xx_hal_sai.c ****     }
 3652              		.loc 1 1714 57 is_stmt 0 view .LVU1351
 3653 00bc 2168     		ldr	r1, [r4]
1714:../../STM32Cube_FW_N6/Drivers/STM32N6xx_HAL_Driver/Src/stm32n6xx_hal_sai.c ****     }
 3654              		.loc 1 1714 16 view .LVU1352
 3655 00be 1C31     		adds	r1, r1, #28
 3656 00c0 FFF7FEFF 		bl	HAL_DMA_Start_IT
 3657              	.LVL235:
1714:../../STM32Cube_FW_N6/Drivers/STM32N6xx_HAL_Driver/Src/stm32n6xx_hal_sai.c ****     }
 3658              		.loc 1 1714 16 view .LVU1353
 3659 00c4 D7E7     		b	.L417
 3660              	.LVL236:
 3661              	.L404:
1655:../../STM32Cube_FW_N6/Drivers/STM32N6xx_HAL_Driver/Src/stm32n6xx_hal_sai.c **** 
 3662              		.loc 1 1655 5 discriminator 1 view .LVU1354
 3663 00c6 0225     		movs	r5, #2
 3664 00c8 F6E7     		b	.L394
 3665              	.L419:
 3666 00ca 00BF     		.align	2
 3667              	.L418:
 3668 00cc 00000000 		.word	SAI_DMARxHalfCplt
 3669 00d0 00000000 		.word	SAI_DMARxCplt
 3670 00d4 00000000 		.word	SAI_DMAError
ARM GAS  C:\Users\Antonio\AppData\Local\Temp\ccmFwfsh.s 			page 132


 3671              	.LBE32:
 3672              		.cfi_endproc
 3673              	.LFE851:
 3675              		.section	.text.HAL_SAI_EnableTxMuteMode,"ax",%progbits
 3676              		.align	1
 3677              		.global	HAL_SAI_EnableTxMuteMode
 3678              		.syntax unified
 3679              		.thumb
 3680              		.thumb_func
 3682              	HAL_SAI_EnableTxMuteMode:
 3683              	.LVL237:
 3684              	.LFB852:
1755:../../STM32Cube_FW_N6/Drivers/STM32N6xx_HAL_Driver/Src/stm32n6xx_hal_sai.c ****   assert_param(IS_SAI_BLOCK_MUTE_VALUE(val));
 3685              		.loc 1 1755 1 is_stmt 1 view -0
 3686              		.cfi_startproc
 3687              		@ args = 0, pretend = 0, frame = 0
 3688              		@ frame_needed = 0, uses_anonymous_args = 0
1756:../../STM32Cube_FW_N6/Drivers/STM32N6xx_HAL_Driver/Src/stm32n6xx_hal_sai.c **** 
 3689              		.loc 1 1756 3 view .LVU1356
1755:../../STM32Cube_FW_N6/Drivers/STM32N6xx_HAL_Driver/Src/stm32n6xx_hal_sai.c ****   assert_param(IS_SAI_BLOCK_MUTE_VALUE(val));
 3690              		.loc 1 1755 1 is_stmt 0 view .LVU1357
 3691 0000 38B5     		push	{r3, r4, r5, lr}
 3692              		.cfi_def_cfa_offset 16
 3693              		.cfi_offset 3, -16
 3694              		.cfi_offset 4, -12
 3695              		.cfi_offset 5, -8
 3696              		.cfi_offset 14, -4
1756:../../STM32Cube_FW_N6/Drivers/STM32N6xx_HAL_Driver/Src/stm32n6xx_hal_sai.c **** 
 3697              		.loc 1 1756 3 view .LVU1358
 3698 0002 21F04003 		bic	r3, r1, #64
1755:../../STM32Cube_FW_N6/Drivers/STM32N6xx_HAL_Driver/Src/stm32n6xx_hal_sai.c ****   assert_param(IS_SAI_BLOCK_MUTE_VALUE(val));
 3699              		.loc 1 1755 1 view .LVU1359
 3700 0006 0546     		mov	r5, r0
 3701 0008 0C46     		mov	r4, r1
1756:../../STM32Cube_FW_N6/Drivers/STM32N6xx_HAL_Driver/Src/stm32n6xx_hal_sai.c **** 
 3702              		.loc 1 1756 3 view .LVU1360
 3703 000a 23B1     		cbz	r3, .L421
1756:../../STM32Cube_FW_N6/Drivers/STM32N6xx_HAL_Driver/Src/stm32n6xx_hal_sai.c **** 
 3704              		.loc 1 1756 3 discriminator 2 view .LVU1361
 3705 000c 40F2DC61 		movw	r1, #1756
 3706              	.LVL238:
1756:../../STM32Cube_FW_N6/Drivers/STM32N6xx_HAL_Driver/Src/stm32n6xx_hal_sai.c **** 
 3707              		.loc 1 1756 3 discriminator 2 view .LVU1362
 3708 0010 0948     		ldr	r0, .L427
 3709              	.LVL239:
1756:../../STM32Cube_FW_N6/Drivers/STM32N6xx_HAL_Driver/Src/stm32n6xx_hal_sai.c **** 
 3710              		.loc 1 1756 3 discriminator 2 view .LVU1363
 3711 0012 FFF7FEFF 		bl	assert_failed
 3712              	.LVL240:
 3713              	.L421:
1758:../../STM32Cube_FW_N6/Drivers/STM32N6xx_HAL_Driver/Src/stm32n6xx_hal_sai.c ****   {
 3714              		.loc 1 1758 3 is_stmt 1 view .LVU1364
1758:../../STM32Cube_FW_N6/Drivers/STM32N6xx_HAL_Driver/Src/stm32n6xx_hal_sai.c ****   {
 3715              		.loc 1 1758 11 is_stmt 0 view .LVU1365
 3716 0016 95F89130 		ldrb	r3, [r5, #145]	@ zero_extendqisi2
1758:../../STM32Cube_FW_N6/Drivers/STM32N6xx_HAL_Driver/Src/stm32n6xx_hal_sai.c ****   {
 3717              		.loc 1 1758 6 view .LVU1366
ARM GAS  C:\Users\Antonio\AppData\Local\Temp\ccmFwfsh.s 			page 133


 3718 001a 5BB1     		cbz	r3, .L423
1760:../../STM32Cube_FW_N6/Drivers/STM32N6xx_HAL_Driver/Src/stm32n6xx_hal_sai.c ****     SET_BIT(hsai->Instance->CR2, SAI_xCR2_MUTE | (uint32_t)val);
 3719              		.loc 1 1760 5 is_stmt 1 view .LVU1367
1762:../../STM32Cube_FW_N6/Drivers/STM32N6xx_HAL_Driver/Src/stm32n6xx_hal_sai.c ****   }
 3720              		.loc 1 1762 12 is_stmt 0 view .LVU1368
 3721 001c 0020     		movs	r0, #0
1760:../../STM32Cube_FW_N6/Drivers/STM32N6xx_HAL_Driver/Src/stm32n6xx_hal_sai.c ****     SET_BIT(hsai->Instance->CR2, SAI_xCR2_MUTE | (uint32_t)val);
 3722              		.loc 1 1760 5 view .LVU1369
 3723 001e 2B68     		ldr	r3, [r5]
1761:../../STM32Cube_FW_N6/Drivers/STM32N6xx_HAL_Driver/Src/stm32n6xx_hal_sai.c ****     return HAL_OK;
 3724              		.loc 1 1761 5 view .LVU1370
 3725 0020 44F02004 		orr	r4, r4, #32
 3726              	.LVL241:
1760:../../STM32Cube_FW_N6/Drivers/STM32N6xx_HAL_Driver/Src/stm32n6xx_hal_sai.c ****     SET_BIT(hsai->Instance->CR2, SAI_xCR2_MUTE | (uint32_t)val);
 3727              		.loc 1 1760 5 view .LVU1371
 3728 0024 5A68     		ldr	r2, [r3, #4]
 3729 0026 22F06002 		bic	r2, r2, #96
 3730 002a 5A60     		str	r2, [r3, #4]
1761:../../STM32Cube_FW_N6/Drivers/STM32N6xx_HAL_Driver/Src/stm32n6xx_hal_sai.c ****     return HAL_OK;
 3731              		.loc 1 1761 5 is_stmt 1 view .LVU1372
 3732 002c 5A68     		ldr	r2, [r3, #4]
 3733 002e 1443     		orrs	r4, r4, r2
 3734 0030 5C60     		str	r4, [r3, #4]
1762:../../STM32Cube_FW_N6/Drivers/STM32N6xx_HAL_Driver/Src/stm32n6xx_hal_sai.c ****   }
 3735              		.loc 1 1762 5 view .LVU1373
 3736              	.L422:
1765:../../STM32Cube_FW_N6/Drivers/STM32N6xx_HAL_Driver/Src/stm32n6xx_hal_sai.c **** 
 3737              		.loc 1 1765 1 is_stmt 0 view .LVU1374
 3738 0032 38BD     		pop	{r3, r4, r5, pc}
 3739              	.LVL242:
 3740              	.L423:
1764:../../STM32Cube_FW_N6/Drivers/STM32N6xx_HAL_Driver/Src/stm32n6xx_hal_sai.c **** }
 3741              		.loc 1 1764 10 view .LVU1375
 3742 0034 0120     		movs	r0, #1
 3743 0036 FCE7     		b	.L422
 3744              	.L428:
 3745              		.align	2
 3746              	.L427:
 3747 0038 00000000 		.word	.LC0
 3748              		.cfi_endproc
 3749              	.LFE852:
 3751              		.section	.text.HAL_SAI_DisableTxMuteMode,"ax",%progbits
 3752              		.align	1
 3753              		.global	HAL_SAI_DisableTxMuteMode
 3754              		.syntax unified
 3755              		.thumb
 3756              		.thumb_func
 3758              	HAL_SAI_DisableTxMuteMode:
 3759              	.LVL243:
 3760              	.LFB853:
1774:../../STM32Cube_FW_N6/Drivers/STM32N6xx_HAL_Driver/Src/stm32n6xx_hal_sai.c ****   if (hsai->State != HAL_SAI_STATE_RESET)
 3761              		.loc 1 1774 1 is_stmt 1 view -0
 3762              		.cfi_startproc
 3763              		@ args = 0, pretend = 0, frame = 0
 3764              		@ frame_needed = 0, uses_anonymous_args = 0
 3765              		@ link register save eliminated.
1775:../../STM32Cube_FW_N6/Drivers/STM32N6xx_HAL_Driver/Src/stm32n6xx_hal_sai.c ****   {
ARM GAS  C:\Users\Antonio\AppData\Local\Temp\ccmFwfsh.s 			page 134


 3766              		.loc 1 1775 3 view .LVU1377
1775:../../STM32Cube_FW_N6/Drivers/STM32N6xx_HAL_Driver/Src/stm32n6xx_hal_sai.c ****   {
 3767              		.loc 1 1775 11 is_stmt 0 view .LVU1378
 3768 0000 90F89130 		ldrb	r3, [r0, #145]	@ zero_extendqisi2
1775:../../STM32Cube_FW_N6/Drivers/STM32N6xx_HAL_Driver/Src/stm32n6xx_hal_sai.c ****   {
 3769              		.loc 1 1775 6 view .LVU1379
 3770 0004 33B1     		cbz	r3, .L431
1777:../../STM32Cube_FW_N6/Drivers/STM32N6xx_HAL_Driver/Src/stm32n6xx_hal_sai.c ****     return HAL_OK;
 3771              		.loc 1 1777 5 is_stmt 1 view .LVU1380
 3772 0006 0268     		ldr	r2, [r0]
1778:../../STM32Cube_FW_N6/Drivers/STM32N6xx_HAL_Driver/Src/stm32n6xx_hal_sai.c ****   }
 3773              		.loc 1 1778 12 is_stmt 0 view .LVU1381
 3774 0008 0020     		movs	r0, #0
 3775              	.LVL244:
1777:../../STM32Cube_FW_N6/Drivers/STM32N6xx_HAL_Driver/Src/stm32n6xx_hal_sai.c ****     return HAL_OK;
 3776              		.loc 1 1777 5 view .LVU1382
 3777 000a 5368     		ldr	r3, [r2, #4]
 3778 000c 23F06003 		bic	r3, r3, #96
 3779 0010 5360     		str	r3, [r2, #4]
1778:../../STM32Cube_FW_N6/Drivers/STM32N6xx_HAL_Driver/Src/stm32n6xx_hal_sai.c ****   }
 3780              		.loc 1 1778 5 is_stmt 1 view .LVU1383
1778:../../STM32Cube_FW_N6/Drivers/STM32N6xx_HAL_Driver/Src/stm32n6xx_hal_sai.c ****   }
 3781              		.loc 1 1778 12 is_stmt 0 view .LVU1384
 3782 0012 7047     		bx	lr
 3783              	.LVL245:
 3784              	.L431:
1780:../../STM32Cube_FW_N6/Drivers/STM32N6xx_HAL_Driver/Src/stm32n6xx_hal_sai.c **** }
 3785              		.loc 1 1780 10 view .LVU1385
 3786 0014 0120     		movs	r0, #1
 3787              	.LVL246:
1781:../../STM32Cube_FW_N6/Drivers/STM32N6xx_HAL_Driver/Src/stm32n6xx_hal_sai.c **** 
 3788              		.loc 1 1781 1 view .LVU1386
 3789 0016 7047     		bx	lr
 3790              		.cfi_endproc
 3791              	.LFE853:
 3793              		.section	.text.HAL_SAI_EnableRxMuteMode,"ax",%progbits
 3794              		.align	1
 3795              		.global	HAL_SAI_EnableRxMuteMode
 3796              		.syntax unified
 3797              		.thumb
 3798              		.thumb_func
 3800              	HAL_SAI_EnableRxMuteMode:
 3801              	.LVL247:
 3802              	.LFB854:
1792:../../STM32Cube_FW_N6/Drivers/STM32N6xx_HAL_Driver/Src/stm32n6xx_hal_sai.c ****   assert_param(IS_SAI_BLOCK_MUTE_COUNTER(counter));
 3803              		.loc 1 1792 1 is_stmt 1 view -0
 3804              		.cfi_startproc
 3805              		@ args = 0, pretend = 0, frame = 0
 3806              		@ frame_needed = 0, uses_anonymous_args = 0
1793:../../STM32Cube_FW_N6/Drivers/STM32N6xx_HAL_Driver/Src/stm32n6xx_hal_sai.c **** 
 3807              		.loc 1 1793 3 view .LVU1388
 3808 0000 3F2A     		cmp	r2, #63
1792:../../STM32Cube_FW_N6/Drivers/STM32N6xx_HAL_Driver/Src/stm32n6xx_hal_sai.c ****   assert_param(IS_SAI_BLOCK_MUTE_COUNTER(counter));
 3809              		.loc 1 1792 1 is_stmt 0 view .LVU1389
 3810 0002 70B5     		push	{r4, r5, r6, lr}
 3811              		.cfi_def_cfa_offset 16
 3812              		.cfi_offset 4, -16
ARM GAS  C:\Users\Antonio\AppData\Local\Temp\ccmFwfsh.s 			page 135


 3813              		.cfi_offset 5, -12
 3814              		.cfi_offset 6, -8
 3815              		.cfi_offset 14, -4
1792:../../STM32Cube_FW_N6/Drivers/STM32N6xx_HAL_Driver/Src/stm32n6xx_hal_sai.c ****   assert_param(IS_SAI_BLOCK_MUTE_COUNTER(counter));
 3816              		.loc 1 1792 1 view .LVU1390
 3817 0004 0446     		mov	r4, r0
 3818 0006 0E46     		mov	r6, r1
 3819 0008 1546     		mov	r5, r2
1793:../../STM32Cube_FW_N6/Drivers/STM32N6xx_HAL_Driver/Src/stm32n6xx_hal_sai.c **** 
 3820              		.loc 1 1793 3 view .LVU1391
 3821 000a 04D9     		bls	.L433
1793:../../STM32Cube_FW_N6/Drivers/STM32N6xx_HAL_Driver/Src/stm32n6xx_hal_sai.c **** 
 3822              		.loc 1 1793 3 discriminator 1 view .LVU1392
 3823 000c 40F20171 		movw	r1, #1793
 3824              	.LVL248:
1793:../../STM32Cube_FW_N6/Drivers/STM32N6xx_HAL_Driver/Src/stm32n6xx_hal_sai.c **** 
 3825              		.loc 1 1793 3 discriminator 1 view .LVU1393
 3826 0010 0C48     		ldr	r0, .L436
 3827              	.LVL249:
1793:../../STM32Cube_FW_N6/Drivers/STM32N6xx_HAL_Driver/Src/stm32n6xx_hal_sai.c **** 
 3828              		.loc 1 1793 3 discriminator 1 view .LVU1394
 3829 0012 FFF7FEFF 		bl	assert_failed
 3830              	.LVL250:
 3831              	.L433:
1795:../../STM32Cube_FW_N6/Drivers/STM32N6xx_HAL_Driver/Src/stm32n6xx_hal_sai.c ****   {
 3832              		.loc 1 1795 3 is_stmt 1 view .LVU1395
1795:../../STM32Cube_FW_N6/Drivers/STM32N6xx_HAL_Driver/Src/stm32n6xx_hal_sai.c ****   {
 3833              		.loc 1 1795 11 is_stmt 0 view .LVU1396
 3834 0016 94F89130 		ldrb	r3, [r4, #145]	@ zero_extendqisi2
1795:../../STM32Cube_FW_N6/Drivers/STM32N6xx_HAL_Driver/Src/stm32n6xx_hal_sai.c ****   {
 3835              		.loc 1 1795 6 view .LVU1397
 3836 001a 83B1     		cbz	r3, .L435
1798:../../STM32Cube_FW_N6/Drivers/STM32N6xx_HAL_Driver/Src/stm32n6xx_hal_sai.c ****     SET_BIT(hsai->Instance->CR2, (uint32_t)((uint32_t)counter << SAI_xCR2_MUTECNT_Pos));
 3837              		.loc 1 1798 5 is_stmt 1 view .LVU1398
1803:../../STM32Cube_FW_N6/Drivers/STM32N6xx_HAL_Driver/Src/stm32n6xx_hal_sai.c ****   }
 3838              		.loc 1 1803 12 is_stmt 0 view .LVU1399
 3839 001c 0020     		movs	r0, #0
1798:../../STM32Cube_FW_N6/Drivers/STM32N6xx_HAL_Driver/Src/stm32n6xx_hal_sai.c ****     SET_BIT(hsai->Instance->CR2, (uint32_t)((uint32_t)counter << SAI_xCR2_MUTECNT_Pos));
 3840              		.loc 1 1798 5 view .LVU1400
 3841 001e 2368     		ldr	r3, [r4]
 3842 0020 5A68     		ldr	r2, [r3, #4]
 3843 0022 22F4FC52 		bic	r2, r2, #8064
 3844 0026 5A60     		str	r2, [r3, #4]
1799:../../STM32Cube_FW_N6/Drivers/STM32N6xx_HAL_Driver/Src/stm32n6xx_hal_sai.c ****     hsai->mutecallback = callback;
 3845              		.loc 1 1799 5 is_stmt 1 view .LVU1401
 3846 0028 5A68     		ldr	r2, [r3, #4]
 3847 002a 42EAC512 		orr	r2, r2, r5, lsl #7
 3848 002e 5A60     		str	r2, [r3, #4]
1800:../../STM32Cube_FW_N6/Drivers/STM32N6xx_HAL_Driver/Src/stm32n6xx_hal_sai.c ****     /* enable the IT interrupt */
 3849              		.loc 1 1800 5 view .LVU1402
1802:../../STM32Cube_FW_N6/Drivers/STM32N6xx_HAL_Driver/Src/stm32n6xx_hal_sai.c ****     return HAL_OK;
 3850              		.loc 1 1802 5 is_stmt 0 view .LVU1403
 3851 0030 1A69     		ldr	r2, [r3, #16]
1800:../../STM32Cube_FW_N6/Drivers/STM32N6xx_HAL_Driver/Src/stm32n6xx_hal_sai.c ****     /* enable the IT interrupt */
 3852              		.loc 1 1800 24 view .LVU1404
 3853 0032 C4F88860 		str	r6, [r4, #136]
1802:../../STM32Cube_FW_N6/Drivers/STM32N6xx_HAL_Driver/Src/stm32n6xx_hal_sai.c ****     return HAL_OK;
ARM GAS  C:\Users\Antonio\AppData\Local\Temp\ccmFwfsh.s 			page 136


 3854              		.loc 1 1802 5 is_stmt 1 view .LVU1405
 3855 0036 42F00202 		orr	r2, r2, #2
 3856 003a 1A61     		str	r2, [r3, #16]
1803:../../STM32Cube_FW_N6/Drivers/STM32N6xx_HAL_Driver/Src/stm32n6xx_hal_sai.c ****   }
 3857              		.loc 1 1803 5 view .LVU1406
 3858              	.L434:
1806:../../STM32Cube_FW_N6/Drivers/STM32N6xx_HAL_Driver/Src/stm32n6xx_hal_sai.c **** 
 3859              		.loc 1 1806 1 is_stmt 0 view .LVU1407
 3860 003c 70BD     		pop	{r4, r5, r6, pc}
 3861              	.LVL251:
 3862              	.L435:
1805:../../STM32Cube_FW_N6/Drivers/STM32N6xx_HAL_Driver/Src/stm32n6xx_hal_sai.c **** }
 3863              		.loc 1 1805 10 view .LVU1408
 3864 003e 0120     		movs	r0, #1
 3865 0040 FCE7     		b	.L434
 3866              	.L437:
 3867 0042 00BF     		.align	2
 3868              	.L436:
 3869 0044 00000000 		.word	.LC0
 3870              		.cfi_endproc
 3871              	.LFE854:
 3873              		.section	.text.HAL_SAI_DisableRxMuteMode,"ax",%progbits
 3874              		.align	1
 3875              		.global	HAL_SAI_DisableRxMuteMode
 3876              		.syntax unified
 3877              		.thumb
 3878              		.thumb_func
 3880              	HAL_SAI_DisableRxMuteMode:
 3881              	.LVL252:
 3882              	.LFB855:
1815:../../STM32Cube_FW_N6/Drivers/STM32N6xx_HAL_Driver/Src/stm32n6xx_hal_sai.c ****   if (hsai->State != HAL_SAI_STATE_RESET)
 3883              		.loc 1 1815 1 is_stmt 1 view -0
 3884              		.cfi_startproc
 3885              		@ args = 0, pretend = 0, frame = 0
 3886              		@ frame_needed = 0, uses_anonymous_args = 0
 3887              		@ link register save eliminated.
1816:../../STM32Cube_FW_N6/Drivers/STM32N6xx_HAL_Driver/Src/stm32n6xx_hal_sai.c ****   {
 3888              		.loc 1 1816 3 view .LVU1410
1816:../../STM32Cube_FW_N6/Drivers/STM32N6xx_HAL_Driver/Src/stm32n6xx_hal_sai.c ****   {
 3889              		.loc 1 1816 11 is_stmt 0 view .LVU1411
 3890 0000 90F89120 		ldrb	r2, [r0, #145]	@ zero_extendqisi2
1815:../../STM32Cube_FW_N6/Drivers/STM32N6xx_HAL_Driver/Src/stm32n6xx_hal_sai.c ****   if (hsai->State != HAL_SAI_STATE_RESET)
 3891              		.loc 1 1815 1 view .LVU1412
 3892 0004 0346     		mov	r3, r0
1816:../../STM32Cube_FW_N6/Drivers/STM32N6xx_HAL_Driver/Src/stm32n6xx_hal_sai.c ****   {
 3893              		.loc 1 1816 6 view .LVU1413
 3894 0006 42B1     		cbz	r2, .L440
1819:../../STM32Cube_FW_N6/Drivers/STM32N6xx_HAL_Driver/Src/stm32n6xx_hal_sai.c ****     /* enable the IT interrupt */
 3895              		.loc 1 1819 5 is_stmt 1 view .LVU1414
1819:../../STM32Cube_FW_N6/Drivers/STM32N6xx_HAL_Driver/Src/stm32n6xx_hal_sai.c ****     /* enable the IT interrupt */
 3896              		.loc 1 1819 24 is_stmt 0 view .LVU1415
 3897 0008 0020     		movs	r0, #0
 3898              	.LVL253:
1821:../../STM32Cube_FW_N6/Drivers/STM32N6xx_HAL_Driver/Src/stm32n6xx_hal_sai.c ****     return HAL_OK;
 3899              		.loc 1 1821 5 view .LVU1416
 3900 000a 1A68     		ldr	r2, [r3]
1819:../../STM32Cube_FW_N6/Drivers/STM32N6xx_HAL_Driver/Src/stm32n6xx_hal_sai.c ****     /* enable the IT interrupt */
ARM GAS  C:\Users\Antonio\AppData\Local\Temp\ccmFwfsh.s 			page 137


 3901              		.loc 1 1819 24 view .LVU1417
 3902 000c C3F88800 		str	r0, [r3, #136]
1821:../../STM32Cube_FW_N6/Drivers/STM32N6xx_HAL_Driver/Src/stm32n6xx_hal_sai.c ****     return HAL_OK;
 3903              		.loc 1 1821 5 is_stmt 1 view .LVU1418
 3904 0010 1369     		ldr	r3, [r2, #16]
 3905              	.LVL254:
1821:../../STM32Cube_FW_N6/Drivers/STM32N6xx_HAL_Driver/Src/stm32n6xx_hal_sai.c ****     return HAL_OK;
 3906              		.loc 1 1821 5 is_stmt 0 view .LVU1419
 3907 0012 23F00203 		bic	r3, r3, #2
 3908 0016 1361     		str	r3, [r2, #16]
1822:../../STM32Cube_FW_N6/Drivers/STM32N6xx_HAL_Driver/Src/stm32n6xx_hal_sai.c ****   }
 3909              		.loc 1 1822 5 is_stmt 1 view .LVU1420
1822:../../STM32Cube_FW_N6/Drivers/STM32N6xx_HAL_Driver/Src/stm32n6xx_hal_sai.c ****   }
 3910              		.loc 1 1822 12 is_stmt 0 view .LVU1421
 3911 0018 7047     		bx	lr
 3912              	.LVL255:
 3913              	.L440:
1824:../../STM32Cube_FW_N6/Drivers/STM32N6xx_HAL_Driver/Src/stm32n6xx_hal_sai.c **** }
 3914              		.loc 1 1824 10 view .LVU1422
 3915 001a 0120     		movs	r0, #1
 3916              	.LVL256:
1825:../../STM32Cube_FW_N6/Drivers/STM32N6xx_HAL_Driver/Src/stm32n6xx_hal_sai.c **** 
 3917              		.loc 1 1825 1 view .LVU1423
 3918 001c 7047     		bx	lr
 3919              		.cfi_endproc
 3920              	.LFE855:
 3922              		.section	.text.HAL_SAI_TxCpltCallback,"ax",%progbits
 3923              		.align	1
 3924              		.weak	HAL_SAI_TxCpltCallback
 3925              		.syntax unified
 3926              		.thumb
 3927              		.thumb_func
 3929              	HAL_SAI_TxCpltCallback:
 3930              	.LFB890:
 3931              		.cfi_startproc
2108:../../STM32Cube_FW_N6/Drivers/STM32N6xx_HAL_Driver/Src/stm32n6xx_hal_sai.c **** {
 3932              		.loc 1 2108 13 is_stmt 1 view -0
 3933              		@ args = 0, pretend = 0, frame = 0
 3934              		@ frame_needed = 0, uses_anonymous_args = 0
 3935              		@ link register save eliminated.
 3936 0000 7047     		bx	lr
 3937              		.cfi_endproc
 3938              	.LFE890:
 3940              		.section	.text.SAI_Transmit_IT32Bit,"ax",%progbits
 3941              		.align	1
 3942              		.syntax unified
 3943              		.thumb
 3944              		.thumb_func
 3946              	SAI_Transmit_IT32Bit:
 3947              	.LVL257:
 3948              	.LFB871:
2511:../../STM32Cube_FW_N6/Drivers/STM32N6xx_HAL_Driver/Src/stm32n6xx_hal_sai.c **** 
2512:../../STM32Cube_FW_N6/Drivers/STM32N6xx_HAL_Driver/Src/stm32n6xx_hal_sai.c **** /**
2513:../../STM32Cube_FW_N6/Drivers/STM32N6xx_HAL_Driver/Src/stm32n6xx_hal_sai.c ****   * @brief  Tx Handler for Transmit in Interrupt mode 8-Bit transfer.
2514:../../STM32Cube_FW_N6/Drivers/STM32N6xx_HAL_Driver/Src/stm32n6xx_hal_sai.c ****   * @param  hsai pointer to a SAI_HandleTypeDef structure that contains
2515:../../STM32Cube_FW_N6/Drivers/STM32N6xx_HAL_Driver/Src/stm32n6xx_hal_sai.c ****   *              the configuration information for SAI module.
2516:../../STM32Cube_FW_N6/Drivers/STM32N6xx_HAL_Driver/Src/stm32n6xx_hal_sai.c ****   * @retval None
ARM GAS  C:\Users\Antonio\AppData\Local\Temp\ccmFwfsh.s 			page 138


2517:../../STM32Cube_FW_N6/Drivers/STM32N6xx_HAL_Driver/Src/stm32n6xx_hal_sai.c ****   */
2518:../../STM32Cube_FW_N6/Drivers/STM32N6xx_HAL_Driver/Src/stm32n6xx_hal_sai.c **** static void SAI_Transmit_IT8Bit(SAI_HandleTypeDef *hsai)
2519:../../STM32Cube_FW_N6/Drivers/STM32N6xx_HAL_Driver/Src/stm32n6xx_hal_sai.c **** {
2520:../../STM32Cube_FW_N6/Drivers/STM32N6xx_HAL_Driver/Src/stm32n6xx_hal_sai.c ****   if (hsai->XferCount == 0U)
2521:../../STM32Cube_FW_N6/Drivers/STM32N6xx_HAL_Driver/Src/stm32n6xx_hal_sai.c ****   {
2522:../../STM32Cube_FW_N6/Drivers/STM32N6xx_HAL_Driver/Src/stm32n6xx_hal_sai.c ****     /* Handle the end of the transmission */
2523:../../STM32Cube_FW_N6/Drivers/STM32N6xx_HAL_Driver/Src/stm32n6xx_hal_sai.c ****     /* Disable FREQ and OVRUDR interrupts */
2524:../../STM32Cube_FW_N6/Drivers/STM32N6xx_HAL_Driver/Src/stm32n6xx_hal_sai.c ****     __HAL_SAI_DISABLE_IT(hsai, SAI_InterruptFlag(hsai, SAI_MODE_IT));
2525:../../STM32Cube_FW_N6/Drivers/STM32N6xx_HAL_Driver/Src/stm32n6xx_hal_sai.c ****     hsai->State = HAL_SAI_STATE_READY;
2526:../../STM32Cube_FW_N6/Drivers/STM32N6xx_HAL_Driver/Src/stm32n6xx_hal_sai.c **** #if (USE_HAL_SAI_REGISTER_CALLBACKS == 1)
2527:../../STM32Cube_FW_N6/Drivers/STM32N6xx_HAL_Driver/Src/stm32n6xx_hal_sai.c ****     hsai->TxCpltCallback(hsai);
2528:../../STM32Cube_FW_N6/Drivers/STM32N6xx_HAL_Driver/Src/stm32n6xx_hal_sai.c **** #else
2529:../../STM32Cube_FW_N6/Drivers/STM32N6xx_HAL_Driver/Src/stm32n6xx_hal_sai.c ****     HAL_SAI_TxCpltCallback(hsai);
2530:../../STM32Cube_FW_N6/Drivers/STM32N6xx_HAL_Driver/Src/stm32n6xx_hal_sai.c **** #endif /* USE_HAL_SAI_REGISTER_CALLBACKS */
2531:../../STM32Cube_FW_N6/Drivers/STM32N6xx_HAL_Driver/Src/stm32n6xx_hal_sai.c ****   }
2532:../../STM32Cube_FW_N6/Drivers/STM32N6xx_HAL_Driver/Src/stm32n6xx_hal_sai.c ****   else
2533:../../STM32Cube_FW_N6/Drivers/STM32N6xx_HAL_Driver/Src/stm32n6xx_hal_sai.c ****   {
2534:../../STM32Cube_FW_N6/Drivers/STM32N6xx_HAL_Driver/Src/stm32n6xx_hal_sai.c ****     /* Write data on DR register */
2535:../../STM32Cube_FW_N6/Drivers/STM32N6xx_HAL_Driver/Src/stm32n6xx_hal_sai.c ****     hsai->Instance->DR = *hsai->pBuffPtr;
2536:../../STM32Cube_FW_N6/Drivers/STM32N6xx_HAL_Driver/Src/stm32n6xx_hal_sai.c ****     hsai->pBuffPtr++;
2537:../../STM32Cube_FW_N6/Drivers/STM32N6xx_HAL_Driver/Src/stm32n6xx_hal_sai.c ****     hsai->XferCount--;
2538:../../STM32Cube_FW_N6/Drivers/STM32N6xx_HAL_Driver/Src/stm32n6xx_hal_sai.c ****   }
2539:../../STM32Cube_FW_N6/Drivers/STM32N6xx_HAL_Driver/Src/stm32n6xx_hal_sai.c **** }
2540:../../STM32Cube_FW_N6/Drivers/STM32N6xx_HAL_Driver/Src/stm32n6xx_hal_sai.c **** 
2541:../../STM32Cube_FW_N6/Drivers/STM32N6xx_HAL_Driver/Src/stm32n6xx_hal_sai.c **** /**
2542:../../STM32Cube_FW_N6/Drivers/STM32N6xx_HAL_Driver/Src/stm32n6xx_hal_sai.c ****   * @brief  Tx Handler for Transmit in Interrupt mode for 16-Bit transfer.
2543:../../STM32Cube_FW_N6/Drivers/STM32N6xx_HAL_Driver/Src/stm32n6xx_hal_sai.c ****   * @param  hsai pointer to a SAI_HandleTypeDef structure that contains
2544:../../STM32Cube_FW_N6/Drivers/STM32N6xx_HAL_Driver/Src/stm32n6xx_hal_sai.c ****   *              the configuration information for SAI module.
2545:../../STM32Cube_FW_N6/Drivers/STM32N6xx_HAL_Driver/Src/stm32n6xx_hal_sai.c ****   * @retval None
2546:../../STM32Cube_FW_N6/Drivers/STM32N6xx_HAL_Driver/Src/stm32n6xx_hal_sai.c ****   */
2547:../../STM32Cube_FW_N6/Drivers/STM32N6xx_HAL_Driver/Src/stm32n6xx_hal_sai.c **** static void SAI_Transmit_IT16Bit(SAI_HandleTypeDef *hsai)
2548:../../STM32Cube_FW_N6/Drivers/STM32N6xx_HAL_Driver/Src/stm32n6xx_hal_sai.c **** {
2549:../../STM32Cube_FW_N6/Drivers/STM32N6xx_HAL_Driver/Src/stm32n6xx_hal_sai.c ****   if (hsai->XferCount == 0U)
2550:../../STM32Cube_FW_N6/Drivers/STM32N6xx_HAL_Driver/Src/stm32n6xx_hal_sai.c ****   {
2551:../../STM32Cube_FW_N6/Drivers/STM32N6xx_HAL_Driver/Src/stm32n6xx_hal_sai.c ****     /* Handle the end of the transmission */
2552:../../STM32Cube_FW_N6/Drivers/STM32N6xx_HAL_Driver/Src/stm32n6xx_hal_sai.c ****     /* Disable FREQ and OVRUDR interrupts */
2553:../../STM32Cube_FW_N6/Drivers/STM32N6xx_HAL_Driver/Src/stm32n6xx_hal_sai.c ****     __HAL_SAI_DISABLE_IT(hsai, SAI_InterruptFlag(hsai, SAI_MODE_IT));
2554:../../STM32Cube_FW_N6/Drivers/STM32N6xx_HAL_Driver/Src/stm32n6xx_hal_sai.c ****     hsai->State = HAL_SAI_STATE_READY;
2555:../../STM32Cube_FW_N6/Drivers/STM32N6xx_HAL_Driver/Src/stm32n6xx_hal_sai.c **** #if (USE_HAL_SAI_REGISTER_CALLBACKS == 1)
2556:../../STM32Cube_FW_N6/Drivers/STM32N6xx_HAL_Driver/Src/stm32n6xx_hal_sai.c ****     hsai->TxCpltCallback(hsai);
2557:../../STM32Cube_FW_N6/Drivers/STM32N6xx_HAL_Driver/Src/stm32n6xx_hal_sai.c **** #else
2558:../../STM32Cube_FW_N6/Drivers/STM32N6xx_HAL_Driver/Src/stm32n6xx_hal_sai.c ****     HAL_SAI_TxCpltCallback(hsai);
2559:../../STM32Cube_FW_N6/Drivers/STM32N6xx_HAL_Driver/Src/stm32n6xx_hal_sai.c **** #endif /* USE_HAL_SAI_REGISTER_CALLBACKS */
2560:../../STM32Cube_FW_N6/Drivers/STM32N6xx_HAL_Driver/Src/stm32n6xx_hal_sai.c ****   }
2561:../../STM32Cube_FW_N6/Drivers/STM32N6xx_HAL_Driver/Src/stm32n6xx_hal_sai.c ****   else
2562:../../STM32Cube_FW_N6/Drivers/STM32N6xx_HAL_Driver/Src/stm32n6xx_hal_sai.c ****   {
2563:../../STM32Cube_FW_N6/Drivers/STM32N6xx_HAL_Driver/Src/stm32n6xx_hal_sai.c ****     /* Write data on DR register */
2564:../../STM32Cube_FW_N6/Drivers/STM32N6xx_HAL_Driver/Src/stm32n6xx_hal_sai.c ****     uint32_t temp;
2565:../../STM32Cube_FW_N6/Drivers/STM32N6xx_HAL_Driver/Src/stm32n6xx_hal_sai.c ****     temp = (uint32_t)(*hsai->pBuffPtr);
2566:../../STM32Cube_FW_N6/Drivers/STM32N6xx_HAL_Driver/Src/stm32n6xx_hal_sai.c ****     hsai->pBuffPtr++;
2567:../../STM32Cube_FW_N6/Drivers/STM32N6xx_HAL_Driver/Src/stm32n6xx_hal_sai.c ****     temp |= ((uint32_t)(*hsai->pBuffPtr) << 8);
2568:../../STM32Cube_FW_N6/Drivers/STM32N6xx_HAL_Driver/Src/stm32n6xx_hal_sai.c ****     hsai->pBuffPtr++;
2569:../../STM32Cube_FW_N6/Drivers/STM32N6xx_HAL_Driver/Src/stm32n6xx_hal_sai.c ****     hsai->Instance->DR = temp;
2570:../../STM32Cube_FW_N6/Drivers/STM32N6xx_HAL_Driver/Src/stm32n6xx_hal_sai.c ****     hsai->XferCount--;
2571:../../STM32Cube_FW_N6/Drivers/STM32N6xx_HAL_Driver/Src/stm32n6xx_hal_sai.c ****   }
2572:../../STM32Cube_FW_N6/Drivers/STM32N6xx_HAL_Driver/Src/stm32n6xx_hal_sai.c **** }
2573:../../STM32Cube_FW_N6/Drivers/STM32N6xx_HAL_Driver/Src/stm32n6xx_hal_sai.c **** 
ARM GAS  C:\Users\Antonio\AppData\Local\Temp\ccmFwfsh.s 			page 139


2574:../../STM32Cube_FW_N6/Drivers/STM32N6xx_HAL_Driver/Src/stm32n6xx_hal_sai.c **** /**
2575:../../STM32Cube_FW_N6/Drivers/STM32N6xx_HAL_Driver/Src/stm32n6xx_hal_sai.c ****   * @brief  Tx Handler for Transmit in Interrupt mode for 32-Bit transfer.
2576:../../STM32Cube_FW_N6/Drivers/STM32N6xx_HAL_Driver/Src/stm32n6xx_hal_sai.c ****   * @param  hsai pointer to a SAI_HandleTypeDef structure that contains
2577:../../STM32Cube_FW_N6/Drivers/STM32N6xx_HAL_Driver/Src/stm32n6xx_hal_sai.c ****   *              the configuration information for SAI module.
2578:../../STM32Cube_FW_N6/Drivers/STM32N6xx_HAL_Driver/Src/stm32n6xx_hal_sai.c ****   * @retval None
2579:../../STM32Cube_FW_N6/Drivers/STM32N6xx_HAL_Driver/Src/stm32n6xx_hal_sai.c ****   */
2580:../../STM32Cube_FW_N6/Drivers/STM32N6xx_HAL_Driver/Src/stm32n6xx_hal_sai.c **** static void SAI_Transmit_IT32Bit(SAI_HandleTypeDef *hsai)
2581:../../STM32Cube_FW_N6/Drivers/STM32N6xx_HAL_Driver/Src/stm32n6xx_hal_sai.c **** {
 3949              		.loc 1 2581 1 view -0
 3950              		.cfi_startproc
 3951              		@ args = 0, pretend = 0, frame = 0
 3952              		@ frame_needed = 0, uses_anonymous_args = 0
2582:../../STM32Cube_FW_N6/Drivers/STM32N6xx_HAL_Driver/Src/stm32n6xx_hal_sai.c ****   if (hsai->XferCount == 0U)
 3953              		.loc 1 2582 3 view .LVU1426
 3954              		.loc 1 2582 11 is_stmt 0 view .LVU1427
 3955 0000 B0F87E10 		ldrh	r1, [r0, #126]
2581:../../STM32Cube_FW_N6/Drivers/STM32N6xx_HAL_Driver/Src/stm32n6xx_hal_sai.c ****   if (hsai->XferCount == 0U)
 3956              		.loc 1 2581 1 view .LVU1428
 3957 0004 70B5     		push	{r4, r5, r6, lr}
 3958              		.cfi_def_cfa_offset 16
 3959              		.cfi_offset 4, -16
 3960              		.cfi_offset 5, -12
 3961              		.cfi_offset 6, -8
 3962              		.cfi_offset 14, -4
2581:../../STM32Cube_FW_N6/Drivers/STM32N6xx_HAL_Driver/Src/stm32n6xx_hal_sai.c ****   if (hsai->XferCount == 0U)
 3963              		.loc 1 2581 1 view .LVU1429
 3964 0006 0446     		mov	r4, r0
2583:../../STM32Cube_FW_N6/Drivers/STM32N6xx_HAL_Driver/Src/stm32n6xx_hal_sai.c ****   {
2584:../../STM32Cube_FW_N6/Drivers/STM32N6xx_HAL_Driver/Src/stm32n6xx_hal_sai.c ****     /* Handle the end of the transmission */
2585:../../STM32Cube_FW_N6/Drivers/STM32N6xx_HAL_Driver/Src/stm32n6xx_hal_sai.c ****     /* Disable FREQ and OVRUDR interrupts */
2586:../../STM32Cube_FW_N6/Drivers/STM32N6xx_HAL_Driver/Src/stm32n6xx_hal_sai.c ****     __HAL_SAI_DISABLE_IT(hsai, SAI_InterruptFlag(hsai, SAI_MODE_IT));
 3965              		.loc 1 2586 5 discriminator 1 view .LVU1430
 3966 0008 0568     		ldr	r5, [r0]
2582:../../STM32Cube_FW_N6/Drivers/STM32N6xx_HAL_Driver/Src/stm32n6xx_hal_sai.c ****   {
 3967              		.loc 1 2582 6 view .LVU1431
 3968 000a 69B9     		cbnz	r1, .L443
 3969              		.loc 1 2586 5 is_stmt 1 view .LVU1432
 3970 000c 0121     		movs	r1, #1
 3971 000e FFF7FEFF 		bl	SAI_InterruptFlag
 3972              	.LVL258:
 3973              		.loc 1 2586 5 is_stmt 0 discriminator 1 view .LVU1433
 3974 0012 2B69     		ldr	r3, [r5, #16]
 3975 0014 23EA0003 		bic	r3, r3, r0
 3976 0018 2B61     		str	r3, [r5, #16]
2587:../../STM32Cube_FW_N6/Drivers/STM32N6xx_HAL_Driver/Src/stm32n6xx_hal_sai.c ****     hsai->State = HAL_SAI_STATE_READY;
 3977              		.loc 1 2587 5 is_stmt 1 view .LVU1434
 3978              		.loc 1 2587 17 is_stmt 0 view .LVU1435
 3979 001a 0123     		movs	r3, #1
2588:../../STM32Cube_FW_N6/Drivers/STM32N6xx_HAL_Driver/Src/stm32n6xx_hal_sai.c **** #if (USE_HAL_SAI_REGISTER_CALLBACKS == 1)
2589:../../STM32Cube_FW_N6/Drivers/STM32N6xx_HAL_Driver/Src/stm32n6xx_hal_sai.c ****     hsai->TxCpltCallback(hsai);
2590:../../STM32Cube_FW_N6/Drivers/STM32N6xx_HAL_Driver/Src/stm32n6xx_hal_sai.c **** #else
2591:../../STM32Cube_FW_N6/Drivers/STM32N6xx_HAL_Driver/Src/stm32n6xx_hal_sai.c ****     HAL_SAI_TxCpltCallback(hsai);
 3980              		.loc 1 2591 5 view .LVU1436
 3981 001c 2046     		mov	r0, r4
2587:../../STM32Cube_FW_N6/Drivers/STM32N6xx_HAL_Driver/Src/stm32n6xx_hal_sai.c ****     hsai->State = HAL_SAI_STATE_READY;
 3982              		.loc 1 2587 17 view .LVU1437
 3983 001e 84F89130 		strb	r3, [r4, #145]
ARM GAS  C:\Users\Antonio\AppData\Local\Temp\ccmFwfsh.s 			page 140


 3984              		.loc 1 2591 5 is_stmt 1 view .LVU1438
 3985 0022 FFF7FEFF 		bl	HAL_SAI_TxCpltCallback
 3986              	.LVL259:
 3987              	.L442:
2592:../../STM32Cube_FW_N6/Drivers/STM32N6xx_HAL_Driver/Src/stm32n6xx_hal_sai.c **** #endif /* USE_HAL_SAI_REGISTER_CALLBACKS */
2593:../../STM32Cube_FW_N6/Drivers/STM32N6xx_HAL_Driver/Src/stm32n6xx_hal_sai.c ****   }
2594:../../STM32Cube_FW_N6/Drivers/STM32N6xx_HAL_Driver/Src/stm32n6xx_hal_sai.c ****   else
2595:../../STM32Cube_FW_N6/Drivers/STM32N6xx_HAL_Driver/Src/stm32n6xx_hal_sai.c ****   {
2596:../../STM32Cube_FW_N6/Drivers/STM32N6xx_HAL_Driver/Src/stm32n6xx_hal_sai.c ****     /* Write data on DR register */
2597:../../STM32Cube_FW_N6/Drivers/STM32N6xx_HAL_Driver/Src/stm32n6xx_hal_sai.c ****     uint32_t temp;
2598:../../STM32Cube_FW_N6/Drivers/STM32N6xx_HAL_Driver/Src/stm32n6xx_hal_sai.c ****     temp = (uint32_t)(*hsai->pBuffPtr);
2599:../../STM32Cube_FW_N6/Drivers/STM32N6xx_HAL_Driver/Src/stm32n6xx_hal_sai.c ****     hsai->pBuffPtr++;
2600:../../STM32Cube_FW_N6/Drivers/STM32N6xx_HAL_Driver/Src/stm32n6xx_hal_sai.c ****     temp |= ((uint32_t)(*hsai->pBuffPtr) << 8);
2601:../../STM32Cube_FW_N6/Drivers/STM32N6xx_HAL_Driver/Src/stm32n6xx_hal_sai.c ****     hsai->pBuffPtr++;
2602:../../STM32Cube_FW_N6/Drivers/STM32N6xx_HAL_Driver/Src/stm32n6xx_hal_sai.c ****     temp |= ((uint32_t)(*hsai->pBuffPtr) << 16);
2603:../../STM32Cube_FW_N6/Drivers/STM32N6xx_HAL_Driver/Src/stm32n6xx_hal_sai.c ****     hsai->pBuffPtr++;
2604:../../STM32Cube_FW_N6/Drivers/STM32N6xx_HAL_Driver/Src/stm32n6xx_hal_sai.c ****     temp |= ((uint32_t)(*hsai->pBuffPtr) << 24);
2605:../../STM32Cube_FW_N6/Drivers/STM32N6xx_HAL_Driver/Src/stm32n6xx_hal_sai.c ****     hsai->pBuffPtr++;
2606:../../STM32Cube_FW_N6/Drivers/STM32N6xx_HAL_Driver/Src/stm32n6xx_hal_sai.c ****     hsai->Instance->DR = temp;
2607:../../STM32Cube_FW_N6/Drivers/STM32N6xx_HAL_Driver/Src/stm32n6xx_hal_sai.c ****     hsai->XferCount--;
2608:../../STM32Cube_FW_N6/Drivers/STM32N6xx_HAL_Driver/Src/stm32n6xx_hal_sai.c ****   }
2609:../../STM32Cube_FW_N6/Drivers/STM32N6xx_HAL_Driver/Src/stm32n6xx_hal_sai.c **** }
 3988              		.loc 1 2609 1 is_stmt 0 view .LVU1439
 3989 0026 70BD     		pop	{r4, r5, r6, pc}
 3990              	.LVL260:
 3991              	.L443:
 3992              	.LBB33:
2597:../../STM32Cube_FW_N6/Drivers/STM32N6xx_HAL_Driver/Src/stm32n6xx_hal_sai.c ****     temp = (uint32_t)(*hsai->pBuffPtr);
 3993              		.loc 1 2597 5 is_stmt 1 view .LVU1440
2598:../../STM32Cube_FW_N6/Drivers/STM32N6xx_HAL_Driver/Src/stm32n6xx_hal_sai.c ****     hsai->pBuffPtr++;
 3994              		.loc 1 2598 5 view .LVU1441
2598:../../STM32Cube_FW_N6/Drivers/STM32N6xx_HAL_Driver/Src/stm32n6xx_hal_sai.c ****     hsai->pBuffPtr++;
 3995              		.loc 1 2598 28 is_stmt 0 view .LVU1442
 3996 0028 826F     		ldr	r2, [r0, #120]
2607:../../STM32Cube_FW_N6/Drivers/STM32N6xx_HAL_Driver/Src/stm32n6xx_hal_sai.c ****   }
 3997              		.loc 1 2607 20 view .LVU1443
 3998 002a 0139     		subs	r1, r1, #1
2598:../../STM32Cube_FW_N6/Drivers/STM32N6xx_HAL_Driver/Src/stm32n6xx_hal_sai.c ****     hsai->pBuffPtr++;
 3999              		.loc 1 2598 10 view .LVU1444
 4000 002c 1346     		mov	r3, r2
 4001 002e 13F8010B 		ldrb	r0, [r3], #1	@ zero_extendqisi2
 4002              	.LVL261:
2599:../../STM32Cube_FW_N6/Drivers/STM32N6xx_HAL_Driver/Src/stm32n6xx_hal_sai.c ****     temp |= ((uint32_t)(*hsai->pBuffPtr) << 8);
 4003              		.loc 1 2599 5 is_stmt 1 view .LVU1445
2599:../../STM32Cube_FW_N6/Drivers/STM32N6xx_HAL_Driver/Src/stm32n6xx_hal_sai.c ****     temp |= ((uint32_t)(*hsai->pBuffPtr) << 8);
 4004              		.loc 1 2599 19 is_stmt 0 view .LVU1446
 4005 0032 A367     		str	r3, [r4, #120]
2600:../../STM32Cube_FW_N6/Drivers/STM32N6xx_HAL_Driver/Src/stm32n6xx_hal_sai.c ****     hsai->pBuffPtr++;
 4006              		.loc 1 2600 5 is_stmt 1 view .LVU1447
2601:../../STM32Cube_FW_N6/Drivers/STM32N6xx_HAL_Driver/Src/stm32n6xx_hal_sai.c ****     temp |= ((uint32_t)(*hsai->pBuffPtr) << 16);
 4007              		.loc 1 2601 19 is_stmt 0 view .LVU1448
 4008 0034 931C     		adds	r3, r2, #2
2600:../../STM32Cube_FW_N6/Drivers/STM32N6xx_HAL_Driver/Src/stm32n6xx_hal_sai.c ****     hsai->pBuffPtr++;
 4009              		.loc 1 2600 14 view .LVU1449
 4010 0036 5678     		ldrb	r6, [r2, #1]	@ zero_extendqisi2
 4011              	.LVL262:
2601:../../STM32Cube_FW_N6/Drivers/STM32N6xx_HAL_Driver/Src/stm32n6xx_hal_sai.c ****     temp |= ((uint32_t)(*hsai->pBuffPtr) << 16);
ARM GAS  C:\Users\Antonio\AppData\Local\Temp\ccmFwfsh.s 			page 141


 4012              		.loc 1 2601 5 is_stmt 1 view .LVU1450
2601:../../STM32Cube_FW_N6/Drivers/STM32N6xx_HAL_Driver/Src/stm32n6xx_hal_sai.c ****     temp |= ((uint32_t)(*hsai->pBuffPtr) << 16);
 4013              		.loc 1 2601 19 is_stmt 0 view .LVU1451
 4014 0038 A367     		str	r3, [r4, #120]
2602:../../STM32Cube_FW_N6/Drivers/STM32N6xx_HAL_Driver/Src/stm32n6xx_hal_sai.c ****     hsai->pBuffPtr++;
 4015              		.loc 1 2602 5 is_stmt 1 view .LVU1452
2602:../../STM32Cube_FW_N6/Drivers/STM32N6xx_HAL_Driver/Src/stm32n6xx_hal_sai.c ****     hsai->pBuffPtr++;
 4016              		.loc 1 2602 14 is_stmt 0 view .LVU1453
 4017 003a 9378     		ldrb	r3, [r2, #2]	@ zero_extendqisi2
2602:../../STM32Cube_FW_N6/Drivers/STM32N6xx_HAL_Driver/Src/stm32n6xx_hal_sai.c ****     hsai->pBuffPtr++;
 4018              		.loc 1 2602 42 view .LVU1454
 4019 003c 1B04     		lsls	r3, r3, #16
2602:../../STM32Cube_FW_N6/Drivers/STM32N6xx_HAL_Driver/Src/stm32n6xx_hal_sai.c ****     hsai->pBuffPtr++;
 4020              		.loc 1 2602 10 view .LVU1455
 4021 003e 43EA0623 		orr	r3, r3, r6, lsl #8
 4022 0042 0343     		orrs	r3, r3, r0
 4023              	.LVL263:
2603:../../STM32Cube_FW_N6/Drivers/STM32N6xx_HAL_Driver/Src/stm32n6xx_hal_sai.c ****     temp |= ((uint32_t)(*hsai->pBuffPtr) << 24);
 4024              		.loc 1 2603 5 is_stmt 1 view .LVU1456
2603:../../STM32Cube_FW_N6/Drivers/STM32N6xx_HAL_Driver/Src/stm32n6xx_hal_sai.c ****     temp |= ((uint32_t)(*hsai->pBuffPtr) << 24);
 4025              		.loc 1 2603 19 is_stmt 0 view .LVU1457
 4026 0044 D01C     		adds	r0, r2, #3
 4027 0046 A067     		str	r0, [r4, #120]
2604:../../STM32Cube_FW_N6/Drivers/STM32N6xx_HAL_Driver/Src/stm32n6xx_hal_sai.c ****     hsai->pBuffPtr++;
 4028              		.loc 1 2604 5 is_stmt 1 view .LVU1458
2604:../../STM32Cube_FW_N6/Drivers/STM32N6xx_HAL_Driver/Src/stm32n6xx_hal_sai.c ****     hsai->pBuffPtr++;
 4029              		.loc 1 2604 14 is_stmt 0 view .LVU1459
 4030 0048 D078     		ldrb	r0, [r2, #3]	@ zero_extendqisi2
2605:../../STM32Cube_FW_N6/Drivers/STM32N6xx_HAL_Driver/Src/stm32n6xx_hal_sai.c ****     hsai->Instance->DR = temp;
 4031              		.loc 1 2605 19 view .LVU1460
 4032 004a 0432     		adds	r2, r2, #4
2604:../../STM32Cube_FW_N6/Drivers/STM32N6xx_HAL_Driver/Src/stm32n6xx_hal_sai.c ****     hsai->pBuffPtr++;
 4033              		.loc 1 2604 10 view .LVU1461
 4034 004c 43EA0063 		orr	r3, r3, r0, lsl #24
 4035              	.LVL264:
2605:../../STM32Cube_FW_N6/Drivers/STM32N6xx_HAL_Driver/Src/stm32n6xx_hal_sai.c ****     hsai->Instance->DR = temp;
 4036              		.loc 1 2605 5 is_stmt 1 view .LVU1462
2605:../../STM32Cube_FW_N6/Drivers/STM32N6xx_HAL_Driver/Src/stm32n6xx_hal_sai.c ****     hsai->Instance->DR = temp;
 4037              		.loc 1 2605 19 is_stmt 0 view .LVU1463
 4038 0050 A267     		str	r2, [r4, #120]
2606:../../STM32Cube_FW_N6/Drivers/STM32N6xx_HAL_Driver/Src/stm32n6xx_hal_sai.c ****     hsai->XferCount--;
 4039              		.loc 1 2606 5 is_stmt 1 view .LVU1464
2606:../../STM32Cube_FW_N6/Drivers/STM32N6xx_HAL_Driver/Src/stm32n6xx_hal_sai.c ****     hsai->XferCount--;
 4040              		.loc 1 2606 24 is_stmt 0 view .LVU1465
 4041 0052 EB61     		str	r3, [r5, #28]
2607:../../STM32Cube_FW_N6/Drivers/STM32N6xx_HAL_Driver/Src/stm32n6xx_hal_sai.c ****   }
 4042              		.loc 1 2607 5 is_stmt 1 view .LVU1466
2607:../../STM32Cube_FW_N6/Drivers/STM32N6xx_HAL_Driver/Src/stm32n6xx_hal_sai.c ****   }
 4043              		.loc 1 2607 20 is_stmt 0 view .LVU1467
 4044 0054 A4F87E10 		strh	r1, [r4, #126]	@ movhi
 4045              	.LBE33:
 4046              		.loc 1 2609 1 view .LVU1468
 4047 0058 E5E7     		b	.L442
 4048              		.cfi_endproc
 4049              	.LFE871:
 4051              		.section	.text.SAI_Transmit_IT16Bit.part.0,"ax",%progbits
 4052              		.align	1
ARM GAS  C:\Users\Antonio\AppData\Local\Temp\ccmFwfsh.s 			page 142


 4053              		.syntax unified
 4054              		.thumb
 4055              		.thumb_func
 4057              	SAI_Transmit_IT16Bit.part.0:
 4058              	.LVL265:
 4059              	.LFB881:
2547:../../STM32Cube_FW_N6/Drivers/STM32N6xx_HAL_Driver/Src/stm32n6xx_hal_sai.c **** {
 4060              		.loc 1 2547 13 is_stmt 1 view -0
 4061              		.cfi_startproc
 4062              		@ args = 0, pretend = 0, frame = 0
 4063              		@ frame_needed = 0, uses_anonymous_args = 0
2553:../../STM32Cube_FW_N6/Drivers/STM32N6xx_HAL_Driver/Src/stm32n6xx_hal_sai.c ****     hsai->State = HAL_SAI_STATE_READY;
 4064              		.loc 1 2553 5 view .LVU1470
2547:../../STM32Cube_FW_N6/Drivers/STM32N6xx_HAL_Driver/Src/stm32n6xx_hal_sai.c **** {
 4065              		.loc 1 2547 13 is_stmt 0 view .LVU1471
 4066 0000 10B5     		push	{r4, lr}
 4067              		.cfi_def_cfa_offset 8
 4068              		.cfi_offset 4, -8
 4069              		.cfi_offset 14, -4
2547:../../STM32Cube_FW_N6/Drivers/STM32N6xx_HAL_Driver/Src/stm32n6xx_hal_sai.c **** {
 4070              		.loc 1 2547 13 view .LVU1472
 4071 0002 0446     		mov	r4, r0
2553:../../STM32Cube_FW_N6/Drivers/STM32N6xx_HAL_Driver/Src/stm32n6xx_hal_sai.c ****     hsai->State = HAL_SAI_STATE_READY;
 4072              		.loc 1 2553 5 view .LVU1473
 4073 0004 0121     		movs	r1, #1
 4074 0006 FFF7FEFF 		bl	SAI_InterruptFlag
 4075              	.LVL266:
2553:../../STM32Cube_FW_N6/Drivers/STM32N6xx_HAL_Driver/Src/stm32n6xx_hal_sai.c ****     hsai->State = HAL_SAI_STATE_READY;
 4076              		.loc 1 2553 5 discriminator 1 view .LVU1474
 4077 000a 2268     		ldr	r2, [r4]
 4078 000c 1369     		ldr	r3, [r2, #16]
 4079 000e 23EA0003 		bic	r3, r3, r0
 4080 0012 1361     		str	r3, [r2, #16]
2554:../../STM32Cube_FW_N6/Drivers/STM32N6xx_HAL_Driver/Src/stm32n6xx_hal_sai.c **** #if (USE_HAL_SAI_REGISTER_CALLBACKS == 1)
 4081              		.loc 1 2554 5 is_stmt 1 view .LVU1475
2554:../../STM32Cube_FW_N6/Drivers/STM32N6xx_HAL_Driver/Src/stm32n6xx_hal_sai.c **** #if (USE_HAL_SAI_REGISTER_CALLBACKS == 1)
 4082              		.loc 1 2554 17 is_stmt 0 view .LVU1476
 4083 0014 0123     		movs	r3, #1
2558:../../STM32Cube_FW_N6/Drivers/STM32N6xx_HAL_Driver/Src/stm32n6xx_hal_sai.c **** #endif /* USE_HAL_SAI_REGISTER_CALLBACKS */
 4084              		.loc 1 2558 5 view .LVU1477
 4085 0016 2046     		mov	r0, r4
2554:../../STM32Cube_FW_N6/Drivers/STM32N6xx_HAL_Driver/Src/stm32n6xx_hal_sai.c **** #if (USE_HAL_SAI_REGISTER_CALLBACKS == 1)
 4086              		.loc 1 2554 17 view .LVU1478
 4087 0018 84F89130 		strb	r3, [r4, #145]
2558:../../STM32Cube_FW_N6/Drivers/STM32N6xx_HAL_Driver/Src/stm32n6xx_hal_sai.c **** #endif /* USE_HAL_SAI_REGISTER_CALLBACKS */
 4088              		.loc 1 2558 5 is_stmt 1 view .LVU1479
 4089 001c FFF7FEFF 		bl	HAL_SAI_TxCpltCallback
 4090              	.LVL267:
2572:../../STM32Cube_FW_N6/Drivers/STM32N6xx_HAL_Driver/Src/stm32n6xx_hal_sai.c **** 
 4091              		.loc 1 2572 1 is_stmt 0 view .LVU1480
 4092 0020 10BD     		pop	{r4, pc}
2572:../../STM32Cube_FW_N6/Drivers/STM32N6xx_HAL_Driver/Src/stm32n6xx_hal_sai.c **** 
 4093              		.loc 1 2572 1 view .LVU1481
 4094              		.cfi_endproc
 4095              	.LFE881:
 4097              		.thumb_set SAI_Transmit_IT8Bit.part.0,SAI_Transmit_IT16Bit.part.0
 4098              		.section	.text.SAI_Transmit_IT8Bit,"ax",%progbits
ARM GAS  C:\Users\Antonio\AppData\Local\Temp\ccmFwfsh.s 			page 143


 4099              		.align	1
 4100              		.syntax unified
 4101              		.thumb
 4102              		.thumb_func
 4104              	SAI_Transmit_IT8Bit:
 4105              	.LVL268:
 4106              	.LFB869:
2519:../../STM32Cube_FW_N6/Drivers/STM32N6xx_HAL_Driver/Src/stm32n6xx_hal_sai.c ****   if (hsai->XferCount == 0U)
 4107              		.loc 1 2519 1 is_stmt 1 view -0
 4108              		.cfi_startproc
 4109              		@ args = 0, pretend = 0, frame = 0
 4110              		@ frame_needed = 0, uses_anonymous_args = 0
 4111              		@ link register save eliminated.
2520:../../STM32Cube_FW_N6/Drivers/STM32N6xx_HAL_Driver/Src/stm32n6xx_hal_sai.c ****   {
 4112              		.loc 1 2520 3 view .LVU1483
2520:../../STM32Cube_FW_N6/Drivers/STM32N6xx_HAL_Driver/Src/stm32n6xx_hal_sai.c ****   {
 4113              		.loc 1 2520 11 is_stmt 0 view .LVU1484
 4114 0000 B0F87E20 		ldrh	r2, [r0, #126]
2519:../../STM32Cube_FW_N6/Drivers/STM32N6xx_HAL_Driver/Src/stm32n6xx_hal_sai.c ****   if (hsai->XferCount == 0U)
 4115              		.loc 1 2519 1 view .LVU1485
 4116 0004 0346     		mov	r3, r0
 4117 0006 10B4     		push	{r4}
 4118              		.cfi_def_cfa_offset 4
 4119              		.cfi_offset 4, -4
2520:../../STM32Cube_FW_N6/Drivers/STM32N6xx_HAL_Driver/Src/stm32n6xx_hal_sai.c ****   {
 4120              		.loc 1 2520 6 view .LVU1486
 4121 0008 1AB9     		cbnz	r2, .L447
2539:../../STM32Cube_FW_N6/Drivers/STM32N6xx_HAL_Driver/Src/stm32n6xx_hal_sai.c **** 
 4122              		.loc 1 2539 1 view .LVU1487
 4123 000a 5DF8044B 		ldr	r4, [sp], #4
 4124              		.cfi_remember_state
 4125              		.cfi_restore 4
 4126              		.cfi_def_cfa_offset 0
 4127 000e FFF7FEBF 		b	SAI_Transmit_IT8Bit.part.0
 4128              	.LVL269:
 4129              	.L447:
 4130              		.cfi_restore_state
2535:../../STM32Cube_FW_N6/Drivers/STM32N6xx_HAL_Driver/Src/stm32n6xx_hal_sai.c ****     hsai->pBuffPtr++;
 4131              		.loc 1 2535 5 is_stmt 1 view .LVU1488
2535:../../STM32Cube_FW_N6/Drivers/STM32N6xx_HAL_Driver/Src/stm32n6xx_hal_sai.c ****     hsai->pBuffPtr++;
 4132              		.loc 1 2535 26 is_stmt 0 view .LVU1489
 4133 0012 996F     		ldr	r1, [r3, #120]
2535:../../STM32Cube_FW_N6/Drivers/STM32N6xx_HAL_Driver/Src/stm32n6xx_hal_sai.c ****     hsai->pBuffPtr++;
 4134              		.loc 1 2535 9 view .LVU1490
 4135 0014 0068     		ldr	r0, [r0]
 4136              	.LVL270:
2535:../../STM32Cube_FW_N6/Drivers/STM32N6xx_HAL_Driver/Src/stm32n6xx_hal_sai.c ****     hsai->pBuffPtr++;
 4137              		.loc 1 2535 26 view .LVU1491
 4138 0016 11F8014B 		ldrb	r4, [r1], #1	@ zero_extendqisi2
2537:../../STM32Cube_FW_N6/Drivers/STM32N6xx_HAL_Driver/Src/stm32n6xx_hal_sai.c ****   }
 4139              		.loc 1 2537 20 view .LVU1492
 4140 001a 013A     		subs	r2, r2, #1
2535:../../STM32Cube_FW_N6/Drivers/STM32N6xx_HAL_Driver/Src/stm32n6xx_hal_sai.c ****     hsai->pBuffPtr++;
 4141              		.loc 1 2535 24 view .LVU1493
 4142 001c C461     		str	r4, [r0, #28]
2536:../../STM32Cube_FW_N6/Drivers/STM32N6xx_HAL_Driver/Src/stm32n6xx_hal_sai.c ****     hsai->XferCount--;
 4143              		.loc 1 2536 5 is_stmt 1 view .LVU1494
ARM GAS  C:\Users\Antonio\AppData\Local\Temp\ccmFwfsh.s 			page 144


2539:../../STM32Cube_FW_N6/Drivers/STM32N6xx_HAL_Driver/Src/stm32n6xx_hal_sai.c **** 
 4144              		.loc 1 2539 1 is_stmt 0 view .LVU1495
 4145 001e 5DF8044B 		ldr	r4, [sp], #4
 4146              		.cfi_restore 4
 4147              		.cfi_def_cfa_offset 0
2536:../../STM32Cube_FW_N6/Drivers/STM32N6xx_HAL_Driver/Src/stm32n6xx_hal_sai.c ****     hsai->XferCount--;
 4148              		.loc 1 2536 19 view .LVU1496
 4149 0022 9967     		str	r1, [r3, #120]
2537:../../STM32Cube_FW_N6/Drivers/STM32N6xx_HAL_Driver/Src/stm32n6xx_hal_sai.c ****   }
 4150              		.loc 1 2537 5 is_stmt 1 view .LVU1497
2537:../../STM32Cube_FW_N6/Drivers/STM32N6xx_HAL_Driver/Src/stm32n6xx_hal_sai.c ****   }
 4151              		.loc 1 2537 20 is_stmt 0 view .LVU1498
 4152 0024 A3F87E20 		strh	r2, [r3, #126]	@ movhi
2539:../../STM32Cube_FW_N6/Drivers/STM32N6xx_HAL_Driver/Src/stm32n6xx_hal_sai.c **** 
 4153              		.loc 1 2539 1 view .LVU1499
 4154 0028 7047     		bx	lr
 4155              		.cfi_endproc
 4156              	.LFE869:
 4158              		.section	.text.SAI_Transmit_IT16Bit,"ax",%progbits
 4159              		.align	1
 4160              		.syntax unified
 4161              		.thumb
 4162              		.thumb_func
 4164              	SAI_Transmit_IT16Bit:
 4165              	.LVL271:
 4166              	.LFB870:
2548:../../STM32Cube_FW_N6/Drivers/STM32N6xx_HAL_Driver/Src/stm32n6xx_hal_sai.c ****   if (hsai->XferCount == 0U)
 4167              		.loc 1 2548 1 is_stmt 1 view -0
 4168              		.cfi_startproc
 4169              		@ args = 0, pretend = 0, frame = 0
 4170              		@ frame_needed = 0, uses_anonymous_args = 0
 4171              		@ link register save eliminated.
2549:../../STM32Cube_FW_N6/Drivers/STM32N6xx_HAL_Driver/Src/stm32n6xx_hal_sai.c ****   {
 4172              		.loc 1 2549 3 view .LVU1501
2549:../../STM32Cube_FW_N6/Drivers/STM32N6xx_HAL_Driver/Src/stm32n6xx_hal_sai.c ****   {
 4173              		.loc 1 2549 11 is_stmt 0 view .LVU1502
 4174 0000 B0F87E10 		ldrh	r1, [r0, #126]
2548:../../STM32Cube_FW_N6/Drivers/STM32N6xx_HAL_Driver/Src/stm32n6xx_hal_sai.c ****   if (hsai->XferCount == 0U)
 4175              		.loc 1 2548 1 view .LVU1503
 4176 0004 0346     		mov	r3, r0
 4177 0006 10B4     		push	{r4}
 4178              		.cfi_def_cfa_offset 4
 4179              		.cfi_offset 4, -4
2549:../../STM32Cube_FW_N6/Drivers/STM32N6xx_HAL_Driver/Src/stm32n6xx_hal_sai.c ****   {
 4180              		.loc 1 2549 6 view .LVU1504
 4181 0008 19B9     		cbnz	r1, .L449
2572:../../STM32Cube_FW_N6/Drivers/STM32N6xx_HAL_Driver/Src/stm32n6xx_hal_sai.c **** 
 4182              		.loc 1 2572 1 view .LVU1505
 4183 000a 5DF8044B 		ldr	r4, [sp], #4
 4184              		.cfi_remember_state
 4185              		.cfi_restore 4
 4186              		.cfi_def_cfa_offset 0
 4187 000e FFF7FEBF 		b	SAI_Transmit_IT16Bit.part.0
 4188              	.LVL272:
 4189              	.L449:
 4190              		.cfi_restore_state
 4191              	.LBB34:
ARM GAS  C:\Users\Antonio\AppData\Local\Temp\ccmFwfsh.s 			page 145


2564:../../STM32Cube_FW_N6/Drivers/STM32N6xx_HAL_Driver/Src/stm32n6xx_hal_sai.c ****     temp = (uint32_t)(*hsai->pBuffPtr);
 4192              		.loc 1 2564 5 is_stmt 1 view .LVU1506
2565:../../STM32Cube_FW_N6/Drivers/STM32N6xx_HAL_Driver/Src/stm32n6xx_hal_sai.c ****     hsai->pBuffPtr++;
 4193              		.loc 1 2565 5 view .LVU1507
2565:../../STM32Cube_FW_N6/Drivers/STM32N6xx_HAL_Driver/Src/stm32n6xx_hal_sai.c ****     hsai->pBuffPtr++;
 4194              		.loc 1 2565 28 is_stmt 0 view .LVU1508
 4195 0012 826F     		ldr	r2, [r0, #120]
2570:../../STM32Cube_FW_N6/Drivers/STM32N6xx_HAL_Driver/Src/stm32n6xx_hal_sai.c ****   }
 4196              		.loc 1 2570 20 view .LVU1509
 4197 0014 0139     		subs	r1, r1, #1
2565:../../STM32Cube_FW_N6/Drivers/STM32N6xx_HAL_Driver/Src/stm32n6xx_hal_sai.c ****     hsai->pBuffPtr++;
 4198              		.loc 1 2565 10 view .LVU1510
 4199 0016 1446     		mov	r4, r2
 4200 0018 14F8010B 		ldrb	r0, [r4], #1	@ zero_extendqisi2
 4201              	.LVL273:
2566:../../STM32Cube_FW_N6/Drivers/STM32N6xx_HAL_Driver/Src/stm32n6xx_hal_sai.c ****     temp |= ((uint32_t)(*hsai->pBuffPtr) << 8);
 4202              		.loc 1 2566 5 is_stmt 1 view .LVU1511
2568:../../STM32Cube_FW_N6/Drivers/STM32N6xx_HAL_Driver/Src/stm32n6xx_hal_sai.c ****     hsai->Instance->DR = temp;
 4203              		.loc 1 2568 19 is_stmt 0 view .LVU1512
 4204 001c 0232     		adds	r2, r2, #2
2566:../../STM32Cube_FW_N6/Drivers/STM32N6xx_HAL_Driver/Src/stm32n6xx_hal_sai.c ****     temp |= ((uint32_t)(*hsai->pBuffPtr) << 8);
 4205              		.loc 1 2566 19 view .LVU1513
 4206 001e 9C67     		str	r4, [r3, #120]
2567:../../STM32Cube_FW_N6/Drivers/STM32N6xx_HAL_Driver/Src/stm32n6xx_hal_sai.c ****     hsai->pBuffPtr++;
 4207              		.loc 1 2567 5 is_stmt 1 view .LVU1514
2567:../../STM32Cube_FW_N6/Drivers/STM32N6xx_HAL_Driver/Src/stm32n6xx_hal_sai.c ****     hsai->pBuffPtr++;
 4208              		.loc 1 2567 14 is_stmt 0 view .LVU1515
 4209 0020 12F8014C 		ldrb	r4, [r2, #-1]	@ zero_extendqisi2
2568:../../STM32Cube_FW_N6/Drivers/STM32N6xx_HAL_Driver/Src/stm32n6xx_hal_sai.c ****     hsai->Instance->DR = temp;
 4210              		.loc 1 2568 19 view .LVU1516
 4211 0024 9A67     		str	r2, [r3, #120]
2569:../../STM32Cube_FW_N6/Drivers/STM32N6xx_HAL_Driver/Src/stm32n6xx_hal_sai.c ****     hsai->XferCount--;
 4212              		.loc 1 2569 9 view .LVU1517
 4213 0026 1A68     		ldr	r2, [r3]
2567:../../STM32Cube_FW_N6/Drivers/STM32N6xx_HAL_Driver/Src/stm32n6xx_hal_sai.c ****     hsai->pBuffPtr++;
 4214              		.loc 1 2567 10 view .LVU1518
 4215 0028 40EA0420 		orr	r0, r0, r4, lsl #8
 4216              	.LVL274:
2568:../../STM32Cube_FW_N6/Drivers/STM32N6xx_HAL_Driver/Src/stm32n6xx_hal_sai.c ****     hsai->Instance->DR = temp;
 4217              		.loc 1 2568 5 is_stmt 1 view .LVU1519
2569:../../STM32Cube_FW_N6/Drivers/STM32N6xx_HAL_Driver/Src/stm32n6xx_hal_sai.c ****     hsai->XferCount--;
 4218              		.loc 1 2569 5 view .LVU1520
2569:../../STM32Cube_FW_N6/Drivers/STM32N6xx_HAL_Driver/Src/stm32n6xx_hal_sai.c ****     hsai->XferCount--;
 4219              		.loc 1 2569 24 is_stmt 0 view .LVU1521
 4220 002c D061     		str	r0, [r2, #28]
2570:../../STM32Cube_FW_N6/Drivers/STM32N6xx_HAL_Driver/Src/stm32n6xx_hal_sai.c ****   }
 4221              		.loc 1 2570 5 is_stmt 1 view .LVU1522
 4222              	.LBE34:
2572:../../STM32Cube_FW_N6/Drivers/STM32N6xx_HAL_Driver/Src/stm32n6xx_hal_sai.c **** 
 4223              		.loc 1 2572 1 is_stmt 0 view .LVU1523
 4224 002e 5DF8044B 		ldr	r4, [sp], #4
 4225              		.cfi_restore 4
 4226              		.cfi_def_cfa_offset 0
 4227              	.LBB35:
2570:../../STM32Cube_FW_N6/Drivers/STM32N6xx_HAL_Driver/Src/stm32n6xx_hal_sai.c ****   }
 4228              		.loc 1 2570 20 view .LVU1524
 4229 0032 A3F87E10 		strh	r1, [r3, #126]	@ movhi
ARM GAS  C:\Users\Antonio\AppData\Local\Temp\ccmFwfsh.s 			page 146


 4230              	.LBE35:
2572:../../STM32Cube_FW_N6/Drivers/STM32N6xx_HAL_Driver/Src/stm32n6xx_hal_sai.c **** 
 4231              		.loc 1 2572 1 view .LVU1525
 4232 0036 7047     		bx	lr
 4233              		.cfi_endproc
 4234              	.LFE870:
 4236              		.section	.text.SAI_DMATxCplt,"ax",%progbits
 4237              		.align	1
 4238              		.syntax unified
 4239              		.thumb
 4240              		.thumb_func
 4242              	SAI_DMATxCplt:
 4243              	.LVL275:
 4244              	.LFB875:
2610:../../STM32Cube_FW_N6/Drivers/STM32N6xx_HAL_Driver/Src/stm32n6xx_hal_sai.c **** 
2611:../../STM32Cube_FW_N6/Drivers/STM32N6xx_HAL_Driver/Src/stm32n6xx_hal_sai.c **** /**
2612:../../STM32Cube_FW_N6/Drivers/STM32N6xx_HAL_Driver/Src/stm32n6xx_hal_sai.c ****   * @brief  Rx Handler for Receive in Interrupt mode 8-Bit transfer.
2613:../../STM32Cube_FW_N6/Drivers/STM32N6xx_HAL_Driver/Src/stm32n6xx_hal_sai.c ****   * @param  hsai pointer to a SAI_HandleTypeDef structure that contains
2614:../../STM32Cube_FW_N6/Drivers/STM32N6xx_HAL_Driver/Src/stm32n6xx_hal_sai.c ****   *              the configuration information for SAI module.
2615:../../STM32Cube_FW_N6/Drivers/STM32N6xx_HAL_Driver/Src/stm32n6xx_hal_sai.c ****   * @retval None
2616:../../STM32Cube_FW_N6/Drivers/STM32N6xx_HAL_Driver/Src/stm32n6xx_hal_sai.c ****   */
2617:../../STM32Cube_FW_N6/Drivers/STM32N6xx_HAL_Driver/Src/stm32n6xx_hal_sai.c **** static void SAI_Receive_IT8Bit(SAI_HandleTypeDef *hsai)
2618:../../STM32Cube_FW_N6/Drivers/STM32N6xx_HAL_Driver/Src/stm32n6xx_hal_sai.c **** {
2619:../../STM32Cube_FW_N6/Drivers/STM32N6xx_HAL_Driver/Src/stm32n6xx_hal_sai.c ****   /* Receive data */
2620:../../STM32Cube_FW_N6/Drivers/STM32N6xx_HAL_Driver/Src/stm32n6xx_hal_sai.c ****   *hsai->pBuffPtr = (uint8_t)hsai->Instance->DR;
2621:../../STM32Cube_FW_N6/Drivers/STM32N6xx_HAL_Driver/Src/stm32n6xx_hal_sai.c ****   hsai->pBuffPtr++;
2622:../../STM32Cube_FW_N6/Drivers/STM32N6xx_HAL_Driver/Src/stm32n6xx_hal_sai.c ****   hsai->XferCount--;
2623:../../STM32Cube_FW_N6/Drivers/STM32N6xx_HAL_Driver/Src/stm32n6xx_hal_sai.c **** 
2624:../../STM32Cube_FW_N6/Drivers/STM32N6xx_HAL_Driver/Src/stm32n6xx_hal_sai.c ****   /* Check end of the transfer */
2625:../../STM32Cube_FW_N6/Drivers/STM32N6xx_HAL_Driver/Src/stm32n6xx_hal_sai.c ****   if (hsai->XferCount == 0U)
2626:../../STM32Cube_FW_N6/Drivers/STM32N6xx_HAL_Driver/Src/stm32n6xx_hal_sai.c ****   {
2627:../../STM32Cube_FW_N6/Drivers/STM32N6xx_HAL_Driver/Src/stm32n6xx_hal_sai.c ****     /* Disable TXE and OVRUDR interrupts */
2628:../../STM32Cube_FW_N6/Drivers/STM32N6xx_HAL_Driver/Src/stm32n6xx_hal_sai.c ****     __HAL_SAI_DISABLE_IT(hsai, SAI_InterruptFlag(hsai, SAI_MODE_IT));
2629:../../STM32Cube_FW_N6/Drivers/STM32N6xx_HAL_Driver/Src/stm32n6xx_hal_sai.c **** 
2630:../../STM32Cube_FW_N6/Drivers/STM32N6xx_HAL_Driver/Src/stm32n6xx_hal_sai.c ****     /* Clear the SAI Overrun flag */
2631:../../STM32Cube_FW_N6/Drivers/STM32N6xx_HAL_Driver/Src/stm32n6xx_hal_sai.c ****     __HAL_SAI_CLEAR_FLAG(hsai, SAI_FLAG_OVRUDR);
2632:../../STM32Cube_FW_N6/Drivers/STM32N6xx_HAL_Driver/Src/stm32n6xx_hal_sai.c **** 
2633:../../STM32Cube_FW_N6/Drivers/STM32N6xx_HAL_Driver/Src/stm32n6xx_hal_sai.c ****     hsai->State = HAL_SAI_STATE_READY;
2634:../../STM32Cube_FW_N6/Drivers/STM32N6xx_HAL_Driver/Src/stm32n6xx_hal_sai.c **** #if (USE_HAL_SAI_REGISTER_CALLBACKS == 1)
2635:../../STM32Cube_FW_N6/Drivers/STM32N6xx_HAL_Driver/Src/stm32n6xx_hal_sai.c ****     hsai->RxCpltCallback(hsai);
2636:../../STM32Cube_FW_N6/Drivers/STM32N6xx_HAL_Driver/Src/stm32n6xx_hal_sai.c **** #else
2637:../../STM32Cube_FW_N6/Drivers/STM32N6xx_HAL_Driver/Src/stm32n6xx_hal_sai.c ****     HAL_SAI_RxCpltCallback(hsai);
2638:../../STM32Cube_FW_N6/Drivers/STM32N6xx_HAL_Driver/Src/stm32n6xx_hal_sai.c **** #endif /* USE_HAL_SAI_REGISTER_CALLBACKS */
2639:../../STM32Cube_FW_N6/Drivers/STM32N6xx_HAL_Driver/Src/stm32n6xx_hal_sai.c ****   }
2640:../../STM32Cube_FW_N6/Drivers/STM32N6xx_HAL_Driver/Src/stm32n6xx_hal_sai.c **** }
2641:../../STM32Cube_FW_N6/Drivers/STM32N6xx_HAL_Driver/Src/stm32n6xx_hal_sai.c **** 
2642:../../STM32Cube_FW_N6/Drivers/STM32N6xx_HAL_Driver/Src/stm32n6xx_hal_sai.c **** /**
2643:../../STM32Cube_FW_N6/Drivers/STM32N6xx_HAL_Driver/Src/stm32n6xx_hal_sai.c ****   * @brief  Rx Handler for Receive in Interrupt mode for 16-Bit transfer.
2644:../../STM32Cube_FW_N6/Drivers/STM32N6xx_HAL_Driver/Src/stm32n6xx_hal_sai.c ****   * @param  hsai pointer to a SAI_HandleTypeDef structure that contains
2645:../../STM32Cube_FW_N6/Drivers/STM32N6xx_HAL_Driver/Src/stm32n6xx_hal_sai.c ****   *              the configuration information for SAI module.
2646:../../STM32Cube_FW_N6/Drivers/STM32N6xx_HAL_Driver/Src/stm32n6xx_hal_sai.c ****   * @retval None
2647:../../STM32Cube_FW_N6/Drivers/STM32N6xx_HAL_Driver/Src/stm32n6xx_hal_sai.c ****   */
2648:../../STM32Cube_FW_N6/Drivers/STM32N6xx_HAL_Driver/Src/stm32n6xx_hal_sai.c **** static void SAI_Receive_IT16Bit(SAI_HandleTypeDef *hsai)
2649:../../STM32Cube_FW_N6/Drivers/STM32N6xx_HAL_Driver/Src/stm32n6xx_hal_sai.c **** {
2650:../../STM32Cube_FW_N6/Drivers/STM32N6xx_HAL_Driver/Src/stm32n6xx_hal_sai.c ****   uint32_t temp;
2651:../../STM32Cube_FW_N6/Drivers/STM32N6xx_HAL_Driver/Src/stm32n6xx_hal_sai.c **** 
2652:../../STM32Cube_FW_N6/Drivers/STM32N6xx_HAL_Driver/Src/stm32n6xx_hal_sai.c ****   /* Receive data */
ARM GAS  C:\Users\Antonio\AppData\Local\Temp\ccmFwfsh.s 			page 147


2653:../../STM32Cube_FW_N6/Drivers/STM32N6xx_HAL_Driver/Src/stm32n6xx_hal_sai.c ****   temp = hsai->Instance->DR;
2654:../../STM32Cube_FW_N6/Drivers/STM32N6xx_HAL_Driver/Src/stm32n6xx_hal_sai.c ****   *hsai->pBuffPtr = (uint8_t)temp;
2655:../../STM32Cube_FW_N6/Drivers/STM32N6xx_HAL_Driver/Src/stm32n6xx_hal_sai.c ****   hsai->pBuffPtr++;
2656:../../STM32Cube_FW_N6/Drivers/STM32N6xx_HAL_Driver/Src/stm32n6xx_hal_sai.c ****   *hsai->pBuffPtr = (uint8_t)(temp >> 8);
2657:../../STM32Cube_FW_N6/Drivers/STM32N6xx_HAL_Driver/Src/stm32n6xx_hal_sai.c ****   hsai->pBuffPtr++;
2658:../../STM32Cube_FW_N6/Drivers/STM32N6xx_HAL_Driver/Src/stm32n6xx_hal_sai.c ****   hsai->XferCount--;
2659:../../STM32Cube_FW_N6/Drivers/STM32N6xx_HAL_Driver/Src/stm32n6xx_hal_sai.c **** 
2660:../../STM32Cube_FW_N6/Drivers/STM32N6xx_HAL_Driver/Src/stm32n6xx_hal_sai.c ****   /* Check end of the transfer */
2661:../../STM32Cube_FW_N6/Drivers/STM32N6xx_HAL_Driver/Src/stm32n6xx_hal_sai.c ****   if (hsai->XferCount == 0U)
2662:../../STM32Cube_FW_N6/Drivers/STM32N6xx_HAL_Driver/Src/stm32n6xx_hal_sai.c ****   {
2663:../../STM32Cube_FW_N6/Drivers/STM32N6xx_HAL_Driver/Src/stm32n6xx_hal_sai.c ****     /* Disable TXE and OVRUDR interrupts */
2664:../../STM32Cube_FW_N6/Drivers/STM32N6xx_HAL_Driver/Src/stm32n6xx_hal_sai.c ****     __HAL_SAI_DISABLE_IT(hsai, SAI_InterruptFlag(hsai, SAI_MODE_IT));
2665:../../STM32Cube_FW_N6/Drivers/STM32N6xx_HAL_Driver/Src/stm32n6xx_hal_sai.c **** 
2666:../../STM32Cube_FW_N6/Drivers/STM32N6xx_HAL_Driver/Src/stm32n6xx_hal_sai.c ****     /* Clear the SAI Overrun flag */
2667:../../STM32Cube_FW_N6/Drivers/STM32N6xx_HAL_Driver/Src/stm32n6xx_hal_sai.c ****     __HAL_SAI_CLEAR_FLAG(hsai, SAI_FLAG_OVRUDR);
2668:../../STM32Cube_FW_N6/Drivers/STM32N6xx_HAL_Driver/Src/stm32n6xx_hal_sai.c **** 
2669:../../STM32Cube_FW_N6/Drivers/STM32N6xx_HAL_Driver/Src/stm32n6xx_hal_sai.c ****     hsai->State = HAL_SAI_STATE_READY;
2670:../../STM32Cube_FW_N6/Drivers/STM32N6xx_HAL_Driver/Src/stm32n6xx_hal_sai.c **** #if (USE_HAL_SAI_REGISTER_CALLBACKS == 1)
2671:../../STM32Cube_FW_N6/Drivers/STM32N6xx_HAL_Driver/Src/stm32n6xx_hal_sai.c ****     hsai->RxCpltCallback(hsai);
2672:../../STM32Cube_FW_N6/Drivers/STM32N6xx_HAL_Driver/Src/stm32n6xx_hal_sai.c **** #else
2673:../../STM32Cube_FW_N6/Drivers/STM32N6xx_HAL_Driver/Src/stm32n6xx_hal_sai.c ****     HAL_SAI_RxCpltCallback(hsai);
2674:../../STM32Cube_FW_N6/Drivers/STM32N6xx_HAL_Driver/Src/stm32n6xx_hal_sai.c **** #endif /* USE_HAL_SAI_REGISTER_CALLBACKS */
2675:../../STM32Cube_FW_N6/Drivers/STM32N6xx_HAL_Driver/Src/stm32n6xx_hal_sai.c ****   }
2676:../../STM32Cube_FW_N6/Drivers/STM32N6xx_HAL_Driver/Src/stm32n6xx_hal_sai.c **** }
2677:../../STM32Cube_FW_N6/Drivers/STM32N6xx_HAL_Driver/Src/stm32n6xx_hal_sai.c **** 
2678:../../STM32Cube_FW_N6/Drivers/STM32N6xx_HAL_Driver/Src/stm32n6xx_hal_sai.c **** /**
2679:../../STM32Cube_FW_N6/Drivers/STM32N6xx_HAL_Driver/Src/stm32n6xx_hal_sai.c ****   * @brief  Rx Handler for Receive in Interrupt mode for 32-Bit transfer.
2680:../../STM32Cube_FW_N6/Drivers/STM32N6xx_HAL_Driver/Src/stm32n6xx_hal_sai.c ****   * @param  hsai pointer to a SAI_HandleTypeDef structure that contains
2681:../../STM32Cube_FW_N6/Drivers/STM32N6xx_HAL_Driver/Src/stm32n6xx_hal_sai.c ****   *              the configuration information for SAI module.
2682:../../STM32Cube_FW_N6/Drivers/STM32N6xx_HAL_Driver/Src/stm32n6xx_hal_sai.c ****   * @retval None
2683:../../STM32Cube_FW_N6/Drivers/STM32N6xx_HAL_Driver/Src/stm32n6xx_hal_sai.c ****   */
2684:../../STM32Cube_FW_N6/Drivers/STM32N6xx_HAL_Driver/Src/stm32n6xx_hal_sai.c **** static void SAI_Receive_IT32Bit(SAI_HandleTypeDef *hsai)
2685:../../STM32Cube_FW_N6/Drivers/STM32N6xx_HAL_Driver/Src/stm32n6xx_hal_sai.c **** {
2686:../../STM32Cube_FW_N6/Drivers/STM32N6xx_HAL_Driver/Src/stm32n6xx_hal_sai.c ****   uint32_t temp;
2687:../../STM32Cube_FW_N6/Drivers/STM32N6xx_HAL_Driver/Src/stm32n6xx_hal_sai.c **** 
2688:../../STM32Cube_FW_N6/Drivers/STM32N6xx_HAL_Driver/Src/stm32n6xx_hal_sai.c ****   /* Receive data */
2689:../../STM32Cube_FW_N6/Drivers/STM32N6xx_HAL_Driver/Src/stm32n6xx_hal_sai.c ****   temp = hsai->Instance->DR;
2690:../../STM32Cube_FW_N6/Drivers/STM32N6xx_HAL_Driver/Src/stm32n6xx_hal_sai.c ****   *hsai->pBuffPtr = (uint8_t)temp;
2691:../../STM32Cube_FW_N6/Drivers/STM32N6xx_HAL_Driver/Src/stm32n6xx_hal_sai.c ****   hsai->pBuffPtr++;
2692:../../STM32Cube_FW_N6/Drivers/STM32N6xx_HAL_Driver/Src/stm32n6xx_hal_sai.c ****   *hsai->pBuffPtr = (uint8_t)(temp >> 8);
2693:../../STM32Cube_FW_N6/Drivers/STM32N6xx_HAL_Driver/Src/stm32n6xx_hal_sai.c ****   hsai->pBuffPtr++;
2694:../../STM32Cube_FW_N6/Drivers/STM32N6xx_HAL_Driver/Src/stm32n6xx_hal_sai.c ****   *hsai->pBuffPtr = (uint8_t)(temp >> 16);
2695:../../STM32Cube_FW_N6/Drivers/STM32N6xx_HAL_Driver/Src/stm32n6xx_hal_sai.c ****   hsai->pBuffPtr++;
2696:../../STM32Cube_FW_N6/Drivers/STM32N6xx_HAL_Driver/Src/stm32n6xx_hal_sai.c ****   *hsai->pBuffPtr = (uint8_t)(temp >> 24);
2697:../../STM32Cube_FW_N6/Drivers/STM32N6xx_HAL_Driver/Src/stm32n6xx_hal_sai.c ****   hsai->pBuffPtr++;
2698:../../STM32Cube_FW_N6/Drivers/STM32N6xx_HAL_Driver/Src/stm32n6xx_hal_sai.c ****   hsai->XferCount--;
2699:../../STM32Cube_FW_N6/Drivers/STM32N6xx_HAL_Driver/Src/stm32n6xx_hal_sai.c **** 
2700:../../STM32Cube_FW_N6/Drivers/STM32N6xx_HAL_Driver/Src/stm32n6xx_hal_sai.c ****   /* Check end of the transfer */
2701:../../STM32Cube_FW_N6/Drivers/STM32N6xx_HAL_Driver/Src/stm32n6xx_hal_sai.c ****   if (hsai->XferCount == 0U)
2702:../../STM32Cube_FW_N6/Drivers/STM32N6xx_HAL_Driver/Src/stm32n6xx_hal_sai.c ****   {
2703:../../STM32Cube_FW_N6/Drivers/STM32N6xx_HAL_Driver/Src/stm32n6xx_hal_sai.c ****     /* Disable TXE and OVRUDR interrupts */
2704:../../STM32Cube_FW_N6/Drivers/STM32N6xx_HAL_Driver/Src/stm32n6xx_hal_sai.c ****     __HAL_SAI_DISABLE_IT(hsai, SAI_InterruptFlag(hsai, SAI_MODE_IT));
2705:../../STM32Cube_FW_N6/Drivers/STM32N6xx_HAL_Driver/Src/stm32n6xx_hal_sai.c **** 
2706:../../STM32Cube_FW_N6/Drivers/STM32N6xx_HAL_Driver/Src/stm32n6xx_hal_sai.c ****     /* Clear the SAI Overrun flag */
2707:../../STM32Cube_FW_N6/Drivers/STM32N6xx_HAL_Driver/Src/stm32n6xx_hal_sai.c ****     __HAL_SAI_CLEAR_FLAG(hsai, SAI_FLAG_OVRUDR);
2708:../../STM32Cube_FW_N6/Drivers/STM32N6xx_HAL_Driver/Src/stm32n6xx_hal_sai.c **** 
2709:../../STM32Cube_FW_N6/Drivers/STM32N6xx_HAL_Driver/Src/stm32n6xx_hal_sai.c ****     hsai->State = HAL_SAI_STATE_READY;
ARM GAS  C:\Users\Antonio\AppData\Local\Temp\ccmFwfsh.s 			page 148


2710:../../STM32Cube_FW_N6/Drivers/STM32N6xx_HAL_Driver/Src/stm32n6xx_hal_sai.c **** #if (USE_HAL_SAI_REGISTER_CALLBACKS == 1)
2711:../../STM32Cube_FW_N6/Drivers/STM32N6xx_HAL_Driver/Src/stm32n6xx_hal_sai.c ****     hsai->RxCpltCallback(hsai);
2712:../../STM32Cube_FW_N6/Drivers/STM32N6xx_HAL_Driver/Src/stm32n6xx_hal_sai.c **** #else
2713:../../STM32Cube_FW_N6/Drivers/STM32N6xx_HAL_Driver/Src/stm32n6xx_hal_sai.c ****     HAL_SAI_RxCpltCallback(hsai);
2714:../../STM32Cube_FW_N6/Drivers/STM32N6xx_HAL_Driver/Src/stm32n6xx_hal_sai.c **** #endif /* USE_HAL_SAI_REGISTER_CALLBACKS */
2715:../../STM32Cube_FW_N6/Drivers/STM32N6xx_HAL_Driver/Src/stm32n6xx_hal_sai.c ****   }
2716:../../STM32Cube_FW_N6/Drivers/STM32N6xx_HAL_Driver/Src/stm32n6xx_hal_sai.c **** }
2717:../../STM32Cube_FW_N6/Drivers/STM32N6xx_HAL_Driver/Src/stm32n6xx_hal_sai.c **** 
2718:../../STM32Cube_FW_N6/Drivers/STM32N6xx_HAL_Driver/Src/stm32n6xx_hal_sai.c **** /**
2719:../../STM32Cube_FW_N6/Drivers/STM32N6xx_HAL_Driver/Src/stm32n6xx_hal_sai.c ****   * @brief  DMA SAI transmit process complete callback.
2720:../../STM32Cube_FW_N6/Drivers/STM32N6xx_HAL_Driver/Src/stm32n6xx_hal_sai.c ****   * @param  hdma pointer to a DMA_HandleTypeDef structure that contains
2721:../../STM32Cube_FW_N6/Drivers/STM32N6xx_HAL_Driver/Src/stm32n6xx_hal_sai.c ****   *              the configuration information for the specified DMA module.
2722:../../STM32Cube_FW_N6/Drivers/STM32N6xx_HAL_Driver/Src/stm32n6xx_hal_sai.c ****   * @retval None
2723:../../STM32Cube_FW_N6/Drivers/STM32N6xx_HAL_Driver/Src/stm32n6xx_hal_sai.c ****   */
2724:../../STM32Cube_FW_N6/Drivers/STM32N6xx_HAL_Driver/Src/stm32n6xx_hal_sai.c **** static void SAI_DMATxCplt(DMA_HandleTypeDef *hdma)
2725:../../STM32Cube_FW_N6/Drivers/STM32N6xx_HAL_Driver/Src/stm32n6xx_hal_sai.c **** {
 4245              		.loc 1 2725 1 is_stmt 1 view -0
 4246              		.cfi_startproc
 4247              		@ args = 0, pretend = 0, frame = 0
 4248              		@ frame_needed = 0, uses_anonymous_args = 0
2726:../../STM32Cube_FW_N6/Drivers/STM32N6xx_HAL_Driver/Src/stm32n6xx_hal_sai.c ****   SAI_HandleTypeDef *hsai = (SAI_HandleTypeDef *)((DMA_HandleTypeDef *)hdma)->Parent;
 4249              		.loc 1 2726 3 view .LVU1527
2725:../../STM32Cube_FW_N6/Drivers/STM32N6xx_HAL_Driver/Src/stm32n6xx_hal_sai.c ****   SAI_HandleTypeDef *hsai = (SAI_HandleTypeDef *)((DMA_HandleTypeDef *)hdma)->Parent;
 4250              		.loc 1 2725 1 is_stmt 0 view .LVU1528
 4251 0000 38B5     		push	{r3, r4, r5, lr}
 4252              		.cfi_def_cfa_offset 16
 4253              		.cfi_offset 3, -16
 4254              		.cfi_offset 4, -12
 4255              		.cfi_offset 5, -8
 4256              		.cfi_offset 14, -4
2727:../../STM32Cube_FW_N6/Drivers/STM32N6xx_HAL_Driver/Src/stm32n6xx_hal_sai.c **** 
2728:../../STM32Cube_FW_N6/Drivers/STM32N6xx_HAL_Driver/Src/stm32n6xx_hal_sai.c ****   /* Check if DMA in circular mode */
2729:../../STM32Cube_FW_N6/Drivers/STM32N6xx_HAL_Driver/Src/stm32n6xx_hal_sai.c ****   if (hdma->Mode != DMA_LINKEDLIST_CIRCULAR)
 4257              		.loc 1 2729 6 view .LVU1529
 4258 0002 036D     		ldr	r3, [r0, #80]
2726:../../STM32Cube_FW_N6/Drivers/STM32N6xx_HAL_Driver/Src/stm32n6xx_hal_sai.c **** 
 4259              		.loc 1 2726 22 view .LVU1530
 4260 0004 C46D     		ldr	r4, [r0, #92]
 4261              	.LVL276:
 4262              		.loc 1 2729 3 is_stmt 1 view .LVU1531
 4263              		.loc 1 2729 6 is_stmt 0 view .LVU1532
 4264 0006 812B     		cmp	r3, #129
 4265 0008 11D0     		beq	.L451
2730:../../STM32Cube_FW_N6/Drivers/STM32N6xx_HAL_Driver/Src/stm32n6xx_hal_sai.c ****   {
2731:../../STM32Cube_FW_N6/Drivers/STM32N6xx_HAL_Driver/Src/stm32n6xx_hal_sai.c ****     hsai->XferCount = 0;
 4266              		.loc 1 2731 5 is_stmt 1 view .LVU1533
 4267              		.loc 1 2731 21 is_stmt 0 view .LVU1534
 4268 000a 0021     		movs	r1, #0
2732:../../STM32Cube_FW_N6/Drivers/STM32N6xx_HAL_Driver/Src/stm32n6xx_hal_sai.c **** 
2733:../../STM32Cube_FW_N6/Drivers/STM32N6xx_HAL_Driver/Src/stm32n6xx_hal_sai.c ****     /* Disable SAI Tx DMA Request */
2734:../../STM32Cube_FW_N6/Drivers/STM32N6xx_HAL_Driver/Src/stm32n6xx_hal_sai.c ****     hsai->Instance->CR1 &= (uint32_t)(~SAI_xCR1_DMAEN);
 4269              		.loc 1 2734 9 view .LVU1535
 4270 000c 2568     		ldr	r5, [r4]
2731:../../STM32Cube_FW_N6/Drivers/STM32N6xx_HAL_Driver/Src/stm32n6xx_hal_sai.c **** 
 4271              		.loc 1 2731 21 view .LVU1536
 4272 000e A4F87E10 		strh	r1, [r4, #126]	@ movhi
 4273              		.loc 1 2734 5 is_stmt 1 view .LVU1537
ARM GAS  C:\Users\Antonio\AppData\Local\Temp\ccmFwfsh.s 			page 149


 4274              		.loc 1 2734 19 is_stmt 0 view .LVU1538
 4275 0012 2B68     		ldr	r3, [r5]
2735:../../STM32Cube_FW_N6/Drivers/STM32N6xx_HAL_Driver/Src/stm32n6xx_hal_sai.c **** 
2736:../../STM32Cube_FW_N6/Drivers/STM32N6xx_HAL_Driver/Src/stm32n6xx_hal_sai.c ****     /* Stop the interrupts error handling */
2737:../../STM32Cube_FW_N6/Drivers/STM32N6xx_HAL_Driver/Src/stm32n6xx_hal_sai.c ****     __HAL_SAI_DISABLE_IT(hsai, SAI_InterruptFlag(hsai, SAI_MODE_DMA));
 4276              		.loc 1 2737 5 view .LVU1539
 4277 0014 2046     		mov	r0, r4
 4278              	.LVL277:
2734:../../STM32Cube_FW_N6/Drivers/STM32N6xx_HAL_Driver/Src/stm32n6xx_hal_sai.c **** 
 4279              		.loc 1 2734 25 view .LVU1540
 4280 0016 23F40033 		bic	r3, r3, #131072
 4281 001a 2B60     		str	r3, [r5]
 4282              		.loc 1 2737 5 is_stmt 1 view .LVU1541
 4283 001c FFF7FEFF 		bl	SAI_InterruptFlag
 4284              	.LVL278:
 4285              		.loc 1 2737 5 is_stmt 0 discriminator 1 view .LVU1542
 4286 0020 2B69     		ldr	r3, [r5, #16]
 4287 0022 23EA0003 		bic	r3, r3, r0
 4288 0026 2B61     		str	r3, [r5, #16]
2738:../../STM32Cube_FW_N6/Drivers/STM32N6xx_HAL_Driver/Src/stm32n6xx_hal_sai.c **** 
2739:../../STM32Cube_FW_N6/Drivers/STM32N6xx_HAL_Driver/Src/stm32n6xx_hal_sai.c ****     hsai->State = HAL_SAI_STATE_READY;
 4289              		.loc 1 2739 5 is_stmt 1 view .LVU1543
 4290              		.loc 1 2739 17 is_stmt 0 view .LVU1544
 4291 0028 0123     		movs	r3, #1
 4292 002a 84F89130 		strb	r3, [r4, #145]
 4293              	.L451:
2740:../../STM32Cube_FW_N6/Drivers/STM32N6xx_HAL_Driver/Src/stm32n6xx_hal_sai.c ****   }
2741:../../STM32Cube_FW_N6/Drivers/STM32N6xx_HAL_Driver/Src/stm32n6xx_hal_sai.c **** 
2742:../../STM32Cube_FW_N6/Drivers/STM32N6xx_HAL_Driver/Src/stm32n6xx_hal_sai.c **** #if (USE_HAL_SAI_REGISTER_CALLBACKS == 1)
2743:../../STM32Cube_FW_N6/Drivers/STM32N6xx_HAL_Driver/Src/stm32n6xx_hal_sai.c ****   hsai->TxCpltCallback(hsai);
2744:../../STM32Cube_FW_N6/Drivers/STM32N6xx_HAL_Driver/Src/stm32n6xx_hal_sai.c **** #else
2745:../../STM32Cube_FW_N6/Drivers/STM32N6xx_HAL_Driver/Src/stm32n6xx_hal_sai.c ****   HAL_SAI_TxCpltCallback(hsai);
 4294              		.loc 1 2745 3 is_stmt 1 view .LVU1545
 4295 002e 2046     		mov	r0, r4
 4296 0030 FFF7FEFF 		bl	HAL_SAI_TxCpltCallback
 4297              	.LVL279:
2746:../../STM32Cube_FW_N6/Drivers/STM32N6xx_HAL_Driver/Src/stm32n6xx_hal_sai.c **** #endif /* USE_HAL_SAI_REGISTER_CALLBACKS */
2747:../../STM32Cube_FW_N6/Drivers/STM32N6xx_HAL_Driver/Src/stm32n6xx_hal_sai.c **** }
 4298              		.loc 1 2747 1 is_stmt 0 view .LVU1546
 4299 0034 38BD     		pop	{r3, r4, r5, pc}
 4300              		.loc 1 2747 1 view .LVU1547
 4301              		.cfi_endproc
 4302              	.LFE875:
 4304              		.section	.text.HAL_SAI_TxHalfCpltCallback,"ax",%progbits
 4305              		.align	1
 4306              		.weak	HAL_SAI_TxHalfCpltCallback
 4307              		.syntax unified
 4308              		.thumb
 4309              		.thumb_func
 4311              	HAL_SAI_TxHalfCpltCallback:
 4312              	.LFB888:
 4313              		.cfi_startproc
2124:../../STM32Cube_FW_N6/Drivers/STM32N6xx_HAL_Driver/Src/stm32n6xx_hal_sai.c **** {
 4314              		.loc 1 2124 13 is_stmt 1 view -0
 4315              		@ args = 0, pretend = 0, frame = 0
 4316              		@ frame_needed = 0, uses_anonymous_args = 0
 4317              		@ link register save eliminated.
ARM GAS  C:\Users\Antonio\AppData\Local\Temp\ccmFwfsh.s 			page 150


 4318 0000 7047     		bx	lr
 4319              		.cfi_endproc
 4320              	.LFE888:
 4322              		.section	.text.SAI_DMATxHalfCplt,"ax",%progbits
 4323              		.align	1
 4324              		.syntax unified
 4325              		.thumb
 4326              		.thumb_func
 4328              	SAI_DMATxHalfCplt:
 4329              	.LVL280:
 4330              	.LFB876:
2748:../../STM32Cube_FW_N6/Drivers/STM32N6xx_HAL_Driver/Src/stm32n6xx_hal_sai.c **** 
2749:../../STM32Cube_FW_N6/Drivers/STM32N6xx_HAL_Driver/Src/stm32n6xx_hal_sai.c **** /**
2750:../../STM32Cube_FW_N6/Drivers/STM32N6xx_HAL_Driver/Src/stm32n6xx_hal_sai.c ****   * @brief  DMA SAI transmit process half complete callback.
2751:../../STM32Cube_FW_N6/Drivers/STM32N6xx_HAL_Driver/Src/stm32n6xx_hal_sai.c ****   * @param  hdma pointer to a DMA_HandleTypeDef structure that contains
2752:../../STM32Cube_FW_N6/Drivers/STM32N6xx_HAL_Driver/Src/stm32n6xx_hal_sai.c ****   *              the configuration information for the specified DMA module.
2753:../../STM32Cube_FW_N6/Drivers/STM32N6xx_HAL_Driver/Src/stm32n6xx_hal_sai.c ****   * @retval None
2754:../../STM32Cube_FW_N6/Drivers/STM32N6xx_HAL_Driver/Src/stm32n6xx_hal_sai.c ****   */
2755:../../STM32Cube_FW_N6/Drivers/STM32N6xx_HAL_Driver/Src/stm32n6xx_hal_sai.c **** static void SAI_DMATxHalfCplt(DMA_HandleTypeDef *hdma)
2756:../../STM32Cube_FW_N6/Drivers/STM32N6xx_HAL_Driver/Src/stm32n6xx_hal_sai.c **** {
 4331              		.loc 1 2756 1 view -0
 4332              		.cfi_startproc
 4333              		@ args = 0, pretend = 0, frame = 0
 4334              		@ frame_needed = 0, uses_anonymous_args = 0
2757:../../STM32Cube_FW_N6/Drivers/STM32N6xx_HAL_Driver/Src/stm32n6xx_hal_sai.c ****   SAI_HandleTypeDef *hsai = (SAI_HandleTypeDef *)((DMA_HandleTypeDef *)hdma)->Parent;
 4335              		.loc 1 2757 3 view .LVU1550
2758:../../STM32Cube_FW_N6/Drivers/STM32N6xx_HAL_Driver/Src/stm32n6xx_hal_sai.c **** 
2759:../../STM32Cube_FW_N6/Drivers/STM32N6xx_HAL_Driver/Src/stm32n6xx_hal_sai.c **** #if (USE_HAL_SAI_REGISTER_CALLBACKS == 1)
2760:../../STM32Cube_FW_N6/Drivers/STM32N6xx_HAL_Driver/Src/stm32n6xx_hal_sai.c ****   hsai->TxHalfCpltCallback(hsai);
2761:../../STM32Cube_FW_N6/Drivers/STM32N6xx_HAL_Driver/Src/stm32n6xx_hal_sai.c **** #else
2762:../../STM32Cube_FW_N6/Drivers/STM32N6xx_HAL_Driver/Src/stm32n6xx_hal_sai.c ****   HAL_SAI_TxHalfCpltCallback(hsai);
 4336              		.loc 1 2762 3 view .LVU1551
2756:../../STM32Cube_FW_N6/Drivers/STM32N6xx_HAL_Driver/Src/stm32n6xx_hal_sai.c ****   SAI_HandleTypeDef *hsai = (SAI_HandleTypeDef *)((DMA_HandleTypeDef *)hdma)->Parent;
 4337              		.loc 1 2756 1 is_stmt 0 view .LVU1552
 4338 0000 08B5     		push	{r3, lr}
 4339              		.cfi_def_cfa_offset 8
 4340              		.cfi_offset 3, -8
 4341              		.cfi_offset 14, -4
 4342              		.loc 1 2762 3 view .LVU1553
 4343 0002 C06D     		ldr	r0, [r0, #92]
 4344              	.LVL281:
 4345              		.loc 1 2762 3 view .LVU1554
 4346 0004 FFF7FEFF 		bl	HAL_SAI_TxHalfCpltCallback
 4347              	.LVL282:
2763:../../STM32Cube_FW_N6/Drivers/STM32N6xx_HAL_Driver/Src/stm32n6xx_hal_sai.c **** #endif /* USE_HAL_SAI_REGISTER_CALLBACKS */
2764:../../STM32Cube_FW_N6/Drivers/STM32N6xx_HAL_Driver/Src/stm32n6xx_hal_sai.c **** }
 4348              		.loc 1 2764 1 view .LVU1555
 4349 0008 08BD     		pop	{r3, pc}
 4350              		.cfi_endproc
 4351              	.LFE876:
 4353              		.section	.text.HAL_SAI_RxCpltCallback,"ax",%progbits
 4354              		.align	1
 4355              		.weak	HAL_SAI_RxCpltCallback
 4356              		.syntax unified
 4357              		.thumb
 4358              		.thumb_func
 4360              	HAL_SAI_RxCpltCallback:
ARM GAS  C:\Users\Antonio\AppData\Local\Temp\ccmFwfsh.s 			page 151


 4361              	.LFB894:
 4362              		.cfi_startproc
2140:../../STM32Cube_FW_N6/Drivers/STM32N6xx_HAL_Driver/Src/stm32n6xx_hal_sai.c **** {
 4363              		.loc 1 2140 13 is_stmt 1 view -0
 4364              		@ args = 0, pretend = 0, frame = 0
 4365              		@ frame_needed = 0, uses_anonymous_args = 0
 4366              		@ link register save eliminated.
 4367 0000 7047     		bx	lr
 4368              		.cfi_endproc
 4369              	.LFE894:
 4371              		.section	.text.SAI_Receive_IT32Bit,"ax",%progbits
 4372              		.align	1
 4373              		.syntax unified
 4374              		.thumb
 4375              		.thumb_func
 4377              	SAI_Receive_IT32Bit:
 4378              	.LVL283:
 4379              	.LFB874:
2685:../../STM32Cube_FW_N6/Drivers/STM32N6xx_HAL_Driver/Src/stm32n6xx_hal_sai.c ****   uint32_t temp;
 4380              		.loc 1 2685 1 view -0
 4381              		.cfi_startproc
 4382              		@ args = 0, pretend = 0, frame = 0
 4383              		@ frame_needed = 0, uses_anonymous_args = 0
2686:../../STM32Cube_FW_N6/Drivers/STM32N6xx_HAL_Driver/Src/stm32n6xx_hal_sai.c **** 
 4384              		.loc 1 2686 3 view .LVU1558
2689:../../STM32Cube_FW_N6/Drivers/STM32N6xx_HAL_Driver/Src/stm32n6xx_hal_sai.c ****   *hsai->pBuffPtr = (uint8_t)temp;
 4385              		.loc 1 2689 3 view .LVU1559
2689:../../STM32Cube_FW_N6/Drivers/STM32N6xx_HAL_Driver/Src/stm32n6xx_hal_sai.c ****   *hsai->pBuffPtr = (uint8_t)temp;
 4386              		.loc 1 2689 14 is_stmt 0 view .LVU1560
 4387 0000 0368     		ldr	r3, [r0]
2690:../../STM32Cube_FW_N6/Drivers/STM32N6xx_HAL_Driver/Src/stm32n6xx_hal_sai.c ****   hsai->pBuffPtr++;
 4388              		.loc 1 2690 8 view .LVU1561
 4389 0002 826F     		ldr	r2, [r0, #120]
2689:../../STM32Cube_FW_N6/Drivers/STM32N6xx_HAL_Driver/Src/stm32n6xx_hal_sai.c ****   *hsai->pBuffPtr = (uint8_t)temp;
 4390              		.loc 1 2689 8 view .LVU1562
 4391 0004 DB69     		ldr	r3, [r3, #28]
 4392              	.LVL284:
2690:../../STM32Cube_FW_N6/Drivers/STM32N6xx_HAL_Driver/Src/stm32n6xx_hal_sai.c ****   hsai->pBuffPtr++;
 4393              		.loc 1 2690 3 is_stmt 1 view .LVU1563
2685:../../STM32Cube_FW_N6/Drivers/STM32N6xx_HAL_Driver/Src/stm32n6xx_hal_sai.c ****   uint32_t temp;
 4394              		.loc 1 2685 1 is_stmt 0 view .LVU1564
 4395 0006 10B5     		push	{r4, lr}
 4396              		.cfi_def_cfa_offset 8
 4397              		.cfi_offset 4, -8
 4398              		.cfi_offset 14, -4
2690:../../STM32Cube_FW_N6/Drivers/STM32N6xx_HAL_Driver/Src/stm32n6xx_hal_sai.c ****   hsai->pBuffPtr++;
 4399              		.loc 1 2690 21 view .LVU1565
 4400 0008 1370     		strb	r3, [r2]
2691:../../STM32Cube_FW_N6/Drivers/STM32N6xx_HAL_Driver/Src/stm32n6xx_hal_sai.c ****   *hsai->pBuffPtr = (uint8_t)(temp >> 8);
 4401              		.loc 1 2691 3 is_stmt 1 view .LVU1566
2691:../../STM32Cube_FW_N6/Drivers/STM32N6xx_HAL_Driver/Src/stm32n6xx_hal_sai.c ****   *hsai->pBuffPtr = (uint8_t)(temp >> 8);
 4402              		.loc 1 2691 7 is_stmt 0 view .LVU1567
 4403 000a 826F     		ldr	r2, [r0, #120]
2685:../../STM32Cube_FW_N6/Drivers/STM32N6xx_HAL_Driver/Src/stm32n6xx_hal_sai.c ****   uint32_t temp;
 4404              		.loc 1 2685 1 view .LVU1568
 4405 000c 0446     		mov	r4, r0
2691:../../STM32Cube_FW_N6/Drivers/STM32N6xx_HAL_Driver/Src/stm32n6xx_hal_sai.c ****   *hsai->pBuffPtr = (uint8_t)(temp >> 8);
ARM GAS  C:\Users\Antonio\AppData\Local\Temp\ccmFwfsh.s 			page 152


 4406              		.loc 1 2691 17 view .LVU1569
 4407 000e 511C     		adds	r1, r2, #1
 4408 0010 8167     		str	r1, [r0, #120]
2692:../../STM32Cube_FW_N6/Drivers/STM32N6xx_HAL_Driver/Src/stm32n6xx_hal_sai.c ****   hsai->pBuffPtr++;
 4409              		.loc 1 2692 3 is_stmt 1 view .LVU1570
2692:../../STM32Cube_FW_N6/Drivers/STM32N6xx_HAL_Driver/Src/stm32n6xx_hal_sai.c ****   hsai->pBuffPtr++;
 4410              		.loc 1 2692 36 is_stmt 0 view .LVU1571
 4411 0012 190A     		lsrs	r1, r3, #8
2692:../../STM32Cube_FW_N6/Drivers/STM32N6xx_HAL_Driver/Src/stm32n6xx_hal_sai.c ****   hsai->pBuffPtr++;
 4412              		.loc 1 2692 21 view .LVU1572
 4413 0014 5170     		strb	r1, [r2, #1]
2693:../../STM32Cube_FW_N6/Drivers/STM32N6xx_HAL_Driver/Src/stm32n6xx_hal_sai.c ****   *hsai->pBuffPtr = (uint8_t)(temp >> 16);
 4414              		.loc 1 2693 3 is_stmt 1 view .LVU1573
2693:../../STM32Cube_FW_N6/Drivers/STM32N6xx_HAL_Driver/Src/stm32n6xx_hal_sai.c ****   *hsai->pBuffPtr = (uint8_t)(temp >> 16);
 4415              		.loc 1 2693 7 is_stmt 0 view .LVU1574
 4416 0016 826F     		ldr	r2, [r0, #120]
2693:../../STM32Cube_FW_N6/Drivers/STM32N6xx_HAL_Driver/Src/stm32n6xx_hal_sai.c ****   *hsai->pBuffPtr = (uint8_t)(temp >> 16);
 4417              		.loc 1 2693 17 view .LVU1575
 4418 0018 511C     		adds	r1, r2, #1
 4419 001a 8167     		str	r1, [r0, #120]
2694:../../STM32Cube_FW_N6/Drivers/STM32N6xx_HAL_Driver/Src/stm32n6xx_hal_sai.c ****   hsai->pBuffPtr++;
 4420              		.loc 1 2694 3 is_stmt 1 view .LVU1576
2694:../../STM32Cube_FW_N6/Drivers/STM32N6xx_HAL_Driver/Src/stm32n6xx_hal_sai.c ****   hsai->pBuffPtr++;
 4421              		.loc 1 2694 36 is_stmt 0 view .LVU1577
 4422 001c 190C     		lsrs	r1, r3, #16
2694:../../STM32Cube_FW_N6/Drivers/STM32N6xx_HAL_Driver/Src/stm32n6xx_hal_sai.c ****   hsai->pBuffPtr++;
 4423              		.loc 1 2694 21 view .LVU1578
 4424 001e 5170     		strb	r1, [r2, #1]
2695:../../STM32Cube_FW_N6/Drivers/STM32N6xx_HAL_Driver/Src/stm32n6xx_hal_sai.c ****   *hsai->pBuffPtr = (uint8_t)(temp >> 24);
 4425              		.loc 1 2695 3 is_stmt 1 view .LVU1579
2695:../../STM32Cube_FW_N6/Drivers/STM32N6xx_HAL_Driver/Src/stm32n6xx_hal_sai.c ****   *hsai->pBuffPtr = (uint8_t)(temp >> 24);
 4426              		.loc 1 2695 7 is_stmt 0 view .LVU1580
 4427 0020 826F     		ldr	r2, [r0, #120]
2696:../../STM32Cube_FW_N6/Drivers/STM32N6xx_HAL_Driver/Src/stm32n6xx_hal_sai.c ****   hsai->pBuffPtr++;
 4428              		.loc 1 2696 36 view .LVU1581
 4429 0022 1B0E     		lsrs	r3, r3, #24
 4430              	.LVL285:
2695:../../STM32Cube_FW_N6/Drivers/STM32N6xx_HAL_Driver/Src/stm32n6xx_hal_sai.c ****   *hsai->pBuffPtr = (uint8_t)(temp >> 24);
 4431              		.loc 1 2695 17 view .LVU1582
 4432 0024 511C     		adds	r1, r2, #1
 4433 0026 8167     		str	r1, [r0, #120]
2696:../../STM32Cube_FW_N6/Drivers/STM32N6xx_HAL_Driver/Src/stm32n6xx_hal_sai.c ****   hsai->pBuffPtr++;
 4434              		.loc 1 2696 3 is_stmt 1 view .LVU1583
2696:../../STM32Cube_FW_N6/Drivers/STM32N6xx_HAL_Driver/Src/stm32n6xx_hal_sai.c ****   hsai->pBuffPtr++;
 4435              		.loc 1 2696 21 is_stmt 0 view .LVU1584
 4436 0028 5370     		strb	r3, [r2, #1]
2697:../../STM32Cube_FW_N6/Drivers/STM32N6xx_HAL_Driver/Src/stm32n6xx_hal_sai.c ****   hsai->XferCount--;
 4437              		.loc 1 2697 3 is_stmt 1 view .LVU1585
2697:../../STM32Cube_FW_N6/Drivers/STM32N6xx_HAL_Driver/Src/stm32n6xx_hal_sai.c ****   hsai->XferCount--;
 4438              		.loc 1 2697 17 is_stmt 0 view .LVU1586
 4439 002a 836F     		ldr	r3, [r0, #120]
 4440 002c 0133     		adds	r3, r3, #1
 4441 002e 8367     		str	r3, [r0, #120]
2698:../../STM32Cube_FW_N6/Drivers/STM32N6xx_HAL_Driver/Src/stm32n6xx_hal_sai.c **** 
 4442              		.loc 1 2698 3 is_stmt 1 view .LVU1587
2698:../../STM32Cube_FW_N6/Drivers/STM32N6xx_HAL_Driver/Src/stm32n6xx_hal_sai.c **** 
 4443              		.loc 1 2698 18 is_stmt 0 view .LVU1588
ARM GAS  C:\Users\Antonio\AppData\Local\Temp\ccmFwfsh.s 			page 153


 4444 0030 B0F87E30 		ldrh	r3, [r0, #126]
 4445 0034 013B     		subs	r3, r3, #1
 4446 0036 9BB2     		uxth	r3, r3
 4447 0038 A0F87E30 		strh	r3, [r0, #126]	@ movhi
2701:../../STM32Cube_FW_N6/Drivers/STM32N6xx_HAL_Driver/Src/stm32n6xx_hal_sai.c ****   {
 4448              		.loc 1 2701 3 is_stmt 1 view .LVU1589
2701:../../STM32Cube_FW_N6/Drivers/STM32N6xx_HAL_Driver/Src/stm32n6xx_hal_sai.c ****   {
 4449              		.loc 1 2701 6 is_stmt 0 view .LVU1590
 4450 003c 73B9     		cbnz	r3, .L458
2704:../../STM32Cube_FW_N6/Drivers/STM32N6xx_HAL_Driver/Src/stm32n6xx_hal_sai.c **** 
 4451              		.loc 1 2704 5 is_stmt 1 view .LVU1591
 4452 003e 0121     		movs	r1, #1
 4453 0040 FFF7FEFF 		bl	SAI_InterruptFlag
 4454              	.LVL286:
2704:../../STM32Cube_FW_N6/Drivers/STM32N6xx_HAL_Driver/Src/stm32n6xx_hal_sai.c **** 
 4455              		.loc 1 2704 5 is_stmt 0 discriminator 1 view .LVU1592
 4456 0044 2368     		ldr	r3, [r4]
 4457 0046 1A69     		ldr	r2, [r3, #16]
 4458 0048 22EA0002 		bic	r2, r2, r0
 4459 004c 1A61     		str	r2, [r3, #16]
2707:../../STM32Cube_FW_N6/Drivers/STM32N6xx_HAL_Driver/Src/stm32n6xx_hal_sai.c **** 
 4460              		.loc 1 2707 5 is_stmt 1 view .LVU1593
 4461 004e 0122     		movs	r2, #1
2713:../../STM32Cube_FW_N6/Drivers/STM32N6xx_HAL_Driver/Src/stm32n6xx_hal_sai.c **** #endif /* USE_HAL_SAI_REGISTER_CALLBACKS */
 4462              		.loc 1 2713 5 is_stmt 0 view .LVU1594
 4463 0050 2046     		mov	r0, r4
2707:../../STM32Cube_FW_N6/Drivers/STM32N6xx_HAL_Driver/Src/stm32n6xx_hal_sai.c **** 
 4464              		.loc 1 2707 5 view .LVU1595
 4465 0052 9A61     		str	r2, [r3, #24]
2709:../../STM32Cube_FW_N6/Drivers/STM32N6xx_HAL_Driver/Src/stm32n6xx_hal_sai.c **** #if (USE_HAL_SAI_REGISTER_CALLBACKS == 1)
 4466              		.loc 1 2709 5 is_stmt 1 view .LVU1596
2709:../../STM32Cube_FW_N6/Drivers/STM32N6xx_HAL_Driver/Src/stm32n6xx_hal_sai.c **** #if (USE_HAL_SAI_REGISTER_CALLBACKS == 1)
 4467              		.loc 1 2709 17 is_stmt 0 view .LVU1597
 4468 0054 84F89120 		strb	r2, [r4, #145]
2713:../../STM32Cube_FW_N6/Drivers/STM32N6xx_HAL_Driver/Src/stm32n6xx_hal_sai.c **** #endif /* USE_HAL_SAI_REGISTER_CALLBACKS */
 4469              		.loc 1 2713 5 is_stmt 1 view .LVU1598
 4470 0058 FFF7FEFF 		bl	HAL_SAI_RxCpltCallback
 4471              	.LVL287:
 4472              	.L458:
2716:../../STM32Cube_FW_N6/Drivers/STM32N6xx_HAL_Driver/Src/stm32n6xx_hal_sai.c **** 
 4473              		.loc 1 2716 1 is_stmt 0 view .LVU1599
 4474 005c 10BD     		pop	{r4, pc}
2716:../../STM32Cube_FW_N6/Drivers/STM32N6xx_HAL_Driver/Src/stm32n6xx_hal_sai.c **** 
 4475              		.loc 1 2716 1 view .LVU1600
 4476              		.cfi_endproc
 4477              	.LFE874:
 4479              		.section	.text.SAI_Receive_IT16Bit.part.0,"ax",%progbits
 4480              		.align	1
 4481              		.syntax unified
 4482              		.thumb
 4483              		.thumb_func
 4485              	SAI_Receive_IT16Bit.part.0:
 4486              	.LVL288:
 4487              	.LFB883:
2648:../../STM32Cube_FW_N6/Drivers/STM32N6xx_HAL_Driver/Src/stm32n6xx_hal_sai.c **** {
 4488              		.loc 1 2648 13 is_stmt 1 view -0
 4489              		.cfi_startproc
ARM GAS  C:\Users\Antonio\AppData\Local\Temp\ccmFwfsh.s 			page 154


 4490              		@ args = 0, pretend = 0, frame = 0
 4491              		@ frame_needed = 0, uses_anonymous_args = 0
2664:../../STM32Cube_FW_N6/Drivers/STM32N6xx_HAL_Driver/Src/stm32n6xx_hal_sai.c **** 
 4492              		.loc 1 2664 5 view .LVU1602
2648:../../STM32Cube_FW_N6/Drivers/STM32N6xx_HAL_Driver/Src/stm32n6xx_hal_sai.c **** {
 4493              		.loc 1 2648 13 is_stmt 0 view .LVU1603
 4494 0000 10B5     		push	{r4, lr}
 4495              		.cfi_def_cfa_offset 8
 4496              		.cfi_offset 4, -8
 4497              		.cfi_offset 14, -4
2648:../../STM32Cube_FW_N6/Drivers/STM32N6xx_HAL_Driver/Src/stm32n6xx_hal_sai.c **** {
 4498              		.loc 1 2648 13 view .LVU1604
 4499 0002 0446     		mov	r4, r0
2664:../../STM32Cube_FW_N6/Drivers/STM32N6xx_HAL_Driver/Src/stm32n6xx_hal_sai.c **** 
 4500              		.loc 1 2664 5 view .LVU1605
 4501 0004 0121     		movs	r1, #1
 4502 0006 FFF7FEFF 		bl	SAI_InterruptFlag
 4503              	.LVL289:
2664:../../STM32Cube_FW_N6/Drivers/STM32N6xx_HAL_Driver/Src/stm32n6xx_hal_sai.c **** 
 4504              		.loc 1 2664 5 discriminator 1 view .LVU1606
 4505 000a 2368     		ldr	r3, [r4]
 4506 000c 1A69     		ldr	r2, [r3, #16]
 4507 000e 22EA0002 		bic	r2, r2, r0
 4508 0012 1A61     		str	r2, [r3, #16]
2667:../../STM32Cube_FW_N6/Drivers/STM32N6xx_HAL_Driver/Src/stm32n6xx_hal_sai.c **** 
 4509              		.loc 1 2667 5 is_stmt 1 view .LVU1607
 4510 0014 0122     		movs	r2, #1
2673:../../STM32Cube_FW_N6/Drivers/STM32N6xx_HAL_Driver/Src/stm32n6xx_hal_sai.c **** #endif /* USE_HAL_SAI_REGISTER_CALLBACKS */
 4511              		.loc 1 2673 5 is_stmt 0 view .LVU1608
 4512 0016 2046     		mov	r0, r4
2667:../../STM32Cube_FW_N6/Drivers/STM32N6xx_HAL_Driver/Src/stm32n6xx_hal_sai.c **** 
 4513              		.loc 1 2667 5 view .LVU1609
 4514 0018 9A61     		str	r2, [r3, #24]
2669:../../STM32Cube_FW_N6/Drivers/STM32N6xx_HAL_Driver/Src/stm32n6xx_hal_sai.c **** #if (USE_HAL_SAI_REGISTER_CALLBACKS == 1)
 4515              		.loc 1 2669 5 is_stmt 1 view .LVU1610
2669:../../STM32Cube_FW_N6/Drivers/STM32N6xx_HAL_Driver/Src/stm32n6xx_hal_sai.c **** #if (USE_HAL_SAI_REGISTER_CALLBACKS == 1)
 4516              		.loc 1 2669 17 is_stmt 0 view .LVU1611
 4517 001a 84F89120 		strb	r2, [r4, #145]
2673:../../STM32Cube_FW_N6/Drivers/STM32N6xx_HAL_Driver/Src/stm32n6xx_hal_sai.c **** #endif /* USE_HAL_SAI_REGISTER_CALLBACKS */
 4518              		.loc 1 2673 5 is_stmt 1 view .LVU1612
 4519 001e FFF7FEFF 		bl	HAL_SAI_RxCpltCallback
 4520              	.LVL290:
2676:../../STM32Cube_FW_N6/Drivers/STM32N6xx_HAL_Driver/Src/stm32n6xx_hal_sai.c **** 
 4521              		.loc 1 2676 1 is_stmt 0 view .LVU1613
 4522 0022 10BD     		pop	{r4, pc}
2676:../../STM32Cube_FW_N6/Drivers/STM32N6xx_HAL_Driver/Src/stm32n6xx_hal_sai.c **** 
 4523              		.loc 1 2676 1 view .LVU1614
 4524              		.cfi_endproc
 4525              	.LFE883:
 4527              		.thumb_set SAI_Receive_IT8Bit.part.0,SAI_Receive_IT16Bit.part.0
 4528              		.section	.text.SAI_Receive_IT8Bit,"ax",%progbits
 4529              		.align	1
 4530              		.syntax unified
 4531              		.thumb
 4532              		.thumb_func
 4534              	SAI_Receive_IT8Bit:
 4535              	.LVL291:
ARM GAS  C:\Users\Antonio\AppData\Local\Temp\ccmFwfsh.s 			page 155


 4536              	.LFB872:
2618:../../STM32Cube_FW_N6/Drivers/STM32N6xx_HAL_Driver/Src/stm32n6xx_hal_sai.c ****   /* Receive data */
 4537              		.loc 1 2618 1 is_stmt 1 view -0
 4538              		.cfi_startproc
 4539              		@ args = 0, pretend = 0, frame = 0
 4540              		@ frame_needed = 0, uses_anonymous_args = 0
 4541              		@ link register save eliminated.
2620:../../STM32Cube_FW_N6/Drivers/STM32N6xx_HAL_Driver/Src/stm32n6xx_hal_sai.c ****   hsai->pBuffPtr++;
 4542              		.loc 1 2620 3 view .LVU1616
2620:../../STM32Cube_FW_N6/Drivers/STM32N6xx_HAL_Driver/Src/stm32n6xx_hal_sai.c ****   hsai->pBuffPtr++;
 4543              		.loc 1 2620 34 is_stmt 0 view .LVU1617
 4544 0000 0268     		ldr	r2, [r0]
2620:../../STM32Cube_FW_N6/Drivers/STM32N6xx_HAL_Driver/Src/stm32n6xx_hal_sai.c ****   hsai->pBuffPtr++;
 4545              		.loc 1 2620 44 view .LVU1618
 4546 0002 D169     		ldr	r1, [r2, #28]
2620:../../STM32Cube_FW_N6/Drivers/STM32N6xx_HAL_Driver/Src/stm32n6xx_hal_sai.c ****   hsai->pBuffPtr++;
 4547              		.loc 1 2620 8 view .LVU1619
 4548 0004 826F     		ldr	r2, [r0, #120]
2620:../../STM32Cube_FW_N6/Drivers/STM32N6xx_HAL_Driver/Src/stm32n6xx_hal_sai.c ****   hsai->pBuffPtr++;
 4549              		.loc 1 2620 21 view .LVU1620
 4550 0006 1170     		strb	r1, [r2]
2621:../../STM32Cube_FW_N6/Drivers/STM32N6xx_HAL_Driver/Src/stm32n6xx_hal_sai.c ****   hsai->XferCount--;
 4551              		.loc 1 2621 3 is_stmt 1 view .LVU1621
2621:../../STM32Cube_FW_N6/Drivers/STM32N6xx_HAL_Driver/Src/stm32n6xx_hal_sai.c ****   hsai->XferCount--;
 4552              		.loc 1 2621 17 is_stmt 0 view .LVU1622
 4553 0008 826F     		ldr	r2, [r0, #120]
 4554 000a 0132     		adds	r2, r2, #1
 4555 000c 8267     		str	r2, [r0, #120]
2622:../../STM32Cube_FW_N6/Drivers/STM32N6xx_HAL_Driver/Src/stm32n6xx_hal_sai.c **** 
 4556              		.loc 1 2622 3 is_stmt 1 view .LVU1623
2622:../../STM32Cube_FW_N6/Drivers/STM32N6xx_HAL_Driver/Src/stm32n6xx_hal_sai.c **** 
 4557              		.loc 1 2622 18 is_stmt 0 view .LVU1624
 4558 000e B0F87E20 		ldrh	r2, [r0, #126]
 4559 0012 013A     		subs	r2, r2, #1
 4560 0014 92B2     		uxth	r2, r2
 4561 0016 A0F87E20 		strh	r2, [r0, #126]	@ movhi
2625:../../STM32Cube_FW_N6/Drivers/STM32N6xx_HAL_Driver/Src/stm32n6xx_hal_sai.c ****   {
 4562              		.loc 1 2625 3 is_stmt 1 view .LVU1625
2625:../../STM32Cube_FW_N6/Drivers/STM32N6xx_HAL_Driver/Src/stm32n6xx_hal_sai.c ****   {
 4563              		.loc 1 2625 6 is_stmt 0 view .LVU1626
 4564 001a 0AB9     		cbnz	r2, .L461
 4565 001c FFF7FEBF 		b	SAI_Receive_IT8Bit.part.0
 4566              	.LVL292:
 4567              	.L461:
2640:../../STM32Cube_FW_N6/Drivers/STM32N6xx_HAL_Driver/Src/stm32n6xx_hal_sai.c **** 
 4568              		.loc 1 2640 1 view .LVU1627
 4569 0020 7047     		bx	lr
 4570              		.cfi_endproc
 4571              	.LFE872:
 4573              		.section	.text.SAI_Receive_IT16Bit,"ax",%progbits
 4574              		.align	1
 4575              		.syntax unified
 4576              		.thumb
 4577              		.thumb_func
 4579              	SAI_Receive_IT16Bit:
 4580              	.LVL293:
 4581              	.LFB873:
ARM GAS  C:\Users\Antonio\AppData\Local\Temp\ccmFwfsh.s 			page 156


2649:../../STM32Cube_FW_N6/Drivers/STM32N6xx_HAL_Driver/Src/stm32n6xx_hal_sai.c ****   uint32_t temp;
 4582              		.loc 1 2649 1 is_stmt 1 view -0
 4583              		.cfi_startproc
 4584              		@ args = 0, pretend = 0, frame = 0
 4585              		@ frame_needed = 0, uses_anonymous_args = 0
 4586              		@ link register save eliminated.
2650:../../STM32Cube_FW_N6/Drivers/STM32N6xx_HAL_Driver/Src/stm32n6xx_hal_sai.c **** 
 4587              		.loc 1 2650 3 view .LVU1629
2653:../../STM32Cube_FW_N6/Drivers/STM32N6xx_HAL_Driver/Src/stm32n6xx_hal_sai.c ****   *hsai->pBuffPtr = (uint8_t)temp;
 4588              		.loc 1 2653 3 view .LVU1630
2653:../../STM32Cube_FW_N6/Drivers/STM32N6xx_HAL_Driver/Src/stm32n6xx_hal_sai.c ****   *hsai->pBuffPtr = (uint8_t)temp;
 4589              		.loc 1 2653 14 is_stmt 0 view .LVU1631
 4590 0000 0268     		ldr	r2, [r0]
2654:../../STM32Cube_FW_N6/Drivers/STM32N6xx_HAL_Driver/Src/stm32n6xx_hal_sai.c ****   hsai->pBuffPtr++;
 4591              		.loc 1 2654 8 view .LVU1632
 4592 0002 816F     		ldr	r1, [r0, #120]
2653:../../STM32Cube_FW_N6/Drivers/STM32N6xx_HAL_Driver/Src/stm32n6xx_hal_sai.c ****   *hsai->pBuffPtr = (uint8_t)temp;
 4593              		.loc 1 2653 8 view .LVU1633
 4594 0004 D269     		ldr	r2, [r2, #28]
 4595              	.LVL294:
2654:../../STM32Cube_FW_N6/Drivers/STM32N6xx_HAL_Driver/Src/stm32n6xx_hal_sai.c ****   hsai->pBuffPtr++;
 4596              		.loc 1 2654 3 is_stmt 1 view .LVU1634
2649:../../STM32Cube_FW_N6/Drivers/STM32N6xx_HAL_Driver/Src/stm32n6xx_hal_sai.c ****   uint32_t temp;
 4597              		.loc 1 2649 1 is_stmt 0 view .LVU1635
 4598 0006 10B4     		push	{r4}
 4599              		.cfi_def_cfa_offset 4
 4600              		.cfi_offset 4, -4
2654:../../STM32Cube_FW_N6/Drivers/STM32N6xx_HAL_Driver/Src/stm32n6xx_hal_sai.c ****   hsai->pBuffPtr++;
 4601              		.loc 1 2654 21 view .LVU1636
 4602 0008 0A70     		strb	r2, [r1]
2655:../../STM32Cube_FW_N6/Drivers/STM32N6xx_HAL_Driver/Src/stm32n6xx_hal_sai.c ****   *hsai->pBuffPtr = (uint8_t)(temp >> 8);
 4603              		.loc 1 2655 3 is_stmt 1 view .LVU1637
2655:../../STM32Cube_FW_N6/Drivers/STM32N6xx_HAL_Driver/Src/stm32n6xx_hal_sai.c ****   *hsai->pBuffPtr = (uint8_t)(temp >> 8);
 4604              		.loc 1 2655 7 is_stmt 0 view .LVU1638
 4605 000a 816F     		ldr	r1, [r0, #120]
2656:../../STM32Cube_FW_N6/Drivers/STM32N6xx_HAL_Driver/Src/stm32n6xx_hal_sai.c ****   hsai->pBuffPtr++;
 4606              		.loc 1 2656 36 view .LVU1639
 4607 000c 120A     		lsrs	r2, r2, #8
 4608              	.LVL295:
2655:../../STM32Cube_FW_N6/Drivers/STM32N6xx_HAL_Driver/Src/stm32n6xx_hal_sai.c ****   *hsai->pBuffPtr = (uint8_t)(temp >> 8);
 4609              		.loc 1 2655 17 view .LVU1640
 4610 000e 4C1C     		adds	r4, r1, #1
 4611 0010 8467     		str	r4, [r0, #120]
2656:../../STM32Cube_FW_N6/Drivers/STM32N6xx_HAL_Driver/Src/stm32n6xx_hal_sai.c ****   hsai->pBuffPtr++;
 4612              		.loc 1 2656 3 is_stmt 1 view .LVU1641
2656:../../STM32Cube_FW_N6/Drivers/STM32N6xx_HAL_Driver/Src/stm32n6xx_hal_sai.c ****   hsai->pBuffPtr++;
 4613              		.loc 1 2656 21 is_stmt 0 view .LVU1642
 4614 0012 4A70     		strb	r2, [r1, #1]
2657:../../STM32Cube_FW_N6/Drivers/STM32N6xx_HAL_Driver/Src/stm32n6xx_hal_sai.c ****   hsai->XferCount--;
 4615              		.loc 1 2657 3 is_stmt 1 view .LVU1643
2657:../../STM32Cube_FW_N6/Drivers/STM32N6xx_HAL_Driver/Src/stm32n6xx_hal_sai.c ****   hsai->XferCount--;
 4616              		.loc 1 2657 17 is_stmt 0 view .LVU1644
 4617 0014 826F     		ldr	r2, [r0, #120]
 4618 0016 0132     		adds	r2, r2, #1
 4619 0018 8267     		str	r2, [r0, #120]
2658:../../STM32Cube_FW_N6/Drivers/STM32N6xx_HAL_Driver/Src/stm32n6xx_hal_sai.c **** 
 4620              		.loc 1 2658 3 is_stmt 1 view .LVU1645
ARM GAS  C:\Users\Antonio\AppData\Local\Temp\ccmFwfsh.s 			page 157


2658:../../STM32Cube_FW_N6/Drivers/STM32N6xx_HAL_Driver/Src/stm32n6xx_hal_sai.c **** 
 4621              		.loc 1 2658 18 is_stmt 0 view .LVU1646
 4622 001a B0F87E20 		ldrh	r2, [r0, #126]
 4623 001e 013A     		subs	r2, r2, #1
 4624 0020 92B2     		uxth	r2, r2
 4625 0022 A0F87E20 		strh	r2, [r0, #126]	@ movhi
2661:../../STM32Cube_FW_N6/Drivers/STM32N6xx_HAL_Driver/Src/stm32n6xx_hal_sai.c ****   {
 4626              		.loc 1 2661 3 is_stmt 1 view .LVU1647
2661:../../STM32Cube_FW_N6/Drivers/STM32N6xx_HAL_Driver/Src/stm32n6xx_hal_sai.c ****   {
 4627              		.loc 1 2661 6 is_stmt 0 view .LVU1648
 4628 0026 1AB9     		cbnz	r2, .L463
2676:../../STM32Cube_FW_N6/Drivers/STM32N6xx_HAL_Driver/Src/stm32n6xx_hal_sai.c **** 
 4629              		.loc 1 2676 1 view .LVU1649
 4630 0028 5DF8044B 		ldr	r4, [sp], #4
 4631              		.cfi_remember_state
 4632              		.cfi_restore 4
 4633              		.cfi_def_cfa_offset 0
 4634 002c FFF7FEBF 		b	SAI_Receive_IT16Bit.part.0
 4635              	.LVL296:
 4636              	.L463:
 4637              		.cfi_restore_state
2676:../../STM32Cube_FW_N6/Drivers/STM32N6xx_HAL_Driver/Src/stm32n6xx_hal_sai.c **** 
 4638              		.loc 1 2676 1 view .LVU1650
 4639 0030 5DF8044B 		ldr	r4, [sp], #4
 4640              		.cfi_restore 4
 4641              		.cfi_def_cfa_offset 0
 4642 0034 7047     		bx	lr
 4643              		.cfi_endproc
 4644              	.LFE873:
 4646              		.section	.text.SAI_DMARxCplt,"ax",%progbits
 4647              		.align	1
 4648              		.syntax unified
 4649              		.thumb
 4650              		.thumb_func
 4652              	SAI_DMARxCplt:
 4653              	.LVL297:
 4654              	.LFB877:
2765:../../STM32Cube_FW_N6/Drivers/STM32N6xx_HAL_Driver/Src/stm32n6xx_hal_sai.c **** 
2766:../../STM32Cube_FW_N6/Drivers/STM32N6xx_HAL_Driver/Src/stm32n6xx_hal_sai.c **** /**
2767:../../STM32Cube_FW_N6/Drivers/STM32N6xx_HAL_Driver/Src/stm32n6xx_hal_sai.c ****   * @brief  DMA SAI receive process complete callback.
2768:../../STM32Cube_FW_N6/Drivers/STM32N6xx_HAL_Driver/Src/stm32n6xx_hal_sai.c ****   * @param  hdma pointer to a DMA_HandleTypeDef structure that contains
2769:../../STM32Cube_FW_N6/Drivers/STM32N6xx_HAL_Driver/Src/stm32n6xx_hal_sai.c ****   *              the configuration information for the specified DMA module.
2770:../../STM32Cube_FW_N6/Drivers/STM32N6xx_HAL_Driver/Src/stm32n6xx_hal_sai.c ****   * @retval None
2771:../../STM32Cube_FW_N6/Drivers/STM32N6xx_HAL_Driver/Src/stm32n6xx_hal_sai.c ****   */
2772:../../STM32Cube_FW_N6/Drivers/STM32N6xx_HAL_Driver/Src/stm32n6xx_hal_sai.c **** static void SAI_DMARxCplt(DMA_HandleTypeDef *hdma)
2773:../../STM32Cube_FW_N6/Drivers/STM32N6xx_HAL_Driver/Src/stm32n6xx_hal_sai.c **** {
 4655              		.loc 1 2773 1 is_stmt 1 view -0
 4656              		.cfi_startproc
 4657              		@ args = 0, pretend = 0, frame = 0
 4658              		@ frame_needed = 0, uses_anonymous_args = 0
2774:../../STM32Cube_FW_N6/Drivers/STM32N6xx_HAL_Driver/Src/stm32n6xx_hal_sai.c ****   SAI_HandleTypeDef *hsai = (SAI_HandleTypeDef *)((DMA_HandleTypeDef *)hdma)->Parent;
 4659              		.loc 1 2774 3 view .LVU1652
2773:../../STM32Cube_FW_N6/Drivers/STM32N6xx_HAL_Driver/Src/stm32n6xx_hal_sai.c ****   SAI_HandleTypeDef *hsai = (SAI_HandleTypeDef *)((DMA_HandleTypeDef *)hdma)->Parent;
 4660              		.loc 1 2773 1 is_stmt 0 view .LVU1653
 4661 0000 38B5     		push	{r3, r4, r5, lr}
 4662              		.cfi_def_cfa_offset 16
 4663              		.cfi_offset 3, -16
ARM GAS  C:\Users\Antonio\AppData\Local\Temp\ccmFwfsh.s 			page 158


 4664              		.cfi_offset 4, -12
 4665              		.cfi_offset 5, -8
 4666              		.cfi_offset 14, -4
2775:../../STM32Cube_FW_N6/Drivers/STM32N6xx_HAL_Driver/Src/stm32n6xx_hal_sai.c **** 
2776:../../STM32Cube_FW_N6/Drivers/STM32N6xx_HAL_Driver/Src/stm32n6xx_hal_sai.c ****   /* Check if DMA in circular mode*/
2777:../../STM32Cube_FW_N6/Drivers/STM32N6xx_HAL_Driver/Src/stm32n6xx_hal_sai.c ****   if (hdma->Mode != DMA_LINKEDLIST_CIRCULAR)
 4667              		.loc 1 2777 6 view .LVU1654
 4668 0002 036D     		ldr	r3, [r0, #80]
2774:../../STM32Cube_FW_N6/Drivers/STM32N6xx_HAL_Driver/Src/stm32n6xx_hal_sai.c **** 
 4669              		.loc 1 2774 22 view .LVU1655
 4670 0004 C46D     		ldr	r4, [r0, #92]
 4671              	.LVL298:
 4672              		.loc 1 2777 3 is_stmt 1 view .LVU1656
 4673              		.loc 1 2777 6 is_stmt 0 view .LVU1657
 4674 0006 812B     		cmp	r3, #129
 4675 0008 11D0     		beq	.L466
2778:../../STM32Cube_FW_N6/Drivers/STM32N6xx_HAL_Driver/Src/stm32n6xx_hal_sai.c ****   {
2779:../../STM32Cube_FW_N6/Drivers/STM32N6xx_HAL_Driver/Src/stm32n6xx_hal_sai.c ****     /* Disable Rx DMA Request */
2780:../../STM32Cube_FW_N6/Drivers/STM32N6xx_HAL_Driver/Src/stm32n6xx_hal_sai.c ****     hsai->Instance->CR1 &= (uint32_t)(~SAI_xCR1_DMAEN);
 4676              		.loc 1 2780 5 is_stmt 1 view .LVU1658
2781:../../STM32Cube_FW_N6/Drivers/STM32N6xx_HAL_Driver/Src/stm32n6xx_hal_sai.c ****     hsai->XferCount = 0;
 4677              		.loc 1 2781 21 is_stmt 0 view .LVU1659
 4678 000a 0021     		movs	r1, #0
2780:../../STM32Cube_FW_N6/Drivers/STM32N6xx_HAL_Driver/Src/stm32n6xx_hal_sai.c ****     hsai->XferCount = 0;
 4679              		.loc 1 2780 9 view .LVU1660
 4680 000c 2568     		ldr	r5, [r4]
2782:../../STM32Cube_FW_N6/Drivers/STM32N6xx_HAL_Driver/Src/stm32n6xx_hal_sai.c **** 
2783:../../STM32Cube_FW_N6/Drivers/STM32N6xx_HAL_Driver/Src/stm32n6xx_hal_sai.c ****     /* Stop the interrupts error handling */
2784:../../STM32Cube_FW_N6/Drivers/STM32N6xx_HAL_Driver/Src/stm32n6xx_hal_sai.c ****     __HAL_SAI_DISABLE_IT(hsai, SAI_InterruptFlag(hsai, SAI_MODE_DMA));
 4681              		.loc 1 2784 5 view .LVU1661
 4682 000e 2046     		mov	r0, r4
 4683              	.LVL299:
2780:../../STM32Cube_FW_N6/Drivers/STM32N6xx_HAL_Driver/Src/stm32n6xx_hal_sai.c ****     hsai->XferCount = 0;
 4684              		.loc 1 2780 19 view .LVU1662
 4685 0010 2B68     		ldr	r3, [r5]
2780:../../STM32Cube_FW_N6/Drivers/STM32N6xx_HAL_Driver/Src/stm32n6xx_hal_sai.c ****     hsai->XferCount = 0;
 4686              		.loc 1 2780 25 view .LVU1663
 4687 0012 23F40033 		bic	r3, r3, #131072
 4688 0016 2B60     		str	r3, [r5]
2781:../../STM32Cube_FW_N6/Drivers/STM32N6xx_HAL_Driver/Src/stm32n6xx_hal_sai.c **** 
 4689              		.loc 1 2781 5 is_stmt 1 view .LVU1664
2781:../../STM32Cube_FW_N6/Drivers/STM32N6xx_HAL_Driver/Src/stm32n6xx_hal_sai.c **** 
 4690              		.loc 1 2781 21 is_stmt 0 view .LVU1665
 4691 0018 A4F87E10 		strh	r1, [r4, #126]	@ movhi
 4692              		.loc 1 2784 5 is_stmt 1 view .LVU1666
 4693 001c FFF7FEFF 		bl	SAI_InterruptFlag
 4694              	.LVL300:
 4695              		.loc 1 2784 5 is_stmt 0 discriminator 1 view .LVU1667
 4696 0020 2B69     		ldr	r3, [r5, #16]
 4697 0022 23EA0003 		bic	r3, r3, r0
 4698 0026 2B61     		str	r3, [r5, #16]
2785:../../STM32Cube_FW_N6/Drivers/STM32N6xx_HAL_Driver/Src/stm32n6xx_hal_sai.c **** 
2786:../../STM32Cube_FW_N6/Drivers/STM32N6xx_HAL_Driver/Src/stm32n6xx_hal_sai.c ****     hsai->State = HAL_SAI_STATE_READY;
 4699              		.loc 1 2786 5 is_stmt 1 view .LVU1668
 4700              		.loc 1 2786 17 is_stmt 0 view .LVU1669
 4701 0028 0123     		movs	r3, #1
 4702 002a 84F89130 		strb	r3, [r4, #145]
ARM GAS  C:\Users\Antonio\AppData\Local\Temp\ccmFwfsh.s 			page 159


 4703              	.L466:
2787:../../STM32Cube_FW_N6/Drivers/STM32N6xx_HAL_Driver/Src/stm32n6xx_hal_sai.c ****   }
2788:../../STM32Cube_FW_N6/Drivers/STM32N6xx_HAL_Driver/Src/stm32n6xx_hal_sai.c **** 
2789:../../STM32Cube_FW_N6/Drivers/STM32N6xx_HAL_Driver/Src/stm32n6xx_hal_sai.c **** #if (USE_HAL_SAI_REGISTER_CALLBACKS == 1)
2790:../../STM32Cube_FW_N6/Drivers/STM32N6xx_HAL_Driver/Src/stm32n6xx_hal_sai.c ****   hsai->RxCpltCallback(hsai);
2791:../../STM32Cube_FW_N6/Drivers/STM32N6xx_HAL_Driver/Src/stm32n6xx_hal_sai.c **** #else
2792:../../STM32Cube_FW_N6/Drivers/STM32N6xx_HAL_Driver/Src/stm32n6xx_hal_sai.c ****   HAL_SAI_RxCpltCallback(hsai);
 4704              		.loc 1 2792 3 is_stmt 1 view .LVU1670
 4705 002e 2046     		mov	r0, r4
 4706 0030 FFF7FEFF 		bl	HAL_SAI_RxCpltCallback
 4707              	.LVL301:
2793:../../STM32Cube_FW_N6/Drivers/STM32N6xx_HAL_Driver/Src/stm32n6xx_hal_sai.c **** #endif /* USE_HAL_SAI_REGISTER_CALLBACKS */
2794:../../STM32Cube_FW_N6/Drivers/STM32N6xx_HAL_Driver/Src/stm32n6xx_hal_sai.c **** }
 4708              		.loc 1 2794 1 is_stmt 0 view .LVU1671
 4709 0034 38BD     		pop	{r3, r4, r5, pc}
 4710              		.loc 1 2794 1 view .LVU1672
 4711              		.cfi_endproc
 4712              	.LFE877:
 4714              		.section	.text.HAL_SAI_RxHalfCpltCallback,"ax",%progbits
 4715              		.align	1
 4716              		.weak	HAL_SAI_RxHalfCpltCallback
 4717              		.syntax unified
 4718              		.thumb
 4719              		.thumb_func
 4721              	HAL_SAI_RxHalfCpltCallback:
 4722              	.LFB892:
 4723              		.cfi_startproc
2156:../../STM32Cube_FW_N6/Drivers/STM32N6xx_HAL_Driver/Src/stm32n6xx_hal_sai.c **** {
 4724              		.loc 1 2156 13 is_stmt 1 view -0
 4725              		@ args = 0, pretend = 0, frame = 0
 4726              		@ frame_needed = 0, uses_anonymous_args = 0
 4727              		@ link register save eliminated.
 4728 0000 7047     		bx	lr
 4729              		.cfi_endproc
 4730              	.LFE892:
 4732              		.section	.text.SAI_DMARxHalfCplt,"ax",%progbits
 4733              		.align	1
 4734              		.syntax unified
 4735              		.thumb
 4736              		.thumb_func
 4738              	SAI_DMARxHalfCplt:
 4739              	.LVL302:
 4740              	.LFB878:
2795:../../STM32Cube_FW_N6/Drivers/STM32N6xx_HAL_Driver/Src/stm32n6xx_hal_sai.c **** 
2796:../../STM32Cube_FW_N6/Drivers/STM32N6xx_HAL_Driver/Src/stm32n6xx_hal_sai.c **** /**
2797:../../STM32Cube_FW_N6/Drivers/STM32N6xx_HAL_Driver/Src/stm32n6xx_hal_sai.c ****   * @brief  DMA SAI receive process half complete callback
2798:../../STM32Cube_FW_N6/Drivers/STM32N6xx_HAL_Driver/Src/stm32n6xx_hal_sai.c ****   * @param  hdma pointer to a DMA_HandleTypeDef structure that contains
2799:../../STM32Cube_FW_N6/Drivers/STM32N6xx_HAL_Driver/Src/stm32n6xx_hal_sai.c ****   *              the configuration information for the specified DMA module.
2800:../../STM32Cube_FW_N6/Drivers/STM32N6xx_HAL_Driver/Src/stm32n6xx_hal_sai.c ****   * @retval None
2801:../../STM32Cube_FW_N6/Drivers/STM32N6xx_HAL_Driver/Src/stm32n6xx_hal_sai.c ****   */
2802:../../STM32Cube_FW_N6/Drivers/STM32N6xx_HAL_Driver/Src/stm32n6xx_hal_sai.c **** static void SAI_DMARxHalfCplt(DMA_HandleTypeDef *hdma)
2803:../../STM32Cube_FW_N6/Drivers/STM32N6xx_HAL_Driver/Src/stm32n6xx_hal_sai.c **** {
 4741              		.loc 1 2803 1 view -0
 4742              		.cfi_startproc
 4743              		@ args = 0, pretend = 0, frame = 0
 4744              		@ frame_needed = 0, uses_anonymous_args = 0
2804:../../STM32Cube_FW_N6/Drivers/STM32N6xx_HAL_Driver/Src/stm32n6xx_hal_sai.c ****   SAI_HandleTypeDef *hsai = (SAI_HandleTypeDef *)((DMA_HandleTypeDef *)hdma)->Parent;
ARM GAS  C:\Users\Antonio\AppData\Local\Temp\ccmFwfsh.s 			page 160


 4745              		.loc 1 2804 3 view .LVU1675
2805:../../STM32Cube_FW_N6/Drivers/STM32N6xx_HAL_Driver/Src/stm32n6xx_hal_sai.c **** 
2806:../../STM32Cube_FW_N6/Drivers/STM32N6xx_HAL_Driver/Src/stm32n6xx_hal_sai.c **** #if (USE_HAL_SAI_REGISTER_CALLBACKS == 1)
2807:../../STM32Cube_FW_N6/Drivers/STM32N6xx_HAL_Driver/Src/stm32n6xx_hal_sai.c ****   hsai->RxHalfCpltCallback(hsai);
2808:../../STM32Cube_FW_N6/Drivers/STM32N6xx_HAL_Driver/Src/stm32n6xx_hal_sai.c **** #else
2809:../../STM32Cube_FW_N6/Drivers/STM32N6xx_HAL_Driver/Src/stm32n6xx_hal_sai.c ****   HAL_SAI_RxHalfCpltCallback(hsai);
 4746              		.loc 1 2809 3 view .LVU1676
2803:../../STM32Cube_FW_N6/Drivers/STM32N6xx_HAL_Driver/Src/stm32n6xx_hal_sai.c ****   SAI_HandleTypeDef *hsai = (SAI_HandleTypeDef *)((DMA_HandleTypeDef *)hdma)->Parent;
 4747              		.loc 1 2803 1 is_stmt 0 view .LVU1677
 4748 0000 08B5     		push	{r3, lr}
 4749              		.cfi_def_cfa_offset 8
 4750              		.cfi_offset 3, -8
 4751              		.cfi_offset 14, -4
 4752              		.loc 1 2809 3 view .LVU1678
 4753 0002 C06D     		ldr	r0, [r0, #92]
 4754              	.LVL303:
 4755              		.loc 1 2809 3 view .LVU1679
 4756 0004 FFF7FEFF 		bl	HAL_SAI_RxHalfCpltCallback
 4757              	.LVL304:
2810:../../STM32Cube_FW_N6/Drivers/STM32N6xx_HAL_Driver/Src/stm32n6xx_hal_sai.c **** #endif /* USE_HAL_SAI_REGISTER_CALLBACKS */
2811:../../STM32Cube_FW_N6/Drivers/STM32N6xx_HAL_Driver/Src/stm32n6xx_hal_sai.c **** }
 4758              		.loc 1 2811 1 view .LVU1680
 4759 0008 08BD     		pop	{r3, pc}
 4760              		.cfi_endproc
 4761              	.LFE878:
 4763              		.section	.text.HAL_SAI_ErrorCallback,"ax",%progbits
 4764              		.align	1
 4765              		.weak	HAL_SAI_ErrorCallback
 4766              		.syntax unified
 4767              		.thumb
 4768              		.thumb_func
 4770              	HAL_SAI_ErrorCallback:
 4771              	.LFB896:
 4772              		.cfi_startproc
2172:../../STM32Cube_FW_N6/Drivers/STM32N6xx_HAL_Driver/Src/stm32n6xx_hal_sai.c **** {
 4773              		.loc 1 2172 13 is_stmt 1 view -0
 4774              		@ args = 0, pretend = 0, frame = 0
 4775              		@ frame_needed = 0, uses_anonymous_args = 0
 4776              		@ link register save eliminated.
 4777 0000 7047     		bx	lr
 4778              		.cfi_endproc
 4779              	.LFE896:
 4781              		.section	.text.SAI_DMAError,"ax",%progbits
 4782              		.align	1
 4783              		.syntax unified
 4784              		.thumb
 4785              		.thumb_func
 4787              	SAI_DMAError:
 4788              	.LVL305:
 4789              	.LFB879:
2812:../../STM32Cube_FW_N6/Drivers/STM32N6xx_HAL_Driver/Src/stm32n6xx_hal_sai.c **** 
2813:../../STM32Cube_FW_N6/Drivers/STM32N6xx_HAL_Driver/Src/stm32n6xx_hal_sai.c **** /**
2814:../../STM32Cube_FW_N6/Drivers/STM32N6xx_HAL_Driver/Src/stm32n6xx_hal_sai.c ****   * @brief  DMA SAI communication error callback.
2815:../../STM32Cube_FW_N6/Drivers/STM32N6xx_HAL_Driver/Src/stm32n6xx_hal_sai.c ****   * @param  hdma pointer to a DMA_HandleTypeDef structure that contains
2816:../../STM32Cube_FW_N6/Drivers/STM32N6xx_HAL_Driver/Src/stm32n6xx_hal_sai.c ****   *              the configuration information for the specified DMA module.
2817:../../STM32Cube_FW_N6/Drivers/STM32N6xx_HAL_Driver/Src/stm32n6xx_hal_sai.c ****   * @retval None
2818:../../STM32Cube_FW_N6/Drivers/STM32N6xx_HAL_Driver/Src/stm32n6xx_hal_sai.c ****   */
ARM GAS  C:\Users\Antonio\AppData\Local\Temp\ccmFwfsh.s 			page 161


2819:../../STM32Cube_FW_N6/Drivers/STM32N6xx_HAL_Driver/Src/stm32n6xx_hal_sai.c **** static void SAI_DMAError(DMA_HandleTypeDef *hdma)
2820:../../STM32Cube_FW_N6/Drivers/STM32N6xx_HAL_Driver/Src/stm32n6xx_hal_sai.c **** {
 4790              		.loc 1 2820 1 view -0
 4791              		.cfi_startproc
 4792              		@ args = 0, pretend = 0, frame = 0
 4793              		@ frame_needed = 0, uses_anonymous_args = 0
2821:../../STM32Cube_FW_N6/Drivers/STM32N6xx_HAL_Driver/Src/stm32n6xx_hal_sai.c ****   SAI_HandleTypeDef *hsai = (SAI_HandleTypeDef *)((DMA_HandleTypeDef *)hdma)->Parent;
 4794              		.loc 1 2821 3 view .LVU1683
2820:../../STM32Cube_FW_N6/Drivers/STM32N6xx_HAL_Driver/Src/stm32n6xx_hal_sai.c ****   SAI_HandleTypeDef *hsai = (SAI_HandleTypeDef *)((DMA_HandleTypeDef *)hdma)->Parent;
 4795              		.loc 1 2820 1 is_stmt 0 view .LVU1684
 4796 0000 10B5     		push	{r4, lr}
 4797              		.cfi_def_cfa_offset 8
 4798              		.cfi_offset 4, -8
 4799              		.cfi_offset 14, -4
 4800              		.loc 1 2821 22 view .LVU1685
 4801 0002 C46D     		ldr	r4, [r0, #92]
 4802              	.LVL306:
2822:../../STM32Cube_FW_N6/Drivers/STM32N6xx_HAL_Driver/Src/stm32n6xx_hal_sai.c **** 
2823:../../STM32Cube_FW_N6/Drivers/STM32N6xx_HAL_Driver/Src/stm32n6xx_hal_sai.c ****   /* Set SAI error code */
2824:../../STM32Cube_FW_N6/Drivers/STM32N6xx_HAL_Driver/Src/stm32n6xx_hal_sai.c ****   hsai->ErrorCode |= HAL_SAI_ERROR_DMA;
 4803              		.loc 1 2824 3 is_stmt 1 view .LVU1686
 4804              		.loc 1 2824 7 is_stmt 0 view .LVU1687
 4805 0004 D4F89430 		ldr	r3, [r4, #148]
2825:../../STM32Cube_FW_N6/Drivers/STM32N6xx_HAL_Driver/Src/stm32n6xx_hal_sai.c **** 
2826:../../STM32Cube_FW_N6/Drivers/STM32N6xx_HAL_Driver/Src/stm32n6xx_hal_sai.c ****   /* Disable the SAI DMA request */
2827:../../STM32Cube_FW_N6/Drivers/STM32N6xx_HAL_Driver/Src/stm32n6xx_hal_sai.c ****   hsai->Instance->CR1 &= ~SAI_xCR1_DMAEN;
 4806              		.loc 1 2827 7 view .LVU1688
 4807 0008 2268     		ldr	r2, [r4]
2824:../../STM32Cube_FW_N6/Drivers/STM32N6xx_HAL_Driver/Src/stm32n6xx_hal_sai.c **** 
 4808              		.loc 1 2824 19 view .LVU1689
 4809 000a 43F08003 		orr	r3, r3, #128
 4810 000e C4F89430 		str	r3, [r4, #148]
 4811              		.loc 1 2827 3 is_stmt 1 view .LVU1690
 4812              		.loc 1 2827 17 is_stmt 0 view .LVU1691
 4813 0012 1368     		ldr	r3, [r2]
2828:../../STM32Cube_FW_N6/Drivers/STM32N6xx_HAL_Driver/Src/stm32n6xx_hal_sai.c **** 
2829:../../STM32Cube_FW_N6/Drivers/STM32N6xx_HAL_Driver/Src/stm32n6xx_hal_sai.c ****   /* Disable SAI peripheral */
2830:../../STM32Cube_FW_N6/Drivers/STM32N6xx_HAL_Driver/Src/stm32n6xx_hal_sai.c ****   /* No need to check return value because state will be updated and HAL_SAI_ErrorCallback will be 
2831:../../STM32Cube_FW_N6/Drivers/STM32N6xx_HAL_Driver/Src/stm32n6xx_hal_sai.c ****   (void) SAI_Disable(hsai);
 4814              		.loc 1 2831 10 view .LVU1692
 4815 0014 2046     		mov	r0, r4
 4816              	.LVL307:
2827:../../STM32Cube_FW_N6/Drivers/STM32N6xx_HAL_Driver/Src/stm32n6xx_hal_sai.c **** 
 4817              		.loc 1 2827 23 view .LVU1693
 4818 0016 23F40033 		bic	r3, r3, #131072
 4819 001a 1360     		str	r3, [r2]
 4820              		.loc 1 2831 3 is_stmt 1 view .LVU1694
 4821              		.loc 1 2831 10 is_stmt 0 view .LVU1695
 4822 001c FFF7FEFF 		bl	SAI_Disable
 4823              	.LVL308:
2832:../../STM32Cube_FW_N6/Drivers/STM32N6xx_HAL_Driver/Src/stm32n6xx_hal_sai.c **** 
2833:../../STM32Cube_FW_N6/Drivers/STM32N6xx_HAL_Driver/Src/stm32n6xx_hal_sai.c ****   /* Set the SAI state ready to be able to start again the process */
2834:../../STM32Cube_FW_N6/Drivers/STM32N6xx_HAL_Driver/Src/stm32n6xx_hal_sai.c ****   hsai->State = HAL_SAI_STATE_READY;
 4824              		.loc 1 2834 3 is_stmt 1 view .LVU1696
 4825              		.loc 1 2834 15 is_stmt 0 view .LVU1697
 4826 0020 0123     		movs	r3, #1
 4827 0022 84F89130 		strb	r3, [r4, #145]
ARM GAS  C:\Users\Antonio\AppData\Local\Temp\ccmFwfsh.s 			page 162


2835:../../STM32Cube_FW_N6/Drivers/STM32N6xx_HAL_Driver/Src/stm32n6xx_hal_sai.c **** 
2836:../../STM32Cube_FW_N6/Drivers/STM32N6xx_HAL_Driver/Src/stm32n6xx_hal_sai.c ****   /* Initialize XferCount */
2837:../../STM32Cube_FW_N6/Drivers/STM32N6xx_HAL_Driver/Src/stm32n6xx_hal_sai.c ****   hsai->XferCount = 0U;
 4828              		.loc 1 2837 3 is_stmt 1 view .LVU1698
 4829              		.loc 1 2837 19 is_stmt 0 view .LVU1699
 4830 0026 0023     		movs	r3, #0
2838:../../STM32Cube_FW_N6/Drivers/STM32N6xx_HAL_Driver/Src/stm32n6xx_hal_sai.c **** 
2839:../../STM32Cube_FW_N6/Drivers/STM32N6xx_HAL_Driver/Src/stm32n6xx_hal_sai.c ****   /* SAI error Callback */
2840:../../STM32Cube_FW_N6/Drivers/STM32N6xx_HAL_Driver/Src/stm32n6xx_hal_sai.c **** #if (USE_HAL_SAI_REGISTER_CALLBACKS == 1)
2841:../../STM32Cube_FW_N6/Drivers/STM32N6xx_HAL_Driver/Src/stm32n6xx_hal_sai.c ****   hsai->ErrorCallback(hsai);
2842:../../STM32Cube_FW_N6/Drivers/STM32N6xx_HAL_Driver/Src/stm32n6xx_hal_sai.c **** #else
2843:../../STM32Cube_FW_N6/Drivers/STM32N6xx_HAL_Driver/Src/stm32n6xx_hal_sai.c ****   HAL_SAI_ErrorCallback(hsai);
 4831              		.loc 1 2843 3 view .LVU1700
 4832 0028 2046     		mov	r0, r4
2837:../../STM32Cube_FW_N6/Drivers/STM32N6xx_HAL_Driver/Src/stm32n6xx_hal_sai.c **** 
 4833              		.loc 1 2837 19 view .LVU1701
 4834 002a A4F87E30 		strh	r3, [r4, #126]	@ movhi
 4835              		.loc 1 2843 3 is_stmt 1 view .LVU1702
 4836 002e FFF7FEFF 		bl	HAL_SAI_ErrorCallback
 4837              	.LVL309:
2844:../../STM32Cube_FW_N6/Drivers/STM32N6xx_HAL_Driver/Src/stm32n6xx_hal_sai.c **** #endif /* USE_HAL_SAI_REGISTER_CALLBACKS */
2845:../../STM32Cube_FW_N6/Drivers/STM32N6xx_HAL_Driver/Src/stm32n6xx_hal_sai.c **** }
 4838              		.loc 1 2845 1 is_stmt 0 view .LVU1703
 4839 0032 10BD     		pop	{r4, pc}
 4840              		.loc 1 2845 1 view .LVU1704
 4841              		.cfi_endproc
 4842              	.LFE879:
 4844              		.section	.text.HAL_SAI_IRQHandler,"ax",%progbits
 4845              		.align	1
 4846              		.global	HAL_SAI_IRQHandler
 4847              		.syntax unified
 4848              		.thumb
 4849              		.thumb_func
 4851              	HAL_SAI_IRQHandler:
 4852              	.LVL310:
 4853              	.LFB856:
1834:../../STM32Cube_FW_N6/Drivers/STM32N6xx_HAL_Driver/Src/stm32n6xx_hal_sai.c ****   if (hsai->State != HAL_SAI_STATE_RESET)
 4854              		.loc 1 1834 1 is_stmt 1 view -0
 4855              		.cfi_startproc
 4856              		@ args = 0, pretend = 0, frame = 0
 4857              		@ frame_needed = 0, uses_anonymous_args = 0
1835:../../STM32Cube_FW_N6/Drivers/STM32N6xx_HAL_Driver/Src/stm32n6xx_hal_sai.c ****   {
 4858              		.loc 1 1835 3 view .LVU1706
1834:../../STM32Cube_FW_N6/Drivers/STM32N6xx_HAL_Driver/Src/stm32n6xx_hal_sai.c ****   if (hsai->State != HAL_SAI_STATE_RESET)
 4859              		.loc 1 1834 1 is_stmt 0 view .LVU1707
 4860 0000 70B5     		push	{r4, r5, r6, lr}
 4861              		.cfi_def_cfa_offset 16
 4862              		.cfi_offset 4, -16
 4863              		.cfi_offset 5, -12
 4864              		.cfi_offset 6, -8
 4865              		.cfi_offset 14, -4
1835:../../STM32Cube_FW_N6/Drivers/STM32N6xx_HAL_Driver/Src/stm32n6xx_hal_sai.c ****   {
 4866              		.loc 1 1835 11 view .LVU1708
 4867 0002 90F89130 		ldrb	r3, [r0, #145]	@ zero_extendqisi2
1834:../../STM32Cube_FW_N6/Drivers/STM32N6xx_HAL_Driver/Src/stm32n6xx_hal_sai.c ****   if (hsai->State != HAL_SAI_STATE_RESET)
 4868              		.loc 1 1834 1 view .LVU1709
 4869 0006 0446     		mov	r4, r0
ARM GAS  C:\Users\Antonio\AppData\Local\Temp\ccmFwfsh.s 			page 163


1835:../../STM32Cube_FW_N6/Drivers/STM32N6xx_HAL_Driver/Src/stm32n6xx_hal_sai.c ****   {
 4870              		.loc 1 1835 6 view .LVU1710
 4871 0008 002B     		cmp	r3, #0
 4872 000a 5CD0     		beq	.L474
 4873              	.LBB36:
1837:../../STM32Cube_FW_N6/Drivers/STM32N6xx_HAL_Driver/Src/stm32n6xx_hal_sai.c ****     uint32_t itsources = hsai->Instance->IMR;
 4874              		.loc 1 1837 5 is_stmt 1 view .LVU1711
1837:../../STM32Cube_FW_N6/Drivers/STM32N6xx_HAL_Driver/Src/stm32n6xx_hal_sai.c ****     uint32_t itsources = hsai->Instance->IMR;
 4875              		.loc 1 1837 28 is_stmt 0 view .LVU1712
 4876 000c 0368     		ldr	r3, [r0]
1837:../../STM32Cube_FW_N6/Drivers/STM32N6xx_HAL_Driver/Src/stm32n6xx_hal_sai.c ****     uint32_t itsources = hsai->Instance->IMR;
 4877              		.loc 1 1837 14 view .LVU1713
 4878 000e 5969     		ldr	r1, [r3, #20]
 4879              	.LVL311:
1838:../../STM32Cube_FW_N6/Drivers/STM32N6xx_HAL_Driver/Src/stm32n6xx_hal_sai.c ****     uint32_t cr1config = hsai->Instance->CR1;
 4880              		.loc 1 1838 5 is_stmt 1 view .LVU1714
1838:../../STM32Cube_FW_N6/Drivers/STM32N6xx_HAL_Driver/Src/stm32n6xx_hal_sai.c ****     uint32_t cr1config = hsai->Instance->CR1;
 4881              		.loc 1 1838 14 is_stmt 0 view .LVU1715
 4882 0010 1A69     		ldr	r2, [r3, #16]
 4883              	.LVL312:
1839:../../STM32Cube_FW_N6/Drivers/STM32N6xx_HAL_Driver/Src/stm32n6xx_hal_sai.c ****     uint32_t tmperror;
 4884              		.loc 1 1839 5 is_stmt 1 view .LVU1716
1843:../../STM32Cube_FW_N6/Drivers/STM32N6xx_HAL_Driver/Src/stm32n6xx_hal_sai.c ****     {
 4885              		.loc 1 1843 8 is_stmt 0 view .LVU1717
 4886 0012 0E07     		lsls	r6, r1, #28
1839:../../STM32Cube_FW_N6/Drivers/STM32N6xx_HAL_Driver/Src/stm32n6xx_hal_sai.c ****     uint32_t tmperror;
 4887              		.loc 1 1839 14 view .LVU1718
 4888 0014 1D68     		ldr	r5, [r3]
 4889              	.LVL313:
1840:../../STM32Cube_FW_N6/Drivers/STM32N6xx_HAL_Driver/Src/stm32n6xx_hal_sai.c **** 
 4890              		.loc 1 1840 5 is_stmt 1 view .LVU1719
1843:../../STM32Cube_FW_N6/Drivers/STM32N6xx_HAL_Driver/Src/stm32n6xx_hal_sai.c ****     {
 4891              		.loc 1 1843 5 view .LVU1720
1843:../../STM32Cube_FW_N6/Drivers/STM32N6xx_HAL_Driver/Src/stm32n6xx_hal_sai.c ****     {
 4892              		.loc 1 1843 8 is_stmt 0 view .LVU1721
 4893 0016 06D5     		bpl	.L477
1843:../../STM32Cube_FW_N6/Drivers/STM32N6xx_HAL_Driver/Src/stm32n6xx_hal_sai.c ****     {
 4894              		.loc 1 1843 52 discriminator 1 view .LVU1722
 4895 0018 1607     		lsls	r6, r2, #28
 4896 001a 04D5     		bpl	.L477
1845:../../STM32Cube_FW_N6/Drivers/STM32N6xx_HAL_Driver/Src/stm32n6xx_hal_sai.c ****     }
 4897              		.loc 1 1845 7 is_stmt 1 view .LVU1723
 4898              	.LBE36:
2100:../../STM32Cube_FW_N6/Drivers/STM32N6xx_HAL_Driver/Src/stm32n6xx_hal_sai.c **** 
 4899              		.loc 1 2100 1 is_stmt 0 view .LVU1724
 4900 001c BDE87040 		pop	{r4, r5, r6, lr}
 4901              		.cfi_remember_state
 4902              		.cfi_restore 14
 4903              		.cfi_restore 6
 4904              		.cfi_restore 5
 4905              		.cfi_restore 4
 4906              		.cfi_def_cfa_offset 0
 4907              	.LVL314:
 4908              	.LBB37:
1845:../../STM32Cube_FW_N6/Drivers/STM32N6xx_HAL_Driver/Src/stm32n6xx_hal_sai.c ****     }
 4909              		.loc 1 1845 7 view .LVU1725
 4910 0020 D0F88C30 		ldr	r3, [r0, #140]
ARM GAS  C:\Users\Antonio\AppData\Local\Temp\ccmFwfsh.s 			page 164


 4911 0024 1847     		bx	r3	@ indirect register sibling call
 4912              	.LVL315:
 4913              	.L477:
 4914              		.cfi_restore_state
1848:../../STM32Cube_FW_N6/Drivers/STM32N6xx_HAL_Driver/Src/stm32n6xx_hal_sai.c ****     {
 4915              		.loc 1 1848 10 is_stmt 1 view .LVU1726
1848:../../STM32Cube_FW_N6/Drivers/STM32N6xx_HAL_Driver/Src/stm32n6xx_hal_sai.c ****     {
 4916              		.loc 1 1848 13 is_stmt 0 view .LVU1727
 4917 0026 C807     		lsls	r0, r1, #31
 4918              	.LVL316:
1848:../../STM32Cube_FW_N6/Drivers/STM32N6xx_HAL_Driver/Src/stm32n6xx_hal_sai.c ****     {
 4919              		.loc 1 1848 13 view .LVU1728
 4920 0028 0FD5     		bpl	.L478
1848:../../STM32Cube_FW_N6/Drivers/STM32N6xx_HAL_Driver/Src/stm32n6xx_hal_sai.c ****     {
 4921              		.loc 1 1848 63 discriminator 1 view .LVU1729
 4922 002a 12F00100 		ands	r0, r2, #1
 4923 002e 0CD0     		beq	.L478
1851:../../STM32Cube_FW_N6/Drivers/STM32N6xx_HAL_Driver/Src/stm32n6xx_hal_sai.c ****       /* Get the SAI error code */
 4924              		.loc 1 1851 7 is_stmt 1 view .LVU1730
 4925 0030 0122     		movs	r2, #1
 4926              	.LVL317:
1851:../../STM32Cube_FW_N6/Drivers/STM32N6xx_HAL_Driver/Src/stm32n6xx_hal_sai.c ****       /* Get the SAI error code */
 4927              		.loc 1 1851 7 is_stmt 0 view .LVU1731
 4928 0032 9A61     		str	r2, [r3, #24]
1853:../../STM32Cube_FW_N6/Drivers/STM32N6xx_HAL_Driver/Src/stm32n6xx_hal_sai.c ****       /* Change the SAI error code */
 4929              		.loc 1 1853 7 is_stmt 1 view .LVU1732
1853:../../STM32Cube_FW_N6/Drivers/STM32N6xx_HAL_Driver/Src/stm32n6xx_hal_sai.c ****       /* Change the SAI error code */
 4930              		.loc 1 1853 24 is_stmt 0 view .LVU1733
 4931 0034 94F89130 		ldrb	r3, [r4, #145]	@ zero_extendqisi2
1853:../../STM32Cube_FW_N6/Drivers/STM32N6xx_HAL_Driver/Src/stm32n6xx_hal_sai.c ****       /* Change the SAI error code */
 4932              		.loc 1 1853 78 discriminator 2 view .LVU1734
 4933 0038 222B     		cmp	r3, #34
 4934 003a 18BF     		it	ne
 4935 003c 0220     		movne	r0, #2
 4936              	.LVL318:
1855:../../STM32Cube_FW_N6/Drivers/STM32N6xx_HAL_Driver/Src/stm32n6xx_hal_sai.c ****       /* the transfer is not stopped, we will forward the information to the user and we let
 4937              		.loc 1 1855 7 is_stmt 1 view .LVU1735
1855:../../STM32Cube_FW_N6/Drivers/STM32N6xx_HAL_Driver/Src/stm32n6xx_hal_sai.c ****       /* the transfer is not stopped, we will forward the information to the user and we let
 4938              		.loc 1 1855 11 is_stmt 0 view .LVU1736
 4939 003e D4F89430 		ldr	r3, [r4, #148]
1855:../../STM32Cube_FW_N6/Drivers/STM32N6xx_HAL_Driver/Src/stm32n6xx_hal_sai.c ****       /* the transfer is not stopped, we will forward the information to the user and we let
 4940              		.loc 1 1855 23 view .LVU1737
 4941 0042 0343     		orrs	r3, r3, r0
 4942              	.LVL319:
 4943              	.L575:
2086:../../STM32Cube_FW_N6/Drivers/STM32N6xx_HAL_Driver/Src/stm32n6xx_hal_sai.c ****       /* the transfer is not stopped, we will forward the information to the user and we let
 4944              		.loc 1 2086 23 view .LVU1738
 4945 0044 C4F89430 		str	r3, [r4, #148]
 4946 0048 3AE0     		b	.L576
 4947              	.LVL320:
 4948              	.L478:
1865:../../STM32Cube_FW_N6/Drivers/STM32N6xx_HAL_Driver/Src/stm32n6xx_hal_sai.c ****     {
 4949              		.loc 1 1865 10 is_stmt 1 view .LVU1739
1865:../../STM32Cube_FW_N6/Drivers/STM32N6xx_HAL_Driver/Src/stm32n6xx_hal_sai.c ****     {
 4950              		.loc 1 1865 13 is_stmt 0 view .LVU1740
 4951 004a 8E07     		lsls	r6, r1, #30
 4952 004c 09D5     		bpl	.L480
ARM GAS  C:\Users\Antonio\AppData\Local\Temp\ccmFwfsh.s 			page 165


1865:../../STM32Cube_FW_N6/Drivers/STM32N6xx_HAL_Driver/Src/stm32n6xx_hal_sai.c ****     {
 4953              		.loc 1 1865 65 discriminator 1 view .LVU1741
 4954 004e 9007     		lsls	r0, r2, #30
 4955 0050 07D5     		bpl	.L480
1868:../../STM32Cube_FW_N6/Drivers/STM32N6xx_HAL_Driver/Src/stm32n6xx_hal_sai.c ****       /* call the call back function */
 4956              		.loc 1 1868 7 is_stmt 1 view .LVU1742
 4957 0052 0222     		movs	r2, #2
 4958              	.LVL321:
1868:../../STM32Cube_FW_N6/Drivers/STM32N6xx_HAL_Driver/Src/stm32n6xx_hal_sai.c ****       /* call the call back function */
 4959              		.loc 1 1868 7 is_stmt 0 view .LVU1743
 4960 0054 9A61     		str	r2, [r3, #24]
1870:../../STM32Cube_FW_N6/Drivers/STM32N6xx_HAL_Driver/Src/stm32n6xx_hal_sai.c ****       {
 4961              		.loc 1 1870 7 is_stmt 1 view .LVU1744
1870:../../STM32Cube_FW_N6/Drivers/STM32N6xx_HAL_Driver/Src/stm32n6xx_hal_sai.c ****       {
 4962              		.loc 1 1870 15 is_stmt 0 view .LVU1745
 4963 0056 D4F88830 		ldr	r3, [r4, #136]
1870:../../STM32Cube_FW_N6/Drivers/STM32N6xx_HAL_Driver/Src/stm32n6xx_hal_sai.c ****       {
 4964              		.loc 1 1870 10 view .LVU1746
 4965 005a A3B3     		cbz	r3, .L474
1873:../../STM32Cube_FW_N6/Drivers/STM32N6xx_HAL_Driver/Src/stm32n6xx_hal_sai.c ****       }
 4966              		.loc 1 1873 9 is_stmt 1 view .LVU1747
 4967              	.LBE37:
2100:../../STM32Cube_FW_N6/Drivers/STM32N6xx_HAL_Driver/Src/stm32n6xx_hal_sai.c **** 
 4968              		.loc 1 2100 1 is_stmt 0 view .LVU1748
 4969 005c BDE87040 		pop	{r4, r5, r6, lr}
 4970              		.cfi_remember_state
 4971              		.cfi_restore 14
 4972              		.cfi_restore 6
 4973              		.cfi_restore 5
 4974              		.cfi_restore 4
 4975              		.cfi_def_cfa_offset 0
 4976              	.LVL322:
 4977              	.LBB38:
1873:../../STM32Cube_FW_N6/Drivers/STM32N6xx_HAL_Driver/Src/stm32n6xx_hal_sai.c ****       }
 4978              		.loc 1 1873 9 view .LVU1749
 4979 0060 1847     		bx	r3	@ indirect register sibling call
 4980              	.LVL323:
 4981              	.L480:
 4982              		.cfi_restore_state
1877:../../STM32Cube_FW_N6/Drivers/STM32N6xx_HAL_Driver/Src/stm32n6xx_hal_sai.c ****     {
 4983              		.loc 1 1877 10 is_stmt 1 view .LVU1750
1877:../../STM32Cube_FW_N6/Drivers/STM32N6xx_HAL_Driver/Src/stm32n6xx_hal_sai.c ****     {
 4984              		.loc 1 1877 13 is_stmt 0 view .LVU1751
 4985 0062 8E06     		lsls	r6, r1, #26
 4986 0064 30D5     		bpl	.L482
1877:../../STM32Cube_FW_N6/Drivers/STM32N6xx_HAL_Driver/Src/stm32n6xx_hal_sai.c ****     {
 4987              		.loc 1 1877 63 discriminator 1 view .LVU1752
 4988 0066 9006     		lsls	r0, r2, #26
 4989 0068 2ED5     		bpl	.L482
1880:../../STM32Cube_FW_N6/Drivers/STM32N6xx_HAL_Driver/Src/stm32n6xx_hal_sai.c **** 
 4990              		.loc 1 1880 7 is_stmt 1 view .LVU1753
 4991 006a 2022     		movs	r2, #32
 4992              	.LVL324:
1880:../../STM32Cube_FW_N6/Drivers/STM32N6xx_HAL_Driver/Src/stm32n6xx_hal_sai.c **** 
 4993              		.loc 1 1880 7 is_stmt 0 view .LVU1754
 4994 006c 9A61     		str	r2, [r3, #24]
1883:../../STM32Cube_FW_N6/Drivers/STM32N6xx_HAL_Driver/Src/stm32n6xx_hal_sai.c **** 
ARM GAS  C:\Users\Antonio\AppData\Local\Temp\ccmFwfsh.s 			page 166


 4995              		.loc 1 1883 7 is_stmt 1 view .LVU1755
1883:../../STM32Cube_FW_N6/Drivers/STM32N6xx_HAL_Driver/Src/stm32n6xx_hal_sai.c **** 
 4996              		.loc 1 1883 11 is_stmt 0 view .LVU1756
 4997 006e D4F89430 		ldr	r3, [r4, #148]
1883:../../STM32Cube_FW_N6/Drivers/STM32N6xx_HAL_Driver/Src/stm32n6xx_hal_sai.c **** 
 4998              		.loc 1 1883 23 view .LVU1757
 4999 0072 43F00403 		orr	r3, r3, #4
 5000              	.L591:
1949:../../STM32Cube_FW_N6/Drivers/STM32N6xx_HAL_Driver/Src/stm32n6xx_hal_sai.c **** 
 5001              		.loc 1 1949 23 view .LVU1758
 5002 0076 C4F89430 		str	r3, [r4, #148]
1952:../../STM32Cube_FW_N6/Drivers/STM32N6xx_HAL_Driver/Src/stm32n6xx_hal_sai.c ****       {
 5003              		.loc 1 1952 7 is_stmt 1 view .LVU1759
1952:../../STM32Cube_FW_N6/Drivers/STM32N6xx_HAL_Driver/Src/stm32n6xx_hal_sai.c ****       {
 5004              		.loc 1 1952 10 is_stmt 0 view .LVU1760
 5005 007a AB03     		lsls	r3, r5, #14
 5006 007c 1DD5     		bpl	.L483
 5007              	.LVL325:
 5008              	.L588:
2021:../../STM32Cube_FW_N6/Drivers/STM32N6xx_HAL_Driver/Src/stm32n6xx_hal_sai.c ****         {
 5009              		.loc 1 2021 9 is_stmt 1 view .LVU1761
2021:../../STM32Cube_FW_N6/Drivers/STM32N6xx_HAL_Driver/Src/stm32n6xx_hal_sai.c ****         {
 5010              		.loc 1 2021 17 is_stmt 0 view .LVU1762
 5011 007e D4F88000 		ldr	r0, [r4, #128]
2021:../../STM32Cube_FW_N6/Drivers/STM32N6xx_HAL_Driver/Src/stm32n6xx_hal_sai.c ****         {
 5012              		.loc 1 2021 12 view .LVU1763
 5013 0082 68B1     		cbz	r0, .L494
2024:../../STM32Cube_FW_N6/Drivers/STM32N6xx_HAL_Driver/Src/stm32n6xx_hal_sai.c **** 
 5014              		.loc 1 2024 11 is_stmt 1 view .LVU1764
2024:../../STM32Cube_FW_N6/Drivers/STM32N6xx_HAL_Driver/Src/stm32n6xx_hal_sai.c **** 
 5015              		.loc 1 2024 43 is_stmt 0 view .LVU1765
 5016 0084 274B     		ldr	r3, .L592
 5017 0086 C366     		str	r3, [r0, #108]
2027:../../STM32Cube_FW_N6/Drivers/STM32N6xx_HAL_Driver/Src/stm32n6xx_hal_sai.c ****           {
 5018              		.loc 1 2027 11 is_stmt 1 view .LVU1766
2027:../../STM32Cube_FW_N6/Drivers/STM32N6xx_HAL_Driver/Src/stm32n6xx_hal_sai.c ****           {
 5019              		.loc 1 2027 15 is_stmt 0 view .LVU1767
 5020 0088 FFF7FEFF 		bl	HAL_DMA_Abort_IT
 5021              	.LVL326:
2027:../../STM32Cube_FW_N6/Drivers/STM32N6xx_HAL_Driver/Src/stm32n6xx_hal_sai.c ****           {
 5022              		.loc 1 2027 14 discriminator 1 view .LVU1768
 5023 008c 40B1     		cbz	r0, .L494
2030:../../STM32Cube_FW_N6/Drivers/STM32N6xx_HAL_Driver/Src/stm32n6xx_hal_sai.c **** 
 5024              		.loc 1 2030 13 is_stmt 1 view .LVU1769
2030:../../STM32Cube_FW_N6/Drivers/STM32N6xx_HAL_Driver/Src/stm32n6xx_hal_sai.c **** 
 5025              		.loc 1 2030 17 is_stmt 0 view .LVU1770
 5026 008e D4F89430 		ldr	r3, [r4, #148]
2036:../../STM32Cube_FW_N6/Drivers/STM32N6xx_HAL_Driver/Src/stm32n6xx_hal_sai.c **** #endif /* USE_HAL_SAI_REGISTER_CALLBACKS */
 5027              		.loc 1 2036 13 view .LVU1771
 5028 0092 2046     		mov	r0, r4
2030:../../STM32Cube_FW_N6/Drivers/STM32N6xx_HAL_Driver/Src/stm32n6xx_hal_sai.c **** 
 5029              		.loc 1 2030 29 view .LVU1772
 5030 0094 43F08003 		orr	r3, r3, #128
 5031 0098 C4F89430 		str	r3, [r4, #148]
2036:../../STM32Cube_FW_N6/Drivers/STM32N6xx_HAL_Driver/Src/stm32n6xx_hal_sai.c **** #endif /* USE_HAL_SAI_REGISTER_CALLBACKS */
 5032              		.loc 1 2036 13 is_stmt 1 view .LVU1773
 5033 009c FFF7FEFF 		bl	HAL_SAI_ErrorCallback
ARM GAS  C:\Users\Antonio\AppData\Local\Temp\ccmFwfsh.s 			page 167


 5034              	.LVL327:
 5035              	.L494:
2040:../../STM32Cube_FW_N6/Drivers/STM32N6xx_HAL_Driver/Src/stm32n6xx_hal_sai.c ****         {
 5036              		.loc 1 2040 9 view .LVU1774
2040:../../STM32Cube_FW_N6/Drivers/STM32N6xx_HAL_Driver/Src/stm32n6xx_hal_sai.c ****         {
 5037              		.loc 1 2040 17 is_stmt 0 view .LVU1775
 5038 00a0 D4F88400 		ldr	r0, [r4, #132]
2040:../../STM32Cube_FW_N6/Drivers/STM32N6xx_HAL_Driver/Src/stm32n6xx_hal_sai.c ****         {
 5039              		.loc 1 2040 12 view .LVU1776
 5040 00a4 78B1     		cbz	r0, .L474
2043:../../STM32Cube_FW_N6/Drivers/STM32N6xx_HAL_Driver/Src/stm32n6xx_hal_sai.c **** 
 5041              		.loc 1 2043 11 is_stmt 1 view .LVU1777
2043:../../STM32Cube_FW_N6/Drivers/STM32N6xx_HAL_Driver/Src/stm32n6xx_hal_sai.c **** 
 5042              		.loc 1 2043 43 is_stmt 0 view .LVU1778
 5043 00a6 1F4B     		ldr	r3, .L592
 5044 00a8 C366     		str	r3, [r0, #108]
2046:../../STM32Cube_FW_N6/Drivers/STM32N6xx_HAL_Driver/Src/stm32n6xx_hal_sai.c ****           {
 5045              		.loc 1 2046 11 is_stmt 1 view .LVU1779
2046:../../STM32Cube_FW_N6/Drivers/STM32N6xx_HAL_Driver/Src/stm32n6xx_hal_sai.c ****           {
 5046              		.loc 1 2046 15 is_stmt 0 view .LVU1780
 5047 00aa FFF7FEFF 		bl	HAL_DMA_Abort_IT
 5048              	.LVL328:
2046:../../STM32Cube_FW_N6/Drivers/STM32N6xx_HAL_Driver/Src/stm32n6xx_hal_sai.c ****           {
 5049              		.loc 1 2046 14 discriminator 1 view .LVU1781
 5050 00ae 50B1     		cbz	r0, .L474
2049:../../STM32Cube_FW_N6/Drivers/STM32N6xx_HAL_Driver/Src/stm32n6xx_hal_sai.c **** 
 5051              		.loc 1 2049 13 is_stmt 1 view .LVU1782
2049:../../STM32Cube_FW_N6/Drivers/STM32N6xx_HAL_Driver/Src/stm32n6xx_hal_sai.c **** 
 5052              		.loc 1 2049 17 is_stmt 0 view .LVU1783
 5053 00b0 D4F89430 		ldr	r3, [r4, #148]
2049:../../STM32Cube_FW_N6/Drivers/STM32N6xx_HAL_Driver/Src/stm32n6xx_hal_sai.c **** 
 5054              		.loc 1 2049 29 view .LVU1784
 5055 00b4 43F08003 		orr	r3, r3, #128
 5056 00b8 C4E7     		b	.L575
 5057              	.LVL329:
 5058              	.L483:
1932:../../STM32Cube_FW_N6/Drivers/STM32N6xx_HAL_Driver/Src/stm32n6xx_hal_sai.c **** 
 5059              		.loc 1 1932 9 is_stmt 1 view .LVU1785
1932:../../STM32Cube_FW_N6/Drivers/STM32N6xx_HAL_Driver/Src/stm32n6xx_hal_sai.c **** 
 5060              		.loc 1 1932 16 is_stmt 0 view .LVU1786
 5061 00ba 2046     		mov	r0, r4
 5062 00bc FFF7FEFF 		bl	HAL_SAI_Abort
 5063              	.LVL330:
1938:../../STM32Cube_FW_N6/Drivers/STM32N6xx_HAL_Driver/Src/stm32n6xx_hal_sai.c **** #endif /* USE_HAL_SAI_REGISTER_CALLBACKS */
 5064              		.loc 1 1938 9 is_stmt 1 view .LVU1787
 5065              	.L576:
2092:../../STM32Cube_FW_N6/Drivers/STM32N6xx_HAL_Driver/Src/stm32n6xx_hal_sai.c **** #endif /* USE_HAL_SAI_REGISTER_CALLBACKS */
 5066              		.loc 1 2092 7 view .LVU1788
 5067 00c0 2046     		mov	r0, r4
 5068 00c2 FFF7FEFF 		bl	HAL_SAI_ErrorCallback
 5069              	.LVL331:
2098:../../STM32Cube_FW_N6/Drivers/STM32N6xx_HAL_Driver/Src/stm32n6xx_hal_sai.c ****   }
 5070              		.loc 1 2098 5 view .LVU1789
 5071              	.L474:
2098:../../STM32Cube_FW_N6/Drivers/STM32N6xx_HAL_Driver/Src/stm32n6xx_hal_sai.c ****   }
 5072              		.loc 1 2098 5 is_stmt 0 view .LVU1790
 5073              	.LBE38:
ARM GAS  C:\Users\Antonio\AppData\Local\Temp\ccmFwfsh.s 			page 168


2100:../../STM32Cube_FW_N6/Drivers/STM32N6xx_HAL_Driver/Src/stm32n6xx_hal_sai.c **** 
 5074              		.loc 1 2100 1 view .LVU1791
 5075 00c6 70BD     		pop	{r4, r5, r6, pc}
 5076              	.LVL332:
 5077              	.L482:
 5078              	.LBB39:
1943:../../STM32Cube_FW_N6/Drivers/STM32N6xx_HAL_Driver/Src/stm32n6xx_hal_sai.c ****     {
 5079              		.loc 1 1943 10 is_stmt 1 view .LVU1792
1943:../../STM32Cube_FW_N6/Drivers/STM32N6xx_HAL_Driver/Src/stm32n6xx_hal_sai.c ****     {
 5080              		.loc 1 1943 13 is_stmt 0 view .LVU1793
 5081 00c8 4E06     		lsls	r6, r1, #25
 5082 00ca 08D5     		bpl	.L487
1943:../../STM32Cube_FW_N6/Drivers/STM32N6xx_HAL_Driver/Src/stm32n6xx_hal_sai.c ****     {
 5083              		.loc 1 1943 63 discriminator 1 view .LVU1794
 5084 00cc 5006     		lsls	r0, r2, #25
 5085 00ce 06D5     		bpl	.L487
1946:../../STM32Cube_FW_N6/Drivers/STM32N6xx_HAL_Driver/Src/stm32n6xx_hal_sai.c **** 
 5086              		.loc 1 1946 7 is_stmt 1 view .LVU1795
 5087 00d0 4022     		movs	r2, #64
 5088              	.LVL333:
1946:../../STM32Cube_FW_N6/Drivers/STM32N6xx_HAL_Driver/Src/stm32n6xx_hal_sai.c **** 
 5089              		.loc 1 1946 7 is_stmt 0 view .LVU1796
 5090 00d2 9A61     		str	r2, [r3, #24]
1949:../../STM32Cube_FW_N6/Drivers/STM32N6xx_HAL_Driver/Src/stm32n6xx_hal_sai.c **** 
 5091              		.loc 1 1949 7 is_stmt 1 view .LVU1797
1949:../../STM32Cube_FW_N6/Drivers/STM32N6xx_HAL_Driver/Src/stm32n6xx_hal_sai.c **** 
 5092              		.loc 1 1949 11 is_stmt 0 view .LVU1798
 5093 00d4 D4F89430 		ldr	r3, [r4, #148]
1949:../../STM32Cube_FW_N6/Drivers/STM32N6xx_HAL_Driver/Src/stm32n6xx_hal_sai.c **** 
 5094              		.loc 1 1949 23 view .LVU1799
 5095 00d8 43F00803 		orr	r3, r3, #8
 5096 00dc CBE7     		b	.L591
 5097              	.LVL334:
 5098              	.L487:
2009:../../STM32Cube_FW_N6/Drivers/STM32N6xx_HAL_Driver/Src/stm32n6xx_hal_sai.c ****     {
 5099              		.loc 1 2009 10 is_stmt 1 view .LVU1800
2009:../../STM32Cube_FW_N6/Drivers/STM32N6xx_HAL_Driver/Src/stm32n6xx_hal_sai.c ****     {
 5100              		.loc 1 2009 13 is_stmt 0 view .LVU1801
 5101 00de 4E07     		lsls	r6, r1, #29
 5102 00e0 16D5     		bpl	.L491
2009:../../STM32Cube_FW_N6/Drivers/STM32N6xx_HAL_Driver/Src/stm32n6xx_hal_sai.c ****     {
 5103              		.loc 1 2009 63 discriminator 1 view .LVU1802
 5104 00e2 5007     		lsls	r0, r2, #29
 5105 00e4 14D5     		bpl	.L491
2012:../../STM32Cube_FW_N6/Drivers/STM32N6xx_HAL_Driver/Src/stm32n6xx_hal_sai.c **** 
 5106              		.loc 1 2012 7 is_stmt 1 view .LVU1803
 5107 00e6 0422     		movs	r2, #4
 5108              	.LVL335:
2012:../../STM32Cube_FW_N6/Drivers/STM32N6xx_HAL_Driver/Src/stm32n6xx_hal_sai.c **** 
 5109              		.loc 1 2012 7 is_stmt 0 view .LVU1804
 5110 00e8 9A61     		str	r2, [r3, #24]
2015:../../STM32Cube_FW_N6/Drivers/STM32N6xx_HAL_Driver/Src/stm32n6xx_hal_sai.c **** 
 5111              		.loc 1 2015 7 is_stmt 1 view .LVU1805
2015:../../STM32Cube_FW_N6/Drivers/STM32N6xx_HAL_Driver/Src/stm32n6xx_hal_sai.c **** 
 5112              		.loc 1 2015 11 is_stmt 0 view .LVU1806
 5113 00ea D4F89420 		ldr	r2, [r4, #148]
2018:../../STM32Cube_FW_N6/Drivers/STM32N6xx_HAL_Driver/Src/stm32n6xx_hal_sai.c ****       {
ARM GAS  C:\Users\Antonio\AppData\Local\Temp\ccmFwfsh.s 			page 169


 5114              		.loc 1 2018 10 view .LVU1807
 5115 00ee 15F40035 		ands	r5, r5, #131072
 5116              	.LVL336:
2015:../../STM32Cube_FW_N6/Drivers/STM32N6xx_HAL_Driver/Src/stm32n6xx_hal_sai.c **** 
 5117              		.loc 1 2015 23 view .LVU1808
 5118 00f2 42F02002 		orr	r2, r2, #32
 5119 00f6 C4F89420 		str	r2, [r4, #148]
2018:../../STM32Cube_FW_N6/Drivers/STM32N6xx_HAL_Driver/Src/stm32n6xx_hal_sai.c ****       {
 5120              		.loc 1 2018 7 is_stmt 1 view .LVU1809
2018:../../STM32Cube_FW_N6/Drivers/STM32N6xx_HAL_Driver/Src/stm32n6xx_hal_sai.c ****       {
 5121              		.loc 1 2018 10 is_stmt 0 view .LVU1810
 5122 00fa C0D1     		bne	.L588
2064:../../STM32Cube_FW_N6/Drivers/STM32N6xx_HAL_Driver/Src/stm32n6xx_hal_sai.c ****         hsai->Instance->CLRFR = 0xFFFFFFFFU;
 5123              		.loc 1 2064 9 is_stmt 1 view .LVU1811
2065:../../STM32Cube_FW_N6/Drivers/STM32N6xx_HAL_Driver/Src/stm32n6xx_hal_sai.c ****         /* Set the SAI state to ready to be able to start again the process */
 5124              		.loc 1 2065 31 is_stmt 0 view .LVU1812
 5125 00fc 4FF0FF32 		mov	r2, #-1
2064:../../STM32Cube_FW_N6/Drivers/STM32N6xx_HAL_Driver/Src/stm32n6xx_hal_sai.c ****         hsai->Instance->CLRFR = 0xFFFFFFFFU;
 5126              		.loc 1 2064 29 view .LVU1813
 5127 0100 1D61     		str	r5, [r3, #16]
2065:../../STM32Cube_FW_N6/Drivers/STM32N6xx_HAL_Driver/Src/stm32n6xx_hal_sai.c ****         /* Set the SAI state to ready to be able to start again the process */
 5128              		.loc 1 2065 9 is_stmt 1 view .LVU1814
2065:../../STM32Cube_FW_N6/Drivers/STM32N6xx_HAL_Driver/Src/stm32n6xx_hal_sai.c ****         /* Set the SAI state to ready to be able to start again the process */
 5129              		.loc 1 2065 31 is_stmt 0 view .LVU1815
 5130 0102 9A61     		str	r2, [r3, #24]
2067:../../STM32Cube_FW_N6/Drivers/STM32N6xx_HAL_Driver/Src/stm32n6xx_hal_sai.c **** 
 5131              		.loc 1 2067 9 is_stmt 1 view .LVU1816
2067:../../STM32Cube_FW_N6/Drivers/STM32N6xx_HAL_Driver/Src/stm32n6xx_hal_sai.c **** 
 5132              		.loc 1 2067 21 is_stmt 0 view .LVU1817
 5133 0104 0123     		movs	r3, #1
2070:../../STM32Cube_FW_N6/Drivers/STM32N6xx_HAL_Driver/Src/stm32n6xx_hal_sai.c **** 
 5134              		.loc 1 2070 25 view .LVU1818
 5135 0106 A4F87E50 		strh	r5, [r4, #126]	@ movhi
2067:../../STM32Cube_FW_N6/Drivers/STM32N6xx_HAL_Driver/Src/stm32n6xx_hal_sai.c **** 
 5136              		.loc 1 2067 21 view .LVU1819
 5137 010a 84F89130 		strb	r3, [r4, #145]
2070:../../STM32Cube_FW_N6/Drivers/STM32N6xx_HAL_Driver/Src/stm32n6xx_hal_sai.c **** 
 5138              		.loc 1 2070 9 is_stmt 1 view .LVU1820
2076:../../STM32Cube_FW_N6/Drivers/STM32N6xx_HAL_Driver/Src/stm32n6xx_hal_sai.c **** #endif /* USE_HAL_SAI_REGISTER_CALLBACKS */
 5139              		.loc 1 2076 9 view .LVU1821
 5140 010e D7E7     		b	.L576
 5141              	.LVL337:
 5142              	.L491:
2081:../../STM32Cube_FW_N6/Drivers/STM32N6xx_HAL_Driver/Src/stm32n6xx_hal_sai.c ****     {
 5143              		.loc 1 2081 10 view .LVU1822
2081:../../STM32Cube_FW_N6/Drivers/STM32N6xx_HAL_Driver/Src/stm32n6xx_hal_sai.c ****     {
 5144              		.loc 1 2081 13 is_stmt 0 view .LVU1823
 5145 0110 C906     		lsls	r1, r1, #27
 5146              	.LVL338:
2081:../../STM32Cube_FW_N6/Drivers/STM32N6xx_HAL_Driver/Src/stm32n6xx_hal_sai.c ****     {
 5147              		.loc 1 2081 13 view .LVU1824
 5148 0112 D8D5     		bpl	.L474
2081:../../STM32Cube_FW_N6/Drivers/STM32N6xx_HAL_Driver/Src/stm32n6xx_hal_sai.c ****     {
 5149              		.loc 1 2081 61 discriminator 1 view .LVU1825
 5150 0114 D206     		lsls	r2, r2, #27
 5151              	.LVL339:
2081:../../STM32Cube_FW_N6/Drivers/STM32N6xx_HAL_Driver/Src/stm32n6xx_hal_sai.c ****     {
ARM GAS  C:\Users\Antonio\AppData\Local\Temp\ccmFwfsh.s 			page 170


 5152              		.loc 1 2081 61 discriminator 1 view .LVU1826
 5153 0116 D6D5     		bpl	.L474
2084:../../STM32Cube_FW_N6/Drivers/STM32N6xx_HAL_Driver/Src/stm32n6xx_hal_sai.c ****       /* Change the SAI error code */
 5154              		.loc 1 2084 7 is_stmt 1 view .LVU1827
 5155 0118 1022     		movs	r2, #16
 5156 011a 9A61     		str	r2, [r3, #24]
2086:../../STM32Cube_FW_N6/Drivers/STM32N6xx_HAL_Driver/Src/stm32n6xx_hal_sai.c ****       /* the transfer is not stopped, we will forward the information to the user and we let
 5157              		.loc 1 2086 7 view .LVU1828
2086:../../STM32Cube_FW_N6/Drivers/STM32N6xx_HAL_Driver/Src/stm32n6xx_hal_sai.c ****       /* the transfer is not stopped, we will forward the information to the user and we let
 5158              		.loc 1 2086 11 is_stmt 0 view .LVU1829
 5159 011c D4F89430 		ldr	r3, [r4, #148]
2086:../../STM32Cube_FW_N6/Drivers/STM32N6xx_HAL_Driver/Src/stm32n6xx_hal_sai.c ****       /* the transfer is not stopped, we will forward the information to the user and we let
 5160              		.loc 1 2086 23 view .LVU1830
 5161 0120 1343     		orrs	r3, r3, r2
 5162 0122 8FE7     		b	.L575
 5163              	.L593:
 5164              		.align	2
 5165              	.L592:
 5166 0124 00000000 		.word	SAI_DMAAbort
 5167              	.LBE39:
 5168              		.cfi_endproc
 5169              	.LFE856:
 5171              		.section	.text.SAI_DMAAbort,"ax",%progbits
 5172              		.align	1
 5173              		.syntax unified
 5174              		.thumb
 5175              		.thumb_func
 5177              	SAI_DMAAbort:
 5178              	.LVL340:
 5179              	.LFB880:
2846:../../STM32Cube_FW_N6/Drivers/STM32N6xx_HAL_Driver/Src/stm32n6xx_hal_sai.c **** 
2847:../../STM32Cube_FW_N6/Drivers/STM32N6xx_HAL_Driver/Src/stm32n6xx_hal_sai.c **** /**
2848:../../STM32Cube_FW_N6/Drivers/STM32N6xx_HAL_Driver/Src/stm32n6xx_hal_sai.c ****   * @brief  DMA SAI Abort callback.
2849:../../STM32Cube_FW_N6/Drivers/STM32N6xx_HAL_Driver/Src/stm32n6xx_hal_sai.c ****   * @param  hdma pointer to a DMA_HandleTypeDef structure that contains
2850:../../STM32Cube_FW_N6/Drivers/STM32N6xx_HAL_Driver/Src/stm32n6xx_hal_sai.c ****   *              the configuration information for the specified DMA module.
2851:../../STM32Cube_FW_N6/Drivers/STM32N6xx_HAL_Driver/Src/stm32n6xx_hal_sai.c ****   * @retval None
2852:../../STM32Cube_FW_N6/Drivers/STM32N6xx_HAL_Driver/Src/stm32n6xx_hal_sai.c ****   */
2853:../../STM32Cube_FW_N6/Drivers/STM32N6xx_HAL_Driver/Src/stm32n6xx_hal_sai.c **** static void SAI_DMAAbort(DMA_HandleTypeDef *hdma)
2854:../../STM32Cube_FW_N6/Drivers/STM32N6xx_HAL_Driver/Src/stm32n6xx_hal_sai.c **** {
 5180              		.loc 1 2854 1 is_stmt 1 view -0
 5181              		.cfi_startproc
 5182              		@ args = 0, pretend = 0, frame = 0
 5183              		@ frame_needed = 0, uses_anonymous_args = 0
2855:../../STM32Cube_FW_N6/Drivers/STM32N6xx_HAL_Driver/Src/stm32n6xx_hal_sai.c ****   SAI_HandleTypeDef *hsai = (SAI_HandleTypeDef *)((DMA_HandleTypeDef *)hdma)->Parent;
 5184              		.loc 1 2855 3 view .LVU1832
2854:../../STM32Cube_FW_N6/Drivers/STM32N6xx_HAL_Driver/Src/stm32n6xx_hal_sai.c ****   SAI_HandleTypeDef *hsai = (SAI_HandleTypeDef *)((DMA_HandleTypeDef *)hdma)->Parent;
 5185              		.loc 1 2854 1 is_stmt 0 view .LVU1833
 5186 0000 38B5     		push	{r3, r4, r5, lr}
 5187              		.cfi_def_cfa_offset 16
 5188              		.cfi_offset 3, -16
 5189              		.cfi_offset 4, -12
 5190              		.cfi_offset 5, -8
 5191              		.cfi_offset 14, -4
 5192              		.loc 1 2855 22 view .LVU1834
 5193 0002 C46D     		ldr	r4, [r0, #92]
 5194              	.LVL341:
2856:../../STM32Cube_FW_N6/Drivers/STM32N6xx_HAL_Driver/Src/stm32n6xx_hal_sai.c **** 
ARM GAS  C:\Users\Antonio\AppData\Local\Temp\ccmFwfsh.s 			page 171


2857:../../STM32Cube_FW_N6/Drivers/STM32N6xx_HAL_Driver/Src/stm32n6xx_hal_sai.c ****   /* Disable DMA request */
2858:../../STM32Cube_FW_N6/Drivers/STM32N6xx_HAL_Driver/Src/stm32n6xx_hal_sai.c ****   hsai->Instance->CR1 &= ~SAI_xCR1_DMAEN;
 5195              		.loc 1 2858 3 is_stmt 1 view .LVU1835
 5196              		.loc 1 2858 7 is_stmt 0 view .LVU1836
 5197 0004 2568     		ldr	r5, [r4]
 5198              		.loc 1 2858 17 view .LVU1837
 5199 0006 2B68     		ldr	r3, [r5]
 5200              		.loc 1 2858 23 view .LVU1838
 5201 0008 23F40033 		bic	r3, r3, #131072
 5202 000c 2B60     		str	r3, [r5]
2859:../../STM32Cube_FW_N6/Drivers/STM32N6xx_HAL_Driver/Src/stm32n6xx_hal_sai.c **** 
2860:../../STM32Cube_FW_N6/Drivers/STM32N6xx_HAL_Driver/Src/stm32n6xx_hal_sai.c ****   /* Disable all interrupts and clear all flags */
2861:../../STM32Cube_FW_N6/Drivers/STM32N6xx_HAL_Driver/Src/stm32n6xx_hal_sai.c ****   hsai->Instance->IMR = 0U;
 5203              		.loc 1 2861 3 is_stmt 1 view .LVU1839
 5204              		.loc 1 2861 23 is_stmt 0 view .LVU1840
 5205 000e 0023     		movs	r3, #0
 5206 0010 2B61     		str	r3, [r5, #16]
2862:../../STM32Cube_FW_N6/Drivers/STM32N6xx_HAL_Driver/Src/stm32n6xx_hal_sai.c ****   hsai->Instance->CLRFR = 0xFFFFFFFFU;
 5207              		.loc 1 2862 3 is_stmt 1 view .LVU1841
 5208              		.loc 1 2862 25 is_stmt 0 view .LVU1842
 5209 0012 4FF0FF33 		mov	r3, #-1
 5210 0016 AB61     		str	r3, [r5, #24]
2863:../../STM32Cube_FW_N6/Drivers/STM32N6xx_HAL_Driver/Src/stm32n6xx_hal_sai.c **** 
2864:../../STM32Cube_FW_N6/Drivers/STM32N6xx_HAL_Driver/Src/stm32n6xx_hal_sai.c ****   if (hsai->ErrorCode != HAL_SAI_ERROR_WCKCFG)
 5211              		.loc 1 2864 3 is_stmt 1 view .LVU1843
 5212              		.loc 1 2864 11 is_stmt 0 view .LVU1844
 5213 0018 D4F89430 		ldr	r3, [r4, #148]
 5214              		.loc 1 2864 6 view .LVU1845
 5215 001c 202B     		cmp	r3, #32
 5216 001e 06D0     		beq	.L595
2865:../../STM32Cube_FW_N6/Drivers/STM32N6xx_HAL_Driver/Src/stm32n6xx_hal_sai.c ****   {
2866:../../STM32Cube_FW_N6/Drivers/STM32N6xx_HAL_Driver/Src/stm32n6xx_hal_sai.c ****     /* Disable SAI peripheral */
2867:../../STM32Cube_FW_N6/Drivers/STM32N6xx_HAL_Driver/Src/stm32n6xx_hal_sai.c ****     /* No need to check return value because state will be updated and HAL_SAI_ErrorCallback will b
2868:../../STM32Cube_FW_N6/Drivers/STM32N6xx_HAL_Driver/Src/stm32n6xx_hal_sai.c ****     (void) SAI_Disable(hsai);
 5217              		.loc 1 2868 5 is_stmt 1 view .LVU1846
 5218              		.loc 1 2868 12 is_stmt 0 view .LVU1847
 5219 0020 2046     		mov	r0, r4
 5220              	.LVL342:
 5221              		.loc 1 2868 12 view .LVU1848
 5222 0022 FFF7FEFF 		bl	SAI_Disable
 5223              	.LVL343:
2869:../../STM32Cube_FW_N6/Drivers/STM32N6xx_HAL_Driver/Src/stm32n6xx_hal_sai.c **** 
2870:../../STM32Cube_FW_N6/Drivers/STM32N6xx_HAL_Driver/Src/stm32n6xx_hal_sai.c ****     /* Flush the fifo */
2871:../../STM32Cube_FW_N6/Drivers/STM32N6xx_HAL_Driver/Src/stm32n6xx_hal_sai.c ****     SET_BIT(hsai->Instance->CR2, SAI_xCR2_FFLUSH);
 5224              		.loc 1 2871 5 is_stmt 1 view .LVU1849
 5225 0026 6B68     		ldr	r3, [r5, #4]
 5226 0028 43F00803 		orr	r3, r3, #8
 5227 002c 6B60     		str	r3, [r5, #4]
 5228              	.L595:
2872:../../STM32Cube_FW_N6/Drivers/STM32N6xx_HAL_Driver/Src/stm32n6xx_hal_sai.c ****   }
2873:../../STM32Cube_FW_N6/Drivers/STM32N6xx_HAL_Driver/Src/stm32n6xx_hal_sai.c ****   /* Set the SAI state to ready to be able to start again the process */
2874:../../STM32Cube_FW_N6/Drivers/STM32N6xx_HAL_Driver/Src/stm32n6xx_hal_sai.c ****   hsai->State = HAL_SAI_STATE_READY;
 5229              		.loc 1 2874 3 view .LVU1850
 5230              		.loc 1 2874 15 is_stmt 0 view .LVU1851
 5231 002e 0123     		movs	r3, #1
 5232 0030 84F89130 		strb	r3, [r4, #145]
2875:../../STM32Cube_FW_N6/Drivers/STM32N6xx_HAL_Driver/Src/stm32n6xx_hal_sai.c **** 
ARM GAS  C:\Users\Antonio\AppData\Local\Temp\ccmFwfsh.s 			page 172


2876:../../STM32Cube_FW_N6/Drivers/STM32N6xx_HAL_Driver/Src/stm32n6xx_hal_sai.c ****   /* Initialize XferCount */
2877:../../STM32Cube_FW_N6/Drivers/STM32N6xx_HAL_Driver/Src/stm32n6xx_hal_sai.c ****   hsai->XferCount = 0U;
 5233              		.loc 1 2877 3 is_stmt 1 view .LVU1852
 5234              		.loc 1 2877 19 is_stmt 0 view .LVU1853
 5235 0034 0023     		movs	r3, #0
2878:../../STM32Cube_FW_N6/Drivers/STM32N6xx_HAL_Driver/Src/stm32n6xx_hal_sai.c **** 
2879:../../STM32Cube_FW_N6/Drivers/STM32N6xx_HAL_Driver/Src/stm32n6xx_hal_sai.c ****   /* SAI error Callback */
2880:../../STM32Cube_FW_N6/Drivers/STM32N6xx_HAL_Driver/Src/stm32n6xx_hal_sai.c **** #if (USE_HAL_SAI_REGISTER_CALLBACKS == 1)
2881:../../STM32Cube_FW_N6/Drivers/STM32N6xx_HAL_Driver/Src/stm32n6xx_hal_sai.c ****   hsai->ErrorCallback(hsai);
2882:../../STM32Cube_FW_N6/Drivers/STM32N6xx_HAL_Driver/Src/stm32n6xx_hal_sai.c **** #else
2883:../../STM32Cube_FW_N6/Drivers/STM32N6xx_HAL_Driver/Src/stm32n6xx_hal_sai.c ****   HAL_SAI_ErrorCallback(hsai);
 5236              		.loc 1 2883 3 view .LVU1854
 5237 0036 2046     		mov	r0, r4
2877:../../STM32Cube_FW_N6/Drivers/STM32N6xx_HAL_Driver/Src/stm32n6xx_hal_sai.c **** 
 5238              		.loc 1 2877 19 view .LVU1855
 5239 0038 A4F87E30 		strh	r3, [r4, #126]	@ movhi
 5240              		.loc 1 2883 3 is_stmt 1 view .LVU1856
 5241 003c FFF7FEFF 		bl	HAL_SAI_ErrorCallback
 5242              	.LVL344:
2884:../../STM32Cube_FW_N6/Drivers/STM32N6xx_HAL_Driver/Src/stm32n6xx_hal_sai.c **** #endif /* USE_HAL_SAI_REGISTER_CALLBACKS */
2885:../../STM32Cube_FW_N6/Drivers/STM32N6xx_HAL_Driver/Src/stm32n6xx_hal_sai.c **** }
 5243              		.loc 1 2885 1 is_stmt 0 view .LVU1857
 5244 0040 38BD     		pop	{r3, r4, r5, pc}
 5245              		.loc 1 2885 1 view .LVU1858
 5246              		.cfi_endproc
 5247              	.LFE880:
 5249              		.section	.text.HAL_SAI_GetState,"ax",%progbits
 5250              		.align	1
 5251              		.global	HAL_SAI_GetState
 5252              		.syntax unified
 5253              		.thumb
 5254              		.thumb_func
 5256              	HAL_SAI_GetState:
 5257              	.LVL345:
 5258              	.LFB862:
2208:../../STM32Cube_FW_N6/Drivers/STM32N6xx_HAL_Driver/Src/stm32n6xx_hal_sai.c ****   return hsai->State;
 5259              		.loc 1 2208 1 is_stmt 1 view -0
 5260              		.cfi_startproc
 5261              		@ args = 0, pretend = 0, frame = 0
 5262              		@ frame_needed = 0, uses_anonymous_args = 0
 5263              		@ link register save eliminated.
2209:../../STM32Cube_FW_N6/Drivers/STM32N6xx_HAL_Driver/Src/stm32n6xx_hal_sai.c **** }
 5264              		.loc 1 2209 3 view .LVU1860
2209:../../STM32Cube_FW_N6/Drivers/STM32N6xx_HAL_Driver/Src/stm32n6xx_hal_sai.c **** }
 5265              		.loc 1 2209 14 is_stmt 0 view .LVU1861
 5266 0000 90F89100 		ldrb	r0, [r0, #145]	@ zero_extendqisi2
 5267              	.LVL346:
2210:../../STM32Cube_FW_N6/Drivers/STM32N6xx_HAL_Driver/Src/stm32n6xx_hal_sai.c **** 
 5268              		.loc 1 2210 1 view .LVU1862
 5269 0004 7047     		bx	lr
 5270              		.cfi_endproc
 5271              	.LFE862:
 5273              		.section	.text.HAL_SAI_GetError,"ax",%progbits
 5274              		.align	1
 5275              		.global	HAL_SAI_GetError
 5276              		.syntax unified
 5277              		.thumb
ARM GAS  C:\Users\Antonio\AppData\Local\Temp\ccmFwfsh.s 			page 173


 5278              		.thumb_func
 5280              	HAL_SAI_GetError:
 5281              	.LVL347:
 5282              	.LFB863:
2219:../../STM32Cube_FW_N6/Drivers/STM32N6xx_HAL_Driver/Src/stm32n6xx_hal_sai.c ****   return hsai->ErrorCode;
 5283              		.loc 1 2219 1 is_stmt 1 view -0
 5284              		.cfi_startproc
 5285              		@ args = 0, pretend = 0, frame = 0
 5286              		@ frame_needed = 0, uses_anonymous_args = 0
 5287              		@ link register save eliminated.
2220:../../STM32Cube_FW_N6/Drivers/STM32N6xx_HAL_Driver/Src/stm32n6xx_hal_sai.c **** }
 5288              		.loc 1 2220 3 view .LVU1864
2220:../../STM32Cube_FW_N6/Drivers/STM32N6xx_HAL_Driver/Src/stm32n6xx_hal_sai.c **** }
 5289              		.loc 1 2220 14 is_stmt 0 view .LVU1865
 5290 0000 D0F89400 		ldr	r0, [r0, #148]
 5291              	.LVL348:
2221:../../STM32Cube_FW_N6/Drivers/STM32N6xx_HAL_Driver/Src/stm32n6xx_hal_sai.c **** 
 5292              		.loc 1 2221 1 view .LVU1866
 5293 0004 7047     		bx	lr
 5294              		.cfi_endproc
 5295              	.LFE863:
 5297              		.text
 5298              	.Letext0:
 5299              		.file 2 "C:\\ST\\STM32CubeIDE_1.19.0\\STM32CubeIDE\\plugins\\com.st.stm32cube.ide.mcu.externaltool
 5300              		.file 3 "C:\\ST\\STM32CubeIDE_1.19.0\\STM32CubeIDE\\plugins\\com.st.stm32cube.ide.mcu.externaltool
 5301              		.file 4 "../../STM32Cube_FW_N6/Drivers/CMSIS/Device/ST/STM32N6xx/Include/stm32n657xx.h"
 5302              		.file 5 "../../STM32Cube_FW_N6/Drivers/CMSIS/Device/ST/STM32N6xx/Include/stm32n6xx.h"
 5303              		.file 6 "../../STM32Cube_FW_N6/Drivers/STM32N6xx_HAL_Driver/Inc/stm32n6xx_hal_def.h"
 5304              		.file 7 "../../STM32Cube_FW_N6/Drivers/STM32N6xx_HAL_Driver/Inc/stm32n6xx_hal_dma.h"
 5305              		.file 8 "../../STM32Cube_FW_N6/Drivers/STM32N6xx_HAL_Driver/Inc/stm32n6xx_hal_dma_ex.h"
 5306              		.file 9 "../../STM32Cube_FW_N6/Drivers/STM32N6xx_HAL_Driver/Inc/stm32n6xx_hal_sai.h"
 5307              		.file 10 "../../STM32Cube_FW_N6/Drivers/STM32N6xx_HAL_Driver/Inc/stm32n6xx_hal_rcc_ex.h"
 5308              		.file 11 "../../STM32Cube_FW_N6/Drivers/CMSIS/Device/ST/STM32N6xx/Include/system_stm32n6xx.h"
 5309              		.file 12 "Inc/stm32n6xx_hal_conf.h"
 5310              		.file 13 "../../STM32Cube_FW_N6/Drivers/STM32N6xx_HAL_Driver/Inc/stm32n6xx_hal.h"
ARM GAS  C:\Users\Antonio\AppData\Local\Temp\ccmFwfsh.s 			page 174


DEFINED SYMBOLS
                            *ABS*:00000000 stm32n6xx_hal_sai.c
C:\Users\Antonio\AppData\Local\Temp\ccmFwfsh.s:26     .text.SAI_FillFifo:00000000 $t
C:\Users\Antonio\AppData\Local\Temp\ccmFwfsh.s:31     .text.SAI_FillFifo:00000000 SAI_FillFifo
C:\Users\Antonio\AppData\Local\Temp\ccmFwfsh.s:168    .text.SAI_InterruptFlag:00000000 $t
C:\Users\Antonio\AppData\Local\Temp\ccmFwfsh.s:173    .text.SAI_InterruptFlag:00000000 SAI_InterruptFlag
C:\Users\Antonio\AppData\Local\Temp\ccmFwfsh.s:227    .text.SAI_Disable:00000000 $t
C:\Users\Antonio\AppData\Local\Temp\ccmFwfsh.s:232    .text.SAI_Disable:00000000 SAI_Disable
C:\Users\Antonio\AppData\Local\Temp\ccmFwfsh.s:302    .text.SAI_Disable:0000003c $d
C:\Users\Antonio\AppData\Local\Temp\ccmFwfsh.s:307    .text.HAL_SAI_MspInit:00000000 $t
C:\Users\Antonio\AppData\Local\Temp\ccmFwfsh.s:313    .text.HAL_SAI_MspInit:00000000 HAL_SAI_MspInit
C:\Users\Antonio\AppData\Local\Temp\ccmFwfsh.s:332    .text.HAL_SAI_Init:00000000 $t
C:\Users\Antonio\AppData\Local\Temp\ccmFwfsh.s:338    .text.HAL_SAI_Init:00000000 HAL_SAI_Init
C:\Users\Antonio\AppData\Local\Temp\ccmFwfsh.s:737    .text.HAL_SAI_Init:0000028c $d
C:\Users\Antonio\AppData\Local\Temp\ccmFwfsh.s:746    .text.HAL_SAI_Init:000002a0 $t
C:\Users\Antonio\AppData\Local\Temp\ccmFwfsh.s:1243   .text.HAL_SAI_Init:0000053c $d
C:\Users\Antonio\AppData\Local\Temp\ccmFwfsh.s:1255   .text.HAL_SAI_InitProtocol:00000000 $t
C:\Users\Antonio\AppData\Local\Temp\ccmFwfsh.s:1261   .text.HAL_SAI_InitProtocol:00000000 HAL_SAI_InitProtocol
C:\Users\Antonio\AppData\Local\Temp\ccmFwfsh.s:1372   .text.HAL_SAI_InitProtocol:00000068 $d
C:\Users\Antonio\AppData\Local\Temp\ccmFwfsh.s:1377   .text.HAL_SAI_InitProtocol:0000006c $t
C:\Users\Antonio\AppData\Local\Temp\ccmFwfsh.s:1447   .text.HAL_SAI_InitProtocol:000000b2 $d
C:\Users\Antonio\AppData\Local\Temp\ccmFwfsh.s:1452   .text.HAL_SAI_InitProtocol:000000b6 $t
C:\Users\Antonio\AppData\Local\Temp\ccmFwfsh.s:1706   .text.HAL_SAI_InitProtocol:00000150 $d
C:\Users\Antonio\AppData\Local\Temp\ccmFwfsh.s:1713   .text.HAL_SAI_MspDeInit:00000000 $t
C:\Users\Antonio\AppData\Local\Temp\ccmFwfsh.s:1719   .text.HAL_SAI_MspDeInit:00000000 HAL_SAI_MspDeInit
C:\Users\Antonio\AppData\Local\Temp\ccmFwfsh.s:1731   .text.HAL_SAI_DeInit:00000000 $t
C:\Users\Antonio\AppData\Local\Temp\ccmFwfsh.s:1737   .text.HAL_SAI_DeInit:00000000 HAL_SAI_DeInit
C:\Users\Antonio\AppData\Local\Temp\ccmFwfsh.s:1842   .text.HAL_SAI_DeInit:00000060 $d
C:\Users\Antonio\AppData\Local\Temp\ccmFwfsh.s:1847   .text.HAL_SAI_Transmit:00000000 $t
C:\Users\Antonio\AppData\Local\Temp\ccmFwfsh.s:1853   .text.HAL_SAI_Transmit:00000000 HAL_SAI_Transmit
C:\Users\Antonio\AppData\Local\Temp\ccmFwfsh.s:2139   .text.HAL_SAI_Receive:00000000 $t
C:\Users\Antonio\AppData\Local\Temp\ccmFwfsh.s:2145   .text.HAL_SAI_Receive:00000000 HAL_SAI_Receive
C:\Users\Antonio\AppData\Local\Temp\ccmFwfsh.s:2426   .text.HAL_SAI_Transmit_IT:00000000 $t
C:\Users\Antonio\AppData\Local\Temp\ccmFwfsh.s:2432   .text.HAL_SAI_Transmit_IT:00000000 HAL_SAI_Transmit_IT
C:\Users\Antonio\AppData\Local\Temp\ccmFwfsh.s:2568   .text.HAL_SAI_Transmit_IT:0000008c $d
C:\Users\Antonio\AppData\Local\Temp\ccmFwfsh.s:4164   .text.SAI_Transmit_IT16Bit:00000000 SAI_Transmit_IT16Bit
C:\Users\Antonio\AppData\Local\Temp\ccmFwfsh.s:4104   .text.SAI_Transmit_IT8Bit:00000000 SAI_Transmit_IT8Bit
C:\Users\Antonio\AppData\Local\Temp\ccmFwfsh.s:3946   .text.SAI_Transmit_IT32Bit:00000000 SAI_Transmit_IT32Bit
C:\Users\Antonio\AppData\Local\Temp\ccmFwfsh.s:2575   .text.HAL_SAI_Receive_IT:00000000 $t
C:\Users\Antonio\AppData\Local\Temp\ccmFwfsh.s:2581   .text.HAL_SAI_Receive_IT:00000000 HAL_SAI_Receive_IT
C:\Users\Antonio\AppData\Local\Temp\ccmFwfsh.s:2715   .text.HAL_SAI_Receive_IT:00000084 $d
C:\Users\Antonio\AppData\Local\Temp\ccmFwfsh.s:4579   .text.SAI_Receive_IT16Bit:00000000 SAI_Receive_IT16Bit
C:\Users\Antonio\AppData\Local\Temp\ccmFwfsh.s:4534   .text.SAI_Receive_IT8Bit:00000000 SAI_Receive_IT8Bit
C:\Users\Antonio\AppData\Local\Temp\ccmFwfsh.s:4377   .text.SAI_Receive_IT32Bit:00000000 SAI_Receive_IT32Bit
C:\Users\Antonio\AppData\Local\Temp\ccmFwfsh.s:2722   .text.HAL_SAI_DMAPause:00000000 $t
C:\Users\Antonio\AppData\Local\Temp\ccmFwfsh.s:2728   .text.HAL_SAI_DMAPause:00000000 HAL_SAI_DMAPause
C:\Users\Antonio\AppData\Local\Temp\ccmFwfsh.s:2771   .text.HAL_SAI_DMAResume:00000000 $t
C:\Users\Antonio\AppData\Local\Temp\ccmFwfsh.s:2777   .text.HAL_SAI_DMAResume:00000000 HAL_SAI_DMAResume
C:\Users\Antonio\AppData\Local\Temp\ccmFwfsh.s:2834   .text.HAL_SAI_DMAStop:00000000 $t
C:\Users\Antonio\AppData\Local\Temp\ccmFwfsh.s:2840   .text.HAL_SAI_DMAStop:00000000 HAL_SAI_DMAStop
C:\Users\Antonio\AppData\Local\Temp\ccmFwfsh.s:2987   .text.HAL_SAI_Abort:00000000 $t
C:\Users\Antonio\AppData\Local\Temp\ccmFwfsh.s:2993   .text.HAL_SAI_Abort:00000000 HAL_SAI_Abort
C:\Users\Antonio\AppData\Local\Temp\ccmFwfsh.s:3158   .text.HAL_SAI_Transmit_DMA:00000000 $t
C:\Users\Antonio\AppData\Local\Temp\ccmFwfsh.s:3164   .text.HAL_SAI_Transmit_DMA:00000000 HAL_SAI_Transmit_DMA
C:\Users\Antonio\AppData\Local\Temp\ccmFwfsh.s:3431   .text.HAL_SAI_Transmit_DMA:000000fc $d
C:\Users\Antonio\AppData\Local\Temp\ccmFwfsh.s:4328   .text.SAI_DMATxHalfCplt:00000000 SAI_DMATxHalfCplt
C:\Users\Antonio\AppData\Local\Temp\ccmFwfsh.s:4242   .text.SAI_DMATxCplt:00000000 SAI_DMATxCplt
ARM GAS  C:\Users\Antonio\AppData\Local\Temp\ccmFwfsh.s 			page 175


C:\Users\Antonio\AppData\Local\Temp\ccmFwfsh.s:4787   .text.SAI_DMAError:00000000 SAI_DMAError
C:\Users\Antonio\AppData\Local\Temp\ccmFwfsh.s:3439   .text.HAL_SAI_Receive_DMA:00000000 $t
C:\Users\Antonio\AppData\Local\Temp\ccmFwfsh.s:3445   .text.HAL_SAI_Receive_DMA:00000000 HAL_SAI_Receive_DMA
C:\Users\Antonio\AppData\Local\Temp\ccmFwfsh.s:3668   .text.HAL_SAI_Receive_DMA:000000cc $d
C:\Users\Antonio\AppData\Local\Temp\ccmFwfsh.s:4738   .text.SAI_DMARxHalfCplt:00000000 SAI_DMARxHalfCplt
C:\Users\Antonio\AppData\Local\Temp\ccmFwfsh.s:4652   .text.SAI_DMARxCplt:00000000 SAI_DMARxCplt
C:\Users\Antonio\AppData\Local\Temp\ccmFwfsh.s:3676   .text.HAL_SAI_EnableTxMuteMode:00000000 $t
C:\Users\Antonio\AppData\Local\Temp\ccmFwfsh.s:3682   .text.HAL_SAI_EnableTxMuteMode:00000000 HAL_SAI_EnableTxMuteMode
C:\Users\Antonio\AppData\Local\Temp\ccmFwfsh.s:3747   .text.HAL_SAI_EnableTxMuteMode:00000038 $d
C:\Users\Antonio\AppData\Local\Temp\ccmFwfsh.s:3752   .text.HAL_SAI_DisableTxMuteMode:00000000 $t
C:\Users\Antonio\AppData\Local\Temp\ccmFwfsh.s:3758   .text.HAL_SAI_DisableTxMuteMode:00000000 HAL_SAI_DisableTxMuteMode
C:\Users\Antonio\AppData\Local\Temp\ccmFwfsh.s:3794   .text.HAL_SAI_EnableRxMuteMode:00000000 $t
C:\Users\Antonio\AppData\Local\Temp\ccmFwfsh.s:3800   .text.HAL_SAI_EnableRxMuteMode:00000000 HAL_SAI_EnableRxMuteMode
C:\Users\Antonio\AppData\Local\Temp\ccmFwfsh.s:3869   .text.HAL_SAI_EnableRxMuteMode:00000044 $d
C:\Users\Antonio\AppData\Local\Temp\ccmFwfsh.s:3874   .text.HAL_SAI_DisableRxMuteMode:00000000 $t
C:\Users\Antonio\AppData\Local\Temp\ccmFwfsh.s:3880   .text.HAL_SAI_DisableRxMuteMode:00000000 HAL_SAI_DisableRxMuteMode
C:\Users\Antonio\AppData\Local\Temp\ccmFwfsh.s:3923   .text.HAL_SAI_TxCpltCallback:00000000 $t
C:\Users\Antonio\AppData\Local\Temp\ccmFwfsh.s:3929   .text.HAL_SAI_TxCpltCallback:00000000 HAL_SAI_TxCpltCallback
C:\Users\Antonio\AppData\Local\Temp\ccmFwfsh.s:3941   .text.SAI_Transmit_IT32Bit:00000000 $t
C:\Users\Antonio\AppData\Local\Temp\ccmFwfsh.s:4052   .text.SAI_Transmit_IT16Bit.part.0:00000000 $t
C:\Users\Antonio\AppData\Local\Temp\ccmFwfsh.s:4057   .text.SAI_Transmit_IT16Bit.part.0:00000000 SAI_Transmit_IT16Bit.part.0
C:\Users\Antonio\AppData\Local\Temp\ccmFwfsh.s:4057   .text.SAI_Transmit_IT16Bit.part.0:00000000 SAI_Transmit_IT8Bit.part.0
C:\Users\Antonio\AppData\Local\Temp\ccmFwfsh.s:4099   .text.SAI_Transmit_IT8Bit:00000000 $t
C:\Users\Antonio\AppData\Local\Temp\ccmFwfsh.s:4159   .text.SAI_Transmit_IT16Bit:00000000 $t
C:\Users\Antonio\AppData\Local\Temp\ccmFwfsh.s:4237   .text.SAI_DMATxCplt:00000000 $t
C:\Users\Antonio\AppData\Local\Temp\ccmFwfsh.s:4305   .text.HAL_SAI_TxHalfCpltCallback:00000000 $t
C:\Users\Antonio\AppData\Local\Temp\ccmFwfsh.s:4311   .text.HAL_SAI_TxHalfCpltCallback:00000000 HAL_SAI_TxHalfCpltCallback
C:\Users\Antonio\AppData\Local\Temp\ccmFwfsh.s:4323   .text.SAI_DMATxHalfCplt:00000000 $t
C:\Users\Antonio\AppData\Local\Temp\ccmFwfsh.s:4354   .text.HAL_SAI_RxCpltCallback:00000000 $t
C:\Users\Antonio\AppData\Local\Temp\ccmFwfsh.s:4360   .text.HAL_SAI_RxCpltCallback:00000000 HAL_SAI_RxCpltCallback
C:\Users\Antonio\AppData\Local\Temp\ccmFwfsh.s:4372   .text.SAI_Receive_IT32Bit:00000000 $t
C:\Users\Antonio\AppData\Local\Temp\ccmFwfsh.s:4480   .text.SAI_Receive_IT16Bit.part.0:00000000 $t
C:\Users\Antonio\AppData\Local\Temp\ccmFwfsh.s:4485   .text.SAI_Receive_IT16Bit.part.0:00000000 SAI_Receive_IT16Bit.part.0
C:\Users\Antonio\AppData\Local\Temp\ccmFwfsh.s:4485   .text.SAI_Receive_IT16Bit.part.0:00000000 SAI_Receive_IT8Bit.part.0
C:\Users\Antonio\AppData\Local\Temp\ccmFwfsh.s:4529   .text.SAI_Receive_IT8Bit:00000000 $t
C:\Users\Antonio\AppData\Local\Temp\ccmFwfsh.s:4574   .text.SAI_Receive_IT16Bit:00000000 $t
C:\Users\Antonio\AppData\Local\Temp\ccmFwfsh.s:4647   .text.SAI_DMARxCplt:00000000 $t
C:\Users\Antonio\AppData\Local\Temp\ccmFwfsh.s:4715   .text.HAL_SAI_RxHalfCpltCallback:00000000 $t
C:\Users\Antonio\AppData\Local\Temp\ccmFwfsh.s:4721   .text.HAL_SAI_RxHalfCpltCallback:00000000 HAL_SAI_RxHalfCpltCallback
C:\Users\Antonio\AppData\Local\Temp\ccmFwfsh.s:4733   .text.SAI_DMARxHalfCplt:00000000 $t
C:\Users\Antonio\AppData\Local\Temp\ccmFwfsh.s:4764   .text.HAL_SAI_ErrorCallback:00000000 $t
C:\Users\Antonio\AppData\Local\Temp\ccmFwfsh.s:4770   .text.HAL_SAI_ErrorCallback:00000000 HAL_SAI_ErrorCallback
C:\Users\Antonio\AppData\Local\Temp\ccmFwfsh.s:4782   .text.SAI_DMAError:00000000 $t
C:\Users\Antonio\AppData\Local\Temp\ccmFwfsh.s:4845   .text.HAL_SAI_IRQHandler:00000000 $t
C:\Users\Antonio\AppData\Local\Temp\ccmFwfsh.s:4851   .text.HAL_SAI_IRQHandler:00000000 HAL_SAI_IRQHandler
C:\Users\Antonio\AppData\Local\Temp\ccmFwfsh.s:5166   .text.HAL_SAI_IRQHandler:00000124 $d
C:\Users\Antonio\AppData\Local\Temp\ccmFwfsh.s:5177   .text.SAI_DMAAbort:00000000 SAI_DMAAbort
C:\Users\Antonio\AppData\Local\Temp\ccmFwfsh.s:5172   .text.SAI_DMAAbort:00000000 $t
C:\Users\Antonio\AppData\Local\Temp\ccmFwfsh.s:5250   .text.HAL_SAI_GetState:00000000 $t
C:\Users\Antonio\AppData\Local\Temp\ccmFwfsh.s:5256   .text.HAL_SAI_GetState:00000000 HAL_SAI_GetState
C:\Users\Antonio\AppData\Local\Temp\ccmFwfsh.s:5274   .text.HAL_SAI_GetError:00000000 $t
C:\Users\Antonio\AppData\Local\Temp\ccmFwfsh.s:5280   .text.HAL_SAI_GetError:00000000 HAL_SAI_GetError
                           .group:00000000 wm4.0.edffc6ad2f5eb1e671bbefdf8c481eb3
                           .group:00000000 wm4.stm32n6xx_hal_conf.h.21.e108a0e1f8e9094b9ec5c3fbf543a831
                           .group:00000000 wm4.stddef.h.39.0dc9006b34572d4d9cae4c8b422c4971
                           .group:00000000 wm4.arm_cmse.h.103.a0d15a79c4c9a67da8d5831704d7248e
                           .group:00000000 wm4.stm32n6xx.h.34.80585dd08aa426c932f6311fdb7386da
ARM GAS  C:\Users\Antonio\AppData\Local\Temp\ccmFwfsh.s 			page 176


                           .group:00000000 wm4.stm32n657xx.h.26.acd272cb67318cc1a4791ce2f0720ca6
                           .group:00000000 wm4._newlib_version.h.4.411db44ea2338a62eca2f0777f81481b
                           .group:00000000 wm4.features.h.33.e0c9f337c65cb9f22ed5f23d082bc78b
                           .group:00000000 wm4._default_types.h.15.247e5cd201eca3442cbf5404108c4935
                           .group:00000000 wm4._intsup.h.10.48bafbb683905c4daa4565a85aeeb264
                           .group:00000000 wm4._stdint.h.10.c24fa3af3bc1706662bb5593a907e841
                           .group:00000000 wm4.stdint.h.23.d53047a68f4a85177f80b422d52785ed
                           .group:00000000 wm4.cmsis_version.h.32.0ac195c83bb4537824e6ad1c47474b79
                           .group:00000000 wm4.core_cm55.h.68.832d5cf835639cc0d28219c3d2867330
                           .group:00000000 wm4.cmsis_gcc.h.26.7a5fd1a99dbedde687044a4433ab3e15
                           .group:00000000 wm4.core_cm55.h.196.52e437a270752da561676e507b35baeb
                           .group:00000000 wm4.mpu_armv8.h.32.9d72426c8e2b47753456dcb84802c5b3
                           .group:00000000 wm4.pmu_armv8.h.32.eaa95f88a71b29390b135fd81c071b6b
                           .group:00000000 wm4.core_cm55.h.4411.860dad8650880893dd57b815844f7186
                           .group:00000000 wm4.cachel1_armv7.h.32.abd77761a989e008b0c60891114a33c7
                           .group:00000000 wm4.stm32n657xx.h.575.1c2a5e6bedffc6f9083dcc857bc6d09d
                           .group:00000000 wm4.stm32n6xx.h.114.5cf793d8af485e14f110e3e24bde1aa5
                           .group:00000000 wm4.stm32_hal_legacy.h.22.87fb12bf5a1a1e00fc134f22bc9aa8c4
                           .group:00000000 wm4.newlib.h.7.a37ffbe9e5aff74303f4e60b1cc1c01b
                           .group:00000000 wm4.ieeefp.h.77.bd5feb87d9990dd328793ced294f6a87
                           .group:00000000 wm4.config.h.224.10ee1ad185d877c6e334e6581faab44d
                           .group:00000000 wm4._ansi.h.31.de524f58584151836e90d8620a16f8e8
                           .group:00000000 wm4.cdefs.h.49.70fc7af612f78ddcace70fdd90b5623b
                           .group:00000000 wm4._types.h.20.dd0d04dca3800a0d2a6129b87f3adbb2
                           .group:00000000 wm4.stddef.h.158.6f8e08a347b1cff664332fa350bfceb3
                           .group:00000000 wm4._types.h.127.3bdfe3ff8ea2d0985b03d9cbe93480e3
                           .group:00000000 wm4.reent.h.18.25503cdc8b7e55dd0d6ea7b3e5af7a03
                           .group:00000000 wm4.lock.h.2.1461d1fff82dffe8bfddc23307f6484f
                           .group:00000000 wm4.reent.h.78.6b87466b04591b1f1cb88c14fdf2ba9e
                           .group:00000000 wm4.math.h.13.47cfc34cae8a1153323939c4d32cf7c2
                           .group:00000000 wm4.stm32n6xx_hal_def.h.63.3a8f01490e8852464e9fcb69092e9c75
                           .group:00000000 wm4.stm32n6xx_ll_bus.h.38.2366a295ee4cdb04833997d3787fcd2d
                           .group:00000000 wm4.stm32n6xx_ll_rcc.h.21.002e22a16fd7f67dde6dce41e8ba9620
                           .group:00000000 wm4.stm32n6xx_hal_rcc.h.194.1cb1283e40f9bebcd3fba2a9a961838e
                           .group:00000000 wm4.stm32n6xx_hal_rcc_ex.h.21.79aa32178dfef625fbd20d362449acfa
                           .group:00000000 wm4.stm32n6xx_hal_rcc.h.4359.3f0b7ad33826d95438602c9aebc08af9
                           .group:00000000 wm4.stm32n6xx_hal_gpio.h.21.89d54af663b98eb8fc098192053f7eeb
                           .group:00000000 wm4.stm32n6xx_hal_gpio_ex.h.22.4acb2e3511a98bb48b81cfc8e09fd59e
                           .group:00000000 wm4.stm32n6xx_hal_rif.h.21.424d0bafb874a777dee3742a22e13037
                           .group:00000000 wm4.stm32n6xx_hal_dma.h.21.61e48c5c2e8d25d22177834b232fe45c
                           .group:00000000 wm4.stm32n6xx_hal_dma_ex.h.21.66e597beb090a165329d6ccf665e41bc
                           .group:00000000 wm4.stm32n6xx_hal_dma.h.1020.87e2180c009560b617c1f8208140c950
                           .group:00000000 wm4.stm32n6xx_hal_cortex.h.21.f493623cc58f9454ab4eae41e395c5cc
                           .group:00000000 wm4.stm32n6xx_hal_bsec.h.21.61b309e67dd810e28897a01b1b21a97f
                           .group:00000000 wm4.stm32n6xx_hal_dcmipp.h.21.f538bfd785c6469670251ac9bc7af55d
                           .group:00000000 wm4.stm32n6xx_hal_dma2d.h.21.75c8d46cdbb72970123b3f34ae2043d7
                           .group:00000000 wm4.stm32n6xx_hal_exti.h.21.fda87e715ea6b98239ec30171d1df594
                           .group:00000000 wm4.stm32n6xx_hal_i2c.h.21.3f483626ff64c5bf027265bb2e1d1331
                           .group:00000000 wm4.stm32n6xx_hal_i2c_ex.h.21.79e9196c22282cdaf6b4047893638c45
                           .group:00000000 wm4.stm32n6xx_hal_i2c.h.741.1084702632703acc669e4282b3043372
                           .group:00000000 wm4.stm32n6xx_hal_ltdc.h.21.ae1eb09930e7e550e48e418ac5849e4d
                           .group:00000000 wm4.stm32n6xx_hal_ltdc.h.1002.b13ede7fc94ed5ad1c6768a157d2149a
                           .group:00000000 wm4.stm32n6xx_hal_mdf.h.21.6eb130451a4e0db5b8befb63f326c92c
                           .group:00000000 wm4.stm32n6xx_hal_pwr.h.21.cdb73e4869c3fed3fc84f901ec0e5f0a
                           .group:00000000 wm4.stm32n6xx_hal_pwr_ex.h.21.1a673224a58b0c1e5fad8eeda6514208
                           .group:00000000 wm4.stm32n6xx_hal_ramcfg.h.21.a62dfbb4d2c14e9a8c634a215e37bd3d
                           .group:00000000 wm4.stm32n6xx_hal_sai.h.21.d6c5e096d8c222239b66c09476942511
ARM GAS  C:\Users\Antonio\AppData\Local\Temp\ccmFwfsh.s 			page 177


                           .group:00000000 wm4.stm32n6xx_hal_sai_ex.h.21.98cc4c637392fcbacd0a3564bad4bba3
                           .group:00000000 wm4.stm32n6xx_hal_sai.h.825.fc46628357edde5e604f90f7e222e919
                           .group:00000000 wm4.stm32n6xx_ll_sdmmc.h.21.a8483ddbe319d8ff397cbc0087d2c233
                           .group:00000000 wm4.stm32n6xx_ll_dlyb.h.21.05e6efa24db86ad89cfd13eda5cfcd3e
                           .group:00000000 wm4.stm32n6xx_hal_sd.h.71.b83d10af03e36c820c893444588bae05
                           .group:00000000 wm4.stm32n6xx_hal_sd_ex.h.21.0294125df092827b72ace449508982b9
                           .group:00000000 wm4.stm32n6xx_hal_uart.h.21.230f549bfa0d5ebfd77bfb311b2aca15
                           .group:00000000 wm4.stm32n6xx_hal_uart_ex.h.21.a0d5511e1d0703b7b5278c8f5472b96d
                           .group:00000000 wm4.stm32n6xx_hal_xspi.h.21.e17898be2073b6b6b19faf30b4e304e9
                           .group:00000000 wm4.stm32n6xx_hal_cacheaxi.h.21.7c3375b7903ec42376e4883320997f74
                           .group:00000000 wm4.stm32n6xx_hal.h.81.5e59143eba07faca3e9aeaa5470826c8

UNDEFINED SYMBOLS
SystemCoreClock
assert_failed
HAL_RCCEx_GetPeriphCLKFreq
HAL_GetTick
HAL_DMA_Abort
HAL_DMAEx_List_Start_IT
HAL_DMA_Start_IT
HAL_DMA_Abort_IT
