ARM GAS  C:\Users\Antonio\AppData\Local\Temp\cc9FRrj5.s 			page 1


   1              		.arch armv8.1-m.main
   2              		.fpu fpv5-d16
   3              		.arch_extension dsp
   4              		.arch_extension fp
   5              		.arch_extension fp.dp
   6              		.arch_extension mve
   7              		.arch_extension mve.fp
   8              		.eabi_attribute 5, "cortex-m55"
   9              		.eabi_attribute 28, 1
  10              		.eabi_attribute 20, 1
  11              		.eabi_attribute 21, 1
  12              		.eabi_attribute 23, 3
  13              		.eabi_attribute 24, 1
  14              		.eabi_attribute 25, 1
  15              		.eabi_attribute 26, 1
  16              		.eabi_attribute 30, 4
  17              		.eabi_attribute 34, 1
  18              		.eabi_attribute 38, 1
  19              		.eabi_attribute 18, 4
  20              		.file	"stm32n6xx_ll_sdmmc.c"
  21              		.text
  22              	.Ltext0:
  23              		.cfi_sections	.debug_frame
  24              		.file 1 "../../STM32Cube_FW_N6/Drivers/STM32N6xx_HAL_Driver/Src/stm32n6xx_ll_sdmmc.c"
  25              		.section	.rodata.SDMMC_Init.str1.1,"aMS",%progbits,1
  26              	.LC0:
  27 0000 2E2E2F2E 		.ascii	"../../STM32Cube_FW_N6/Drivers/STM32N6xx_HAL_Driver/"
  27      2E2F5354 
  27      4D333243 
  27      7562655F 
  27      46575F4E 
  28 0033 5372632F 		.ascii	"Src/stm32n6xx_ll_sdmmc.c\000"
  28      73746D33 
  28      326E3678 
  28      785F6C6C 
  28      5F73646D 
  29              		.section	.text.SDMMC_Init,"ax",%progbits
  30              		.align	1
  31              		.global	SDMMC_Init
  32              		.syntax unified
  33              		.thumb
  34              		.thumb_func
  36              	SDMMC_Init:
  37              	.LVL0:
  38              	.LFB837:
   1:../../STM32Cube_FW_N6/Drivers/STM32N6xx_HAL_Driver/Src/stm32n6xx_ll_sdmmc.c **** /**
   2:../../STM32Cube_FW_N6/Drivers/STM32N6xx_HAL_Driver/Src/stm32n6xx_ll_sdmmc.c ****   ******************************************************************************
   3:../../STM32Cube_FW_N6/Drivers/STM32N6xx_HAL_Driver/Src/stm32n6xx_ll_sdmmc.c ****   * @file    stm32n6xx_ll_sdmmc.c
   4:../../STM32Cube_FW_N6/Drivers/STM32N6xx_HAL_Driver/Src/stm32n6xx_ll_sdmmc.c ****   * @author  MCD Application Team
   5:../../STM32Cube_FW_N6/Drivers/STM32N6xx_HAL_Driver/Src/stm32n6xx_ll_sdmmc.c ****   * @brief   SDMMC Low Layer HAL module driver.
   6:../../STM32Cube_FW_N6/Drivers/STM32N6xx_HAL_Driver/Src/stm32n6xx_ll_sdmmc.c ****   *
   7:../../STM32Cube_FW_N6/Drivers/STM32N6xx_HAL_Driver/Src/stm32n6xx_ll_sdmmc.c ****   *          This file provides firmware functions to manage the following
   8:../../STM32Cube_FW_N6/Drivers/STM32N6xx_HAL_Driver/Src/stm32n6xx_ll_sdmmc.c ****   *          functionalities of the SDMMC peripheral:
   9:../../STM32Cube_FW_N6/Drivers/STM32N6xx_HAL_Driver/Src/stm32n6xx_ll_sdmmc.c ****   *           + Initialization/de-initialization functions
  10:../../STM32Cube_FW_N6/Drivers/STM32N6xx_HAL_Driver/Src/stm32n6xx_ll_sdmmc.c ****   *           + I/O operation functions
  11:../../STM32Cube_FW_N6/Drivers/STM32N6xx_HAL_Driver/Src/stm32n6xx_ll_sdmmc.c ****   *           + Peripheral Control functions
  12:../../STM32Cube_FW_N6/Drivers/STM32N6xx_HAL_Driver/Src/stm32n6xx_ll_sdmmc.c ****   *           + Peripheral State functions
ARM GAS  C:\Users\Antonio\AppData\Local\Temp\cc9FRrj5.s 			page 2


  13:../../STM32Cube_FW_N6/Drivers/STM32N6xx_HAL_Driver/Src/stm32n6xx_ll_sdmmc.c ****   *
  14:../../STM32Cube_FW_N6/Drivers/STM32N6xx_HAL_Driver/Src/stm32n6xx_ll_sdmmc.c ****   ******************************************************************************
  15:../../STM32Cube_FW_N6/Drivers/STM32N6xx_HAL_Driver/Src/stm32n6xx_ll_sdmmc.c ****   * @attention
  16:../../STM32Cube_FW_N6/Drivers/STM32N6xx_HAL_Driver/Src/stm32n6xx_ll_sdmmc.c ****   *
  17:../../STM32Cube_FW_N6/Drivers/STM32N6xx_HAL_Driver/Src/stm32n6xx_ll_sdmmc.c ****   * Copyright (c) 2023 STMicroelectronics.
  18:../../STM32Cube_FW_N6/Drivers/STM32N6xx_HAL_Driver/Src/stm32n6xx_ll_sdmmc.c ****   * All rights reserved.
  19:../../STM32Cube_FW_N6/Drivers/STM32N6xx_HAL_Driver/Src/stm32n6xx_ll_sdmmc.c ****   *
  20:../../STM32Cube_FW_N6/Drivers/STM32N6xx_HAL_Driver/Src/stm32n6xx_ll_sdmmc.c ****   * This software is licensed under terms that can be found in the LICENSE file
  21:../../STM32Cube_FW_N6/Drivers/STM32N6xx_HAL_Driver/Src/stm32n6xx_ll_sdmmc.c ****   * in the root directory of this software component.
  22:../../STM32Cube_FW_N6/Drivers/STM32N6xx_HAL_Driver/Src/stm32n6xx_ll_sdmmc.c ****   * If no LICENSE file comes with this software, it is provided AS-IS.
  23:../../STM32Cube_FW_N6/Drivers/STM32N6xx_HAL_Driver/Src/stm32n6xx_ll_sdmmc.c ****   *
  24:../../STM32Cube_FW_N6/Drivers/STM32N6xx_HAL_Driver/Src/stm32n6xx_ll_sdmmc.c ****   ******************************************************************************
  25:../../STM32Cube_FW_N6/Drivers/STM32N6xx_HAL_Driver/Src/stm32n6xx_ll_sdmmc.c ****   @verbatim
  26:../../STM32Cube_FW_N6/Drivers/STM32N6xx_HAL_Driver/Src/stm32n6xx_ll_sdmmc.c ****   ==============================================================================
  27:../../STM32Cube_FW_N6/Drivers/STM32N6xx_HAL_Driver/Src/stm32n6xx_ll_sdmmc.c ****                        ##### SDMMC peripheral features #####
  28:../../STM32Cube_FW_N6/Drivers/STM32N6xx_HAL_Driver/Src/stm32n6xx_ll_sdmmc.c ****   ==============================================================================
  29:../../STM32Cube_FW_N6/Drivers/STM32N6xx_HAL_Driver/Src/stm32n6xx_ll_sdmmc.c ****     [..] The SD/SDMMC MMC card host interface (SDMMC) provides an interface between the AHB
  30:../../STM32Cube_FW_N6/Drivers/STM32N6xx_HAL_Driver/Src/stm32n6xx_ll_sdmmc.c ****          peripheral bus and MultiMedia cards (MMCs), SD memory cards, SDMMC cards and CE-ATA
  31:../../STM32Cube_FW_N6/Drivers/STM32N6xx_HAL_Driver/Src/stm32n6xx_ll_sdmmc.c ****          devices.
  32:../../STM32Cube_FW_N6/Drivers/STM32N6xx_HAL_Driver/Src/stm32n6xx_ll_sdmmc.c **** 
  33:../../STM32Cube_FW_N6/Drivers/STM32N6xx_HAL_Driver/Src/stm32n6xx_ll_sdmmc.c ****     [..] The SDMMC features include the following:
  34:../../STM32Cube_FW_N6/Drivers/STM32N6xx_HAL_Driver/Src/stm32n6xx_ll_sdmmc.c ****          (+) Full compliance with MultiMediaCard System Specification Version 4.51. Card support
  35:../../STM32Cube_FW_N6/Drivers/STM32N6xx_HAL_Driver/Src/stm32n6xx_ll_sdmmc.c ****              for three different databus modes: 1-bit (default), 4-bit and 8-bit.
  36:../../STM32Cube_FW_N6/Drivers/STM32N6xx_HAL_Driver/Src/stm32n6xx_ll_sdmmc.c ****          (+) Full compatibility with previous versions of MultiMediaCards (backward compatibility).
  37:../../STM32Cube_FW_N6/Drivers/STM32N6xx_HAL_Driver/Src/stm32n6xx_ll_sdmmc.c ****          (+) Full compliance with SD memory card specifications version 4.1.
  38:../../STM32Cube_FW_N6/Drivers/STM32N6xx_HAL_Driver/Src/stm32n6xx_ll_sdmmc.c ****              (SDR104 SDMMC_CK speed limited to maximum allowed IO speed, SPI mode and
  39:../../STM32Cube_FW_N6/Drivers/STM32N6xx_HAL_Driver/Src/stm32n6xx_ll_sdmmc.c ****               UHS-II mode not supported).
  40:../../STM32Cube_FW_N6/Drivers/STM32N6xx_HAL_Driver/Src/stm32n6xx_ll_sdmmc.c ****          (+) Full compliance with SDIO card specification version 4.0. Card support
  41:../../STM32Cube_FW_N6/Drivers/STM32N6xx_HAL_Driver/Src/stm32n6xx_ll_sdmmc.c ****              for two different databus modes: 1-bit (default) and 4-bit.
  42:../../STM32Cube_FW_N6/Drivers/STM32N6xx_HAL_Driver/Src/stm32n6xx_ll_sdmmc.c ****              (SDR104 SDMMC_CK speed limited to maximum allowed IO speed, SPI mode and
  43:../../STM32Cube_FW_N6/Drivers/STM32N6xx_HAL_Driver/Src/stm32n6xx_ll_sdmmc.c ****               UHS-II mode not supported).
  44:../../STM32Cube_FW_N6/Drivers/STM32N6xx_HAL_Driver/Src/stm32n6xx_ll_sdmmc.c ****          (+) Data transfer up to 208 Mbyte/s for the 8 bit mode. (depending maximum allowed IO spee
  45:../../STM32Cube_FW_N6/Drivers/STM32N6xx_HAL_Driver/Src/stm32n6xx_ll_sdmmc.c ****          (+) Data and command output enable signals to control external bidirectional drivers
  46:../../STM32Cube_FW_N6/Drivers/STM32N6xx_HAL_Driver/Src/stm32n6xx_ll_sdmmc.c **** 
  47:../../STM32Cube_FW_N6/Drivers/STM32N6xx_HAL_Driver/Src/stm32n6xx_ll_sdmmc.c ****                            ##### How to use this driver #####
  48:../../STM32Cube_FW_N6/Drivers/STM32N6xx_HAL_Driver/Src/stm32n6xx_ll_sdmmc.c ****   ==============================================================================
  49:../../STM32Cube_FW_N6/Drivers/STM32N6xx_HAL_Driver/Src/stm32n6xx_ll_sdmmc.c ****     [..]
  50:../../STM32Cube_FW_N6/Drivers/STM32N6xx_HAL_Driver/Src/stm32n6xx_ll_sdmmc.c ****       This driver is a considered as a driver of service for external devices drivers
  51:../../STM32Cube_FW_N6/Drivers/STM32N6xx_HAL_Driver/Src/stm32n6xx_ll_sdmmc.c ****       that interfaces with the SDMMC peripheral.
  52:../../STM32Cube_FW_N6/Drivers/STM32N6xx_HAL_Driver/Src/stm32n6xx_ll_sdmmc.c ****       According to the device used (SD card/ MMC card / SDMMC card ...), a set of APIs
  53:../../STM32Cube_FW_N6/Drivers/STM32N6xx_HAL_Driver/Src/stm32n6xx_ll_sdmmc.c ****       is used in the device's driver to perform SDMMC operations and functionalities.
  54:../../STM32Cube_FW_N6/Drivers/STM32N6xx_HAL_Driver/Src/stm32n6xx_ll_sdmmc.c **** 
  55:../../STM32Cube_FW_N6/Drivers/STM32N6xx_HAL_Driver/Src/stm32n6xx_ll_sdmmc.c ****       This driver is almost transparent for the final user, it is only used to implement other
  56:../../STM32Cube_FW_N6/Drivers/STM32N6xx_HAL_Driver/Src/stm32n6xx_ll_sdmmc.c ****       functionalities of the external device.
  57:../../STM32Cube_FW_N6/Drivers/STM32N6xx_HAL_Driver/Src/stm32n6xx_ll_sdmmc.c **** 
  58:../../STM32Cube_FW_N6/Drivers/STM32N6xx_HAL_Driver/Src/stm32n6xx_ll_sdmmc.c ****     [..]
  59:../../STM32Cube_FW_N6/Drivers/STM32N6xx_HAL_Driver/Src/stm32n6xx_ll_sdmmc.c ****       (+) The SDMMC clock is coming from output of PLL1_Q or PLL2_R.
  60:../../STM32Cube_FW_N6/Drivers/STM32N6xx_HAL_Driver/Src/stm32n6xx_ll_sdmmc.c ****        Before start working with SDMMC peripheral make sure that the PLL is well configured.
  61:../../STM32Cube_FW_N6/Drivers/STM32N6xx_HAL_Driver/Src/stm32n6xx_ll_sdmmc.c ****           The SDMMC peripheral uses two clock signals:
  62:../../STM32Cube_FW_N6/Drivers/STM32N6xx_HAL_Driver/Src/stm32n6xx_ll_sdmmc.c ****           (++) PLL1_Q bus clock (default after reset)
  63:../../STM32Cube_FW_N6/Drivers/STM32N6xx_HAL_Driver/Src/stm32n6xx_ll_sdmmc.c ****           (++) PLL2_R bus clock
  64:../../STM32Cube_FW_N6/Drivers/STM32N6xx_HAL_Driver/Src/stm32n6xx_ll_sdmmc.c **** 
  65:../../STM32Cube_FW_N6/Drivers/STM32N6xx_HAL_Driver/Src/stm32n6xx_ll_sdmmc.c ****       (+) Enable/Disable peripheral clock using RCC peripheral macros related to SDMMC
  66:../../STM32Cube_FW_N6/Drivers/STM32N6xx_HAL_Driver/Src/stm32n6xx_ll_sdmmc.c ****           peripheral.
  67:../../STM32Cube_FW_N6/Drivers/STM32N6xx_HAL_Driver/Src/stm32n6xx_ll_sdmmc.c **** 
  68:../../STM32Cube_FW_N6/Drivers/STM32N6xx_HAL_Driver/Src/stm32n6xx_ll_sdmmc.c ****       (+) Enable the Power ON State using the SDMMC_PowerState_ON(SDMMCx)
  69:../../STM32Cube_FW_N6/Drivers/STM32N6xx_HAL_Driver/Src/stm32n6xx_ll_sdmmc.c ****           function and disable it using the function SDMMC_PowerState_OFF(SDMMCx).
ARM GAS  C:\Users\Antonio\AppData\Local\Temp\cc9FRrj5.s 			page 3


  70:../../STM32Cube_FW_N6/Drivers/STM32N6xx_HAL_Driver/Src/stm32n6xx_ll_sdmmc.c **** 
  71:../../STM32Cube_FW_N6/Drivers/STM32N6xx_HAL_Driver/Src/stm32n6xx_ll_sdmmc.c ****       (+) Enable/Disable the peripheral interrupts using the macros __SDMMC_ENABLE_IT(hSDMMC, IT)
  72:../../STM32Cube_FW_N6/Drivers/STM32N6xx_HAL_Driver/Src/stm32n6xx_ll_sdmmc.c ****           and __SDMMC_DISABLE_IT(hSDMMC, IT) if you need to use interrupt mode.
  73:../../STM32Cube_FW_N6/Drivers/STM32N6xx_HAL_Driver/Src/stm32n6xx_ll_sdmmc.c **** 
  74:../../STM32Cube_FW_N6/Drivers/STM32N6xx_HAL_Driver/Src/stm32n6xx_ll_sdmmc.c ****       (+) When using the DMA mode
  75:../../STM32Cube_FW_N6/Drivers/STM32N6xx_HAL_Driver/Src/stm32n6xx_ll_sdmmc.c ****           (++) Configure the IDMA mode (Single buffer or double)
  76:../../STM32Cube_FW_N6/Drivers/STM32N6xx_HAL_Driver/Src/stm32n6xx_ll_sdmmc.c ****           (++) Configure the buffer address
  77:../../STM32Cube_FW_N6/Drivers/STM32N6xx_HAL_Driver/Src/stm32n6xx_ll_sdmmc.c ****           (++) Configure Data Path State Machine
  78:../../STM32Cube_FW_N6/Drivers/STM32N6xx_HAL_Driver/Src/stm32n6xx_ll_sdmmc.c **** 
  79:../../STM32Cube_FW_N6/Drivers/STM32N6xx_HAL_Driver/Src/stm32n6xx_ll_sdmmc.c ****       (+) To control the CPSM (Command Path State Machine) and send
  80:../../STM32Cube_FW_N6/Drivers/STM32N6xx_HAL_Driver/Src/stm32n6xx_ll_sdmmc.c ****           commands to the card use the SDMMC_SendCommand(SDMMCx),
  81:../../STM32Cube_FW_N6/Drivers/STM32N6xx_HAL_Driver/Src/stm32n6xx_ll_sdmmc.c ****           SDMMC_GetCommandResponse() and SDMMC_GetResponse() functions. First, user has
  82:../../STM32Cube_FW_N6/Drivers/STM32N6xx_HAL_Driver/Src/stm32n6xx_ll_sdmmc.c ****           to fill the command structure (pointer to SDMMC_CmdInitTypeDef) according
  83:../../STM32Cube_FW_N6/Drivers/STM32N6xx_HAL_Driver/Src/stm32n6xx_ll_sdmmc.c ****           to the selected command to be sent.
  84:../../STM32Cube_FW_N6/Drivers/STM32N6xx_HAL_Driver/Src/stm32n6xx_ll_sdmmc.c ****           The parameters that should be filled are:
  85:../../STM32Cube_FW_N6/Drivers/STM32N6xx_HAL_Driver/Src/stm32n6xx_ll_sdmmc.c ****            (++) Command Argument
  86:../../STM32Cube_FW_N6/Drivers/STM32N6xx_HAL_Driver/Src/stm32n6xx_ll_sdmmc.c ****            (++) Command Index
  87:../../STM32Cube_FW_N6/Drivers/STM32N6xx_HAL_Driver/Src/stm32n6xx_ll_sdmmc.c ****            (++) Command Response type
  88:../../STM32Cube_FW_N6/Drivers/STM32N6xx_HAL_Driver/Src/stm32n6xx_ll_sdmmc.c ****            (++) Command Wait
  89:../../STM32Cube_FW_N6/Drivers/STM32N6xx_HAL_Driver/Src/stm32n6xx_ll_sdmmc.c ****            (++) CPSM Status (Enable or Disable).
  90:../../STM32Cube_FW_N6/Drivers/STM32N6xx_HAL_Driver/Src/stm32n6xx_ll_sdmmc.c **** 
  91:../../STM32Cube_FW_N6/Drivers/STM32N6xx_HAL_Driver/Src/stm32n6xx_ll_sdmmc.c ****           -@@- To check if the command is well received, read the SDMMC_CMDRESP
  92:../../STM32Cube_FW_N6/Drivers/STM32N6xx_HAL_Driver/Src/stm32n6xx_ll_sdmmc.c ****               register using the SDMMC_GetCommandResponse().
  93:../../STM32Cube_FW_N6/Drivers/STM32N6xx_HAL_Driver/Src/stm32n6xx_ll_sdmmc.c ****               The SDMMC responses registers (SDMMC_RESP1 to SDMMC_RESP2), use the
  94:../../STM32Cube_FW_N6/Drivers/STM32N6xx_HAL_Driver/Src/stm32n6xx_ll_sdmmc.c ****               SDMMC_GetResponse() function.
  95:../../STM32Cube_FW_N6/Drivers/STM32N6xx_HAL_Driver/Src/stm32n6xx_ll_sdmmc.c **** 
  96:../../STM32Cube_FW_N6/Drivers/STM32N6xx_HAL_Driver/Src/stm32n6xx_ll_sdmmc.c ****       (+) To control the DPSM (Data Path State Machine) and send/receive
  97:../../STM32Cube_FW_N6/Drivers/STM32N6xx_HAL_Driver/Src/stm32n6xx_ll_sdmmc.c ****            data to/from the card use the SDMMC_DataConfig(), SDMMC_GetDataCounter(),
  98:../../STM32Cube_FW_N6/Drivers/STM32N6xx_HAL_Driver/Src/stm32n6xx_ll_sdmmc.c ****           SDMMC_ReadFIFO(), SDMMC_WriteFIFO() and SDMMC_GetFIFOCount() functions.
  99:../../STM32Cube_FW_N6/Drivers/STM32N6xx_HAL_Driver/Src/stm32n6xx_ll_sdmmc.c **** 
 100:../../STM32Cube_FW_N6/Drivers/STM32N6xx_HAL_Driver/Src/stm32n6xx_ll_sdmmc.c ****     *** Read Operations ***
 101:../../STM32Cube_FW_N6/Drivers/STM32N6xx_HAL_Driver/Src/stm32n6xx_ll_sdmmc.c ****     =======================
 102:../../STM32Cube_FW_N6/Drivers/STM32N6xx_HAL_Driver/Src/stm32n6xx_ll_sdmmc.c ****     [..]
 103:../../STM32Cube_FW_N6/Drivers/STM32N6xx_HAL_Driver/Src/stm32n6xx_ll_sdmmc.c ****       (#) First, user has to fill the data structure (pointer to
 104:../../STM32Cube_FW_N6/Drivers/STM32N6xx_HAL_Driver/Src/stm32n6xx_ll_sdmmc.c ****           SDMMC_DataInitTypeDef) according to the selected data type to be received.
 105:../../STM32Cube_FW_N6/Drivers/STM32N6xx_HAL_Driver/Src/stm32n6xx_ll_sdmmc.c ****           The parameters that should be filled are:
 106:../../STM32Cube_FW_N6/Drivers/STM32N6xx_HAL_Driver/Src/stm32n6xx_ll_sdmmc.c ****            (++) Data TimeOut
 107:../../STM32Cube_FW_N6/Drivers/STM32N6xx_HAL_Driver/Src/stm32n6xx_ll_sdmmc.c ****            (++) Data Length
 108:../../STM32Cube_FW_N6/Drivers/STM32N6xx_HAL_Driver/Src/stm32n6xx_ll_sdmmc.c ****            (++) Data Block size
 109:../../STM32Cube_FW_N6/Drivers/STM32N6xx_HAL_Driver/Src/stm32n6xx_ll_sdmmc.c ****            (++) Data Transfer direction: should be from card (To SDMMC)
 110:../../STM32Cube_FW_N6/Drivers/STM32N6xx_HAL_Driver/Src/stm32n6xx_ll_sdmmc.c ****            (++) Data Transfer mode
 111:../../STM32Cube_FW_N6/Drivers/STM32N6xx_HAL_Driver/Src/stm32n6xx_ll_sdmmc.c ****            (++) DPSM Status (Enable or Disable)
 112:../../STM32Cube_FW_N6/Drivers/STM32N6xx_HAL_Driver/Src/stm32n6xx_ll_sdmmc.c **** 
 113:../../STM32Cube_FW_N6/Drivers/STM32N6xx_HAL_Driver/Src/stm32n6xx_ll_sdmmc.c ****       (#) Configure the SDMMC resources to receive the data from the card
 114:../../STM32Cube_FW_N6/Drivers/STM32N6xx_HAL_Driver/Src/stm32n6xx_ll_sdmmc.c ****           according to selected transfer mode (Refer to Step 8, 9 and 10).
 115:../../STM32Cube_FW_N6/Drivers/STM32N6xx_HAL_Driver/Src/stm32n6xx_ll_sdmmc.c **** 
 116:../../STM32Cube_FW_N6/Drivers/STM32N6xx_HAL_Driver/Src/stm32n6xx_ll_sdmmc.c ****       (#) Send the selected Read command (refer to step 11).
 117:../../STM32Cube_FW_N6/Drivers/STM32N6xx_HAL_Driver/Src/stm32n6xx_ll_sdmmc.c **** 
 118:../../STM32Cube_FW_N6/Drivers/STM32N6xx_HAL_Driver/Src/stm32n6xx_ll_sdmmc.c ****       (#) Use the SDMMC flags/interrupts to check the transfer status.
 119:../../STM32Cube_FW_N6/Drivers/STM32N6xx_HAL_Driver/Src/stm32n6xx_ll_sdmmc.c **** 
 120:../../STM32Cube_FW_N6/Drivers/STM32N6xx_HAL_Driver/Src/stm32n6xx_ll_sdmmc.c ****     *** Write Operations ***
 121:../../STM32Cube_FW_N6/Drivers/STM32N6xx_HAL_Driver/Src/stm32n6xx_ll_sdmmc.c ****     ========================
 122:../../STM32Cube_FW_N6/Drivers/STM32N6xx_HAL_Driver/Src/stm32n6xx_ll_sdmmc.c ****     [..]
 123:../../STM32Cube_FW_N6/Drivers/STM32N6xx_HAL_Driver/Src/stm32n6xx_ll_sdmmc.c ****      (#) First, user has to fill the data structure (pointer to
 124:../../STM32Cube_FW_N6/Drivers/STM32N6xx_HAL_Driver/Src/stm32n6xx_ll_sdmmc.c ****          SDMMC_DataInitTypeDef) according to the selected data type to be received.
 125:../../STM32Cube_FW_N6/Drivers/STM32N6xx_HAL_Driver/Src/stm32n6xx_ll_sdmmc.c ****          The parameters that should be filled are:
 126:../../STM32Cube_FW_N6/Drivers/STM32N6xx_HAL_Driver/Src/stm32n6xx_ll_sdmmc.c ****           (++) Data TimeOut
ARM GAS  C:\Users\Antonio\AppData\Local\Temp\cc9FRrj5.s 			page 4


 127:../../STM32Cube_FW_N6/Drivers/STM32N6xx_HAL_Driver/Src/stm32n6xx_ll_sdmmc.c ****           (++) Data Length
 128:../../STM32Cube_FW_N6/Drivers/STM32N6xx_HAL_Driver/Src/stm32n6xx_ll_sdmmc.c ****           (++) Data Block size
 129:../../STM32Cube_FW_N6/Drivers/STM32N6xx_HAL_Driver/Src/stm32n6xx_ll_sdmmc.c ****           (++) Data Transfer direction:  should be to card (To CARD)
 130:../../STM32Cube_FW_N6/Drivers/STM32N6xx_HAL_Driver/Src/stm32n6xx_ll_sdmmc.c ****           (++) Data Transfer mode
 131:../../STM32Cube_FW_N6/Drivers/STM32N6xx_HAL_Driver/Src/stm32n6xx_ll_sdmmc.c ****           (++) DPSM Status (Enable or Disable)
 132:../../STM32Cube_FW_N6/Drivers/STM32N6xx_HAL_Driver/Src/stm32n6xx_ll_sdmmc.c **** 
 133:../../STM32Cube_FW_N6/Drivers/STM32N6xx_HAL_Driver/Src/stm32n6xx_ll_sdmmc.c ****      (#) Configure the SDMMC resources to send the data to the card according to
 134:../../STM32Cube_FW_N6/Drivers/STM32N6xx_HAL_Driver/Src/stm32n6xx_ll_sdmmc.c ****          selected transfer mode.
 135:../../STM32Cube_FW_N6/Drivers/STM32N6xx_HAL_Driver/Src/stm32n6xx_ll_sdmmc.c **** 
 136:../../STM32Cube_FW_N6/Drivers/STM32N6xx_HAL_Driver/Src/stm32n6xx_ll_sdmmc.c ****      (#) Send the selected Write command.
 137:../../STM32Cube_FW_N6/Drivers/STM32N6xx_HAL_Driver/Src/stm32n6xx_ll_sdmmc.c **** 
 138:../../STM32Cube_FW_N6/Drivers/STM32N6xx_HAL_Driver/Src/stm32n6xx_ll_sdmmc.c ****      (#) Use the SDMMC flags/interrupts to check the transfer status.
 139:../../STM32Cube_FW_N6/Drivers/STM32N6xx_HAL_Driver/Src/stm32n6xx_ll_sdmmc.c **** 
 140:../../STM32Cube_FW_N6/Drivers/STM32N6xx_HAL_Driver/Src/stm32n6xx_ll_sdmmc.c ****     *** Command management operations ***
 141:../../STM32Cube_FW_N6/Drivers/STM32N6xx_HAL_Driver/Src/stm32n6xx_ll_sdmmc.c ****     =====================================
 142:../../STM32Cube_FW_N6/Drivers/STM32N6xx_HAL_Driver/Src/stm32n6xx_ll_sdmmc.c ****     [..]
 143:../../STM32Cube_FW_N6/Drivers/STM32N6xx_HAL_Driver/Src/stm32n6xx_ll_sdmmc.c ****      (#) The commands used for Read/Write/Erase operations are managed in
 144:../../STM32Cube_FW_N6/Drivers/STM32N6xx_HAL_Driver/Src/stm32n6xx_ll_sdmmc.c ****          separate functions.
 145:../../STM32Cube_FW_N6/Drivers/STM32N6xx_HAL_Driver/Src/stm32n6xx_ll_sdmmc.c ****          Each function allows to send the needed command with the related argument,
 146:../../STM32Cube_FW_N6/Drivers/STM32N6xx_HAL_Driver/Src/stm32n6xx_ll_sdmmc.c ****          then check the response.
 147:../../STM32Cube_FW_N6/Drivers/STM32N6xx_HAL_Driver/Src/stm32n6xx_ll_sdmmc.c ****          By the same approach, you could implement a command and check the response.
 148:../../STM32Cube_FW_N6/Drivers/STM32N6xx_HAL_Driver/Src/stm32n6xx_ll_sdmmc.c **** 
 149:../../STM32Cube_FW_N6/Drivers/STM32N6xx_HAL_Driver/Src/stm32n6xx_ll_sdmmc.c ****   @endverbatim
 150:../../STM32Cube_FW_N6/Drivers/STM32N6xx_HAL_Driver/Src/stm32n6xx_ll_sdmmc.c ****   ******************************************************************************
 151:../../STM32Cube_FW_N6/Drivers/STM32N6xx_HAL_Driver/Src/stm32n6xx_ll_sdmmc.c ****   */
 152:../../STM32Cube_FW_N6/Drivers/STM32N6xx_HAL_Driver/Src/stm32n6xx_ll_sdmmc.c **** 
 153:../../STM32Cube_FW_N6/Drivers/STM32N6xx_HAL_Driver/Src/stm32n6xx_ll_sdmmc.c **** /* Includes ------------------------------------------------------------------*/
 154:../../STM32Cube_FW_N6/Drivers/STM32N6xx_HAL_Driver/Src/stm32n6xx_ll_sdmmc.c **** #include "stm32n6xx_hal.h"
 155:../../STM32Cube_FW_N6/Drivers/STM32N6xx_HAL_Driver/Src/stm32n6xx_ll_sdmmc.c **** 
 156:../../STM32Cube_FW_N6/Drivers/STM32N6xx_HAL_Driver/Src/stm32n6xx_ll_sdmmc.c **** /** @addtogroup STM32N6xx_HAL_Driver
 157:../../STM32Cube_FW_N6/Drivers/STM32N6xx_HAL_Driver/Src/stm32n6xx_ll_sdmmc.c ****   * @{
 158:../../STM32Cube_FW_N6/Drivers/STM32N6xx_HAL_Driver/Src/stm32n6xx_ll_sdmmc.c ****   */
 159:../../STM32Cube_FW_N6/Drivers/STM32N6xx_HAL_Driver/Src/stm32n6xx_ll_sdmmc.c **** 
 160:../../STM32Cube_FW_N6/Drivers/STM32N6xx_HAL_Driver/Src/stm32n6xx_ll_sdmmc.c **** /** @defgroup SDMMC_LL SDMMC Low Layer
 161:../../STM32Cube_FW_N6/Drivers/STM32N6xx_HAL_Driver/Src/stm32n6xx_ll_sdmmc.c ****   * @brief Low layer module for SD
 162:../../STM32Cube_FW_N6/Drivers/STM32N6xx_HAL_Driver/Src/stm32n6xx_ll_sdmmc.c ****   * @{
 163:../../STM32Cube_FW_N6/Drivers/STM32N6xx_HAL_Driver/Src/stm32n6xx_ll_sdmmc.c ****   */
 164:../../STM32Cube_FW_N6/Drivers/STM32N6xx_HAL_Driver/Src/stm32n6xx_ll_sdmmc.c **** 
 165:../../STM32Cube_FW_N6/Drivers/STM32N6xx_HAL_Driver/Src/stm32n6xx_ll_sdmmc.c **** #if defined (SDMMC1) || defined (SDMMC2)
 166:../../STM32Cube_FW_N6/Drivers/STM32N6xx_HAL_Driver/Src/stm32n6xx_ll_sdmmc.c **** #if defined (HAL_SD_MODULE_ENABLED) || defined (HAL_MMC_MODULE_ENABLED)  || defined (HAL_SDIO_MODUL
 167:../../STM32Cube_FW_N6/Drivers/STM32N6xx_HAL_Driver/Src/stm32n6xx_ll_sdmmc.c **** 
 168:../../STM32Cube_FW_N6/Drivers/STM32N6xx_HAL_Driver/Src/stm32n6xx_ll_sdmmc.c **** /* Private typedef -----------------------------------------------------------*/
 169:../../STM32Cube_FW_N6/Drivers/STM32N6xx_HAL_Driver/Src/stm32n6xx_ll_sdmmc.c **** /* Private define ------------------------------------------------------------*/
 170:../../STM32Cube_FW_N6/Drivers/STM32N6xx_HAL_Driver/Src/stm32n6xx_ll_sdmmc.c **** /* Private macro -------------------------------------------------------------*/
 171:../../STM32Cube_FW_N6/Drivers/STM32N6xx_HAL_Driver/Src/stm32n6xx_ll_sdmmc.c **** /* Private variables ---------------------------------------------------------*/
 172:../../STM32Cube_FW_N6/Drivers/STM32N6xx_HAL_Driver/Src/stm32n6xx_ll_sdmmc.c **** /* Private function prototypes -----------------------------------------------*/
 173:../../STM32Cube_FW_N6/Drivers/STM32N6xx_HAL_Driver/Src/stm32n6xx_ll_sdmmc.c **** static uint32_t SDMMC_GetCmdError(SDMMC_TypeDef *SDMMCx);
 174:../../STM32Cube_FW_N6/Drivers/STM32N6xx_HAL_Driver/Src/stm32n6xx_ll_sdmmc.c **** 
 175:../../STM32Cube_FW_N6/Drivers/STM32N6xx_HAL_Driver/Src/stm32n6xx_ll_sdmmc.c **** /* Exported functions --------------------------------------------------------*/
 176:../../STM32Cube_FW_N6/Drivers/STM32N6xx_HAL_Driver/Src/stm32n6xx_ll_sdmmc.c **** 
 177:../../STM32Cube_FW_N6/Drivers/STM32N6xx_HAL_Driver/Src/stm32n6xx_ll_sdmmc.c **** /** @defgroup SDMMC_LL_Exported_Functions SDMMC Low Layer Exported Functions
 178:../../STM32Cube_FW_N6/Drivers/STM32N6xx_HAL_Driver/Src/stm32n6xx_ll_sdmmc.c ****   * @{
 179:../../STM32Cube_FW_N6/Drivers/STM32N6xx_HAL_Driver/Src/stm32n6xx_ll_sdmmc.c ****   */
 180:../../STM32Cube_FW_N6/Drivers/STM32N6xx_HAL_Driver/Src/stm32n6xx_ll_sdmmc.c **** 
 181:../../STM32Cube_FW_N6/Drivers/STM32N6xx_HAL_Driver/Src/stm32n6xx_ll_sdmmc.c **** /** @defgroup HAL_SDMMC_LL_Group1 Initialization de-initialization functions
 182:../../STM32Cube_FW_N6/Drivers/STM32N6xx_HAL_Driver/Src/stm32n6xx_ll_sdmmc.c ****   *  @brief    Initialization and Configuration functions
 183:../../STM32Cube_FW_N6/Drivers/STM32N6xx_HAL_Driver/Src/stm32n6xx_ll_sdmmc.c ****   *
ARM GAS  C:\Users\Antonio\AppData\Local\Temp\cc9FRrj5.s 			page 5


 184:../../STM32Cube_FW_N6/Drivers/STM32N6xx_HAL_Driver/Src/stm32n6xx_ll_sdmmc.c **** @verbatim
 185:../../STM32Cube_FW_N6/Drivers/STM32N6xx_HAL_Driver/Src/stm32n6xx_ll_sdmmc.c ****  ===============================================================================
 186:../../STM32Cube_FW_N6/Drivers/STM32N6xx_HAL_Driver/Src/stm32n6xx_ll_sdmmc.c ****               ##### Initialization/de-initialization functions #####
 187:../../STM32Cube_FW_N6/Drivers/STM32N6xx_HAL_Driver/Src/stm32n6xx_ll_sdmmc.c ****  ===============================================================================
 188:../../STM32Cube_FW_N6/Drivers/STM32N6xx_HAL_Driver/Src/stm32n6xx_ll_sdmmc.c ****     [..]  This section provides functions allowing to:
 189:../../STM32Cube_FW_N6/Drivers/STM32N6xx_HAL_Driver/Src/stm32n6xx_ll_sdmmc.c **** 
 190:../../STM32Cube_FW_N6/Drivers/STM32N6xx_HAL_Driver/Src/stm32n6xx_ll_sdmmc.c **** @endverbatim
 191:../../STM32Cube_FW_N6/Drivers/STM32N6xx_HAL_Driver/Src/stm32n6xx_ll_sdmmc.c ****   * @{
 192:../../STM32Cube_FW_N6/Drivers/STM32N6xx_HAL_Driver/Src/stm32n6xx_ll_sdmmc.c ****   */
 193:../../STM32Cube_FW_N6/Drivers/STM32N6xx_HAL_Driver/Src/stm32n6xx_ll_sdmmc.c **** 
 194:../../STM32Cube_FW_N6/Drivers/STM32N6xx_HAL_Driver/Src/stm32n6xx_ll_sdmmc.c **** /**
 195:../../STM32Cube_FW_N6/Drivers/STM32N6xx_HAL_Driver/Src/stm32n6xx_ll_sdmmc.c ****   * @brief  Initializes the SDMMC according to the specified
 196:../../STM32Cube_FW_N6/Drivers/STM32N6xx_HAL_Driver/Src/stm32n6xx_ll_sdmmc.c ****   *         parameters in the SDMMC_InitTypeDef and create the associated handle.
 197:../../STM32Cube_FW_N6/Drivers/STM32N6xx_HAL_Driver/Src/stm32n6xx_ll_sdmmc.c ****   * @param  SDMMCx: Pointer to SDMMC register base
 198:../../STM32Cube_FW_N6/Drivers/STM32N6xx_HAL_Driver/Src/stm32n6xx_ll_sdmmc.c ****   * @param  Init: SDMMC initialization structure
 199:../../STM32Cube_FW_N6/Drivers/STM32N6xx_HAL_Driver/Src/stm32n6xx_ll_sdmmc.c ****   * @retval HAL status
 200:../../STM32Cube_FW_N6/Drivers/STM32N6xx_HAL_Driver/Src/stm32n6xx_ll_sdmmc.c ****   */
 201:../../STM32Cube_FW_N6/Drivers/STM32N6xx_HAL_Driver/Src/stm32n6xx_ll_sdmmc.c **** HAL_StatusTypeDef SDMMC_Init(SDMMC_TypeDef *SDMMCx, SDMMC_InitTypeDef Init)
 202:../../STM32Cube_FW_N6/Drivers/STM32N6xx_HAL_Driver/Src/stm32n6xx_ll_sdmmc.c **** {
  39              		.loc 1 202 1 view -0
  40              		.cfi_startproc
  41              		@ args = 24, pretend = 16, frame = 0
  42              		@ frame_needed = 0, uses_anonymous_args = 0
  43              		.loc 1 202 1 is_stmt 0 view .LVU1
  44 0000 84B0     		sub	sp, sp, #16
  45              		.cfi_def_cfa_offset 16
  46 0002 2DE9F843 		push	{r3, r4, r5, r6, r7, r8, r9, lr}
  47              		.cfi_def_cfa_offset 48
  48              		.cfi_offset 3, -48
  49              		.cfi_offset 4, -44
  50              		.cfi_offset 5, -40
  51              		.cfi_offset 6, -36
  52              		.cfi_offset 7, -32
  53              		.cfi_offset 8, -28
  54              		.cfi_offset 9, -24
  55              		.cfi_offset 14, -20
  56              		.loc 1 202 1 view .LVU2
  57 0006 0546     		mov	r5, r0
  58 0008 DDE90C87 		ldrd	r8, r7, [sp, #48]
  59 000c 09A8     		add	r0, sp, #36
  60              	.LVL1:
  61              		.loc 1 202 1 view .LVU3
  62 000e 1E46     		mov	r6, r3
  63 0010 80E80E00 		stm	r0, {r1, r2, r3}
 203:../../STM32Cube_FW_N6/Drivers/STM32N6xx_HAL_Driver/Src/stm32n6xx_ll_sdmmc.c ****   uint32_t tmpreg = 0;
 204:../../STM32Cube_FW_N6/Drivers/STM32N6xx_HAL_Driver/Src/stm32n6xx_ll_sdmmc.c **** 
 205:../../STM32Cube_FW_N6/Drivers/STM32N6xx_HAL_Driver/Src/stm32n6xx_ll_sdmmc.c ****   /* Check the parameters */
 206:../../STM32Cube_FW_N6/Drivers/STM32N6xx_HAL_Driver/Src/stm32n6xx_ll_sdmmc.c ****   assert_param(IS_SDMMC_ALL_INSTANCE(SDMMCx));
  64              		.loc 1 206 3 view .LVU4
  65 0014 244B     		ldr	r3, .L23
  66 0016 0C46     		mov	r4, r1
  67              	.LVL2:
  68              		.loc 1 206 3 view .LVU5
  69 0018 9D42     		cmp	r5, r3
  70 001a 9146     		mov	r9, r2
  71              	.LVL3:
 203:../../STM32Cube_FW_N6/Drivers/STM32N6xx_HAL_Driver/Src/stm32n6xx_ll_sdmmc.c ****   uint32_t tmpreg = 0;
ARM GAS  C:\Users\Antonio\AppData\Local\Temp\cc9FRrj5.s 			page 6


  72              		.loc 1 203 3 is_stmt 1 view .LVU6
  73              		.loc 1 206 3 view .LVU7
  74 001c 0ED0     		beq	.L2
  75              		.loc 1 206 3 is_stmt 0 discriminator 1 view .LVU8
  76 001e 03F17043 		add	r3, r3, #-268435456
  77 0022 9D42     		cmp	r5, r3
  78 0024 0AD0     		beq	.L2
  79              		.loc 1 206 3 discriminator 2 view .LVU9
  80 0026 214B     		ldr	r3, .L23+4
  81 0028 9D42     		cmp	r5, r3
  82 002a 07D0     		beq	.L2
  83              		.loc 1 206 3 discriminator 3 view .LVU10
  84 002c 03F17043 		add	r3, r3, #-268435456
  85 0030 9D42     		cmp	r5, r3
  86 0032 03D0     		beq	.L2
  87              		.loc 1 206 3 discriminator 4 view .LVU11
  88 0034 CE21     		movs	r1, #206
  89              	.LVL4:
  90              		.loc 1 206 3 discriminator 4 view .LVU12
  91 0036 1E48     		ldr	r0, .L23+8
  92 0038 FFF7FEFF 		bl	assert_failed
  93              	.LVL5:
  94              	.L2:
 207:../../STM32Cube_FW_N6/Drivers/STM32N6xx_HAL_Driver/Src/stm32n6xx_ll_sdmmc.c ****   assert_param(IS_SDMMC_CLOCK_EDGE(Init.ClockEdge));
  95              		.loc 1 207 3 is_stmt 1 view .LVU13
  96 003c 34F48033 		bics	r3, r4, #65536
  97 0040 03D0     		beq	.L3
  98              		.loc 1 207 3 is_stmt 0 discriminator 2 view .LVU14
  99 0042 CF21     		movs	r1, #207
 100 0044 1A48     		ldr	r0, .L23+8
 101 0046 FFF7FEFF 		bl	assert_failed
 102              	.LVL6:
 103              	.L3:
 208:../../STM32Cube_FW_N6/Drivers/STM32N6xx_HAL_Driver/Src/stm32n6xx_ll_sdmmc.c ****   assert_param(IS_SDMMC_CLOCK_POWER_SAVE(Init.ClockPowerSave));
 104              		.loc 1 208 3 is_stmt 1 view .LVU15
 105 004a 39F48053 		bics	r3, r9, #4096
 106 004e 03D0     		beq	.L4
 107              		.loc 1 208 3 is_stmt 0 discriminator 2 view .LVU16
 108 0050 D021     		movs	r1, #208
 109 0052 1748     		ldr	r0, .L23+8
 110 0054 FFF7FEFF 		bl	assert_failed
 111              	.LVL7:
 112              	.L4:
 209:../../STM32Cube_FW_N6/Drivers/STM32N6xx_HAL_Driver/Src/stm32n6xx_ll_sdmmc.c ****   assert_param(IS_SDMMC_BUS_WIDE(Init.BusWide));
 113              		.loc 1 209 3 is_stmt 1 view .LVU17
 114 0058 36F48043 		bics	r3, r6, #16384
 115 005c 06D0     		beq	.L5
 116              		.loc 1 209 3 is_stmt 0 discriminator 2 view .LVU18
 117 005e B6F5004F 		cmp	r6, #32768
 118 0062 03D0     		beq	.L5
 119              		.loc 1 209 3 discriminator 3 view .LVU19
 120 0064 D121     		movs	r1, #209
 121 0066 1248     		ldr	r0, .L23+8
 122 0068 FFF7FEFF 		bl	assert_failed
 123              	.LVL8:
 124              	.L5:
 210:../../STM32Cube_FW_N6/Drivers/STM32N6xx_HAL_Driver/Src/stm32n6xx_ll_sdmmc.c ****   assert_param(IS_SDMMC_HARDWARE_FLOW_CONTROL(Init.HardwareFlowControl));
ARM GAS  C:\Users\Antonio\AppData\Local\Temp\cc9FRrj5.s 			page 7


 125              		.loc 1 210 3 is_stmt 1 view .LVU20
 126 006c 38F40033 		bics	r3, r8, #131072
 127 0070 03D0     		beq	.L6
 128              		.loc 1 210 3 is_stmt 0 discriminator 2 view .LVU21
 129 0072 D221     		movs	r1, #210
 130 0074 0E48     		ldr	r0, .L23+8
 131 0076 FFF7FEFF 		bl	assert_failed
 132              	.LVL9:
 133              	.L6:
 211:../../STM32Cube_FW_N6/Drivers/STM32N6xx_HAL_Driver/Src/stm32n6xx_ll_sdmmc.c ****   assert_param(IS_SDMMC_CLKDIV(Init.ClockDiv));
 134              		.loc 1 211 3 is_stmt 1 view .LVU22
 135 007a B7F5806F 		cmp	r7, #1024
 136 007e 03D3     		bcc	.L7
 137              		.loc 1 211 3 is_stmt 0 discriminator 1 view .LVU23
 138 0080 D321     		movs	r1, #211
 139 0082 0B48     		ldr	r0, .L23+8
 140 0084 FFF7FEFF 		bl	assert_failed
 141              	.LVL10:
 142              	.L7:
 212:../../STM32Cube_FW_N6/Drivers/STM32N6xx_HAL_Driver/Src/stm32n6xx_ll_sdmmc.c **** 
 213:../../STM32Cube_FW_N6/Drivers/STM32N6xx_HAL_Driver/Src/stm32n6xx_ll_sdmmc.c ****   /* Set SDMMC configuration parameters */
 214:../../STM32Cube_FW_N6/Drivers/STM32N6xx_HAL_Driver/Src/stm32n6xx_ll_sdmmc.c ****   tmpreg |= (Init.ClockEdge           | \
 143              		.loc 1 214 3 is_stmt 1 view .LVU24
 215:../../STM32Cube_FW_N6/Drivers/STM32N6xx_HAL_Driver/Src/stm32n6xx_ll_sdmmc.c ****              Init.ClockPowerSave      | \
 216:../../STM32Cube_FW_N6/Drivers/STM32N6xx_HAL_Driver/Src/stm32n6xx_ll_sdmmc.c ****              Init.BusWide             | \
 217:../../STM32Cube_FW_N6/Drivers/STM32N6xx_HAL_Driver/Src/stm32n6xx_ll_sdmmc.c ****              Init.HardwareFlowControl | \
 218:../../STM32Cube_FW_N6/Drivers/STM32N6xx_HAL_Driver/Src/stm32n6xx_ll_sdmmc.c ****              Init.ClockDiv
 219:../../STM32Cube_FW_N6/Drivers/STM32N6xx_HAL_Driver/Src/stm32n6xx_ll_sdmmc.c ****             );
 220:../../STM32Cube_FW_N6/Drivers/STM32N6xx_HAL_Driver/Src/stm32n6xx_ll_sdmmc.c **** 
 221:../../STM32Cube_FW_N6/Drivers/STM32N6xx_HAL_Driver/Src/stm32n6xx_ll_sdmmc.c ****   /* Write to SDMMC CLKCR */
 222:../../STM32Cube_FW_N6/Drivers/STM32N6xx_HAL_Driver/Src/stm32n6xx_ll_sdmmc.c ****   MODIFY_REG(SDMMCx->CLKCR, CLKCR_CLEAR_MASK, tmpreg);
 144              		.loc 1 222 3 view .LVU25
 214:../../STM32Cube_FW_N6/Drivers/STM32N6xx_HAL_Driver/Src/stm32n6xx_ll_sdmmc.c ****              Init.ClockPowerSave      | \
 145              		.loc 1 214 39 is_stmt 0 view .LVU26
 146 0088 44EA0903 		orr	r3, r4, r9
 147              		.loc 1 222 3 view .LVU27
 148 008c 6968     		ldr	r1, [r5, #4]
 215:../../STM32Cube_FW_N6/Drivers/STM32N6xx_HAL_Driver/Src/stm32n6xx_ll_sdmmc.c ****              Init.ClockPowerSave      | \
 149              		.loc 1 215 39 view .LVU28
 150 008e 3343     		orrs	r3, r3, r6
 151              		.loc 1 222 3 view .LVU29
 152 0090 084A     		ldr	r2, .L23+12
 216:../../STM32Cube_FW_N6/Drivers/STM32N6xx_HAL_Driver/Src/stm32n6xx_ll_sdmmc.c ****              Init.HardwareFlowControl | \
 153              		.loc 1 216 39 view .LVU30
 154 0092 43EA0803 		orr	r3, r3, r8
 217:../../STM32Cube_FW_N6/Drivers/STM32N6xx_HAL_Driver/Src/stm32n6xx_ll_sdmmc.c ****              Init.ClockDiv
 155              		.loc 1 217 39 view .LVU31
 156 0096 3B43     		orrs	r3, r3, r7
 157              	.LVL11:
 158              		.loc 1 222 3 view .LVU32
 159 0098 0A40     		ands	r2, r2, r1
 160 009a 1343     		orrs	r3, r3, r2
 161              	.LVL12:
 223:../../STM32Cube_FW_N6/Drivers/STM32N6xx_HAL_Driver/Src/stm32n6xx_ll_sdmmc.c **** 
 224:../../STM32Cube_FW_N6/Drivers/STM32N6xx_HAL_Driver/Src/stm32n6xx_ll_sdmmc.c ****   return HAL_OK;
 225:../../STM32Cube_FW_N6/Drivers/STM32N6xx_HAL_Driver/Src/stm32n6xx_ll_sdmmc.c **** }
 162              		.loc 1 225 1 view .LVU33
ARM GAS  C:\Users\Antonio\AppData\Local\Temp\cc9FRrj5.s 			page 8


 163 009c 0020     		movs	r0, #0
 222:../../STM32Cube_FW_N6/Drivers/STM32N6xx_HAL_Driver/Src/stm32n6xx_ll_sdmmc.c **** 
 164              		.loc 1 222 3 view .LVU34
 165 009e 6B60     		str	r3, [r5, #4]
 224:../../STM32Cube_FW_N6/Drivers/STM32N6xx_HAL_Driver/Src/stm32n6xx_ll_sdmmc.c **** }
 166              		.loc 1 224 3 is_stmt 1 view .LVU35
 167              		.loc 1 225 1 is_stmt 0 view .LVU36
 168 00a0 BDE8F843 		pop	{r3, r4, r5, r6, r7, r8, r9, lr}
 169              		.cfi_restore 14
 170              		.cfi_restore 9
 171              		.cfi_restore 8
 172              		.cfi_restore 7
 173              		.cfi_restore 6
 174              		.cfi_restore 5
 175              		.cfi_restore 4
 176              		.cfi_restore 3
 177              		.cfi_def_cfa_offset 16
 178              	.LVL13:
 179              		.loc 1 225 1 view .LVU37
 180 00a4 04B0     		add	sp, sp, #16
 181              		.cfi_def_cfa_offset 0
 182 00a6 7047     		bx	lr
 183              	.L24:
 184              		.align	2
 185              	.L23:
 186 00a8 00700258 		.word	1476554752
 187 00ac 00680258 		.word	1476552704
 188 00b0 00000000 		.word	.LC0
 189 00b4 002CC0FF 		.word	-4183040
 190              		.cfi_endproc
 191              	.LFE837:
 193              		.section	.text.SDMMC_ReadFIFO,"ax",%progbits
 194              		.align	1
 195              		.global	SDMMC_ReadFIFO
 196              		.syntax unified
 197              		.thumb
 198              		.thumb_func
 200              	SDMMC_ReadFIFO:
 201              	.LVL14:
 202              	.LFB838:
 226:../../STM32Cube_FW_N6/Drivers/STM32N6xx_HAL_Driver/Src/stm32n6xx_ll_sdmmc.c **** 
 227:../../STM32Cube_FW_N6/Drivers/STM32N6xx_HAL_Driver/Src/stm32n6xx_ll_sdmmc.c **** 
 228:../../STM32Cube_FW_N6/Drivers/STM32N6xx_HAL_Driver/Src/stm32n6xx_ll_sdmmc.c **** /**
 229:../../STM32Cube_FW_N6/Drivers/STM32N6xx_HAL_Driver/Src/stm32n6xx_ll_sdmmc.c ****   * @}
 230:../../STM32Cube_FW_N6/Drivers/STM32N6xx_HAL_Driver/Src/stm32n6xx_ll_sdmmc.c ****   */
 231:../../STM32Cube_FW_N6/Drivers/STM32N6xx_HAL_Driver/Src/stm32n6xx_ll_sdmmc.c **** 
 232:../../STM32Cube_FW_N6/Drivers/STM32N6xx_HAL_Driver/Src/stm32n6xx_ll_sdmmc.c **** /** @defgroup HAL_SDMMC_LL_Group2 IO operation functions
 233:../../STM32Cube_FW_N6/Drivers/STM32N6xx_HAL_Driver/Src/stm32n6xx_ll_sdmmc.c ****   *  @brief   Data transfers functions
 234:../../STM32Cube_FW_N6/Drivers/STM32N6xx_HAL_Driver/Src/stm32n6xx_ll_sdmmc.c ****   *
 235:../../STM32Cube_FW_N6/Drivers/STM32N6xx_HAL_Driver/Src/stm32n6xx_ll_sdmmc.c **** @verbatim
 236:../../STM32Cube_FW_N6/Drivers/STM32N6xx_HAL_Driver/Src/stm32n6xx_ll_sdmmc.c ****  ===============================================================================
 237:../../STM32Cube_FW_N6/Drivers/STM32N6xx_HAL_Driver/Src/stm32n6xx_ll_sdmmc.c ****                       ##### I/O operation functions #####
 238:../../STM32Cube_FW_N6/Drivers/STM32N6xx_HAL_Driver/Src/stm32n6xx_ll_sdmmc.c ****  ===============================================================================
 239:../../STM32Cube_FW_N6/Drivers/STM32N6xx_HAL_Driver/Src/stm32n6xx_ll_sdmmc.c ****     [..]
 240:../../STM32Cube_FW_N6/Drivers/STM32N6xx_HAL_Driver/Src/stm32n6xx_ll_sdmmc.c ****     This subsection provides a set of functions allowing to manage the SDMMC data
 241:../../STM32Cube_FW_N6/Drivers/STM32N6xx_HAL_Driver/Src/stm32n6xx_ll_sdmmc.c ****     transfers.
 242:../../STM32Cube_FW_N6/Drivers/STM32N6xx_HAL_Driver/Src/stm32n6xx_ll_sdmmc.c **** 
ARM GAS  C:\Users\Antonio\AppData\Local\Temp\cc9FRrj5.s 			page 9


 243:../../STM32Cube_FW_N6/Drivers/STM32N6xx_HAL_Driver/Src/stm32n6xx_ll_sdmmc.c **** @endverbatim
 244:../../STM32Cube_FW_N6/Drivers/STM32N6xx_HAL_Driver/Src/stm32n6xx_ll_sdmmc.c ****   * @{
 245:../../STM32Cube_FW_N6/Drivers/STM32N6xx_HAL_Driver/Src/stm32n6xx_ll_sdmmc.c ****   */
 246:../../STM32Cube_FW_N6/Drivers/STM32N6xx_HAL_Driver/Src/stm32n6xx_ll_sdmmc.c **** 
 247:../../STM32Cube_FW_N6/Drivers/STM32N6xx_HAL_Driver/Src/stm32n6xx_ll_sdmmc.c **** /**
 248:../../STM32Cube_FW_N6/Drivers/STM32N6xx_HAL_Driver/Src/stm32n6xx_ll_sdmmc.c ****   * @brief  Read data (word) from Rx FIFO in blocking mode (polling)
 249:../../STM32Cube_FW_N6/Drivers/STM32N6xx_HAL_Driver/Src/stm32n6xx_ll_sdmmc.c ****   * @param  SDMMCx: Pointer to SDMMC register base
 250:../../STM32Cube_FW_N6/Drivers/STM32N6xx_HAL_Driver/Src/stm32n6xx_ll_sdmmc.c ****   * @retval HAL status
 251:../../STM32Cube_FW_N6/Drivers/STM32N6xx_HAL_Driver/Src/stm32n6xx_ll_sdmmc.c ****   */
 252:../../STM32Cube_FW_N6/Drivers/STM32N6xx_HAL_Driver/Src/stm32n6xx_ll_sdmmc.c **** uint32_t SDMMC_ReadFIFO(const SDMMC_TypeDef *SDMMCx)
 253:../../STM32Cube_FW_N6/Drivers/STM32N6xx_HAL_Driver/Src/stm32n6xx_ll_sdmmc.c **** {
 203              		.loc 1 253 1 is_stmt 1 view -0
 204              		.cfi_startproc
 205              		@ args = 0, pretend = 0, frame = 0
 206              		@ frame_needed = 0, uses_anonymous_args = 0
 207              		@ link register save eliminated.
 254:../../STM32Cube_FW_N6/Drivers/STM32N6xx_HAL_Driver/Src/stm32n6xx_ll_sdmmc.c ****   /* Read data from Rx FIFO */
 255:../../STM32Cube_FW_N6/Drivers/STM32N6xx_HAL_Driver/Src/stm32n6xx_ll_sdmmc.c ****   return (SDMMCx->FIFO);
 208              		.loc 1 255 3 view .LVU39
 209              		.loc 1 255 17 is_stmt 0 view .LVU40
 210 0000 D0F88000 		ldr	r0, [r0, #128]
 211              	.LVL15:
 256:../../STM32Cube_FW_N6/Drivers/STM32N6xx_HAL_Driver/Src/stm32n6xx_ll_sdmmc.c **** }
 212              		.loc 1 256 1 view .LVU41
 213 0004 7047     		bx	lr
 214              		.cfi_endproc
 215              	.LFE838:
 217              		.section	.text.SDMMC_WriteFIFO,"ax",%progbits
 218              		.align	1
 219              		.global	SDMMC_WriteFIFO
 220              		.syntax unified
 221              		.thumb
 222              		.thumb_func
 224              	SDMMC_WriteFIFO:
 225              	.LVL16:
 226              	.LFB839:
 257:../../STM32Cube_FW_N6/Drivers/STM32N6xx_HAL_Driver/Src/stm32n6xx_ll_sdmmc.c **** 
 258:../../STM32Cube_FW_N6/Drivers/STM32N6xx_HAL_Driver/Src/stm32n6xx_ll_sdmmc.c **** /**
 259:../../STM32Cube_FW_N6/Drivers/STM32N6xx_HAL_Driver/Src/stm32n6xx_ll_sdmmc.c ****   * @brief  Write data (word) to Tx FIFO in blocking mode (polling)
 260:../../STM32Cube_FW_N6/Drivers/STM32N6xx_HAL_Driver/Src/stm32n6xx_ll_sdmmc.c ****   * @param  SDMMCx: Pointer to SDMMC register base
 261:../../STM32Cube_FW_N6/Drivers/STM32N6xx_HAL_Driver/Src/stm32n6xx_ll_sdmmc.c ****   * @param  pWriteData: pointer to data to write
 262:../../STM32Cube_FW_N6/Drivers/STM32N6xx_HAL_Driver/Src/stm32n6xx_ll_sdmmc.c ****   * @retval HAL status
 263:../../STM32Cube_FW_N6/Drivers/STM32N6xx_HAL_Driver/Src/stm32n6xx_ll_sdmmc.c ****   */
 264:../../STM32Cube_FW_N6/Drivers/STM32N6xx_HAL_Driver/Src/stm32n6xx_ll_sdmmc.c **** HAL_StatusTypeDef SDMMC_WriteFIFO(SDMMC_TypeDef *SDMMCx, uint32_t *pWriteData)
 265:../../STM32Cube_FW_N6/Drivers/STM32N6xx_HAL_Driver/Src/stm32n6xx_ll_sdmmc.c **** {
 227              		.loc 1 265 1 is_stmt 1 view -0
 228              		.cfi_startproc
 229              		@ args = 0, pretend = 0, frame = 0
 230              		@ frame_needed = 0, uses_anonymous_args = 0
 231              		@ link register save eliminated.
 266:../../STM32Cube_FW_N6/Drivers/STM32N6xx_HAL_Driver/Src/stm32n6xx_ll_sdmmc.c ****   /* Write data to FIFO */
 267:../../STM32Cube_FW_N6/Drivers/STM32N6xx_HAL_Driver/Src/stm32n6xx_ll_sdmmc.c ****   SDMMCx->FIFO = *pWriteData;
 232              		.loc 1 267 3 view .LVU43
 233              		.loc 1 267 18 is_stmt 0 view .LVU44
 234 0000 0B68     		ldr	r3, [r1]
 235              		.loc 1 267 16 view .LVU45
 236 0002 C0F88030 		str	r3, [r0, #128]
ARM GAS  C:\Users\Antonio\AppData\Local\Temp\cc9FRrj5.s 			page 10


 268:../../STM32Cube_FW_N6/Drivers/STM32N6xx_HAL_Driver/Src/stm32n6xx_ll_sdmmc.c **** 
 269:../../STM32Cube_FW_N6/Drivers/STM32N6xx_HAL_Driver/Src/stm32n6xx_ll_sdmmc.c ****   return HAL_OK;
 237              		.loc 1 269 3 is_stmt 1 view .LVU46
 270:../../STM32Cube_FW_N6/Drivers/STM32N6xx_HAL_Driver/Src/stm32n6xx_ll_sdmmc.c **** }
 238              		.loc 1 270 1 is_stmt 0 view .LVU47
 239 0006 0020     		movs	r0, #0
 240              	.LVL17:
 241              		.loc 1 270 1 view .LVU48
 242 0008 7047     		bx	lr
 243              		.cfi_endproc
 244              	.LFE839:
 246              		.section	.text.SDMMC_PowerState_ON,"ax",%progbits
 247              		.align	1
 248              		.global	SDMMC_PowerState_ON
 249              		.syntax unified
 250              		.thumb
 251              		.thumb_func
 253              	SDMMC_PowerState_ON:
 254              	.LVL18:
 255              	.LFB840:
 271:../../STM32Cube_FW_N6/Drivers/STM32N6xx_HAL_Driver/Src/stm32n6xx_ll_sdmmc.c **** 
 272:../../STM32Cube_FW_N6/Drivers/STM32N6xx_HAL_Driver/Src/stm32n6xx_ll_sdmmc.c **** /**
 273:../../STM32Cube_FW_N6/Drivers/STM32N6xx_HAL_Driver/Src/stm32n6xx_ll_sdmmc.c ****   * @}
 274:../../STM32Cube_FW_N6/Drivers/STM32N6xx_HAL_Driver/Src/stm32n6xx_ll_sdmmc.c ****   */
 275:../../STM32Cube_FW_N6/Drivers/STM32N6xx_HAL_Driver/Src/stm32n6xx_ll_sdmmc.c **** 
 276:../../STM32Cube_FW_N6/Drivers/STM32N6xx_HAL_Driver/Src/stm32n6xx_ll_sdmmc.c **** /** @defgroup HAL_SDMMC_LL_Group3 Peripheral Control functions
 277:../../STM32Cube_FW_N6/Drivers/STM32N6xx_HAL_Driver/Src/stm32n6xx_ll_sdmmc.c ****   *  @brief   management functions
 278:../../STM32Cube_FW_N6/Drivers/STM32N6xx_HAL_Driver/Src/stm32n6xx_ll_sdmmc.c ****   *
 279:../../STM32Cube_FW_N6/Drivers/STM32N6xx_HAL_Driver/Src/stm32n6xx_ll_sdmmc.c **** @verbatim
 280:../../STM32Cube_FW_N6/Drivers/STM32N6xx_HAL_Driver/Src/stm32n6xx_ll_sdmmc.c ****  ===============================================================================
 281:../../STM32Cube_FW_N6/Drivers/STM32N6xx_HAL_Driver/Src/stm32n6xx_ll_sdmmc.c ****                       ##### Peripheral Control functions #####
 282:../../STM32Cube_FW_N6/Drivers/STM32N6xx_HAL_Driver/Src/stm32n6xx_ll_sdmmc.c ****  ===============================================================================
 283:../../STM32Cube_FW_N6/Drivers/STM32N6xx_HAL_Driver/Src/stm32n6xx_ll_sdmmc.c ****     [..]
 284:../../STM32Cube_FW_N6/Drivers/STM32N6xx_HAL_Driver/Src/stm32n6xx_ll_sdmmc.c ****     This subsection provides a set of functions allowing to control the SDMMC data
 285:../../STM32Cube_FW_N6/Drivers/STM32N6xx_HAL_Driver/Src/stm32n6xx_ll_sdmmc.c ****     transfers.
 286:../../STM32Cube_FW_N6/Drivers/STM32N6xx_HAL_Driver/Src/stm32n6xx_ll_sdmmc.c **** 
 287:../../STM32Cube_FW_N6/Drivers/STM32N6xx_HAL_Driver/Src/stm32n6xx_ll_sdmmc.c **** @endverbatim
 288:../../STM32Cube_FW_N6/Drivers/STM32N6xx_HAL_Driver/Src/stm32n6xx_ll_sdmmc.c ****   * @{
 289:../../STM32Cube_FW_N6/Drivers/STM32N6xx_HAL_Driver/Src/stm32n6xx_ll_sdmmc.c ****   */
 290:../../STM32Cube_FW_N6/Drivers/STM32N6xx_HAL_Driver/Src/stm32n6xx_ll_sdmmc.c **** 
 291:../../STM32Cube_FW_N6/Drivers/STM32N6xx_HAL_Driver/Src/stm32n6xx_ll_sdmmc.c **** /**
 292:../../STM32Cube_FW_N6/Drivers/STM32N6xx_HAL_Driver/Src/stm32n6xx_ll_sdmmc.c ****   * @brief  Set SDMMC Power state to ON.
 293:../../STM32Cube_FW_N6/Drivers/STM32N6xx_HAL_Driver/Src/stm32n6xx_ll_sdmmc.c ****   * @param  SDMMCx: Pointer to SDMMC register base
 294:../../STM32Cube_FW_N6/Drivers/STM32N6xx_HAL_Driver/Src/stm32n6xx_ll_sdmmc.c ****   * @retval HAL status
 295:../../STM32Cube_FW_N6/Drivers/STM32N6xx_HAL_Driver/Src/stm32n6xx_ll_sdmmc.c ****   */
 296:../../STM32Cube_FW_N6/Drivers/STM32N6xx_HAL_Driver/Src/stm32n6xx_ll_sdmmc.c **** HAL_StatusTypeDef SDMMC_PowerState_ON(SDMMC_TypeDef *SDMMCx)
 297:../../STM32Cube_FW_N6/Drivers/STM32N6xx_HAL_Driver/Src/stm32n6xx_ll_sdmmc.c **** {
 256              		.loc 1 297 1 is_stmt 1 view -0
 257              		.cfi_startproc
 258              		@ args = 0, pretend = 0, frame = 0
 259              		@ frame_needed = 0, uses_anonymous_args = 0
 260              		@ link register save eliminated.
 298:../../STM32Cube_FW_N6/Drivers/STM32N6xx_HAL_Driver/Src/stm32n6xx_ll_sdmmc.c ****   /* Set power state to ON */
 299:../../STM32Cube_FW_N6/Drivers/STM32N6xx_HAL_Driver/Src/stm32n6xx_ll_sdmmc.c ****   SDMMCx->POWER |= SDMMC_POWER_PWRCTRL;
 261              		.loc 1 299 3 view .LVU50
 262              		.loc 1 299 9 is_stmt 0 view .LVU51
 263 0000 0368     		ldr	r3, [r0]
ARM GAS  C:\Users\Antonio\AppData\Local\Temp\cc9FRrj5.s 			page 11


 264              		.loc 1 299 17 view .LVU52
 265 0002 43F00303 		orr	r3, r3, #3
 266 0006 0360     		str	r3, [r0]
 300:../../STM32Cube_FW_N6/Drivers/STM32N6xx_HAL_Driver/Src/stm32n6xx_ll_sdmmc.c **** 
 301:../../STM32Cube_FW_N6/Drivers/STM32N6xx_HAL_Driver/Src/stm32n6xx_ll_sdmmc.c ****   return HAL_OK;
 267              		.loc 1 301 3 is_stmt 1 view .LVU53
 302:../../STM32Cube_FW_N6/Drivers/STM32N6xx_HAL_Driver/Src/stm32n6xx_ll_sdmmc.c **** }
 268              		.loc 1 302 1 is_stmt 0 view .LVU54
 269 0008 0020     		movs	r0, #0
 270              	.LVL19:
 271              		.loc 1 302 1 view .LVU55
 272 000a 7047     		bx	lr
 273              		.cfi_endproc
 274              	.LFE840:
 276              		.section	.text.SDMMC_PowerState_Cycle,"ax",%progbits
 277              		.align	1
 278              		.global	SDMMC_PowerState_Cycle
 279              		.syntax unified
 280              		.thumb
 281              		.thumb_func
 283              	SDMMC_PowerState_Cycle:
 284              	.LVL20:
 285              	.LFB841:
 303:../../STM32Cube_FW_N6/Drivers/STM32N6xx_HAL_Driver/Src/stm32n6xx_ll_sdmmc.c **** 
 304:../../STM32Cube_FW_N6/Drivers/STM32N6xx_HAL_Driver/Src/stm32n6xx_ll_sdmmc.c **** /**
 305:../../STM32Cube_FW_N6/Drivers/STM32N6xx_HAL_Driver/Src/stm32n6xx_ll_sdmmc.c ****   * @brief  Set SDMMC Power state to Power-Cycle.
 306:../../STM32Cube_FW_N6/Drivers/STM32N6xx_HAL_Driver/Src/stm32n6xx_ll_sdmmc.c ****   * @param  SDMMCx: Pointer to SDMMC register base
 307:../../STM32Cube_FW_N6/Drivers/STM32N6xx_HAL_Driver/Src/stm32n6xx_ll_sdmmc.c ****   * @retval HAL status
 308:../../STM32Cube_FW_N6/Drivers/STM32N6xx_HAL_Driver/Src/stm32n6xx_ll_sdmmc.c ****   */
 309:../../STM32Cube_FW_N6/Drivers/STM32N6xx_HAL_Driver/Src/stm32n6xx_ll_sdmmc.c **** HAL_StatusTypeDef SDMMC_PowerState_Cycle(SDMMC_TypeDef *SDMMCx)
 310:../../STM32Cube_FW_N6/Drivers/STM32N6xx_HAL_Driver/Src/stm32n6xx_ll_sdmmc.c **** {
 286              		.loc 1 310 1 is_stmt 1 view -0
 287              		.cfi_startproc
 288              		@ args = 0, pretend = 0, frame = 0
 289              		@ frame_needed = 0, uses_anonymous_args = 0
 290              		@ link register save eliminated.
 311:../../STM32Cube_FW_N6/Drivers/STM32N6xx_HAL_Driver/Src/stm32n6xx_ll_sdmmc.c ****   /* Set power state to Power Cycle*/
 312:../../STM32Cube_FW_N6/Drivers/STM32N6xx_HAL_Driver/Src/stm32n6xx_ll_sdmmc.c ****   SDMMCx->POWER |= SDMMC_POWER_PWRCTRL_1;
 291              		.loc 1 312 3 view .LVU57
 292              		.loc 1 312 9 is_stmt 0 view .LVU58
 293 0000 0368     		ldr	r3, [r0]
 294              		.loc 1 312 17 view .LVU59
 295 0002 43F00203 		orr	r3, r3, #2
 296 0006 0360     		str	r3, [r0]
 313:../../STM32Cube_FW_N6/Drivers/STM32N6xx_HAL_Driver/Src/stm32n6xx_ll_sdmmc.c **** 
 314:../../STM32Cube_FW_N6/Drivers/STM32N6xx_HAL_Driver/Src/stm32n6xx_ll_sdmmc.c ****   return HAL_OK;
 297              		.loc 1 314 3 is_stmt 1 view .LVU60
 315:../../STM32Cube_FW_N6/Drivers/STM32N6xx_HAL_Driver/Src/stm32n6xx_ll_sdmmc.c **** }
 298              		.loc 1 315 1 is_stmt 0 view .LVU61
 299 0008 0020     		movs	r0, #0
 300              	.LVL21:
 301              		.loc 1 315 1 view .LVU62
 302 000a 7047     		bx	lr
 303              		.cfi_endproc
 304              	.LFE841:
 306              		.section	.text.SDMMC_PowerState_OFF,"ax",%progbits
 307              		.align	1
ARM GAS  C:\Users\Antonio\AppData\Local\Temp\cc9FRrj5.s 			page 12


 308              		.global	SDMMC_PowerState_OFF
 309              		.syntax unified
 310              		.thumb
 311              		.thumb_func
 313              	SDMMC_PowerState_OFF:
 314              	.LVL22:
 315              	.LFB842:
 316:../../STM32Cube_FW_N6/Drivers/STM32N6xx_HAL_Driver/Src/stm32n6xx_ll_sdmmc.c **** 
 317:../../STM32Cube_FW_N6/Drivers/STM32N6xx_HAL_Driver/Src/stm32n6xx_ll_sdmmc.c **** /**
 318:../../STM32Cube_FW_N6/Drivers/STM32N6xx_HAL_Driver/Src/stm32n6xx_ll_sdmmc.c ****   * @brief  Set SDMMC Power state to OFF.
 319:../../STM32Cube_FW_N6/Drivers/STM32N6xx_HAL_Driver/Src/stm32n6xx_ll_sdmmc.c ****   * @param  SDMMCx: Pointer to SDMMC register base
 320:../../STM32Cube_FW_N6/Drivers/STM32N6xx_HAL_Driver/Src/stm32n6xx_ll_sdmmc.c ****   * @retval HAL status
 321:../../STM32Cube_FW_N6/Drivers/STM32N6xx_HAL_Driver/Src/stm32n6xx_ll_sdmmc.c ****   */
 322:../../STM32Cube_FW_N6/Drivers/STM32N6xx_HAL_Driver/Src/stm32n6xx_ll_sdmmc.c **** HAL_StatusTypeDef SDMMC_PowerState_OFF(SDMMC_TypeDef *SDMMCx)
 323:../../STM32Cube_FW_N6/Drivers/STM32N6xx_HAL_Driver/Src/stm32n6xx_ll_sdmmc.c **** {
 316              		.loc 1 323 1 is_stmt 1 view -0
 317              		.cfi_startproc
 318              		@ args = 0, pretend = 0, frame = 0
 319              		@ frame_needed = 0, uses_anonymous_args = 0
 320              		@ link register save eliminated.
 324:../../STM32Cube_FW_N6/Drivers/STM32N6xx_HAL_Driver/Src/stm32n6xx_ll_sdmmc.c ****   /* Set power state to OFF */
 325:../../STM32Cube_FW_N6/Drivers/STM32N6xx_HAL_Driver/Src/stm32n6xx_ll_sdmmc.c ****   SDMMCx->POWER &= ~(SDMMC_POWER_PWRCTRL);
 321              		.loc 1 325 3 view .LVU64
 322              		.loc 1 325 9 is_stmt 0 view .LVU65
 323 0000 0368     		ldr	r3, [r0]
 324              		.loc 1 325 17 view .LVU66
 325 0002 23F00303 		bic	r3, r3, #3
 326 0006 0360     		str	r3, [r0]
 326:../../STM32Cube_FW_N6/Drivers/STM32N6xx_HAL_Driver/Src/stm32n6xx_ll_sdmmc.c **** 
 327:../../STM32Cube_FW_N6/Drivers/STM32N6xx_HAL_Driver/Src/stm32n6xx_ll_sdmmc.c ****   return HAL_OK;
 327              		.loc 1 327 3 is_stmt 1 view .LVU67
 328:../../STM32Cube_FW_N6/Drivers/STM32N6xx_HAL_Driver/Src/stm32n6xx_ll_sdmmc.c **** }
 328              		.loc 1 328 1 is_stmt 0 view .LVU68
 329 0008 0020     		movs	r0, #0
 330              	.LVL23:
 331              		.loc 1 328 1 view .LVU69
 332 000a 7047     		bx	lr
 333              		.cfi_endproc
 334              	.LFE842:
 336              		.section	.text.SDMMC_GetPowerState,"ax",%progbits
 337              		.align	1
 338              		.global	SDMMC_GetPowerState
 339              		.syntax unified
 340              		.thumb
 341              		.thumb_func
 343              	SDMMC_GetPowerState:
 344              	.LVL24:
 345              	.LFB843:
 329:../../STM32Cube_FW_N6/Drivers/STM32N6xx_HAL_Driver/Src/stm32n6xx_ll_sdmmc.c **** 
 330:../../STM32Cube_FW_N6/Drivers/STM32N6xx_HAL_Driver/Src/stm32n6xx_ll_sdmmc.c **** /**
 331:../../STM32Cube_FW_N6/Drivers/STM32N6xx_HAL_Driver/Src/stm32n6xx_ll_sdmmc.c ****   * @brief  Get SDMMC Power state.
 332:../../STM32Cube_FW_N6/Drivers/STM32N6xx_HAL_Driver/Src/stm32n6xx_ll_sdmmc.c ****   * @param  SDMMCx: Pointer to SDMMC register base
 333:../../STM32Cube_FW_N6/Drivers/STM32N6xx_HAL_Driver/Src/stm32n6xx_ll_sdmmc.c ****   * @retval Power status of the controller. The returned value can be one of the
 334:../../STM32Cube_FW_N6/Drivers/STM32N6xx_HAL_Driver/Src/stm32n6xx_ll_sdmmc.c ****   *         following values:
 335:../../STM32Cube_FW_N6/Drivers/STM32N6xx_HAL_Driver/Src/stm32n6xx_ll_sdmmc.c ****   *            - 0x00: Power OFF
 336:../../STM32Cube_FW_N6/Drivers/STM32N6xx_HAL_Driver/Src/stm32n6xx_ll_sdmmc.c ****   *            - 0x02: Power UP
 337:../../STM32Cube_FW_N6/Drivers/STM32N6xx_HAL_Driver/Src/stm32n6xx_ll_sdmmc.c ****   *            - 0x03: Power ON
ARM GAS  C:\Users\Antonio\AppData\Local\Temp\cc9FRrj5.s 			page 13


 338:../../STM32Cube_FW_N6/Drivers/STM32N6xx_HAL_Driver/Src/stm32n6xx_ll_sdmmc.c ****   */
 339:../../STM32Cube_FW_N6/Drivers/STM32N6xx_HAL_Driver/Src/stm32n6xx_ll_sdmmc.c **** uint32_t SDMMC_GetPowerState(const SDMMC_TypeDef *SDMMCx)
 340:../../STM32Cube_FW_N6/Drivers/STM32N6xx_HAL_Driver/Src/stm32n6xx_ll_sdmmc.c **** {
 346              		.loc 1 340 1 is_stmt 1 view -0
 347              		.cfi_startproc
 348              		@ args = 0, pretend = 0, frame = 0
 349              		@ frame_needed = 0, uses_anonymous_args = 0
 350              		@ link register save eliminated.
 341:../../STM32Cube_FW_N6/Drivers/STM32N6xx_HAL_Driver/Src/stm32n6xx_ll_sdmmc.c ****   return (SDMMCx->POWER & SDMMC_POWER_PWRCTRL);
 351              		.loc 1 341 3 view .LVU71
 352              		.loc 1 341 17 is_stmt 0 view .LVU72
 353 0000 0068     		ldr	r0, [r0]
 354              	.LVL25:
 342:../../STM32Cube_FW_N6/Drivers/STM32N6xx_HAL_Driver/Src/stm32n6xx_ll_sdmmc.c **** }
 355              		.loc 1 342 1 view .LVU73
 356 0002 00F00300 		and	r0, r0, #3
 357 0006 7047     		bx	lr
 358              		.cfi_endproc
 359              	.LFE843:
 361              		.section	.text.SDMMC_SendCommand,"ax",%progbits
 362              		.align	1
 363              		.global	SDMMC_SendCommand
 364              		.syntax unified
 365              		.thumb
 366              		.thumb_func
 368              	SDMMC_SendCommand:
 369              	.LVL26:
 370              	.LFB844:
 343:../../STM32Cube_FW_N6/Drivers/STM32N6xx_HAL_Driver/Src/stm32n6xx_ll_sdmmc.c **** 
 344:../../STM32Cube_FW_N6/Drivers/STM32N6xx_HAL_Driver/Src/stm32n6xx_ll_sdmmc.c **** /**
 345:../../STM32Cube_FW_N6/Drivers/STM32N6xx_HAL_Driver/Src/stm32n6xx_ll_sdmmc.c ****   * @brief  Configure the SDMMC command path according to the specified parameters in
 346:../../STM32Cube_FW_N6/Drivers/STM32N6xx_HAL_Driver/Src/stm32n6xx_ll_sdmmc.c ****   *         SDMMC_CmdInitTypeDef structure and send the command
 347:../../STM32Cube_FW_N6/Drivers/STM32N6xx_HAL_Driver/Src/stm32n6xx_ll_sdmmc.c ****   * @param  SDMMCx: Pointer to SDMMC register base
 348:../../STM32Cube_FW_N6/Drivers/STM32N6xx_HAL_Driver/Src/stm32n6xx_ll_sdmmc.c ****   * @param  Command: pointer to a SDMMC_CmdInitTypeDef structure that contains
 349:../../STM32Cube_FW_N6/Drivers/STM32N6xx_HAL_Driver/Src/stm32n6xx_ll_sdmmc.c ****   *         the configuration information for the SDMMC command
 350:../../STM32Cube_FW_N6/Drivers/STM32N6xx_HAL_Driver/Src/stm32n6xx_ll_sdmmc.c ****   * @retval HAL status
 351:../../STM32Cube_FW_N6/Drivers/STM32N6xx_HAL_Driver/Src/stm32n6xx_ll_sdmmc.c ****   */
 352:../../STM32Cube_FW_N6/Drivers/STM32N6xx_HAL_Driver/Src/stm32n6xx_ll_sdmmc.c **** HAL_StatusTypeDef SDMMC_SendCommand(SDMMC_TypeDef *SDMMCx, const SDMMC_CmdInitTypeDef *Command)
 353:../../STM32Cube_FW_N6/Drivers/STM32N6xx_HAL_Driver/Src/stm32n6xx_ll_sdmmc.c **** {
 371              		.loc 1 353 1 is_stmt 1 view -0
 372              		.cfi_startproc
 373              		@ args = 0, pretend = 0, frame = 0
 374              		@ frame_needed = 0, uses_anonymous_args = 0
 354:../../STM32Cube_FW_N6/Drivers/STM32N6xx_HAL_Driver/Src/stm32n6xx_ll_sdmmc.c ****   uint32_t tmpreg = 0;
 375              		.loc 1 354 3 view .LVU75
 355:../../STM32Cube_FW_N6/Drivers/STM32N6xx_HAL_Driver/Src/stm32n6xx_ll_sdmmc.c **** 
 356:../../STM32Cube_FW_N6/Drivers/STM32N6xx_HAL_Driver/Src/stm32n6xx_ll_sdmmc.c ****   /* Check the parameters */
 357:../../STM32Cube_FW_N6/Drivers/STM32N6xx_HAL_Driver/Src/stm32n6xx_ll_sdmmc.c ****   assert_param(IS_SDMMC_CMD_INDEX(Command->CmdIndex));
 376              		.loc 1 357 3 view .LVU76
 353:../../STM32Cube_FW_N6/Drivers/STM32N6xx_HAL_Driver/Src/stm32n6xx_ll_sdmmc.c ****   uint32_t tmpreg = 0;
 377              		.loc 1 353 1 is_stmt 0 view .LVU77
 378 0000 38B5     		push	{r3, r4, r5, lr}
 379              		.cfi_def_cfa_offset 16
 380              		.cfi_offset 3, -16
 381              		.cfi_offset 4, -12
 382              		.cfi_offset 5, -8
 383              		.cfi_offset 14, -4
ARM GAS  C:\Users\Antonio\AppData\Local\Temp\cc9FRrj5.s 			page 14


 384              		.loc 1 357 3 view .LVU78
 385 0002 4B68     		ldr	r3, [r1, #4]
 353:../../STM32Cube_FW_N6/Drivers/STM32N6xx_HAL_Driver/Src/stm32n6xx_ll_sdmmc.c ****   uint32_t tmpreg = 0;
 386              		.loc 1 353 1 view .LVU79
 387 0004 0546     		mov	r5, r0
 388              		.loc 1 357 3 view .LVU80
 389 0006 3F2B     		cmp	r3, #63
 353:../../STM32Cube_FW_N6/Drivers/STM32N6xx_HAL_Driver/Src/stm32n6xx_ll_sdmmc.c ****   uint32_t tmpreg = 0;
 390              		.loc 1 353 1 view .LVU81
 391 0008 0C46     		mov	r4, r1
 392              		.loc 1 357 3 view .LVU82
 393 000a 04D9     		bls	.L32
 394              		.loc 1 357 3 discriminator 1 view .LVU83
 395 000c 40F26511 		movw	r1, #357
 396              	.LVL27:
 397              		.loc 1 357 3 discriminator 1 view .LVU84
 398 0010 1948     		ldr	r0, .L51
 399              	.LVL28:
 400              		.loc 1 357 3 discriminator 1 view .LVU85
 401 0012 FFF7FEFF 		bl	assert_failed
 402              	.LVL29:
 403              	.L32:
 358:../../STM32Cube_FW_N6/Drivers/STM32N6xx_HAL_Driver/Src/stm32n6xx_ll_sdmmc.c ****   assert_param(IS_SDMMC_RESPONSE(Command->Response));
 404              		.loc 1 358 3 is_stmt 1 view .LVU86
 405 0016 A368     		ldr	r3, [r4, #8]
 406 0018 33F48072 		bics	r2, r3, #256
 407 001c 07D0     		beq	.L33
 408              		.loc 1 358 3 is_stmt 0 discriminator 2 view .LVU87
 409 001e B3F5407F 		cmp	r3, #768
 410 0022 04D0     		beq	.L33
 411              		.loc 1 358 3 discriminator 3 view .LVU88
 412 0024 4FF4B371 		mov	r1, #358
 413 0028 1348     		ldr	r0, .L51
 414 002a FFF7FEFF 		bl	assert_failed
 415              	.LVL30:
 416              	.L33:
 359:../../STM32Cube_FW_N6/Drivers/STM32N6xx_HAL_Driver/Src/stm32n6xx_ll_sdmmc.c ****   assert_param(IS_SDMMC_WAIT(Command->WaitForInterrupt));
 417              		.loc 1 359 3 is_stmt 1 view .LVU89
 418 002e E368     		ldr	r3, [r4, #12]
 419 0030 33F48062 		bics	r2, r3, #1024
 420 0034 07D0     		beq	.L34
 421              		.loc 1 359 3 is_stmt 0 discriminator 2 view .LVU90
 422 0036 B3F5006F 		cmp	r3, #2048
 423 003a 04D0     		beq	.L34
 424              		.loc 1 359 3 discriminator 3 view .LVU91
 425 003c 40F26711 		movw	r1, #359
 426 0040 0D48     		ldr	r0, .L51
 427 0042 FFF7FEFF 		bl	assert_failed
 428              	.LVL31:
 429              	.L34:
 360:../../STM32Cube_FW_N6/Drivers/STM32N6xx_HAL_Driver/Src/stm32n6xx_ll_sdmmc.c ****   assert_param(IS_SDMMC_CPSM(Command->CPSM));
 430              		.loc 1 360 3 is_stmt 1 view .LVU92
 431 0046 2369     		ldr	r3, [r4, #16]
 432 0048 33F48053 		bics	r3, r3, #4096
 433 004c 04D0     		beq	.L35
 434              		.loc 1 360 3 is_stmt 0 discriminator 2 view .LVU93
 435 004e 4FF4B471 		mov	r1, #360
ARM GAS  C:\Users\Antonio\AppData\Local\Temp\cc9FRrj5.s 			page 15


 436 0052 0948     		ldr	r0, .L51
 437 0054 FFF7FEFF 		bl	assert_failed
 438              	.LVL32:
 439              	.L35:
 361:../../STM32Cube_FW_N6/Drivers/STM32N6xx_HAL_Driver/Src/stm32n6xx_ll_sdmmc.c **** 
 362:../../STM32Cube_FW_N6/Drivers/STM32N6xx_HAL_Driver/Src/stm32n6xx_ll_sdmmc.c ****   /* Set the SDMMC Argument value */
 363:../../STM32Cube_FW_N6/Drivers/STM32N6xx_HAL_Driver/Src/stm32n6xx_ll_sdmmc.c ****   SDMMCx->ARG = Command->Argument;
 440              		.loc 1 363 3 is_stmt 1 view .LVU94
 441              		.loc 1 363 24 is_stmt 0 view .LVU95
 442 0058 2368     		ldr	r3, [r4]
 364:../../STM32Cube_FW_N6/Drivers/STM32N6xx_HAL_Driver/Src/stm32n6xx_ll_sdmmc.c **** 
 365:../../STM32Cube_FW_N6/Drivers/STM32N6xx_HAL_Driver/Src/stm32n6xx_ll_sdmmc.c ****   /* Set SDMMC command parameters */
 366:../../STM32Cube_FW_N6/Drivers/STM32N6xx_HAL_Driver/Src/stm32n6xx_ll_sdmmc.c ****   tmpreg |= (uint32_t)(Command->CmdIndex         | \
 367:../../STM32Cube_FW_N6/Drivers/STM32N6xx_HAL_Driver/Src/stm32n6xx_ll_sdmmc.c ****                        Command->Response         | \
 368:../../STM32Cube_FW_N6/Drivers/STM32N6xx_HAL_Driver/Src/stm32n6xx_ll_sdmmc.c ****                        Command->WaitForInterrupt | \
 369:../../STM32Cube_FW_N6/Drivers/STM32N6xx_HAL_Driver/Src/stm32n6xx_ll_sdmmc.c ****                        Command->CPSM);
 370:../../STM32Cube_FW_N6/Drivers/STM32N6xx_HAL_Driver/Src/stm32n6xx_ll_sdmmc.c **** 
 371:../../STM32Cube_FW_N6/Drivers/STM32N6xx_HAL_Driver/Src/stm32n6xx_ll_sdmmc.c ****   /* Write to SDMMC CMD register */
 372:../../STM32Cube_FW_N6/Drivers/STM32N6xx_HAL_Driver/Src/stm32n6xx_ll_sdmmc.c ****   MODIFY_REG(SDMMCx->CMD, CMD_CLEAR_MASK, tmpreg);
 373:../../STM32Cube_FW_N6/Drivers/STM32N6xx_HAL_Driver/Src/stm32n6xx_ll_sdmmc.c **** 
 374:../../STM32Cube_FW_N6/Drivers/STM32N6xx_HAL_Driver/Src/stm32n6xx_ll_sdmmc.c ****   return HAL_OK;
 375:../../STM32Cube_FW_N6/Drivers/STM32N6xx_HAL_Driver/Src/stm32n6xx_ll_sdmmc.c **** }
 443              		.loc 1 375 1 view .LVU96
 444 005a 0020     		movs	r0, #0
 363:../../STM32Cube_FW_N6/Drivers/STM32N6xx_HAL_Driver/Src/stm32n6xx_ll_sdmmc.c **** 
 445              		.loc 1 363 15 view .LVU97
 446 005c AB60     		str	r3, [r5, #8]
 366:../../STM32Cube_FW_N6/Drivers/STM32N6xx_HAL_Driver/Src/stm32n6xx_ll_sdmmc.c ****                        Command->Response         | \
 447              		.loc 1 366 3 is_stmt 1 view .LVU98
 448              	.LVL33:
 372:../../STM32Cube_FW_N6/Drivers/STM32N6xx_HAL_Driver/Src/stm32n6xx_ll_sdmmc.c **** 
 449              		.loc 1 372 3 view .LVU99
 366:../../STM32Cube_FW_N6/Drivers/STM32N6xx_HAL_Driver/Src/stm32n6xx_ll_sdmmc.c ****                        Command->Response         | \
 450              		.loc 1 366 50 is_stmt 0 view .LVU100
 451 005e D4E90132 		ldrd	r3, r2, [r4, #4]
 452 0062 1343     		orrs	r3, r3, r2
 367:../../STM32Cube_FW_N6/Drivers/STM32N6xx_HAL_Driver/Src/stm32n6xx_ll_sdmmc.c ****                        Command->WaitForInterrupt | \
 453              		.loc 1 367 50 view .LVU101
 454 0064 E268     		ldr	r2, [r4, #12]
 372:../../STM32Cube_FW_N6/Drivers/STM32N6xx_HAL_Driver/Src/stm32n6xx_ll_sdmmc.c **** 
 455              		.loc 1 372 3 view .LVU102
 456 0066 E968     		ldr	r1, [r5, #12]
 367:../../STM32Cube_FW_N6/Drivers/STM32N6xx_HAL_Driver/Src/stm32n6xx_ll_sdmmc.c ****                        Command->WaitForInterrupt | \
 457              		.loc 1 367 50 view .LVU103
 458 0068 1343     		orrs	r3, r3, r2
 368:../../STM32Cube_FW_N6/Drivers/STM32N6xx_HAL_Driver/Src/stm32n6xx_ll_sdmmc.c ****                        Command->CPSM);
 459              		.loc 1 368 50 view .LVU104
 460 006a 2269     		ldr	r2, [r4, #16]
 461 006c 1343     		orrs	r3, r3, r2
 372:../../STM32Cube_FW_N6/Drivers/STM32N6xx_HAL_Driver/Src/stm32n6xx_ll_sdmmc.c **** 
 462              		.loc 1 372 3 view .LVU105
 463 006e 034A     		ldr	r2, .L51+4
 464 0070 0A40     		ands	r2, r2, r1
 465 0072 1343     		orrs	r3, r3, r2
 466 0074 EB60     		str	r3, [r5, #12]
 374:../../STM32Cube_FW_N6/Drivers/STM32N6xx_HAL_Driver/Src/stm32n6xx_ll_sdmmc.c **** }
 467              		.loc 1 374 3 is_stmt 1 view .LVU106
ARM GAS  C:\Users\Antonio\AppData\Local\Temp\cc9FRrj5.s 			page 16


 468              		.loc 1 375 1 is_stmt 0 view .LVU107
 469 0076 38BD     		pop	{r3, r4, r5, pc}
 470              	.LVL34:
 471              	.L52:
 472              		.loc 1 375 1 view .LVU108
 473              		.align	2
 474              	.L51:
 475 0078 00000000 		.word	.LC0
 476 007c C0E0FEFF 		.word	-73536
 477              		.cfi_endproc
 478              	.LFE844:
 480              		.section	.text.SDMMC_GetCommandResponse,"ax",%progbits
 481              		.align	1
 482              		.global	SDMMC_GetCommandResponse
 483              		.syntax unified
 484              		.thumb
 485              		.thumb_func
 487              	SDMMC_GetCommandResponse:
 488              	.LVL35:
 489              	.LFB845:
 376:../../STM32Cube_FW_N6/Drivers/STM32N6xx_HAL_Driver/Src/stm32n6xx_ll_sdmmc.c **** 
 377:../../STM32Cube_FW_N6/Drivers/STM32N6xx_HAL_Driver/Src/stm32n6xx_ll_sdmmc.c **** /**
 378:../../STM32Cube_FW_N6/Drivers/STM32N6xx_HAL_Driver/Src/stm32n6xx_ll_sdmmc.c ****   * @brief  Return the command index of last command for which response received
 379:../../STM32Cube_FW_N6/Drivers/STM32N6xx_HAL_Driver/Src/stm32n6xx_ll_sdmmc.c ****   * @param  SDMMCx: Pointer to SDMMC register base
 380:../../STM32Cube_FW_N6/Drivers/STM32N6xx_HAL_Driver/Src/stm32n6xx_ll_sdmmc.c ****   * @retval Command index of the last command response received
 381:../../STM32Cube_FW_N6/Drivers/STM32N6xx_HAL_Driver/Src/stm32n6xx_ll_sdmmc.c ****   */
 382:../../STM32Cube_FW_N6/Drivers/STM32N6xx_HAL_Driver/Src/stm32n6xx_ll_sdmmc.c **** uint8_t SDMMC_GetCommandResponse(const SDMMC_TypeDef *SDMMCx)
 383:../../STM32Cube_FW_N6/Drivers/STM32N6xx_HAL_Driver/Src/stm32n6xx_ll_sdmmc.c **** {
 490              		.loc 1 383 1 is_stmt 1 view -0
 491              		.cfi_startproc
 492              		@ args = 0, pretend = 0, frame = 0
 493              		@ frame_needed = 0, uses_anonymous_args = 0
 494              		@ link register save eliminated.
 384:../../STM32Cube_FW_N6/Drivers/STM32N6xx_HAL_Driver/Src/stm32n6xx_ll_sdmmc.c ****   return (uint8_t)(SDMMCx->RESPCMD);
 495              		.loc 1 384 3 view .LVU110
 496              		.loc 1 384 26 is_stmt 0 view .LVU111
 497 0000 0069     		ldr	r0, [r0, #16]
 498              	.LVL36:
 385:../../STM32Cube_FW_N6/Drivers/STM32N6xx_HAL_Driver/Src/stm32n6xx_ll_sdmmc.c **** }
 499              		.loc 1 385 1 view .LVU112
 500 0002 C0B2     		uxtb	r0, r0
 501 0004 7047     		bx	lr
 502              		.cfi_endproc
 503              	.LFE845:
 505              		.section	.text.SDMMC_GetResponse,"ax",%progbits
 506              		.align	1
 507              		.global	SDMMC_GetResponse
 508              		.syntax unified
 509              		.thumb
 510              		.thumb_func
 512              	SDMMC_GetResponse:
 513              	.LVL37:
 514              	.LFB846:
 386:../../STM32Cube_FW_N6/Drivers/STM32N6xx_HAL_Driver/Src/stm32n6xx_ll_sdmmc.c **** 
 387:../../STM32Cube_FW_N6/Drivers/STM32N6xx_HAL_Driver/Src/stm32n6xx_ll_sdmmc.c **** 
 388:../../STM32Cube_FW_N6/Drivers/STM32N6xx_HAL_Driver/Src/stm32n6xx_ll_sdmmc.c **** /**
 389:../../STM32Cube_FW_N6/Drivers/STM32N6xx_HAL_Driver/Src/stm32n6xx_ll_sdmmc.c ****   * @brief  Return the response received from the card for the last command
ARM GAS  C:\Users\Antonio\AppData\Local\Temp\cc9FRrj5.s 			page 17


 390:../../STM32Cube_FW_N6/Drivers/STM32N6xx_HAL_Driver/Src/stm32n6xx_ll_sdmmc.c ****   * @param  SDMMCx: Pointer to SDMMC register base
 391:../../STM32Cube_FW_N6/Drivers/STM32N6xx_HAL_Driver/Src/stm32n6xx_ll_sdmmc.c ****   * @param  Response: Specifies the SDMMC response register.
 392:../../STM32Cube_FW_N6/Drivers/STM32N6xx_HAL_Driver/Src/stm32n6xx_ll_sdmmc.c ****   *          This parameter can be one of the following values:
 393:../../STM32Cube_FW_N6/Drivers/STM32N6xx_HAL_Driver/Src/stm32n6xx_ll_sdmmc.c ****   *            @arg SDMMC_RESP1: Response Register 1
 394:../../STM32Cube_FW_N6/Drivers/STM32N6xx_HAL_Driver/Src/stm32n6xx_ll_sdmmc.c ****   *            @arg SDMMC_RESP2: Response Register 2
 395:../../STM32Cube_FW_N6/Drivers/STM32N6xx_HAL_Driver/Src/stm32n6xx_ll_sdmmc.c ****   *            @arg SDMMC_RESP3: Response Register 3
 396:../../STM32Cube_FW_N6/Drivers/STM32N6xx_HAL_Driver/Src/stm32n6xx_ll_sdmmc.c ****   *            @arg SDMMC_RESP4: Response Register 4
 397:../../STM32Cube_FW_N6/Drivers/STM32N6xx_HAL_Driver/Src/stm32n6xx_ll_sdmmc.c ****   * @retval The Corresponding response register value
 398:../../STM32Cube_FW_N6/Drivers/STM32N6xx_HAL_Driver/Src/stm32n6xx_ll_sdmmc.c ****   */
 399:../../STM32Cube_FW_N6/Drivers/STM32N6xx_HAL_Driver/Src/stm32n6xx_ll_sdmmc.c **** uint32_t SDMMC_GetResponse(const SDMMC_TypeDef *SDMMCx, uint32_t Response)
 400:../../STM32Cube_FW_N6/Drivers/STM32N6xx_HAL_Driver/Src/stm32n6xx_ll_sdmmc.c **** {
 515              		.loc 1 400 1 is_stmt 1 view -0
 516              		.cfi_startproc
 517              		@ args = 0, pretend = 0, frame = 0
 518              		@ frame_needed = 0, uses_anonymous_args = 0
 401:../../STM32Cube_FW_N6/Drivers/STM32N6xx_HAL_Driver/Src/stm32n6xx_ll_sdmmc.c ****   uint32_t tmp;
 519              		.loc 1 401 3 view .LVU114
 402:../../STM32Cube_FW_N6/Drivers/STM32N6xx_HAL_Driver/Src/stm32n6xx_ll_sdmmc.c **** 
 403:../../STM32Cube_FW_N6/Drivers/STM32N6xx_HAL_Driver/Src/stm32n6xx_ll_sdmmc.c ****   /* Check the parameters */
 404:../../STM32Cube_FW_N6/Drivers/STM32N6xx_HAL_Driver/Src/stm32n6xx_ll_sdmmc.c ****   assert_param(IS_SDMMC_RESP(Response));
 520              		.loc 1 404 3 view .LVU115
 521 0000 0C29     		cmp	r1, #12
 400:../../STM32Cube_FW_N6/Drivers/STM32N6xx_HAL_Driver/Src/stm32n6xx_ll_sdmmc.c ****   uint32_t tmp;
 522              		.loc 1 400 1 is_stmt 0 view .LVU116
 523 0002 38B5     		push	{r3, r4, r5, lr}
 524              		.cfi_def_cfa_offset 16
 525              		.cfi_offset 3, -16
 526              		.cfi_offset 4, -12
 527              		.cfi_offset 5, -8
 528              		.cfi_offset 14, -4
 400:../../STM32Cube_FW_N6/Drivers/STM32N6xx_HAL_Driver/Src/stm32n6xx_ll_sdmmc.c ****   uint32_t tmp;
 529              		.loc 1 400 1 view .LVU117
 530 0004 0546     		mov	r5, r0
 531 0006 0C46     		mov	r4, r1
 532 0008 04D8     		bhi	.L55
 533 000a 41F21113 		movw	r3, #4369
 534 000e CB40     		lsrs	r3, r3, r1
 535 0010 DB07     		lsls	r3, r3, #31
 536 0012 04D4     		bmi	.L56
 537              	.L55:
 538              		.loc 1 404 3 discriminator 4 view .LVU118
 539 0014 4FF4CA71 		mov	r1, #404
 540              	.LVL38:
 541              		.loc 1 404 3 discriminator 4 view .LVU119
 542 0018 0248     		ldr	r0, .L57
 543              	.LVL39:
 544              		.loc 1 404 3 discriminator 4 view .LVU120
 545 001a FFF7FEFF 		bl	assert_failed
 546              	.LVL40:
 547              	.L56:
 405:../../STM32Cube_FW_N6/Drivers/STM32N6xx_HAL_Driver/Src/stm32n6xx_ll_sdmmc.c **** 
 406:../../STM32Cube_FW_N6/Drivers/STM32N6xx_HAL_Driver/Src/stm32n6xx_ll_sdmmc.c ****   /* Get the response */
 407:../../STM32Cube_FW_N6/Drivers/STM32N6xx_HAL_Driver/Src/stm32n6xx_ll_sdmmc.c ****   tmp = (uint32_t)(&(SDMMCx->RESP1)) + Response;
 548              		.loc 1 407 3 is_stmt 1 view .LVU121
 408:../../STM32Cube_FW_N6/Drivers/STM32N6xx_HAL_Driver/Src/stm32n6xx_ll_sdmmc.c **** 
 409:../../STM32Cube_FW_N6/Drivers/STM32N6xx_HAL_Driver/Src/stm32n6xx_ll_sdmmc.c ****   return (*(__IO uint32_t *) tmp);
 549              		.loc 1 409 3 view .LVU122
ARM GAS  C:\Users\Antonio\AppData\Local\Temp\cc9FRrj5.s 			page 18


 407:../../STM32Cube_FW_N6/Drivers/STM32N6xx_HAL_Driver/Src/stm32n6xx_ll_sdmmc.c **** 
 550              		.loc 1 407 20 is_stmt 0 view .LVU123
 551 001e 1435     		adds	r5, r5, #20
 552              	.LVL41:
 553              		.loc 1 409 11 view .LVU124
 554 0020 2859     		ldr	r0, [r5, r4]
 410:../../STM32Cube_FW_N6/Drivers/STM32N6xx_HAL_Driver/Src/stm32n6xx_ll_sdmmc.c **** }
 555              		.loc 1 410 1 view .LVU125
 556 0022 38BD     		pop	{r3, r4, r5, pc}
 557              	.LVL42:
 558              	.L58:
 559              		.loc 1 410 1 view .LVU126
 560              		.align	2
 561              	.L57:
 562 0024 00000000 		.word	.LC0
 563              		.cfi_endproc
 564              	.LFE846:
 566              		.section	.text.SDMMC_ConfigData,"ax",%progbits
 567              		.align	1
 568              		.global	SDMMC_ConfigData
 569              		.syntax unified
 570              		.thumb
 571              		.thumb_func
 573              	SDMMC_ConfigData:
 574              	.LVL43:
 575              	.LFB847:
 411:../../STM32Cube_FW_N6/Drivers/STM32N6xx_HAL_Driver/Src/stm32n6xx_ll_sdmmc.c **** 
 412:../../STM32Cube_FW_N6/Drivers/STM32N6xx_HAL_Driver/Src/stm32n6xx_ll_sdmmc.c **** /**
 413:../../STM32Cube_FW_N6/Drivers/STM32N6xx_HAL_Driver/Src/stm32n6xx_ll_sdmmc.c ****   * @brief  Configure the SDMMC data path according to the specified
 414:../../STM32Cube_FW_N6/Drivers/STM32N6xx_HAL_Driver/Src/stm32n6xx_ll_sdmmc.c ****   *         parameters in the SDMMC_DataInitTypeDef.
 415:../../STM32Cube_FW_N6/Drivers/STM32N6xx_HAL_Driver/Src/stm32n6xx_ll_sdmmc.c ****   * @param  SDMMCx: Pointer to SDMMC register base
 416:../../STM32Cube_FW_N6/Drivers/STM32N6xx_HAL_Driver/Src/stm32n6xx_ll_sdmmc.c ****   * @param  Data : pointer to a SDMMC_DataInitTypeDef structure
 417:../../STM32Cube_FW_N6/Drivers/STM32N6xx_HAL_Driver/Src/stm32n6xx_ll_sdmmc.c ****   *         that contains the configuration information for the SDMMC data.
 418:../../STM32Cube_FW_N6/Drivers/STM32N6xx_HAL_Driver/Src/stm32n6xx_ll_sdmmc.c ****   * @retval HAL status
 419:../../STM32Cube_FW_N6/Drivers/STM32N6xx_HAL_Driver/Src/stm32n6xx_ll_sdmmc.c ****   */
 420:../../STM32Cube_FW_N6/Drivers/STM32N6xx_HAL_Driver/Src/stm32n6xx_ll_sdmmc.c **** HAL_StatusTypeDef SDMMC_ConfigData(SDMMC_TypeDef *SDMMCx, const SDMMC_DataInitTypeDef *Data)
 421:../../STM32Cube_FW_N6/Drivers/STM32N6xx_HAL_Driver/Src/stm32n6xx_ll_sdmmc.c **** {
 576              		.loc 1 421 1 is_stmt 1 view -0
 577              		.cfi_startproc
 578              		@ args = 0, pretend = 0, frame = 0
 579              		@ frame_needed = 0, uses_anonymous_args = 0
 422:../../STM32Cube_FW_N6/Drivers/STM32N6xx_HAL_Driver/Src/stm32n6xx_ll_sdmmc.c ****   uint32_t tmpreg = 0;
 580              		.loc 1 422 3 view .LVU128
 423:../../STM32Cube_FW_N6/Drivers/STM32N6xx_HAL_Driver/Src/stm32n6xx_ll_sdmmc.c **** 
 424:../../STM32Cube_FW_N6/Drivers/STM32N6xx_HAL_Driver/Src/stm32n6xx_ll_sdmmc.c ****   /* Check the parameters */
 425:../../STM32Cube_FW_N6/Drivers/STM32N6xx_HAL_Driver/Src/stm32n6xx_ll_sdmmc.c ****   assert_param(IS_SDMMC_DATA_LENGTH(Data->DataLength));
 581              		.loc 1 425 3 view .LVU129
 421:../../STM32Cube_FW_N6/Drivers/STM32N6xx_HAL_Driver/Src/stm32n6xx_ll_sdmmc.c ****   uint32_t tmpreg = 0;
 582              		.loc 1 421 1 is_stmt 0 view .LVU130
 583 0000 38B5     		push	{r3, r4, r5, lr}
 584              		.cfi_def_cfa_offset 16
 585              		.cfi_offset 3, -16
 586              		.cfi_offset 4, -12
 587              		.cfi_offset 5, -8
 588              		.cfi_offset 14, -4
 589              		.loc 1 425 3 view .LVU131
 590 0002 4B68     		ldr	r3, [r1, #4]
ARM GAS  C:\Users\Antonio\AppData\Local\Temp\cc9FRrj5.s 			page 19


 421:../../STM32Cube_FW_N6/Drivers/STM32N6xx_HAL_Driver/Src/stm32n6xx_ll_sdmmc.c ****   uint32_t tmpreg = 0;
 591              		.loc 1 421 1 view .LVU132
 592 0004 0546     		mov	r5, r0
 593              		.loc 1 425 3 view .LVU133
 594 0006 B3F1007F 		cmp	r3, #33554432
 421:../../STM32Cube_FW_N6/Drivers/STM32N6xx_HAL_Driver/Src/stm32n6xx_ll_sdmmc.c ****   uint32_t tmpreg = 0;
 595              		.loc 1 421 1 view .LVU134
 596 000a 0C46     		mov	r4, r1
 597              		.loc 1 425 3 view .LVU135
 598 000c 04D3     		bcc	.L60
 599              		.loc 1 425 3 discriminator 1 view .LVU136
 600 000e 40F2A911 		movw	r1, #425
 601              	.LVL44:
 602              		.loc 1 425 3 discriminator 1 view .LVU137
 603 0012 2248     		ldr	r0, .L89
 604              	.LVL45:
 605              		.loc 1 425 3 discriminator 1 view .LVU138
 606 0014 FFF7FEFF 		bl	assert_failed
 607              	.LVL46:
 608              	.L60:
 426:../../STM32Cube_FW_N6/Drivers/STM32N6xx_HAL_Driver/Src/stm32n6xx_ll_sdmmc.c ****   assert_param(IS_SDMMC_BLOCK_SIZE(Data->DataBlockSize));
 609              		.loc 1 426 3 is_stmt 1 view .LVU139
 610 0018 A368     		ldr	r3, [r4, #8]
 611 001a 33F03002 		bics	r2, r3, #48
 612 001e 0ED0     		beq	.L61
 613              		.loc 1 426 3 is_stmt 0 discriminator 4 view .LVU140
 614 0020 402A     		cmp	r2, #64
 615 0022 0CD0     		beq	.L61
 616              		.loc 1 426 3 discriminator 8 view .LVU141
 617 0024 802A     		cmp	r2, #128
 618 0026 0AD0     		beq	.L61
 619              		.loc 1 426 3 view .LVU142
 620 0028 23F01002 		bic	r2, r3, #16
 621              		.loc 1 426 3 discriminator 12 view .LVU143
 622 002c C02A     		cmp	r2, #192
 623 002e 06D0     		beq	.L61
 624              		.loc 1 426 3 discriminator 14 view .LVU144
 625 0030 E02B     		cmp	r3, #224
 626 0032 04D0     		beq	.L61
 627              		.loc 1 426 3 discriminator 15 view .LVU145
 628 0034 4FF4D571 		mov	r1, #426
 629 0038 1848     		ldr	r0, .L89
 630 003a FFF7FEFF 		bl	assert_failed
 631              	.LVL47:
 632              	.L61:
 427:../../STM32Cube_FW_N6/Drivers/STM32N6xx_HAL_Driver/Src/stm32n6xx_ll_sdmmc.c ****   assert_param(IS_SDMMC_TRANSFER_DIR(Data->TransferDir));
 633              		.loc 1 427 3 is_stmt 1 view .LVU146
 634 003e E368     		ldr	r3, [r4, #12]
 635 0040 33F00203 		bics	r3, r3, #2
 636 0044 04D0     		beq	.L62
 637              		.loc 1 427 3 is_stmt 0 discriminator 2 view .LVU147
 638 0046 40F2AB11 		movw	r1, #427
 639 004a 1448     		ldr	r0, .L89
 640 004c FFF7FEFF 		bl	assert_failed
 641              	.LVL48:
 642              	.L62:
 428:../../STM32Cube_FW_N6/Drivers/STM32N6xx_HAL_Driver/Src/stm32n6xx_ll_sdmmc.c ****   assert_param(IS_SDMMC_TRANSFER_MODE(Data->TransferMode));
ARM GAS  C:\Users\Antonio\AppData\Local\Temp\cc9FRrj5.s 			page 20


 643              		.loc 1 428 3 is_stmt 1 view .LVU148
 644 0050 2369     		ldr	r3, [r4, #16]
 645 0052 33F00402 		bics	r2, r3, #4
 646 0056 06D0     		beq	.L63
 647              		.loc 1 428 3 is_stmt 0 discriminator 2 view .LVU149
 648 0058 082B     		cmp	r3, #8
 649 005a 04D0     		beq	.L63
 650              		.loc 1 428 3 discriminator 3 view .LVU150
 651 005c 4FF4D671 		mov	r1, #428
 652 0060 0E48     		ldr	r0, .L89
 653 0062 FFF7FEFF 		bl	assert_failed
 654              	.LVL49:
 655              	.L63:
 429:../../STM32Cube_FW_N6/Drivers/STM32N6xx_HAL_Driver/Src/stm32n6xx_ll_sdmmc.c ****   assert_param(IS_SDMMC_DPSM(Data->DPSM));
 656              		.loc 1 429 3 is_stmt 1 view .LVU151
 657 0066 6369     		ldr	r3, [r4, #20]
 658 0068 012B     		cmp	r3, #1
 659 006a 04D9     		bls	.L64
 660              		.loc 1 429 3 is_stmt 0 discriminator 1 view .LVU152
 661 006c 40F2AD11 		movw	r1, #429
 662 0070 0A48     		ldr	r0, .L89
 663 0072 FFF7FEFF 		bl	assert_failed
 664              	.LVL50:
 665              	.L64:
 430:../../STM32Cube_FW_N6/Drivers/STM32N6xx_HAL_Driver/Src/stm32n6xx_ll_sdmmc.c **** 
 431:../../STM32Cube_FW_N6/Drivers/STM32N6xx_HAL_Driver/Src/stm32n6xx_ll_sdmmc.c ****   /* Set the SDMMC Data TimeOut value */
 432:../../STM32Cube_FW_N6/Drivers/STM32N6xx_HAL_Driver/Src/stm32n6xx_ll_sdmmc.c ****   SDMMCx->DTIMER = Data->DataTimeOut;
 666              		.loc 1 432 3 is_stmt 1 view .LVU153
 667              		.loc 1 432 24 is_stmt 0 view .LVU154
 668 0076 2368     		ldr	r3, [r4]
 433:../../STM32Cube_FW_N6/Drivers/STM32N6xx_HAL_Driver/Src/stm32n6xx_ll_sdmmc.c **** 
 434:../../STM32Cube_FW_N6/Drivers/STM32N6xx_HAL_Driver/Src/stm32n6xx_ll_sdmmc.c ****   /* Set the SDMMC DataLength value */
 435:../../STM32Cube_FW_N6/Drivers/STM32N6xx_HAL_Driver/Src/stm32n6xx_ll_sdmmc.c ****   SDMMCx->DLEN = Data->DataLength;
 436:../../STM32Cube_FW_N6/Drivers/STM32N6xx_HAL_Driver/Src/stm32n6xx_ll_sdmmc.c **** 
 437:../../STM32Cube_FW_N6/Drivers/STM32N6xx_HAL_Driver/Src/stm32n6xx_ll_sdmmc.c ****   /* Set the SDMMC data configuration parameters */
 438:../../STM32Cube_FW_N6/Drivers/STM32N6xx_HAL_Driver/Src/stm32n6xx_ll_sdmmc.c ****   tmpreg |= (uint32_t)(Data->DataBlockSize | \
 439:../../STM32Cube_FW_N6/Drivers/STM32N6xx_HAL_Driver/Src/stm32n6xx_ll_sdmmc.c ****                        Data->TransferDir   | \
 440:../../STM32Cube_FW_N6/Drivers/STM32N6xx_HAL_Driver/Src/stm32n6xx_ll_sdmmc.c ****                        Data->TransferMode  | \
 441:../../STM32Cube_FW_N6/Drivers/STM32N6xx_HAL_Driver/Src/stm32n6xx_ll_sdmmc.c ****                        Data->DPSM);
 442:../../STM32Cube_FW_N6/Drivers/STM32N6xx_HAL_Driver/Src/stm32n6xx_ll_sdmmc.c **** 
 443:../../STM32Cube_FW_N6/Drivers/STM32N6xx_HAL_Driver/Src/stm32n6xx_ll_sdmmc.c ****   /* Write to SDMMC DCTRL */
 444:../../STM32Cube_FW_N6/Drivers/STM32N6xx_HAL_Driver/Src/stm32n6xx_ll_sdmmc.c ****   MODIFY_REG(SDMMCx->DCTRL, DCTRL_CLEAR_MASK, tmpreg);
 445:../../STM32Cube_FW_N6/Drivers/STM32N6xx_HAL_Driver/Src/stm32n6xx_ll_sdmmc.c **** 
 446:../../STM32Cube_FW_N6/Drivers/STM32N6xx_HAL_Driver/Src/stm32n6xx_ll_sdmmc.c ****   return HAL_OK;
 447:../../STM32Cube_FW_N6/Drivers/STM32N6xx_HAL_Driver/Src/stm32n6xx_ll_sdmmc.c **** 
 448:../../STM32Cube_FW_N6/Drivers/STM32N6xx_HAL_Driver/Src/stm32n6xx_ll_sdmmc.c **** }
 669              		.loc 1 448 1 view .LVU155
 670 0078 0020     		movs	r0, #0
 432:../../STM32Cube_FW_N6/Drivers/STM32N6xx_HAL_Driver/Src/stm32n6xx_ll_sdmmc.c **** 
 671              		.loc 1 432 18 view .LVU156
 672 007a 6B62     		str	r3, [r5, #36]
 435:../../STM32Cube_FW_N6/Drivers/STM32N6xx_HAL_Driver/Src/stm32n6xx_ll_sdmmc.c **** 
 673              		.loc 1 435 3 is_stmt 1 view .LVU157
 435:../../STM32Cube_FW_N6/Drivers/STM32N6xx_HAL_Driver/Src/stm32n6xx_ll_sdmmc.c **** 
 674              		.loc 1 435 22 is_stmt 0 view .LVU158
 675 007c 6368     		ldr	r3, [r4, #4]
 435:../../STM32Cube_FW_N6/Drivers/STM32N6xx_HAL_Driver/Src/stm32n6xx_ll_sdmmc.c **** 
ARM GAS  C:\Users\Antonio\AppData\Local\Temp\cc9FRrj5.s 			page 21


 676              		.loc 1 435 16 view .LVU159
 677 007e AB62     		str	r3, [r5, #40]
 438:../../STM32Cube_FW_N6/Drivers/STM32N6xx_HAL_Driver/Src/stm32n6xx_ll_sdmmc.c ****                        Data->TransferDir   | \
 678              		.loc 1 438 3 is_stmt 1 view .LVU160
 679              	.LVL51:
 444:../../STM32Cube_FW_N6/Drivers/STM32N6xx_HAL_Driver/Src/stm32n6xx_ll_sdmmc.c **** 
 680              		.loc 1 444 3 view .LVU161
 438:../../STM32Cube_FW_N6/Drivers/STM32N6xx_HAL_Driver/Src/stm32n6xx_ll_sdmmc.c ****                        Data->TransferDir   | \
 681              		.loc 1 438 44 is_stmt 0 view .LVU162
 682 0080 D4E90231 		ldrd	r3, r1, [r4, #8]
 683 0084 0B43     		orrs	r3, r3, r1
 439:../../STM32Cube_FW_N6/Drivers/STM32N6xx_HAL_Driver/Src/stm32n6xx_ll_sdmmc.c ****                        Data->TransferMode  | \
 684              		.loc 1 439 44 view .LVU163
 685 0086 2169     		ldr	r1, [r4, #16]
 444:../../STM32Cube_FW_N6/Drivers/STM32N6xx_HAL_Driver/Src/stm32n6xx_ll_sdmmc.c **** 
 686              		.loc 1 444 3 view .LVU164
 687 0088 EA6A     		ldr	r2, [r5, #44]
 439:../../STM32Cube_FW_N6/Drivers/STM32N6xx_HAL_Driver/Src/stm32n6xx_ll_sdmmc.c ****                        Data->TransferMode  | \
 688              		.loc 1 439 44 view .LVU165
 689 008a 0B43     		orrs	r3, r3, r1
 440:../../STM32Cube_FW_N6/Drivers/STM32N6xx_HAL_Driver/Src/stm32n6xx_ll_sdmmc.c ****                        Data->DPSM);
 690              		.loc 1 440 44 view .LVU166
 691 008c 6169     		ldr	r1, [r4, #20]
 444:../../STM32Cube_FW_N6/Drivers/STM32N6xx_HAL_Driver/Src/stm32n6xx_ll_sdmmc.c **** 
 692              		.loc 1 444 3 view .LVU167
 693 008e 22F0FF02 		bic	r2, r2, #255
 440:../../STM32Cube_FW_N6/Drivers/STM32N6xx_HAL_Driver/Src/stm32n6xx_ll_sdmmc.c ****                        Data->DPSM);
 694              		.loc 1 440 44 view .LVU168
 695 0092 0B43     		orrs	r3, r3, r1
 444:../../STM32Cube_FW_N6/Drivers/STM32N6xx_HAL_Driver/Src/stm32n6xx_ll_sdmmc.c **** 
 696              		.loc 1 444 3 view .LVU169
 697 0094 1343     		orrs	r3, r3, r2
 698 0096 EB62     		str	r3, [r5, #44]
 446:../../STM32Cube_FW_N6/Drivers/STM32N6xx_HAL_Driver/Src/stm32n6xx_ll_sdmmc.c **** 
 699              		.loc 1 446 3 is_stmt 1 view .LVU170
 700              		.loc 1 448 1 is_stmt 0 view .LVU171
 701 0098 38BD     		pop	{r3, r4, r5, pc}
 702              	.LVL52:
 703              	.L90:
 704              		.loc 1 448 1 view .LVU172
 705 009a 00BF     		.align	2
 706              	.L89:
 707 009c 00000000 		.word	.LC0
 708              		.cfi_endproc
 709              	.LFE847:
 711              		.section	.text.SDMMC_GetDataCounter,"ax",%progbits
 712              		.align	1
 713              		.global	SDMMC_GetDataCounter
 714              		.syntax unified
 715              		.thumb
 716              		.thumb_func
 718              	SDMMC_GetDataCounter:
 719              	.LVL53:
 720              	.LFB848:
 449:../../STM32Cube_FW_N6/Drivers/STM32N6xx_HAL_Driver/Src/stm32n6xx_ll_sdmmc.c **** 
 450:../../STM32Cube_FW_N6/Drivers/STM32N6xx_HAL_Driver/Src/stm32n6xx_ll_sdmmc.c **** /**
 451:../../STM32Cube_FW_N6/Drivers/STM32N6xx_HAL_Driver/Src/stm32n6xx_ll_sdmmc.c ****   * @brief  Returns number of remaining data bytes to be transferred.
ARM GAS  C:\Users\Antonio\AppData\Local\Temp\cc9FRrj5.s 			page 22


 452:../../STM32Cube_FW_N6/Drivers/STM32N6xx_HAL_Driver/Src/stm32n6xx_ll_sdmmc.c ****   * @param  SDMMCx: Pointer to SDMMC register base
 453:../../STM32Cube_FW_N6/Drivers/STM32N6xx_HAL_Driver/Src/stm32n6xx_ll_sdmmc.c ****   * @retval Number of remaining data bytes to be transferred
 454:../../STM32Cube_FW_N6/Drivers/STM32N6xx_HAL_Driver/Src/stm32n6xx_ll_sdmmc.c ****   */
 455:../../STM32Cube_FW_N6/Drivers/STM32N6xx_HAL_Driver/Src/stm32n6xx_ll_sdmmc.c **** uint32_t SDMMC_GetDataCounter(const SDMMC_TypeDef *SDMMCx)
 456:../../STM32Cube_FW_N6/Drivers/STM32N6xx_HAL_Driver/Src/stm32n6xx_ll_sdmmc.c **** {
 721              		.loc 1 456 1 is_stmt 1 view -0
 722              		.cfi_startproc
 723              		@ args = 0, pretend = 0, frame = 0
 724              		@ frame_needed = 0, uses_anonymous_args = 0
 725              		@ link register save eliminated.
 457:../../STM32Cube_FW_N6/Drivers/STM32N6xx_HAL_Driver/Src/stm32n6xx_ll_sdmmc.c ****   return (SDMMCx->DCOUNT);
 726              		.loc 1 457 3 view .LVU174
 727              		.loc 1 457 17 is_stmt 0 view .LVU175
 728 0000 006B     		ldr	r0, [r0, #48]
 729              	.LVL54:
 458:../../STM32Cube_FW_N6/Drivers/STM32N6xx_HAL_Driver/Src/stm32n6xx_ll_sdmmc.c **** }
 730              		.loc 1 458 1 view .LVU176
 731 0002 7047     		bx	lr
 732              		.cfi_endproc
 733              	.LFE848:
 735              		.section	.text.SDMMC_GetFIFOCount,"ax",%progbits
 736              		.align	1
 737              		.global	SDMMC_GetFIFOCount
 738              		.syntax unified
 739              		.thumb
 740              		.thumb_func
 742              	SDMMC_GetFIFOCount:
 743              	.LFB907:
 744              		.cfi_startproc
 459:../../STM32Cube_FW_N6/Drivers/STM32N6xx_HAL_Driver/Src/stm32n6xx_ll_sdmmc.c **** 
 460:../../STM32Cube_FW_N6/Drivers/STM32N6xx_HAL_Driver/Src/stm32n6xx_ll_sdmmc.c **** /**
 461:../../STM32Cube_FW_N6/Drivers/STM32N6xx_HAL_Driver/Src/stm32n6xx_ll_sdmmc.c ****   * @brief  Get the FIFO data
 462:../../STM32Cube_FW_N6/Drivers/STM32N6xx_HAL_Driver/Src/stm32n6xx_ll_sdmmc.c ****   * @param  SDMMCx: Pointer to SDMMC register base
 463:../../STM32Cube_FW_N6/Drivers/STM32N6xx_HAL_Driver/Src/stm32n6xx_ll_sdmmc.c ****   * @retval Data received
 464:../../STM32Cube_FW_N6/Drivers/STM32N6xx_HAL_Driver/Src/stm32n6xx_ll_sdmmc.c ****   */
 465:../../STM32Cube_FW_N6/Drivers/STM32N6xx_HAL_Driver/Src/stm32n6xx_ll_sdmmc.c **** uint32_t SDMMC_GetFIFOCount(const SDMMC_TypeDef *SDMMCx)
 745              		.loc 1 465 10 is_stmt 1 view -0
 746              		@ args = 0, pretend = 0, frame = 0
 747              		@ frame_needed = 0, uses_anonymous_args = 0
 748              		@ link register save eliminated.
 749 0000 D0F88000 		ldr	r0, [r0, #128]
 750 0004 7047     		bx	lr
 751              		.cfi_endproc
 752              	.LFE907:
 754              		.section	.text.SDMMC_SetSDMMCReadWaitMode,"ax",%progbits
 755              		.align	1
 756              		.global	SDMMC_SetSDMMCReadWaitMode
 757              		.syntax unified
 758              		.thumb
 759              		.thumb_func
 761              	SDMMC_SetSDMMCReadWaitMode:
 762              	.LVL55:
 763              	.LFB850:
 466:../../STM32Cube_FW_N6/Drivers/STM32N6xx_HAL_Driver/Src/stm32n6xx_ll_sdmmc.c **** {
 467:../../STM32Cube_FW_N6/Drivers/STM32N6xx_HAL_Driver/Src/stm32n6xx_ll_sdmmc.c ****   return (SDMMCx->FIFO);
 468:../../STM32Cube_FW_N6/Drivers/STM32N6xx_HAL_Driver/Src/stm32n6xx_ll_sdmmc.c **** }
 469:../../STM32Cube_FW_N6/Drivers/STM32N6xx_HAL_Driver/Src/stm32n6xx_ll_sdmmc.c **** 
ARM GAS  C:\Users\Antonio\AppData\Local\Temp\cc9FRrj5.s 			page 23


 470:../../STM32Cube_FW_N6/Drivers/STM32N6xx_HAL_Driver/Src/stm32n6xx_ll_sdmmc.c **** /**
 471:../../STM32Cube_FW_N6/Drivers/STM32N6xx_HAL_Driver/Src/stm32n6xx_ll_sdmmc.c ****   * @brief  Sets one of the two options of inserting read wait interval.
 472:../../STM32Cube_FW_N6/Drivers/STM32N6xx_HAL_Driver/Src/stm32n6xx_ll_sdmmc.c ****   * @param  SDMMCx: Pointer to SDMMC register base
 473:../../STM32Cube_FW_N6/Drivers/STM32N6xx_HAL_Driver/Src/stm32n6xx_ll_sdmmc.c ****   * @param  SDMMC_ReadWaitMode: SDMMC Read Wait operation mode.
 474:../../STM32Cube_FW_N6/Drivers/STM32N6xx_HAL_Driver/Src/stm32n6xx_ll_sdmmc.c ****   *          This parameter can be:
 475:../../STM32Cube_FW_N6/Drivers/STM32N6xx_HAL_Driver/Src/stm32n6xx_ll_sdmmc.c ****   *            @arg SDMMC_READ_WAIT_MODE_CLK: Read Wait control by stopping SDMMCCLK
 476:../../STM32Cube_FW_N6/Drivers/STM32N6xx_HAL_Driver/Src/stm32n6xx_ll_sdmmc.c ****   *            @arg SDMMC_READ_WAIT_MODE_DATA2: Read Wait control using SDMMC_DATA2
 477:../../STM32Cube_FW_N6/Drivers/STM32N6xx_HAL_Driver/Src/stm32n6xx_ll_sdmmc.c ****   * @retval None
 478:../../STM32Cube_FW_N6/Drivers/STM32N6xx_HAL_Driver/Src/stm32n6xx_ll_sdmmc.c ****   */
 479:../../STM32Cube_FW_N6/Drivers/STM32N6xx_HAL_Driver/Src/stm32n6xx_ll_sdmmc.c **** HAL_StatusTypeDef SDMMC_SetSDMMCReadWaitMode(SDMMC_TypeDef *SDMMCx, uint32_t SDMMC_ReadWaitMode)
 480:../../STM32Cube_FW_N6/Drivers/STM32N6xx_HAL_Driver/Src/stm32n6xx_ll_sdmmc.c **** {
 764              		.loc 1 480 1 view -0
 765              		.cfi_startproc
 766              		@ args = 0, pretend = 0, frame = 0
 767              		@ frame_needed = 0, uses_anonymous_args = 0
 481:../../STM32Cube_FW_N6/Drivers/STM32N6xx_HAL_Driver/Src/stm32n6xx_ll_sdmmc.c ****   /* Check the parameters */
 482:../../STM32Cube_FW_N6/Drivers/STM32N6xx_HAL_Driver/Src/stm32n6xx_ll_sdmmc.c ****   assert_param(IS_SDMMC_READWAIT_MODE(SDMMC_ReadWaitMode));
 768              		.loc 1 482 3 view .LVU179
 480:../../STM32Cube_FW_N6/Drivers/STM32N6xx_HAL_Driver/Src/stm32n6xx_ll_sdmmc.c ****   /* Check the parameters */
 769              		.loc 1 480 1 is_stmt 0 view .LVU180
 770 0000 38B5     		push	{r3, r4, r5, lr}
 771              		.cfi_def_cfa_offset 16
 772              		.cfi_offset 3, -16
 773              		.cfi_offset 4, -12
 774              		.cfi_offset 5, -8
 775              		.cfi_offset 14, -4
 776              		.loc 1 482 3 view .LVU181
 777 0002 31F48063 		bics	r3, r1, #1024
 480:../../STM32Cube_FW_N6/Drivers/STM32N6xx_HAL_Driver/Src/stm32n6xx_ll_sdmmc.c ****   /* Check the parameters */
 778              		.loc 1 480 1 view .LVU182
 779 0006 0446     		mov	r4, r0
 780 0008 0D46     		mov	r5, r1
 781              		.loc 1 482 3 view .LVU183
 782 000a 04D0     		beq	.L94
 783              		.loc 1 482 3 discriminator 2 view .LVU184
 784 000c 4FF4F171 		mov	r1, #482
 785              	.LVL56:
 786              		.loc 1 482 3 discriminator 2 view .LVU185
 787 0010 0448     		ldr	r0, .L98
 788              	.LVL57:
 789              		.loc 1 482 3 discriminator 2 view .LVU186
 790 0012 FFF7FEFF 		bl	assert_failed
 791              	.LVL58:
 792              	.L94:
 483:../../STM32Cube_FW_N6/Drivers/STM32N6xx_HAL_Driver/Src/stm32n6xx_ll_sdmmc.c **** 
 484:../../STM32Cube_FW_N6/Drivers/STM32N6xx_HAL_Driver/Src/stm32n6xx_ll_sdmmc.c ****   /* Set SDMMC read wait mode */
 485:../../STM32Cube_FW_N6/Drivers/STM32N6xx_HAL_Driver/Src/stm32n6xx_ll_sdmmc.c ****   MODIFY_REG(SDMMCx->DCTRL, SDMMC_DCTRL_RWMOD, SDMMC_ReadWaitMode);
 793              		.loc 1 485 3 is_stmt 1 view .LVU187
 794 0016 E36A     		ldr	r3, [r4, #44]
 486:../../STM32Cube_FW_N6/Drivers/STM32N6xx_HAL_Driver/Src/stm32n6xx_ll_sdmmc.c **** 
 487:../../STM32Cube_FW_N6/Drivers/STM32N6xx_HAL_Driver/Src/stm32n6xx_ll_sdmmc.c ****   return HAL_OK;
 488:../../STM32Cube_FW_N6/Drivers/STM32N6xx_HAL_Driver/Src/stm32n6xx_ll_sdmmc.c **** }
 795              		.loc 1 488 1 is_stmt 0 view .LVU188
 796 0018 0020     		movs	r0, #0
 485:../../STM32Cube_FW_N6/Drivers/STM32N6xx_HAL_Driver/Src/stm32n6xx_ll_sdmmc.c **** 
 797              		.loc 1 485 3 view .LVU189
 798 001a 23F48063 		bic	r3, r3, #1024
ARM GAS  C:\Users\Antonio\AppData\Local\Temp\cc9FRrj5.s 			page 24


 799 001e 2B43     		orrs	r3, r3, r5
 800 0020 E362     		str	r3, [r4, #44]
 487:../../STM32Cube_FW_N6/Drivers/STM32N6xx_HAL_Driver/Src/stm32n6xx_ll_sdmmc.c **** }
 801              		.loc 1 487 3 is_stmt 1 view .LVU190
 802              		.loc 1 488 1 is_stmt 0 view .LVU191
 803 0022 38BD     		pop	{r3, r4, r5, pc}
 804              	.LVL59:
 805              	.L99:
 806              		.loc 1 488 1 view .LVU192
 807              		.align	2
 808              	.L98:
 809 0024 00000000 		.word	.LC0
 810              		.cfi_endproc
 811              	.LFE850:
 813              		.section	.text.SDMMC_CmdGoIdleState,"ax",%progbits
 814              		.align	1
 815              		.global	SDMMC_CmdGoIdleState
 816              		.syntax unified
 817              		.thumb
 818              		.thumb_func
 820              	SDMMC_CmdGoIdleState:
 821              	.LVL60:
 822              	.LFB864:
 489:../../STM32Cube_FW_N6/Drivers/STM32N6xx_HAL_Driver/Src/stm32n6xx_ll_sdmmc.c **** 
 490:../../STM32Cube_FW_N6/Drivers/STM32N6xx_HAL_Driver/Src/stm32n6xx_ll_sdmmc.c **** /**
 491:../../STM32Cube_FW_N6/Drivers/STM32N6xx_HAL_Driver/Src/stm32n6xx_ll_sdmmc.c ****   * @}
 492:../../STM32Cube_FW_N6/Drivers/STM32N6xx_HAL_Driver/Src/stm32n6xx_ll_sdmmc.c ****   */
 493:../../STM32Cube_FW_N6/Drivers/STM32N6xx_HAL_Driver/Src/stm32n6xx_ll_sdmmc.c **** 
 494:../../STM32Cube_FW_N6/Drivers/STM32N6xx_HAL_Driver/Src/stm32n6xx_ll_sdmmc.c **** 
 495:../../STM32Cube_FW_N6/Drivers/STM32N6xx_HAL_Driver/Src/stm32n6xx_ll_sdmmc.c **** /** @defgroup HAL_SDMMC_LL_Group4 Command management functions
 496:../../STM32Cube_FW_N6/Drivers/STM32N6xx_HAL_Driver/Src/stm32n6xx_ll_sdmmc.c ****   *  @brief   Data transfers functions
 497:../../STM32Cube_FW_N6/Drivers/STM32N6xx_HAL_Driver/Src/stm32n6xx_ll_sdmmc.c ****   *
 498:../../STM32Cube_FW_N6/Drivers/STM32N6xx_HAL_Driver/Src/stm32n6xx_ll_sdmmc.c **** @verbatim
 499:../../STM32Cube_FW_N6/Drivers/STM32N6xx_HAL_Driver/Src/stm32n6xx_ll_sdmmc.c ****  ===============================================================================
 500:../../STM32Cube_FW_N6/Drivers/STM32N6xx_HAL_Driver/Src/stm32n6xx_ll_sdmmc.c ****                    ##### Commands management functions #####
 501:../../STM32Cube_FW_N6/Drivers/STM32N6xx_HAL_Driver/Src/stm32n6xx_ll_sdmmc.c ****  ===============================================================================
 502:../../STM32Cube_FW_N6/Drivers/STM32N6xx_HAL_Driver/Src/stm32n6xx_ll_sdmmc.c ****     [..]
 503:../../STM32Cube_FW_N6/Drivers/STM32N6xx_HAL_Driver/Src/stm32n6xx_ll_sdmmc.c ****     This subsection provides a set of functions allowing to manage the needed commands.
 504:../../STM32Cube_FW_N6/Drivers/STM32N6xx_HAL_Driver/Src/stm32n6xx_ll_sdmmc.c **** 
 505:../../STM32Cube_FW_N6/Drivers/STM32N6xx_HAL_Driver/Src/stm32n6xx_ll_sdmmc.c **** @endverbatim
 506:../../STM32Cube_FW_N6/Drivers/STM32N6xx_HAL_Driver/Src/stm32n6xx_ll_sdmmc.c ****   * @{
 507:../../STM32Cube_FW_N6/Drivers/STM32N6xx_HAL_Driver/Src/stm32n6xx_ll_sdmmc.c ****   */
 508:../../STM32Cube_FW_N6/Drivers/STM32N6xx_HAL_Driver/Src/stm32n6xx_ll_sdmmc.c **** 
 509:../../STM32Cube_FW_N6/Drivers/STM32N6xx_HAL_Driver/Src/stm32n6xx_ll_sdmmc.c **** /**
 510:../../STM32Cube_FW_N6/Drivers/STM32N6xx_HAL_Driver/Src/stm32n6xx_ll_sdmmc.c ****   * @brief  Send the Data Block Length command and check the response
 511:../../STM32Cube_FW_N6/Drivers/STM32N6xx_HAL_Driver/Src/stm32n6xx_ll_sdmmc.c ****   * @param  SDMMCx: Pointer to SDMMC register base
 512:../../STM32Cube_FW_N6/Drivers/STM32N6xx_HAL_Driver/Src/stm32n6xx_ll_sdmmc.c ****   * @retval HAL status
 513:../../STM32Cube_FW_N6/Drivers/STM32N6xx_HAL_Driver/Src/stm32n6xx_ll_sdmmc.c ****   */
 514:../../STM32Cube_FW_N6/Drivers/STM32N6xx_HAL_Driver/Src/stm32n6xx_ll_sdmmc.c **** uint32_t SDMMC_CmdBlockLength(SDMMC_TypeDef *SDMMCx, uint32_t BlockSize)
 515:../../STM32Cube_FW_N6/Drivers/STM32N6xx_HAL_Driver/Src/stm32n6xx_ll_sdmmc.c **** {
 516:../../STM32Cube_FW_N6/Drivers/STM32N6xx_HAL_Driver/Src/stm32n6xx_ll_sdmmc.c ****   SDMMC_CmdInitTypeDef  sdmmc_cmdinit;
 517:../../STM32Cube_FW_N6/Drivers/STM32N6xx_HAL_Driver/Src/stm32n6xx_ll_sdmmc.c ****   uint32_t errorstate;
 518:../../STM32Cube_FW_N6/Drivers/STM32N6xx_HAL_Driver/Src/stm32n6xx_ll_sdmmc.c **** 
 519:../../STM32Cube_FW_N6/Drivers/STM32N6xx_HAL_Driver/Src/stm32n6xx_ll_sdmmc.c ****   /* Set Block Size for Card */
 520:../../STM32Cube_FW_N6/Drivers/STM32N6xx_HAL_Driver/Src/stm32n6xx_ll_sdmmc.c ****   sdmmc_cmdinit.Argument         = (uint32_t)BlockSize;
 521:../../STM32Cube_FW_N6/Drivers/STM32N6xx_HAL_Driver/Src/stm32n6xx_ll_sdmmc.c ****   sdmmc_cmdinit.CmdIndex         = SDMMC_CMD_SET_BLOCKLEN;
 522:../../STM32Cube_FW_N6/Drivers/STM32N6xx_HAL_Driver/Src/stm32n6xx_ll_sdmmc.c ****   sdmmc_cmdinit.Response         = SDMMC_RESPONSE_SHORT;
ARM GAS  C:\Users\Antonio\AppData\Local\Temp\cc9FRrj5.s 			page 25


 523:../../STM32Cube_FW_N6/Drivers/STM32N6xx_HAL_Driver/Src/stm32n6xx_ll_sdmmc.c ****   sdmmc_cmdinit.WaitForInterrupt = SDMMC_WAIT_NO;
 524:../../STM32Cube_FW_N6/Drivers/STM32N6xx_HAL_Driver/Src/stm32n6xx_ll_sdmmc.c ****   sdmmc_cmdinit.CPSM             = SDMMC_CPSM_ENABLE;
 525:../../STM32Cube_FW_N6/Drivers/STM32N6xx_HAL_Driver/Src/stm32n6xx_ll_sdmmc.c ****   (void)SDMMC_SendCommand(SDMMCx, &sdmmc_cmdinit);
 526:../../STM32Cube_FW_N6/Drivers/STM32N6xx_HAL_Driver/Src/stm32n6xx_ll_sdmmc.c **** 
 527:../../STM32Cube_FW_N6/Drivers/STM32N6xx_HAL_Driver/Src/stm32n6xx_ll_sdmmc.c ****   /* Check for error conditions */
 528:../../STM32Cube_FW_N6/Drivers/STM32N6xx_HAL_Driver/Src/stm32n6xx_ll_sdmmc.c ****   errorstate = SDMMC_GetCmdResp1(SDMMCx, SDMMC_CMD_SET_BLOCKLEN, SDMMC_CMDTIMEOUT);
 529:../../STM32Cube_FW_N6/Drivers/STM32N6xx_HAL_Driver/Src/stm32n6xx_ll_sdmmc.c **** 
 530:../../STM32Cube_FW_N6/Drivers/STM32N6xx_HAL_Driver/Src/stm32n6xx_ll_sdmmc.c ****   return errorstate;
 531:../../STM32Cube_FW_N6/Drivers/STM32N6xx_HAL_Driver/Src/stm32n6xx_ll_sdmmc.c **** }
 532:../../STM32Cube_FW_N6/Drivers/STM32N6xx_HAL_Driver/Src/stm32n6xx_ll_sdmmc.c **** 
 533:../../STM32Cube_FW_N6/Drivers/STM32N6xx_HAL_Driver/Src/stm32n6xx_ll_sdmmc.c **** /**
 534:../../STM32Cube_FW_N6/Drivers/STM32N6xx_HAL_Driver/Src/stm32n6xx_ll_sdmmc.c ****   * @brief  Send the Data Block number command and check the response
 535:../../STM32Cube_FW_N6/Drivers/STM32N6xx_HAL_Driver/Src/stm32n6xx_ll_sdmmc.c ****   * @param  SDMMCx: Pointer to SDMMC register base
 536:../../STM32Cube_FW_N6/Drivers/STM32N6xx_HAL_Driver/Src/stm32n6xx_ll_sdmmc.c ****   * @retval HAL status
 537:../../STM32Cube_FW_N6/Drivers/STM32N6xx_HAL_Driver/Src/stm32n6xx_ll_sdmmc.c ****   */
 538:../../STM32Cube_FW_N6/Drivers/STM32N6xx_HAL_Driver/Src/stm32n6xx_ll_sdmmc.c **** uint32_t SDMMC_CmdBlockCount(SDMMC_TypeDef *SDMMCx, uint32_t BlockCount)
 539:../../STM32Cube_FW_N6/Drivers/STM32N6xx_HAL_Driver/Src/stm32n6xx_ll_sdmmc.c **** {
 540:../../STM32Cube_FW_N6/Drivers/STM32N6xx_HAL_Driver/Src/stm32n6xx_ll_sdmmc.c ****   SDMMC_CmdInitTypeDef  sdmmc_cmdinit;
 541:../../STM32Cube_FW_N6/Drivers/STM32N6xx_HAL_Driver/Src/stm32n6xx_ll_sdmmc.c ****   uint32_t errorstate;
 542:../../STM32Cube_FW_N6/Drivers/STM32N6xx_HAL_Driver/Src/stm32n6xx_ll_sdmmc.c **** 
 543:../../STM32Cube_FW_N6/Drivers/STM32N6xx_HAL_Driver/Src/stm32n6xx_ll_sdmmc.c ****   /* Set Block Size for Card */
 544:../../STM32Cube_FW_N6/Drivers/STM32N6xx_HAL_Driver/Src/stm32n6xx_ll_sdmmc.c ****   sdmmc_cmdinit.Argument         = (uint32_t)BlockCount;
 545:../../STM32Cube_FW_N6/Drivers/STM32N6xx_HAL_Driver/Src/stm32n6xx_ll_sdmmc.c ****   sdmmc_cmdinit.CmdIndex         = SDMMC_CMD_SET_BLOCK_COUNT;
 546:../../STM32Cube_FW_N6/Drivers/STM32N6xx_HAL_Driver/Src/stm32n6xx_ll_sdmmc.c ****   sdmmc_cmdinit.Response         = SDMMC_RESPONSE_SHORT;
 547:../../STM32Cube_FW_N6/Drivers/STM32N6xx_HAL_Driver/Src/stm32n6xx_ll_sdmmc.c ****   sdmmc_cmdinit.WaitForInterrupt = SDMMC_WAIT_NO;
 548:../../STM32Cube_FW_N6/Drivers/STM32N6xx_HAL_Driver/Src/stm32n6xx_ll_sdmmc.c ****   sdmmc_cmdinit.CPSM             = SDMMC_CPSM_ENABLE;
 549:../../STM32Cube_FW_N6/Drivers/STM32N6xx_HAL_Driver/Src/stm32n6xx_ll_sdmmc.c ****   (void)SDMMC_SendCommand(SDMMCx, &sdmmc_cmdinit);
 550:../../STM32Cube_FW_N6/Drivers/STM32N6xx_HAL_Driver/Src/stm32n6xx_ll_sdmmc.c **** 
 551:../../STM32Cube_FW_N6/Drivers/STM32N6xx_HAL_Driver/Src/stm32n6xx_ll_sdmmc.c ****   /* Check for error conditions */
 552:../../STM32Cube_FW_N6/Drivers/STM32N6xx_HAL_Driver/Src/stm32n6xx_ll_sdmmc.c ****   errorstate = SDMMC_GetCmdResp1(SDMMCx, SDMMC_CMD_SET_BLOCK_COUNT, SDMMC_CMDTIMEOUT);
 553:../../STM32Cube_FW_N6/Drivers/STM32N6xx_HAL_Driver/Src/stm32n6xx_ll_sdmmc.c **** 
 554:../../STM32Cube_FW_N6/Drivers/STM32N6xx_HAL_Driver/Src/stm32n6xx_ll_sdmmc.c ****   return errorstate;
 555:../../STM32Cube_FW_N6/Drivers/STM32N6xx_HAL_Driver/Src/stm32n6xx_ll_sdmmc.c **** }
 556:../../STM32Cube_FW_N6/Drivers/STM32N6xx_HAL_Driver/Src/stm32n6xx_ll_sdmmc.c **** 
 557:../../STM32Cube_FW_N6/Drivers/STM32N6xx_HAL_Driver/Src/stm32n6xx_ll_sdmmc.c **** /**
 558:../../STM32Cube_FW_N6/Drivers/STM32N6xx_HAL_Driver/Src/stm32n6xx_ll_sdmmc.c ****   * @brief  Send the Read Single Block command and check the response
 559:../../STM32Cube_FW_N6/Drivers/STM32N6xx_HAL_Driver/Src/stm32n6xx_ll_sdmmc.c ****   * @param  SDMMCx: Pointer to SDMMC register base
 560:../../STM32Cube_FW_N6/Drivers/STM32N6xx_HAL_Driver/Src/stm32n6xx_ll_sdmmc.c ****   * @retval HAL status
 561:../../STM32Cube_FW_N6/Drivers/STM32N6xx_HAL_Driver/Src/stm32n6xx_ll_sdmmc.c ****   */
 562:../../STM32Cube_FW_N6/Drivers/STM32N6xx_HAL_Driver/Src/stm32n6xx_ll_sdmmc.c **** uint32_t SDMMC_CmdReadSingleBlock(SDMMC_TypeDef *SDMMCx, uint32_t ReadAdd)
 563:../../STM32Cube_FW_N6/Drivers/STM32N6xx_HAL_Driver/Src/stm32n6xx_ll_sdmmc.c **** {
 564:../../STM32Cube_FW_N6/Drivers/STM32N6xx_HAL_Driver/Src/stm32n6xx_ll_sdmmc.c ****   SDMMC_CmdInitTypeDef  sdmmc_cmdinit;
 565:../../STM32Cube_FW_N6/Drivers/STM32N6xx_HAL_Driver/Src/stm32n6xx_ll_sdmmc.c ****   uint32_t errorstate;
 566:../../STM32Cube_FW_N6/Drivers/STM32N6xx_HAL_Driver/Src/stm32n6xx_ll_sdmmc.c **** 
 567:../../STM32Cube_FW_N6/Drivers/STM32N6xx_HAL_Driver/Src/stm32n6xx_ll_sdmmc.c ****   /* Set Block Size for Card */
 568:../../STM32Cube_FW_N6/Drivers/STM32N6xx_HAL_Driver/Src/stm32n6xx_ll_sdmmc.c ****   sdmmc_cmdinit.Argument         = (uint32_t)ReadAdd;
 569:../../STM32Cube_FW_N6/Drivers/STM32N6xx_HAL_Driver/Src/stm32n6xx_ll_sdmmc.c ****   sdmmc_cmdinit.CmdIndex         = SDMMC_CMD_READ_SINGLE_BLOCK;
 570:../../STM32Cube_FW_N6/Drivers/STM32N6xx_HAL_Driver/Src/stm32n6xx_ll_sdmmc.c ****   sdmmc_cmdinit.Response         = SDMMC_RESPONSE_SHORT;
 571:../../STM32Cube_FW_N6/Drivers/STM32N6xx_HAL_Driver/Src/stm32n6xx_ll_sdmmc.c ****   sdmmc_cmdinit.WaitForInterrupt = SDMMC_WAIT_NO;
 572:../../STM32Cube_FW_N6/Drivers/STM32N6xx_HAL_Driver/Src/stm32n6xx_ll_sdmmc.c ****   sdmmc_cmdinit.CPSM             = SDMMC_CPSM_ENABLE;
 573:../../STM32Cube_FW_N6/Drivers/STM32N6xx_HAL_Driver/Src/stm32n6xx_ll_sdmmc.c ****   (void)SDMMC_SendCommand(SDMMCx, &sdmmc_cmdinit);
 574:../../STM32Cube_FW_N6/Drivers/STM32N6xx_HAL_Driver/Src/stm32n6xx_ll_sdmmc.c **** 
 575:../../STM32Cube_FW_N6/Drivers/STM32N6xx_HAL_Driver/Src/stm32n6xx_ll_sdmmc.c ****   /* Check for error conditions */
 576:../../STM32Cube_FW_N6/Drivers/STM32N6xx_HAL_Driver/Src/stm32n6xx_ll_sdmmc.c ****   errorstate = SDMMC_GetCmdResp1(SDMMCx, SDMMC_CMD_READ_SINGLE_BLOCK, SDMMC_CMDTIMEOUT);
 577:../../STM32Cube_FW_N6/Drivers/STM32N6xx_HAL_Driver/Src/stm32n6xx_ll_sdmmc.c **** 
 578:../../STM32Cube_FW_N6/Drivers/STM32N6xx_HAL_Driver/Src/stm32n6xx_ll_sdmmc.c ****   return errorstate;
 579:../../STM32Cube_FW_N6/Drivers/STM32N6xx_HAL_Driver/Src/stm32n6xx_ll_sdmmc.c **** }
ARM GAS  C:\Users\Antonio\AppData\Local\Temp\cc9FRrj5.s 			page 26


 580:../../STM32Cube_FW_N6/Drivers/STM32N6xx_HAL_Driver/Src/stm32n6xx_ll_sdmmc.c **** 
 581:../../STM32Cube_FW_N6/Drivers/STM32N6xx_HAL_Driver/Src/stm32n6xx_ll_sdmmc.c **** /**
 582:../../STM32Cube_FW_N6/Drivers/STM32N6xx_HAL_Driver/Src/stm32n6xx_ll_sdmmc.c ****   * @brief  Send the Read Multi Block command and check the response
 583:../../STM32Cube_FW_N6/Drivers/STM32N6xx_HAL_Driver/Src/stm32n6xx_ll_sdmmc.c ****   * @param  SDMMCx: Pointer to SDMMC register base
 584:../../STM32Cube_FW_N6/Drivers/STM32N6xx_HAL_Driver/Src/stm32n6xx_ll_sdmmc.c ****   * @retval HAL status
 585:../../STM32Cube_FW_N6/Drivers/STM32N6xx_HAL_Driver/Src/stm32n6xx_ll_sdmmc.c ****   */
 586:../../STM32Cube_FW_N6/Drivers/STM32N6xx_HAL_Driver/Src/stm32n6xx_ll_sdmmc.c **** uint32_t SDMMC_CmdReadMultiBlock(SDMMC_TypeDef *SDMMCx, uint32_t ReadAdd)
 587:../../STM32Cube_FW_N6/Drivers/STM32N6xx_HAL_Driver/Src/stm32n6xx_ll_sdmmc.c **** {
 588:../../STM32Cube_FW_N6/Drivers/STM32N6xx_HAL_Driver/Src/stm32n6xx_ll_sdmmc.c ****   SDMMC_CmdInitTypeDef  sdmmc_cmdinit;
 589:../../STM32Cube_FW_N6/Drivers/STM32N6xx_HAL_Driver/Src/stm32n6xx_ll_sdmmc.c ****   uint32_t errorstate;
 590:../../STM32Cube_FW_N6/Drivers/STM32N6xx_HAL_Driver/Src/stm32n6xx_ll_sdmmc.c **** 
 591:../../STM32Cube_FW_N6/Drivers/STM32N6xx_HAL_Driver/Src/stm32n6xx_ll_sdmmc.c ****   /* Set Block Size for Card */
 592:../../STM32Cube_FW_N6/Drivers/STM32N6xx_HAL_Driver/Src/stm32n6xx_ll_sdmmc.c ****   sdmmc_cmdinit.Argument         = (uint32_t)ReadAdd;
 593:../../STM32Cube_FW_N6/Drivers/STM32N6xx_HAL_Driver/Src/stm32n6xx_ll_sdmmc.c ****   sdmmc_cmdinit.CmdIndex         = SDMMC_CMD_READ_MULT_BLOCK;
 594:../../STM32Cube_FW_N6/Drivers/STM32N6xx_HAL_Driver/Src/stm32n6xx_ll_sdmmc.c ****   sdmmc_cmdinit.Response         = SDMMC_RESPONSE_SHORT;
 595:../../STM32Cube_FW_N6/Drivers/STM32N6xx_HAL_Driver/Src/stm32n6xx_ll_sdmmc.c ****   sdmmc_cmdinit.WaitForInterrupt = SDMMC_WAIT_NO;
 596:../../STM32Cube_FW_N6/Drivers/STM32N6xx_HAL_Driver/Src/stm32n6xx_ll_sdmmc.c ****   sdmmc_cmdinit.CPSM             = SDMMC_CPSM_ENABLE;
 597:../../STM32Cube_FW_N6/Drivers/STM32N6xx_HAL_Driver/Src/stm32n6xx_ll_sdmmc.c ****   (void)SDMMC_SendCommand(SDMMCx, &sdmmc_cmdinit);
 598:../../STM32Cube_FW_N6/Drivers/STM32N6xx_HAL_Driver/Src/stm32n6xx_ll_sdmmc.c **** 
 599:../../STM32Cube_FW_N6/Drivers/STM32N6xx_HAL_Driver/Src/stm32n6xx_ll_sdmmc.c ****   /* Check for error conditions */
 600:../../STM32Cube_FW_N6/Drivers/STM32N6xx_HAL_Driver/Src/stm32n6xx_ll_sdmmc.c ****   errorstate = SDMMC_GetCmdResp1(SDMMCx, SDMMC_CMD_READ_MULT_BLOCK, SDMMC_CMDTIMEOUT);
 601:../../STM32Cube_FW_N6/Drivers/STM32N6xx_HAL_Driver/Src/stm32n6xx_ll_sdmmc.c **** 
 602:../../STM32Cube_FW_N6/Drivers/STM32N6xx_HAL_Driver/Src/stm32n6xx_ll_sdmmc.c ****   return errorstate;
 603:../../STM32Cube_FW_N6/Drivers/STM32N6xx_HAL_Driver/Src/stm32n6xx_ll_sdmmc.c **** }
 604:../../STM32Cube_FW_N6/Drivers/STM32N6xx_HAL_Driver/Src/stm32n6xx_ll_sdmmc.c **** 
 605:../../STM32Cube_FW_N6/Drivers/STM32N6xx_HAL_Driver/Src/stm32n6xx_ll_sdmmc.c **** /**
 606:../../STM32Cube_FW_N6/Drivers/STM32N6xx_HAL_Driver/Src/stm32n6xx_ll_sdmmc.c ****   * @brief  Send the Write Single Block command and check the response
 607:../../STM32Cube_FW_N6/Drivers/STM32N6xx_HAL_Driver/Src/stm32n6xx_ll_sdmmc.c ****   * @param  SDMMCx: Pointer to SDMMC register base
 608:../../STM32Cube_FW_N6/Drivers/STM32N6xx_HAL_Driver/Src/stm32n6xx_ll_sdmmc.c ****   * @retval HAL status
 609:../../STM32Cube_FW_N6/Drivers/STM32N6xx_HAL_Driver/Src/stm32n6xx_ll_sdmmc.c ****   */
 610:../../STM32Cube_FW_N6/Drivers/STM32N6xx_HAL_Driver/Src/stm32n6xx_ll_sdmmc.c **** uint32_t SDMMC_CmdWriteSingleBlock(SDMMC_TypeDef *SDMMCx, uint32_t WriteAdd)
 611:../../STM32Cube_FW_N6/Drivers/STM32N6xx_HAL_Driver/Src/stm32n6xx_ll_sdmmc.c **** {
 612:../../STM32Cube_FW_N6/Drivers/STM32N6xx_HAL_Driver/Src/stm32n6xx_ll_sdmmc.c ****   SDMMC_CmdInitTypeDef  sdmmc_cmdinit;
 613:../../STM32Cube_FW_N6/Drivers/STM32N6xx_HAL_Driver/Src/stm32n6xx_ll_sdmmc.c ****   uint32_t errorstate;
 614:../../STM32Cube_FW_N6/Drivers/STM32N6xx_HAL_Driver/Src/stm32n6xx_ll_sdmmc.c **** 
 615:../../STM32Cube_FW_N6/Drivers/STM32N6xx_HAL_Driver/Src/stm32n6xx_ll_sdmmc.c ****   /* Set Block Size for Card */
 616:../../STM32Cube_FW_N6/Drivers/STM32N6xx_HAL_Driver/Src/stm32n6xx_ll_sdmmc.c ****   sdmmc_cmdinit.Argument         = (uint32_t)WriteAdd;
 617:../../STM32Cube_FW_N6/Drivers/STM32N6xx_HAL_Driver/Src/stm32n6xx_ll_sdmmc.c ****   sdmmc_cmdinit.CmdIndex         = SDMMC_CMD_WRITE_SINGLE_BLOCK;
 618:../../STM32Cube_FW_N6/Drivers/STM32N6xx_HAL_Driver/Src/stm32n6xx_ll_sdmmc.c ****   sdmmc_cmdinit.Response         = SDMMC_RESPONSE_SHORT;
 619:../../STM32Cube_FW_N6/Drivers/STM32N6xx_HAL_Driver/Src/stm32n6xx_ll_sdmmc.c ****   sdmmc_cmdinit.WaitForInterrupt = SDMMC_WAIT_NO;
 620:../../STM32Cube_FW_N6/Drivers/STM32N6xx_HAL_Driver/Src/stm32n6xx_ll_sdmmc.c ****   sdmmc_cmdinit.CPSM             = SDMMC_CPSM_ENABLE;
 621:../../STM32Cube_FW_N6/Drivers/STM32N6xx_HAL_Driver/Src/stm32n6xx_ll_sdmmc.c ****   (void)SDMMC_SendCommand(SDMMCx, &sdmmc_cmdinit);
 622:../../STM32Cube_FW_N6/Drivers/STM32N6xx_HAL_Driver/Src/stm32n6xx_ll_sdmmc.c **** 
 623:../../STM32Cube_FW_N6/Drivers/STM32N6xx_HAL_Driver/Src/stm32n6xx_ll_sdmmc.c ****   /* Check for error conditions */
 624:../../STM32Cube_FW_N6/Drivers/STM32N6xx_HAL_Driver/Src/stm32n6xx_ll_sdmmc.c ****   errorstate = SDMMC_GetCmdResp1(SDMMCx, SDMMC_CMD_WRITE_SINGLE_BLOCK, SDMMC_CMDTIMEOUT);
 625:../../STM32Cube_FW_N6/Drivers/STM32N6xx_HAL_Driver/Src/stm32n6xx_ll_sdmmc.c **** 
 626:../../STM32Cube_FW_N6/Drivers/STM32N6xx_HAL_Driver/Src/stm32n6xx_ll_sdmmc.c ****   return errorstate;
 627:../../STM32Cube_FW_N6/Drivers/STM32N6xx_HAL_Driver/Src/stm32n6xx_ll_sdmmc.c **** }
 628:../../STM32Cube_FW_N6/Drivers/STM32N6xx_HAL_Driver/Src/stm32n6xx_ll_sdmmc.c **** 
 629:../../STM32Cube_FW_N6/Drivers/STM32N6xx_HAL_Driver/Src/stm32n6xx_ll_sdmmc.c **** /**
 630:../../STM32Cube_FW_N6/Drivers/STM32N6xx_HAL_Driver/Src/stm32n6xx_ll_sdmmc.c ****   * @brief  Send the Write Multi Block command and check the response
 631:../../STM32Cube_FW_N6/Drivers/STM32N6xx_HAL_Driver/Src/stm32n6xx_ll_sdmmc.c ****   * @param  SDMMCx: Pointer to SDMMC register base
 632:../../STM32Cube_FW_N6/Drivers/STM32N6xx_HAL_Driver/Src/stm32n6xx_ll_sdmmc.c ****   * @retval HAL status
 633:../../STM32Cube_FW_N6/Drivers/STM32N6xx_HAL_Driver/Src/stm32n6xx_ll_sdmmc.c ****   */
 634:../../STM32Cube_FW_N6/Drivers/STM32N6xx_HAL_Driver/Src/stm32n6xx_ll_sdmmc.c **** uint32_t SDMMC_CmdWriteMultiBlock(SDMMC_TypeDef *SDMMCx, uint32_t WriteAdd)
 635:../../STM32Cube_FW_N6/Drivers/STM32N6xx_HAL_Driver/Src/stm32n6xx_ll_sdmmc.c **** {
 636:../../STM32Cube_FW_N6/Drivers/STM32N6xx_HAL_Driver/Src/stm32n6xx_ll_sdmmc.c ****   SDMMC_CmdInitTypeDef  sdmmc_cmdinit;
ARM GAS  C:\Users\Antonio\AppData\Local\Temp\cc9FRrj5.s 			page 27


 637:../../STM32Cube_FW_N6/Drivers/STM32N6xx_HAL_Driver/Src/stm32n6xx_ll_sdmmc.c ****   uint32_t errorstate;
 638:../../STM32Cube_FW_N6/Drivers/STM32N6xx_HAL_Driver/Src/stm32n6xx_ll_sdmmc.c **** 
 639:../../STM32Cube_FW_N6/Drivers/STM32N6xx_HAL_Driver/Src/stm32n6xx_ll_sdmmc.c ****   /* Set Block Size for Card */
 640:../../STM32Cube_FW_N6/Drivers/STM32N6xx_HAL_Driver/Src/stm32n6xx_ll_sdmmc.c ****   sdmmc_cmdinit.Argument         = (uint32_t)WriteAdd;
 641:../../STM32Cube_FW_N6/Drivers/STM32N6xx_HAL_Driver/Src/stm32n6xx_ll_sdmmc.c ****   sdmmc_cmdinit.CmdIndex         = SDMMC_CMD_WRITE_MULT_BLOCK;
 642:../../STM32Cube_FW_N6/Drivers/STM32N6xx_HAL_Driver/Src/stm32n6xx_ll_sdmmc.c ****   sdmmc_cmdinit.Response         = SDMMC_RESPONSE_SHORT;
 643:../../STM32Cube_FW_N6/Drivers/STM32N6xx_HAL_Driver/Src/stm32n6xx_ll_sdmmc.c ****   sdmmc_cmdinit.WaitForInterrupt = SDMMC_WAIT_NO;
 644:../../STM32Cube_FW_N6/Drivers/STM32N6xx_HAL_Driver/Src/stm32n6xx_ll_sdmmc.c ****   sdmmc_cmdinit.CPSM             = SDMMC_CPSM_ENABLE;
 645:../../STM32Cube_FW_N6/Drivers/STM32N6xx_HAL_Driver/Src/stm32n6xx_ll_sdmmc.c ****   (void)SDMMC_SendCommand(SDMMCx, &sdmmc_cmdinit);
 646:../../STM32Cube_FW_N6/Drivers/STM32N6xx_HAL_Driver/Src/stm32n6xx_ll_sdmmc.c **** 
 647:../../STM32Cube_FW_N6/Drivers/STM32N6xx_HAL_Driver/Src/stm32n6xx_ll_sdmmc.c ****   /* Check for error conditions */
 648:../../STM32Cube_FW_N6/Drivers/STM32N6xx_HAL_Driver/Src/stm32n6xx_ll_sdmmc.c ****   errorstate = SDMMC_GetCmdResp1(SDMMCx, SDMMC_CMD_WRITE_MULT_BLOCK, SDMMC_CMDTIMEOUT);
 649:../../STM32Cube_FW_N6/Drivers/STM32N6xx_HAL_Driver/Src/stm32n6xx_ll_sdmmc.c **** 
 650:../../STM32Cube_FW_N6/Drivers/STM32N6xx_HAL_Driver/Src/stm32n6xx_ll_sdmmc.c ****   return errorstate;
 651:../../STM32Cube_FW_N6/Drivers/STM32N6xx_HAL_Driver/Src/stm32n6xx_ll_sdmmc.c **** }
 652:../../STM32Cube_FW_N6/Drivers/STM32N6xx_HAL_Driver/Src/stm32n6xx_ll_sdmmc.c **** 
 653:../../STM32Cube_FW_N6/Drivers/STM32N6xx_HAL_Driver/Src/stm32n6xx_ll_sdmmc.c **** /**
 654:../../STM32Cube_FW_N6/Drivers/STM32N6xx_HAL_Driver/Src/stm32n6xx_ll_sdmmc.c ****   * @brief  Send the Start Address Erase command for SD and check the response
 655:../../STM32Cube_FW_N6/Drivers/STM32N6xx_HAL_Driver/Src/stm32n6xx_ll_sdmmc.c ****   * @param  SDMMCx: Pointer to SDMMC register base
 656:../../STM32Cube_FW_N6/Drivers/STM32N6xx_HAL_Driver/Src/stm32n6xx_ll_sdmmc.c ****   * @retval HAL status
 657:../../STM32Cube_FW_N6/Drivers/STM32N6xx_HAL_Driver/Src/stm32n6xx_ll_sdmmc.c ****   */
 658:../../STM32Cube_FW_N6/Drivers/STM32N6xx_HAL_Driver/Src/stm32n6xx_ll_sdmmc.c **** uint32_t SDMMC_CmdSDEraseStartAdd(SDMMC_TypeDef *SDMMCx, uint32_t StartAdd)
 659:../../STM32Cube_FW_N6/Drivers/STM32N6xx_HAL_Driver/Src/stm32n6xx_ll_sdmmc.c **** {
 660:../../STM32Cube_FW_N6/Drivers/STM32N6xx_HAL_Driver/Src/stm32n6xx_ll_sdmmc.c ****   SDMMC_CmdInitTypeDef  sdmmc_cmdinit;
 661:../../STM32Cube_FW_N6/Drivers/STM32N6xx_HAL_Driver/Src/stm32n6xx_ll_sdmmc.c ****   uint32_t errorstate;
 662:../../STM32Cube_FW_N6/Drivers/STM32N6xx_HAL_Driver/Src/stm32n6xx_ll_sdmmc.c **** 
 663:../../STM32Cube_FW_N6/Drivers/STM32N6xx_HAL_Driver/Src/stm32n6xx_ll_sdmmc.c ****   /* Set Block Size for Card */
 664:../../STM32Cube_FW_N6/Drivers/STM32N6xx_HAL_Driver/Src/stm32n6xx_ll_sdmmc.c ****   sdmmc_cmdinit.Argument         = (uint32_t)StartAdd;
 665:../../STM32Cube_FW_N6/Drivers/STM32N6xx_HAL_Driver/Src/stm32n6xx_ll_sdmmc.c ****   sdmmc_cmdinit.CmdIndex         = SDMMC_CMD_SD_ERASE_GRP_START;
 666:../../STM32Cube_FW_N6/Drivers/STM32N6xx_HAL_Driver/Src/stm32n6xx_ll_sdmmc.c ****   sdmmc_cmdinit.Response         = SDMMC_RESPONSE_SHORT;
 667:../../STM32Cube_FW_N6/Drivers/STM32N6xx_HAL_Driver/Src/stm32n6xx_ll_sdmmc.c ****   sdmmc_cmdinit.WaitForInterrupt = SDMMC_WAIT_NO;
 668:../../STM32Cube_FW_N6/Drivers/STM32N6xx_HAL_Driver/Src/stm32n6xx_ll_sdmmc.c ****   sdmmc_cmdinit.CPSM             = SDMMC_CPSM_ENABLE;
 669:../../STM32Cube_FW_N6/Drivers/STM32N6xx_HAL_Driver/Src/stm32n6xx_ll_sdmmc.c ****   (void)SDMMC_SendCommand(SDMMCx, &sdmmc_cmdinit);
 670:../../STM32Cube_FW_N6/Drivers/STM32N6xx_HAL_Driver/Src/stm32n6xx_ll_sdmmc.c **** 
 671:../../STM32Cube_FW_N6/Drivers/STM32N6xx_HAL_Driver/Src/stm32n6xx_ll_sdmmc.c ****   /* Check for error conditions */
 672:../../STM32Cube_FW_N6/Drivers/STM32N6xx_HAL_Driver/Src/stm32n6xx_ll_sdmmc.c ****   errorstate = SDMMC_GetCmdResp1(SDMMCx, SDMMC_CMD_SD_ERASE_GRP_START, SDMMC_CMDTIMEOUT);
 673:../../STM32Cube_FW_N6/Drivers/STM32N6xx_HAL_Driver/Src/stm32n6xx_ll_sdmmc.c **** 
 674:../../STM32Cube_FW_N6/Drivers/STM32N6xx_HAL_Driver/Src/stm32n6xx_ll_sdmmc.c ****   return errorstate;
 675:../../STM32Cube_FW_N6/Drivers/STM32N6xx_HAL_Driver/Src/stm32n6xx_ll_sdmmc.c **** }
 676:../../STM32Cube_FW_N6/Drivers/STM32N6xx_HAL_Driver/Src/stm32n6xx_ll_sdmmc.c **** 
 677:../../STM32Cube_FW_N6/Drivers/STM32N6xx_HAL_Driver/Src/stm32n6xx_ll_sdmmc.c **** /**
 678:../../STM32Cube_FW_N6/Drivers/STM32N6xx_HAL_Driver/Src/stm32n6xx_ll_sdmmc.c ****   * @brief  Send the End Address Erase command for SD and check the response
 679:../../STM32Cube_FW_N6/Drivers/STM32N6xx_HAL_Driver/Src/stm32n6xx_ll_sdmmc.c ****   * @param  SDMMCx: Pointer to SDMMC register base
 680:../../STM32Cube_FW_N6/Drivers/STM32N6xx_HAL_Driver/Src/stm32n6xx_ll_sdmmc.c ****   * @retval HAL status
 681:../../STM32Cube_FW_N6/Drivers/STM32N6xx_HAL_Driver/Src/stm32n6xx_ll_sdmmc.c ****   */
 682:../../STM32Cube_FW_N6/Drivers/STM32N6xx_HAL_Driver/Src/stm32n6xx_ll_sdmmc.c **** uint32_t SDMMC_CmdSDEraseEndAdd(SDMMC_TypeDef *SDMMCx, uint32_t EndAdd)
 683:../../STM32Cube_FW_N6/Drivers/STM32N6xx_HAL_Driver/Src/stm32n6xx_ll_sdmmc.c **** {
 684:../../STM32Cube_FW_N6/Drivers/STM32N6xx_HAL_Driver/Src/stm32n6xx_ll_sdmmc.c ****   SDMMC_CmdInitTypeDef  sdmmc_cmdinit;
 685:../../STM32Cube_FW_N6/Drivers/STM32N6xx_HAL_Driver/Src/stm32n6xx_ll_sdmmc.c ****   uint32_t errorstate;
 686:../../STM32Cube_FW_N6/Drivers/STM32N6xx_HAL_Driver/Src/stm32n6xx_ll_sdmmc.c **** 
 687:../../STM32Cube_FW_N6/Drivers/STM32N6xx_HAL_Driver/Src/stm32n6xx_ll_sdmmc.c ****   /* Set Block Size for Card */
 688:../../STM32Cube_FW_N6/Drivers/STM32N6xx_HAL_Driver/Src/stm32n6xx_ll_sdmmc.c ****   sdmmc_cmdinit.Argument         = (uint32_t)EndAdd;
 689:../../STM32Cube_FW_N6/Drivers/STM32N6xx_HAL_Driver/Src/stm32n6xx_ll_sdmmc.c ****   sdmmc_cmdinit.CmdIndex         = SDMMC_CMD_SD_ERASE_GRP_END;
 690:../../STM32Cube_FW_N6/Drivers/STM32N6xx_HAL_Driver/Src/stm32n6xx_ll_sdmmc.c ****   sdmmc_cmdinit.Response         = SDMMC_RESPONSE_SHORT;
 691:../../STM32Cube_FW_N6/Drivers/STM32N6xx_HAL_Driver/Src/stm32n6xx_ll_sdmmc.c ****   sdmmc_cmdinit.WaitForInterrupt = SDMMC_WAIT_NO;
 692:../../STM32Cube_FW_N6/Drivers/STM32N6xx_HAL_Driver/Src/stm32n6xx_ll_sdmmc.c ****   sdmmc_cmdinit.CPSM             = SDMMC_CPSM_ENABLE;
 693:../../STM32Cube_FW_N6/Drivers/STM32N6xx_HAL_Driver/Src/stm32n6xx_ll_sdmmc.c ****   (void)SDMMC_SendCommand(SDMMCx, &sdmmc_cmdinit);
ARM GAS  C:\Users\Antonio\AppData\Local\Temp\cc9FRrj5.s 			page 28


 694:../../STM32Cube_FW_N6/Drivers/STM32N6xx_HAL_Driver/Src/stm32n6xx_ll_sdmmc.c **** 
 695:../../STM32Cube_FW_N6/Drivers/STM32N6xx_HAL_Driver/Src/stm32n6xx_ll_sdmmc.c ****   /* Check for error conditions */
 696:../../STM32Cube_FW_N6/Drivers/STM32N6xx_HAL_Driver/Src/stm32n6xx_ll_sdmmc.c ****   errorstate = SDMMC_GetCmdResp1(SDMMCx, SDMMC_CMD_SD_ERASE_GRP_END, SDMMC_CMDTIMEOUT);
 697:../../STM32Cube_FW_N6/Drivers/STM32N6xx_HAL_Driver/Src/stm32n6xx_ll_sdmmc.c **** 
 698:../../STM32Cube_FW_N6/Drivers/STM32N6xx_HAL_Driver/Src/stm32n6xx_ll_sdmmc.c ****   return errorstate;
 699:../../STM32Cube_FW_N6/Drivers/STM32N6xx_HAL_Driver/Src/stm32n6xx_ll_sdmmc.c **** }
 700:../../STM32Cube_FW_N6/Drivers/STM32N6xx_HAL_Driver/Src/stm32n6xx_ll_sdmmc.c **** 
 701:../../STM32Cube_FW_N6/Drivers/STM32N6xx_HAL_Driver/Src/stm32n6xx_ll_sdmmc.c **** /**
 702:../../STM32Cube_FW_N6/Drivers/STM32N6xx_HAL_Driver/Src/stm32n6xx_ll_sdmmc.c ****   * @brief  Send the Start Address Erase command and check the response
 703:../../STM32Cube_FW_N6/Drivers/STM32N6xx_HAL_Driver/Src/stm32n6xx_ll_sdmmc.c ****   * @param  SDMMCx: Pointer to SDMMC register base
 704:../../STM32Cube_FW_N6/Drivers/STM32N6xx_HAL_Driver/Src/stm32n6xx_ll_sdmmc.c ****   * @retval HAL status
 705:../../STM32Cube_FW_N6/Drivers/STM32N6xx_HAL_Driver/Src/stm32n6xx_ll_sdmmc.c ****   */
 706:../../STM32Cube_FW_N6/Drivers/STM32N6xx_HAL_Driver/Src/stm32n6xx_ll_sdmmc.c **** uint32_t SDMMC_CmdEraseStartAdd(SDMMC_TypeDef *SDMMCx, uint32_t StartAdd)
 707:../../STM32Cube_FW_N6/Drivers/STM32N6xx_HAL_Driver/Src/stm32n6xx_ll_sdmmc.c **** {
 708:../../STM32Cube_FW_N6/Drivers/STM32N6xx_HAL_Driver/Src/stm32n6xx_ll_sdmmc.c ****   SDMMC_CmdInitTypeDef  sdmmc_cmdinit;
 709:../../STM32Cube_FW_N6/Drivers/STM32N6xx_HAL_Driver/Src/stm32n6xx_ll_sdmmc.c ****   uint32_t errorstate;
 710:../../STM32Cube_FW_N6/Drivers/STM32N6xx_HAL_Driver/Src/stm32n6xx_ll_sdmmc.c **** 
 711:../../STM32Cube_FW_N6/Drivers/STM32N6xx_HAL_Driver/Src/stm32n6xx_ll_sdmmc.c ****   /* Set Block Size for Card */
 712:../../STM32Cube_FW_N6/Drivers/STM32N6xx_HAL_Driver/Src/stm32n6xx_ll_sdmmc.c ****   sdmmc_cmdinit.Argument         = (uint32_t)StartAdd;
 713:../../STM32Cube_FW_N6/Drivers/STM32N6xx_HAL_Driver/Src/stm32n6xx_ll_sdmmc.c ****   sdmmc_cmdinit.CmdIndex         = SDMMC_CMD_ERASE_GRP_START;
 714:../../STM32Cube_FW_N6/Drivers/STM32N6xx_HAL_Driver/Src/stm32n6xx_ll_sdmmc.c ****   sdmmc_cmdinit.Response         = SDMMC_RESPONSE_SHORT;
 715:../../STM32Cube_FW_N6/Drivers/STM32N6xx_HAL_Driver/Src/stm32n6xx_ll_sdmmc.c ****   sdmmc_cmdinit.WaitForInterrupt = SDMMC_WAIT_NO;
 716:../../STM32Cube_FW_N6/Drivers/STM32N6xx_HAL_Driver/Src/stm32n6xx_ll_sdmmc.c ****   sdmmc_cmdinit.CPSM             = SDMMC_CPSM_ENABLE;
 717:../../STM32Cube_FW_N6/Drivers/STM32N6xx_HAL_Driver/Src/stm32n6xx_ll_sdmmc.c ****   (void)SDMMC_SendCommand(SDMMCx, &sdmmc_cmdinit);
 718:../../STM32Cube_FW_N6/Drivers/STM32N6xx_HAL_Driver/Src/stm32n6xx_ll_sdmmc.c **** 
 719:../../STM32Cube_FW_N6/Drivers/STM32N6xx_HAL_Driver/Src/stm32n6xx_ll_sdmmc.c ****   /* Check for error conditions */
 720:../../STM32Cube_FW_N6/Drivers/STM32N6xx_HAL_Driver/Src/stm32n6xx_ll_sdmmc.c ****   errorstate = SDMMC_GetCmdResp1(SDMMCx, SDMMC_CMD_ERASE_GRP_START, SDMMC_CMDTIMEOUT);
 721:../../STM32Cube_FW_N6/Drivers/STM32N6xx_HAL_Driver/Src/stm32n6xx_ll_sdmmc.c **** 
 722:../../STM32Cube_FW_N6/Drivers/STM32N6xx_HAL_Driver/Src/stm32n6xx_ll_sdmmc.c ****   return errorstate;
 723:../../STM32Cube_FW_N6/Drivers/STM32N6xx_HAL_Driver/Src/stm32n6xx_ll_sdmmc.c **** }
 724:../../STM32Cube_FW_N6/Drivers/STM32N6xx_HAL_Driver/Src/stm32n6xx_ll_sdmmc.c **** 
 725:../../STM32Cube_FW_N6/Drivers/STM32N6xx_HAL_Driver/Src/stm32n6xx_ll_sdmmc.c **** /**
 726:../../STM32Cube_FW_N6/Drivers/STM32N6xx_HAL_Driver/Src/stm32n6xx_ll_sdmmc.c ****   * @brief  Send the End Address Erase command and check the response
 727:../../STM32Cube_FW_N6/Drivers/STM32N6xx_HAL_Driver/Src/stm32n6xx_ll_sdmmc.c ****   * @param  SDMMCx: Pointer to SDMMC register base
 728:../../STM32Cube_FW_N6/Drivers/STM32N6xx_HAL_Driver/Src/stm32n6xx_ll_sdmmc.c ****   * @retval HAL status
 729:../../STM32Cube_FW_N6/Drivers/STM32N6xx_HAL_Driver/Src/stm32n6xx_ll_sdmmc.c ****   */
 730:../../STM32Cube_FW_N6/Drivers/STM32N6xx_HAL_Driver/Src/stm32n6xx_ll_sdmmc.c **** uint32_t SDMMC_CmdEraseEndAdd(SDMMC_TypeDef *SDMMCx, uint32_t EndAdd)
 731:../../STM32Cube_FW_N6/Drivers/STM32N6xx_HAL_Driver/Src/stm32n6xx_ll_sdmmc.c **** {
 732:../../STM32Cube_FW_N6/Drivers/STM32N6xx_HAL_Driver/Src/stm32n6xx_ll_sdmmc.c ****   SDMMC_CmdInitTypeDef  sdmmc_cmdinit;
 733:../../STM32Cube_FW_N6/Drivers/STM32N6xx_HAL_Driver/Src/stm32n6xx_ll_sdmmc.c ****   uint32_t errorstate;
 734:../../STM32Cube_FW_N6/Drivers/STM32N6xx_HAL_Driver/Src/stm32n6xx_ll_sdmmc.c **** 
 735:../../STM32Cube_FW_N6/Drivers/STM32N6xx_HAL_Driver/Src/stm32n6xx_ll_sdmmc.c ****   /* Set Block Size for Card */
 736:../../STM32Cube_FW_N6/Drivers/STM32N6xx_HAL_Driver/Src/stm32n6xx_ll_sdmmc.c ****   sdmmc_cmdinit.Argument         = (uint32_t)EndAdd;
 737:../../STM32Cube_FW_N6/Drivers/STM32N6xx_HAL_Driver/Src/stm32n6xx_ll_sdmmc.c ****   sdmmc_cmdinit.CmdIndex         = SDMMC_CMD_ERASE_GRP_END;
 738:../../STM32Cube_FW_N6/Drivers/STM32N6xx_HAL_Driver/Src/stm32n6xx_ll_sdmmc.c ****   sdmmc_cmdinit.Response         = SDMMC_RESPONSE_SHORT;
 739:../../STM32Cube_FW_N6/Drivers/STM32N6xx_HAL_Driver/Src/stm32n6xx_ll_sdmmc.c ****   sdmmc_cmdinit.WaitForInterrupt = SDMMC_WAIT_NO;
 740:../../STM32Cube_FW_N6/Drivers/STM32N6xx_HAL_Driver/Src/stm32n6xx_ll_sdmmc.c ****   sdmmc_cmdinit.CPSM             = SDMMC_CPSM_ENABLE;
 741:../../STM32Cube_FW_N6/Drivers/STM32N6xx_HAL_Driver/Src/stm32n6xx_ll_sdmmc.c ****   (void)SDMMC_SendCommand(SDMMCx, &sdmmc_cmdinit);
 742:../../STM32Cube_FW_N6/Drivers/STM32N6xx_HAL_Driver/Src/stm32n6xx_ll_sdmmc.c **** 
 743:../../STM32Cube_FW_N6/Drivers/STM32N6xx_HAL_Driver/Src/stm32n6xx_ll_sdmmc.c ****   /* Check for error conditions */
 744:../../STM32Cube_FW_N6/Drivers/STM32N6xx_HAL_Driver/Src/stm32n6xx_ll_sdmmc.c ****   errorstate = SDMMC_GetCmdResp1(SDMMCx, SDMMC_CMD_ERASE_GRP_END, SDMMC_CMDTIMEOUT);
 745:../../STM32Cube_FW_N6/Drivers/STM32N6xx_HAL_Driver/Src/stm32n6xx_ll_sdmmc.c **** 
 746:../../STM32Cube_FW_N6/Drivers/STM32N6xx_HAL_Driver/Src/stm32n6xx_ll_sdmmc.c ****   return errorstate;
 747:../../STM32Cube_FW_N6/Drivers/STM32N6xx_HAL_Driver/Src/stm32n6xx_ll_sdmmc.c **** }
 748:../../STM32Cube_FW_N6/Drivers/STM32N6xx_HAL_Driver/Src/stm32n6xx_ll_sdmmc.c **** 
 749:../../STM32Cube_FW_N6/Drivers/STM32N6xx_HAL_Driver/Src/stm32n6xx_ll_sdmmc.c **** /**
 750:../../STM32Cube_FW_N6/Drivers/STM32N6xx_HAL_Driver/Src/stm32n6xx_ll_sdmmc.c ****   * @brief  Send the Erase command and check the response
ARM GAS  C:\Users\Antonio\AppData\Local\Temp\cc9FRrj5.s 			page 29


 751:../../STM32Cube_FW_N6/Drivers/STM32N6xx_HAL_Driver/Src/stm32n6xx_ll_sdmmc.c ****   * @param  SDMMCx Pointer to SDMMC register base
 752:../../STM32Cube_FW_N6/Drivers/STM32N6xx_HAL_Driver/Src/stm32n6xx_ll_sdmmc.c ****   * @param  EraseType Type of erase to be performed
 753:../../STM32Cube_FW_N6/Drivers/STM32N6xx_HAL_Driver/Src/stm32n6xx_ll_sdmmc.c ****   * @retval HAL status
 754:../../STM32Cube_FW_N6/Drivers/STM32N6xx_HAL_Driver/Src/stm32n6xx_ll_sdmmc.c ****   */
 755:../../STM32Cube_FW_N6/Drivers/STM32N6xx_HAL_Driver/Src/stm32n6xx_ll_sdmmc.c **** uint32_t SDMMC_CmdErase(SDMMC_TypeDef *SDMMCx, uint32_t EraseType)
 756:../../STM32Cube_FW_N6/Drivers/STM32N6xx_HAL_Driver/Src/stm32n6xx_ll_sdmmc.c **** {
 757:../../STM32Cube_FW_N6/Drivers/STM32N6xx_HAL_Driver/Src/stm32n6xx_ll_sdmmc.c ****   SDMMC_CmdInitTypeDef  sdmmc_cmdinit;
 758:../../STM32Cube_FW_N6/Drivers/STM32N6xx_HAL_Driver/Src/stm32n6xx_ll_sdmmc.c ****   uint32_t errorstate;
 759:../../STM32Cube_FW_N6/Drivers/STM32N6xx_HAL_Driver/Src/stm32n6xx_ll_sdmmc.c **** 
 760:../../STM32Cube_FW_N6/Drivers/STM32N6xx_HAL_Driver/Src/stm32n6xx_ll_sdmmc.c ****   /* Set Block Size for Card */
 761:../../STM32Cube_FW_N6/Drivers/STM32N6xx_HAL_Driver/Src/stm32n6xx_ll_sdmmc.c ****   sdmmc_cmdinit.Argument         = EraseType;
 762:../../STM32Cube_FW_N6/Drivers/STM32N6xx_HAL_Driver/Src/stm32n6xx_ll_sdmmc.c ****   sdmmc_cmdinit.CmdIndex         = SDMMC_CMD_ERASE;
 763:../../STM32Cube_FW_N6/Drivers/STM32N6xx_HAL_Driver/Src/stm32n6xx_ll_sdmmc.c ****   sdmmc_cmdinit.Response         = SDMMC_RESPONSE_SHORT;
 764:../../STM32Cube_FW_N6/Drivers/STM32N6xx_HAL_Driver/Src/stm32n6xx_ll_sdmmc.c ****   sdmmc_cmdinit.WaitForInterrupt = SDMMC_WAIT_NO;
 765:../../STM32Cube_FW_N6/Drivers/STM32N6xx_HAL_Driver/Src/stm32n6xx_ll_sdmmc.c ****   sdmmc_cmdinit.CPSM             = SDMMC_CPSM_ENABLE;
 766:../../STM32Cube_FW_N6/Drivers/STM32N6xx_HAL_Driver/Src/stm32n6xx_ll_sdmmc.c ****   (void)SDMMC_SendCommand(SDMMCx, &sdmmc_cmdinit);
 767:../../STM32Cube_FW_N6/Drivers/STM32N6xx_HAL_Driver/Src/stm32n6xx_ll_sdmmc.c **** 
 768:../../STM32Cube_FW_N6/Drivers/STM32N6xx_HAL_Driver/Src/stm32n6xx_ll_sdmmc.c ****   /* Check for error conditions */
 769:../../STM32Cube_FW_N6/Drivers/STM32N6xx_HAL_Driver/Src/stm32n6xx_ll_sdmmc.c ****   errorstate = SDMMC_GetCmdResp1(SDMMCx, SDMMC_CMD_ERASE, SDMMC_MAXERASETIMEOUT);
 770:../../STM32Cube_FW_N6/Drivers/STM32N6xx_HAL_Driver/Src/stm32n6xx_ll_sdmmc.c **** 
 771:../../STM32Cube_FW_N6/Drivers/STM32N6xx_HAL_Driver/Src/stm32n6xx_ll_sdmmc.c ****   return errorstate;
 772:../../STM32Cube_FW_N6/Drivers/STM32N6xx_HAL_Driver/Src/stm32n6xx_ll_sdmmc.c **** }
 773:../../STM32Cube_FW_N6/Drivers/STM32N6xx_HAL_Driver/Src/stm32n6xx_ll_sdmmc.c **** 
 774:../../STM32Cube_FW_N6/Drivers/STM32N6xx_HAL_Driver/Src/stm32n6xx_ll_sdmmc.c **** /**
 775:../../STM32Cube_FW_N6/Drivers/STM32N6xx_HAL_Driver/Src/stm32n6xx_ll_sdmmc.c ****   * @brief  Send the Stop Transfer command and check the response.
 776:../../STM32Cube_FW_N6/Drivers/STM32N6xx_HAL_Driver/Src/stm32n6xx_ll_sdmmc.c ****   * @param  SDMMCx: Pointer to SDMMC register base
 777:../../STM32Cube_FW_N6/Drivers/STM32N6xx_HAL_Driver/Src/stm32n6xx_ll_sdmmc.c ****   * @retval HAL status
 778:../../STM32Cube_FW_N6/Drivers/STM32N6xx_HAL_Driver/Src/stm32n6xx_ll_sdmmc.c ****   */
 779:../../STM32Cube_FW_N6/Drivers/STM32N6xx_HAL_Driver/Src/stm32n6xx_ll_sdmmc.c **** uint32_t SDMMC_CmdStopTransfer(SDMMC_TypeDef *SDMMCx)
 780:../../STM32Cube_FW_N6/Drivers/STM32N6xx_HAL_Driver/Src/stm32n6xx_ll_sdmmc.c **** {
 781:../../STM32Cube_FW_N6/Drivers/STM32N6xx_HAL_Driver/Src/stm32n6xx_ll_sdmmc.c ****   SDMMC_CmdInitTypeDef  sdmmc_cmdinit;
 782:../../STM32Cube_FW_N6/Drivers/STM32N6xx_HAL_Driver/Src/stm32n6xx_ll_sdmmc.c ****   uint32_t errorstate;
 783:../../STM32Cube_FW_N6/Drivers/STM32N6xx_HAL_Driver/Src/stm32n6xx_ll_sdmmc.c **** 
 784:../../STM32Cube_FW_N6/Drivers/STM32N6xx_HAL_Driver/Src/stm32n6xx_ll_sdmmc.c ****   /* Send CMD12 STOP_TRANSMISSION  */
 785:../../STM32Cube_FW_N6/Drivers/STM32N6xx_HAL_Driver/Src/stm32n6xx_ll_sdmmc.c ****   sdmmc_cmdinit.Argument         = 0U;
 786:../../STM32Cube_FW_N6/Drivers/STM32N6xx_HAL_Driver/Src/stm32n6xx_ll_sdmmc.c ****   sdmmc_cmdinit.CmdIndex         = SDMMC_CMD_STOP_TRANSMISSION;
 787:../../STM32Cube_FW_N6/Drivers/STM32N6xx_HAL_Driver/Src/stm32n6xx_ll_sdmmc.c ****   sdmmc_cmdinit.Response         = SDMMC_RESPONSE_SHORT;
 788:../../STM32Cube_FW_N6/Drivers/STM32N6xx_HAL_Driver/Src/stm32n6xx_ll_sdmmc.c ****   sdmmc_cmdinit.WaitForInterrupt = SDMMC_WAIT_NO;
 789:../../STM32Cube_FW_N6/Drivers/STM32N6xx_HAL_Driver/Src/stm32n6xx_ll_sdmmc.c ****   sdmmc_cmdinit.CPSM             = SDMMC_CPSM_ENABLE;
 790:../../STM32Cube_FW_N6/Drivers/STM32N6xx_HAL_Driver/Src/stm32n6xx_ll_sdmmc.c **** 
 791:../../STM32Cube_FW_N6/Drivers/STM32N6xx_HAL_Driver/Src/stm32n6xx_ll_sdmmc.c ****   __SDMMC_CMDSTOP_ENABLE(SDMMCx);
 792:../../STM32Cube_FW_N6/Drivers/STM32N6xx_HAL_Driver/Src/stm32n6xx_ll_sdmmc.c ****   __SDMMC_CMDTRANS_DISABLE(SDMMCx);
 793:../../STM32Cube_FW_N6/Drivers/STM32N6xx_HAL_Driver/Src/stm32n6xx_ll_sdmmc.c **** 
 794:../../STM32Cube_FW_N6/Drivers/STM32N6xx_HAL_Driver/Src/stm32n6xx_ll_sdmmc.c ****   (void)SDMMC_SendCommand(SDMMCx, &sdmmc_cmdinit);
 795:../../STM32Cube_FW_N6/Drivers/STM32N6xx_HAL_Driver/Src/stm32n6xx_ll_sdmmc.c **** 
 796:../../STM32Cube_FW_N6/Drivers/STM32N6xx_HAL_Driver/Src/stm32n6xx_ll_sdmmc.c ****   /* Check for error conditions */
 797:../../STM32Cube_FW_N6/Drivers/STM32N6xx_HAL_Driver/Src/stm32n6xx_ll_sdmmc.c ****   errorstate = SDMMC_GetCmdResp1(SDMMCx, SDMMC_CMD_STOP_TRANSMISSION, SDMMC_STOPTRANSFERTIMEOUT);
 798:../../STM32Cube_FW_N6/Drivers/STM32N6xx_HAL_Driver/Src/stm32n6xx_ll_sdmmc.c **** 
 799:../../STM32Cube_FW_N6/Drivers/STM32N6xx_HAL_Driver/Src/stm32n6xx_ll_sdmmc.c ****   __SDMMC_CMDSTOP_DISABLE(SDMMCx);
 800:../../STM32Cube_FW_N6/Drivers/STM32N6xx_HAL_Driver/Src/stm32n6xx_ll_sdmmc.c **** 
 801:../../STM32Cube_FW_N6/Drivers/STM32N6xx_HAL_Driver/Src/stm32n6xx_ll_sdmmc.c ****   /* Ignore Address Out Of Range Error, Not relevant at end of memory */
 802:../../STM32Cube_FW_N6/Drivers/STM32N6xx_HAL_Driver/Src/stm32n6xx_ll_sdmmc.c ****   if (errorstate == SDMMC_ERROR_ADDR_OUT_OF_RANGE)
 803:../../STM32Cube_FW_N6/Drivers/STM32N6xx_HAL_Driver/Src/stm32n6xx_ll_sdmmc.c ****   {
 804:../../STM32Cube_FW_N6/Drivers/STM32N6xx_HAL_Driver/Src/stm32n6xx_ll_sdmmc.c ****     errorstate = SDMMC_ERROR_NONE;
 805:../../STM32Cube_FW_N6/Drivers/STM32N6xx_HAL_Driver/Src/stm32n6xx_ll_sdmmc.c ****   }
 806:../../STM32Cube_FW_N6/Drivers/STM32N6xx_HAL_Driver/Src/stm32n6xx_ll_sdmmc.c **** 
 807:../../STM32Cube_FW_N6/Drivers/STM32N6xx_HAL_Driver/Src/stm32n6xx_ll_sdmmc.c ****   return errorstate;
ARM GAS  C:\Users\Antonio\AppData\Local\Temp\cc9FRrj5.s 			page 30


 808:../../STM32Cube_FW_N6/Drivers/STM32N6xx_HAL_Driver/Src/stm32n6xx_ll_sdmmc.c **** }
 809:../../STM32Cube_FW_N6/Drivers/STM32N6xx_HAL_Driver/Src/stm32n6xx_ll_sdmmc.c **** 
 810:../../STM32Cube_FW_N6/Drivers/STM32N6xx_HAL_Driver/Src/stm32n6xx_ll_sdmmc.c **** /**
 811:../../STM32Cube_FW_N6/Drivers/STM32N6xx_HAL_Driver/Src/stm32n6xx_ll_sdmmc.c ****   * @brief  Send the Select Deselect command and check the response.
 812:../../STM32Cube_FW_N6/Drivers/STM32N6xx_HAL_Driver/Src/stm32n6xx_ll_sdmmc.c ****   * @param  SDMMCx: Pointer to SDMMC register base
 813:../../STM32Cube_FW_N6/Drivers/STM32N6xx_HAL_Driver/Src/stm32n6xx_ll_sdmmc.c ****   * @param  addr: Address of the card to be selected
 814:../../STM32Cube_FW_N6/Drivers/STM32N6xx_HAL_Driver/Src/stm32n6xx_ll_sdmmc.c ****   * @retval HAL status
 815:../../STM32Cube_FW_N6/Drivers/STM32N6xx_HAL_Driver/Src/stm32n6xx_ll_sdmmc.c ****   */
 816:../../STM32Cube_FW_N6/Drivers/STM32N6xx_HAL_Driver/Src/stm32n6xx_ll_sdmmc.c **** uint32_t SDMMC_CmdSelDesel(SDMMC_TypeDef *SDMMCx, uint32_t Addr)
 817:../../STM32Cube_FW_N6/Drivers/STM32N6xx_HAL_Driver/Src/stm32n6xx_ll_sdmmc.c **** {
 818:../../STM32Cube_FW_N6/Drivers/STM32N6xx_HAL_Driver/Src/stm32n6xx_ll_sdmmc.c ****   SDMMC_CmdInitTypeDef  sdmmc_cmdinit;
 819:../../STM32Cube_FW_N6/Drivers/STM32N6xx_HAL_Driver/Src/stm32n6xx_ll_sdmmc.c ****   uint32_t errorstate;
 820:../../STM32Cube_FW_N6/Drivers/STM32N6xx_HAL_Driver/Src/stm32n6xx_ll_sdmmc.c **** 
 821:../../STM32Cube_FW_N6/Drivers/STM32N6xx_HAL_Driver/Src/stm32n6xx_ll_sdmmc.c ****   /* Send CMD7 SDMMC_SEL_DESEL_CARD */
 822:../../STM32Cube_FW_N6/Drivers/STM32N6xx_HAL_Driver/Src/stm32n6xx_ll_sdmmc.c ****   sdmmc_cmdinit.Argument         = (uint32_t)Addr;
 823:../../STM32Cube_FW_N6/Drivers/STM32N6xx_HAL_Driver/Src/stm32n6xx_ll_sdmmc.c ****   sdmmc_cmdinit.CmdIndex         = SDMMC_CMD_SEL_DESEL_CARD;
 824:../../STM32Cube_FW_N6/Drivers/STM32N6xx_HAL_Driver/Src/stm32n6xx_ll_sdmmc.c ****   sdmmc_cmdinit.Response         = SDMMC_RESPONSE_SHORT;
 825:../../STM32Cube_FW_N6/Drivers/STM32N6xx_HAL_Driver/Src/stm32n6xx_ll_sdmmc.c ****   sdmmc_cmdinit.WaitForInterrupt = SDMMC_WAIT_NO;
 826:../../STM32Cube_FW_N6/Drivers/STM32N6xx_HAL_Driver/Src/stm32n6xx_ll_sdmmc.c ****   sdmmc_cmdinit.CPSM             = SDMMC_CPSM_ENABLE;
 827:../../STM32Cube_FW_N6/Drivers/STM32N6xx_HAL_Driver/Src/stm32n6xx_ll_sdmmc.c ****   (void)SDMMC_SendCommand(SDMMCx, &sdmmc_cmdinit);
 828:../../STM32Cube_FW_N6/Drivers/STM32N6xx_HAL_Driver/Src/stm32n6xx_ll_sdmmc.c **** 
 829:../../STM32Cube_FW_N6/Drivers/STM32N6xx_HAL_Driver/Src/stm32n6xx_ll_sdmmc.c ****   /* Check for error conditions */
 830:../../STM32Cube_FW_N6/Drivers/STM32N6xx_HAL_Driver/Src/stm32n6xx_ll_sdmmc.c ****   errorstate = SDMMC_GetCmdResp1(SDMMCx, SDMMC_CMD_SEL_DESEL_CARD, SDMMC_CMDTIMEOUT);
 831:../../STM32Cube_FW_N6/Drivers/STM32N6xx_HAL_Driver/Src/stm32n6xx_ll_sdmmc.c **** 
 832:../../STM32Cube_FW_N6/Drivers/STM32N6xx_HAL_Driver/Src/stm32n6xx_ll_sdmmc.c ****   return errorstate;
 833:../../STM32Cube_FW_N6/Drivers/STM32N6xx_HAL_Driver/Src/stm32n6xx_ll_sdmmc.c **** }
 834:../../STM32Cube_FW_N6/Drivers/STM32N6xx_HAL_Driver/Src/stm32n6xx_ll_sdmmc.c **** 
 835:../../STM32Cube_FW_N6/Drivers/STM32N6xx_HAL_Driver/Src/stm32n6xx_ll_sdmmc.c **** /**
 836:../../STM32Cube_FW_N6/Drivers/STM32N6xx_HAL_Driver/Src/stm32n6xx_ll_sdmmc.c ****   * @brief  Send the Go Idle State command and check the response.
 837:../../STM32Cube_FW_N6/Drivers/STM32N6xx_HAL_Driver/Src/stm32n6xx_ll_sdmmc.c ****   * @param  SDMMCx: Pointer to SDMMC register base
 838:../../STM32Cube_FW_N6/Drivers/STM32N6xx_HAL_Driver/Src/stm32n6xx_ll_sdmmc.c ****   * @retval HAL status
 839:../../STM32Cube_FW_N6/Drivers/STM32N6xx_HAL_Driver/Src/stm32n6xx_ll_sdmmc.c ****   */
 840:../../STM32Cube_FW_N6/Drivers/STM32N6xx_HAL_Driver/Src/stm32n6xx_ll_sdmmc.c **** uint32_t SDMMC_CmdGoIdleState(SDMMC_TypeDef *SDMMCx)
 841:../../STM32Cube_FW_N6/Drivers/STM32N6xx_HAL_Driver/Src/stm32n6xx_ll_sdmmc.c **** {
 823              		.loc 1 841 1 is_stmt 1 view -0
 824              		.cfi_startproc
 825              		@ args = 0, pretend = 0, frame = 24
 826              		@ frame_needed = 0, uses_anonymous_args = 0
 842:../../STM32Cube_FW_N6/Drivers/STM32N6xx_HAL_Driver/Src/stm32n6xx_ll_sdmmc.c ****   SDMMC_CmdInitTypeDef  sdmmc_cmdinit;
 827              		.loc 1 842 3 view .LVU194
 843:../../STM32Cube_FW_N6/Drivers/STM32N6xx_HAL_Driver/Src/stm32n6xx_ll_sdmmc.c ****   uint32_t errorstate;
 828              		.loc 1 843 3 view .LVU195
 844:../../STM32Cube_FW_N6/Drivers/STM32N6xx_HAL_Driver/Src/stm32n6xx_ll_sdmmc.c **** 
 845:../../STM32Cube_FW_N6/Drivers/STM32N6xx_HAL_Driver/Src/stm32n6xx_ll_sdmmc.c ****   sdmmc_cmdinit.Argument         = 0U;
 829              		.loc 1 845 3 view .LVU196
 830              		.loc 1 845 34 is_stmt 0 view .LVU197
 831 0000 0023     		movs	r3, #0
 841:../../STM32Cube_FW_N6/Drivers/STM32N6xx_HAL_Driver/Src/stm32n6xx_ll_sdmmc.c ****   SDMMC_CmdInitTypeDef  sdmmc_cmdinit;
 832              		.loc 1 841 1 view .LVU198
 833 0002 10B5     		push	{r4, lr}
 834              		.cfi_def_cfa_offset 8
 835              		.cfi_offset 4, -8
 836              		.cfi_offset 14, -4
 837 0004 86B0     		sub	sp, sp, #24
 838              		.cfi_def_cfa_offset 32
 846:../../STM32Cube_FW_N6/Drivers/STM32N6xx_HAL_Driver/Src/stm32n6xx_ll_sdmmc.c ****   sdmmc_cmdinit.CmdIndex         = SDMMC_CMD_GO_IDLE_STATE;
 839              		.loc 1 846 34 view .LVU199
ARM GAS  C:\Users\Antonio\AppData\Local\Temp\cc9FRrj5.s 			page 31


 840 0006 CDE90133 		strd	r3, r3, [sp, #4]
 847:../../STM32Cube_FW_N6/Drivers/STM32N6xx_HAL_Driver/Src/stm32n6xx_ll_sdmmc.c ****   sdmmc_cmdinit.Response         = SDMMC_RESPONSE_NO;
 841              		.loc 1 847 3 is_stmt 1 view .LVU200
 848:../../STM32Cube_FW_N6/Drivers/STM32N6xx_HAL_Driver/Src/stm32n6xx_ll_sdmmc.c ****   sdmmc_cmdinit.WaitForInterrupt = SDMMC_WAIT_NO;
 842              		.loc 1 848 34 is_stmt 0 view .LVU201
 843 000a CDE90333 		strd	r3, r3, [sp, #12]
 849:../../STM32Cube_FW_N6/Drivers/STM32N6xx_HAL_Driver/Src/stm32n6xx_ll_sdmmc.c ****   sdmmc_cmdinit.CPSM             = SDMMC_CPSM_ENABLE;
 844              		.loc 1 849 3 is_stmt 1 view .LVU202
 845              		.loc 1 849 34 is_stmt 0 view .LVU203
 846 000e 4FF48053 		mov	r3, #4096
 850:../../STM32Cube_FW_N6/Drivers/STM32N6xx_HAL_Driver/Src/stm32n6xx_ll_sdmmc.c ****   (void)SDMMC_SendCommand(SDMMCx, &sdmmc_cmdinit);
 847              		.loc 1 850 9 view .LVU204
 848 0012 01A9     		add	r1, sp, #4
 849:../../STM32Cube_FW_N6/Drivers/STM32N6xx_HAL_Driver/Src/stm32n6xx_ll_sdmmc.c ****   sdmmc_cmdinit.CPSM             = SDMMC_CPSM_ENABLE;
 849              		.loc 1 849 34 view .LVU205
 850 0014 0593     		str	r3, [sp, #20]
 851              		.loc 1 850 3 is_stmt 1 view .LVU206
 841:../../STM32Cube_FW_N6/Drivers/STM32N6xx_HAL_Driver/Src/stm32n6xx_ll_sdmmc.c ****   SDMMC_CmdInitTypeDef  sdmmc_cmdinit;
 852              		.loc 1 841 1 is_stmt 0 view .LVU207
 853 0016 0446     		mov	r4, r0
 854              		.loc 1 850 9 view .LVU208
 855 0018 FFF7FEFF 		bl	SDMMC_SendCommand
 856              	.LVL61:
 851:../../STM32Cube_FW_N6/Drivers/STM32N6xx_HAL_Driver/Src/stm32n6xx_ll_sdmmc.c **** 
 852:../../STM32Cube_FW_N6/Drivers/STM32N6xx_HAL_Driver/Src/stm32n6xx_ll_sdmmc.c ****   /* Check for error conditions */
 853:../../STM32Cube_FW_N6/Drivers/STM32N6xx_HAL_Driver/Src/stm32n6xx_ll_sdmmc.c ****   errorstate = SDMMC_GetCmdError(SDMMCx);
 857              		.loc 1 853 3 is_stmt 1 view .LVU209
 858              	.LBB32:
 859              	.LBI32:
 854:../../STM32Cube_FW_N6/Drivers/STM32N6xx_HAL_Driver/Src/stm32n6xx_ll_sdmmc.c **** 
 855:../../STM32Cube_FW_N6/Drivers/STM32N6xx_HAL_Driver/Src/stm32n6xx_ll_sdmmc.c ****   return errorstate;
 856:../../STM32Cube_FW_N6/Drivers/STM32N6xx_HAL_Driver/Src/stm32n6xx_ll_sdmmc.c **** }
 857:../../STM32Cube_FW_N6/Drivers/STM32N6xx_HAL_Driver/Src/stm32n6xx_ll_sdmmc.c **** 
 858:../../STM32Cube_FW_N6/Drivers/STM32N6xx_HAL_Driver/Src/stm32n6xx_ll_sdmmc.c **** /**
 859:../../STM32Cube_FW_N6/Drivers/STM32N6xx_HAL_Driver/Src/stm32n6xx_ll_sdmmc.c ****   * @brief  Send the Operating Condition command and check the response.
 860:../../STM32Cube_FW_N6/Drivers/STM32N6xx_HAL_Driver/Src/stm32n6xx_ll_sdmmc.c ****   * @param  SDMMCx: Pointer to SDMMC register base
 861:../../STM32Cube_FW_N6/Drivers/STM32N6xx_HAL_Driver/Src/stm32n6xx_ll_sdmmc.c ****   * @retval HAL status
 862:../../STM32Cube_FW_N6/Drivers/STM32N6xx_HAL_Driver/Src/stm32n6xx_ll_sdmmc.c ****   */
 863:../../STM32Cube_FW_N6/Drivers/STM32N6xx_HAL_Driver/Src/stm32n6xx_ll_sdmmc.c **** uint32_t SDMMC_CmdOperCond(SDMMC_TypeDef *SDMMCx)
 864:../../STM32Cube_FW_N6/Drivers/STM32N6xx_HAL_Driver/Src/stm32n6xx_ll_sdmmc.c **** {
 865:../../STM32Cube_FW_N6/Drivers/STM32N6xx_HAL_Driver/Src/stm32n6xx_ll_sdmmc.c ****   SDMMC_CmdInitTypeDef  sdmmc_cmdinit;
 866:../../STM32Cube_FW_N6/Drivers/STM32N6xx_HAL_Driver/Src/stm32n6xx_ll_sdmmc.c ****   uint32_t errorstate;
 867:../../STM32Cube_FW_N6/Drivers/STM32N6xx_HAL_Driver/Src/stm32n6xx_ll_sdmmc.c **** 
 868:../../STM32Cube_FW_N6/Drivers/STM32N6xx_HAL_Driver/Src/stm32n6xx_ll_sdmmc.c ****   /* Send CMD8 to verify SD card interface operating condition */
 869:../../STM32Cube_FW_N6/Drivers/STM32N6xx_HAL_Driver/Src/stm32n6xx_ll_sdmmc.c ****   /* Argument: - [31:12]: Reserved (shall be set to '0')
 870:../../STM32Cube_FW_N6/Drivers/STM32N6xx_HAL_Driver/Src/stm32n6xx_ll_sdmmc.c ****   - [11:8]: Supply Voltage (VHS) 0x1 (Range: 2.7-3.6 V)
 871:../../STM32Cube_FW_N6/Drivers/STM32N6xx_HAL_Driver/Src/stm32n6xx_ll_sdmmc.c ****   - [7:0]: Check Pattern (recommended 0xAA) */
 872:../../STM32Cube_FW_N6/Drivers/STM32N6xx_HAL_Driver/Src/stm32n6xx_ll_sdmmc.c ****   /* CMD Response: R7 */
 873:../../STM32Cube_FW_N6/Drivers/STM32N6xx_HAL_Driver/Src/stm32n6xx_ll_sdmmc.c ****   sdmmc_cmdinit.Argument         = SDMMC_CHECK_PATTERN;
 874:../../STM32Cube_FW_N6/Drivers/STM32N6xx_HAL_Driver/Src/stm32n6xx_ll_sdmmc.c ****   sdmmc_cmdinit.CmdIndex         = SDMMC_CMD_HS_SEND_EXT_CSD;
 875:../../STM32Cube_FW_N6/Drivers/STM32N6xx_HAL_Driver/Src/stm32n6xx_ll_sdmmc.c ****   sdmmc_cmdinit.Response         = SDMMC_RESPONSE_SHORT;
 876:../../STM32Cube_FW_N6/Drivers/STM32N6xx_HAL_Driver/Src/stm32n6xx_ll_sdmmc.c ****   sdmmc_cmdinit.WaitForInterrupt = SDMMC_WAIT_NO;
 877:../../STM32Cube_FW_N6/Drivers/STM32N6xx_HAL_Driver/Src/stm32n6xx_ll_sdmmc.c ****   sdmmc_cmdinit.CPSM             = SDMMC_CPSM_ENABLE;
 878:../../STM32Cube_FW_N6/Drivers/STM32N6xx_HAL_Driver/Src/stm32n6xx_ll_sdmmc.c ****   (void)SDMMC_SendCommand(SDMMCx, &sdmmc_cmdinit);
 879:../../STM32Cube_FW_N6/Drivers/STM32N6xx_HAL_Driver/Src/stm32n6xx_ll_sdmmc.c **** 
 880:../../STM32Cube_FW_N6/Drivers/STM32N6xx_HAL_Driver/Src/stm32n6xx_ll_sdmmc.c ****   /* Check for error conditions */
 881:../../STM32Cube_FW_N6/Drivers/STM32N6xx_HAL_Driver/Src/stm32n6xx_ll_sdmmc.c ****   errorstate = SDMMC_GetCmdResp7(SDMMCx);
ARM GAS  C:\Users\Antonio\AppData\Local\Temp\cc9FRrj5.s 			page 32


 882:../../STM32Cube_FW_N6/Drivers/STM32N6xx_HAL_Driver/Src/stm32n6xx_ll_sdmmc.c **** 
 883:../../STM32Cube_FW_N6/Drivers/STM32N6xx_HAL_Driver/Src/stm32n6xx_ll_sdmmc.c ****   return errorstate;
 884:../../STM32Cube_FW_N6/Drivers/STM32N6xx_HAL_Driver/Src/stm32n6xx_ll_sdmmc.c **** }
 885:../../STM32Cube_FW_N6/Drivers/STM32N6xx_HAL_Driver/Src/stm32n6xx_ll_sdmmc.c **** 
 886:../../STM32Cube_FW_N6/Drivers/STM32N6xx_HAL_Driver/Src/stm32n6xx_ll_sdmmc.c **** /**
 887:../../STM32Cube_FW_N6/Drivers/STM32N6xx_HAL_Driver/Src/stm32n6xx_ll_sdmmc.c ****   * @brief  Send the Application command to verify that that the next command
 888:../../STM32Cube_FW_N6/Drivers/STM32N6xx_HAL_Driver/Src/stm32n6xx_ll_sdmmc.c ****   *         is an application specific com-mand rather than a standard command
 889:../../STM32Cube_FW_N6/Drivers/STM32N6xx_HAL_Driver/Src/stm32n6xx_ll_sdmmc.c ****   *         and check the response.
 890:../../STM32Cube_FW_N6/Drivers/STM32N6xx_HAL_Driver/Src/stm32n6xx_ll_sdmmc.c ****   * @param  SDMMCx: Pointer to SDMMC register base
 891:../../STM32Cube_FW_N6/Drivers/STM32N6xx_HAL_Driver/Src/stm32n6xx_ll_sdmmc.c ****   * @param  Argument: Command Argument
 892:../../STM32Cube_FW_N6/Drivers/STM32N6xx_HAL_Driver/Src/stm32n6xx_ll_sdmmc.c ****   * @retval HAL status
 893:../../STM32Cube_FW_N6/Drivers/STM32N6xx_HAL_Driver/Src/stm32n6xx_ll_sdmmc.c ****   */
 894:../../STM32Cube_FW_N6/Drivers/STM32N6xx_HAL_Driver/Src/stm32n6xx_ll_sdmmc.c **** uint32_t SDMMC_CmdAppCommand(SDMMC_TypeDef *SDMMCx, uint32_t Argument)
 895:../../STM32Cube_FW_N6/Drivers/STM32N6xx_HAL_Driver/Src/stm32n6xx_ll_sdmmc.c **** {
 896:../../STM32Cube_FW_N6/Drivers/STM32N6xx_HAL_Driver/Src/stm32n6xx_ll_sdmmc.c ****   SDMMC_CmdInitTypeDef  sdmmc_cmdinit;
 897:../../STM32Cube_FW_N6/Drivers/STM32N6xx_HAL_Driver/Src/stm32n6xx_ll_sdmmc.c ****   uint32_t errorstate;
 898:../../STM32Cube_FW_N6/Drivers/STM32N6xx_HAL_Driver/Src/stm32n6xx_ll_sdmmc.c **** 
 899:../../STM32Cube_FW_N6/Drivers/STM32N6xx_HAL_Driver/Src/stm32n6xx_ll_sdmmc.c ****   sdmmc_cmdinit.Argument         = (uint32_t)Argument;
 900:../../STM32Cube_FW_N6/Drivers/STM32N6xx_HAL_Driver/Src/stm32n6xx_ll_sdmmc.c ****   sdmmc_cmdinit.CmdIndex         = SDMMC_CMD_APP_CMD;
 901:../../STM32Cube_FW_N6/Drivers/STM32N6xx_HAL_Driver/Src/stm32n6xx_ll_sdmmc.c ****   sdmmc_cmdinit.Response         = SDMMC_RESPONSE_SHORT;
 902:../../STM32Cube_FW_N6/Drivers/STM32N6xx_HAL_Driver/Src/stm32n6xx_ll_sdmmc.c ****   sdmmc_cmdinit.WaitForInterrupt = SDMMC_WAIT_NO;
 903:../../STM32Cube_FW_N6/Drivers/STM32N6xx_HAL_Driver/Src/stm32n6xx_ll_sdmmc.c ****   sdmmc_cmdinit.CPSM             = SDMMC_CPSM_ENABLE;
 904:../../STM32Cube_FW_N6/Drivers/STM32N6xx_HAL_Driver/Src/stm32n6xx_ll_sdmmc.c ****   (void)SDMMC_SendCommand(SDMMCx, &sdmmc_cmdinit);
 905:../../STM32Cube_FW_N6/Drivers/STM32N6xx_HAL_Driver/Src/stm32n6xx_ll_sdmmc.c **** 
 906:../../STM32Cube_FW_N6/Drivers/STM32N6xx_HAL_Driver/Src/stm32n6xx_ll_sdmmc.c ****   /* Check for error conditions */
 907:../../STM32Cube_FW_N6/Drivers/STM32N6xx_HAL_Driver/Src/stm32n6xx_ll_sdmmc.c ****   /* If there is a HAL_ERROR, it is a MMC card, else
 908:../../STM32Cube_FW_N6/Drivers/STM32N6xx_HAL_Driver/Src/stm32n6xx_ll_sdmmc.c ****   it is a SD card: SD card 2.0 (voltage range mismatch)
 909:../../STM32Cube_FW_N6/Drivers/STM32N6xx_HAL_Driver/Src/stm32n6xx_ll_sdmmc.c ****      or SD card 1.x */
 910:../../STM32Cube_FW_N6/Drivers/STM32N6xx_HAL_Driver/Src/stm32n6xx_ll_sdmmc.c ****   errorstate = SDMMC_GetCmdResp1(SDMMCx, SDMMC_CMD_APP_CMD, SDMMC_CMDTIMEOUT);
 911:../../STM32Cube_FW_N6/Drivers/STM32N6xx_HAL_Driver/Src/stm32n6xx_ll_sdmmc.c **** 
 912:../../STM32Cube_FW_N6/Drivers/STM32N6xx_HAL_Driver/Src/stm32n6xx_ll_sdmmc.c ****   return errorstate;
 913:../../STM32Cube_FW_N6/Drivers/STM32N6xx_HAL_Driver/Src/stm32n6xx_ll_sdmmc.c **** }
 914:../../STM32Cube_FW_N6/Drivers/STM32N6xx_HAL_Driver/Src/stm32n6xx_ll_sdmmc.c **** 
 915:../../STM32Cube_FW_N6/Drivers/STM32N6xx_HAL_Driver/Src/stm32n6xx_ll_sdmmc.c **** /**
 916:../../STM32Cube_FW_N6/Drivers/STM32N6xx_HAL_Driver/Src/stm32n6xx_ll_sdmmc.c ****   * @brief  Send the command asking the accessed card to send its operating
 917:../../STM32Cube_FW_N6/Drivers/STM32N6xx_HAL_Driver/Src/stm32n6xx_ll_sdmmc.c ****   *         condition register (OCR)
 918:../../STM32Cube_FW_N6/Drivers/STM32N6xx_HAL_Driver/Src/stm32n6xx_ll_sdmmc.c ****   * @param  SDMMCx: Pointer to SDMMC register base
 919:../../STM32Cube_FW_N6/Drivers/STM32N6xx_HAL_Driver/Src/stm32n6xx_ll_sdmmc.c ****   * @param  Argument: Command Argument
 920:../../STM32Cube_FW_N6/Drivers/STM32N6xx_HAL_Driver/Src/stm32n6xx_ll_sdmmc.c ****   * @retval HAL status
 921:../../STM32Cube_FW_N6/Drivers/STM32N6xx_HAL_Driver/Src/stm32n6xx_ll_sdmmc.c ****   */
 922:../../STM32Cube_FW_N6/Drivers/STM32N6xx_HAL_Driver/Src/stm32n6xx_ll_sdmmc.c **** uint32_t SDMMC_CmdAppOperCommand(SDMMC_TypeDef *SDMMCx, uint32_t Argument)
 923:../../STM32Cube_FW_N6/Drivers/STM32N6xx_HAL_Driver/Src/stm32n6xx_ll_sdmmc.c **** {
 924:../../STM32Cube_FW_N6/Drivers/STM32N6xx_HAL_Driver/Src/stm32n6xx_ll_sdmmc.c ****   SDMMC_CmdInitTypeDef  sdmmc_cmdinit;
 925:../../STM32Cube_FW_N6/Drivers/STM32N6xx_HAL_Driver/Src/stm32n6xx_ll_sdmmc.c ****   uint32_t errorstate;
 926:../../STM32Cube_FW_N6/Drivers/STM32N6xx_HAL_Driver/Src/stm32n6xx_ll_sdmmc.c **** 
 927:../../STM32Cube_FW_N6/Drivers/STM32N6xx_HAL_Driver/Src/stm32n6xx_ll_sdmmc.c ****   sdmmc_cmdinit.Argument         = Argument;
 928:../../STM32Cube_FW_N6/Drivers/STM32N6xx_HAL_Driver/Src/stm32n6xx_ll_sdmmc.c ****   sdmmc_cmdinit.CmdIndex         = SDMMC_CMD_SD_APP_OP_COND;
 929:../../STM32Cube_FW_N6/Drivers/STM32N6xx_HAL_Driver/Src/stm32n6xx_ll_sdmmc.c ****   sdmmc_cmdinit.Response         = SDMMC_RESPONSE_SHORT;
 930:../../STM32Cube_FW_N6/Drivers/STM32N6xx_HAL_Driver/Src/stm32n6xx_ll_sdmmc.c ****   sdmmc_cmdinit.WaitForInterrupt = SDMMC_WAIT_NO;
 931:../../STM32Cube_FW_N6/Drivers/STM32N6xx_HAL_Driver/Src/stm32n6xx_ll_sdmmc.c ****   sdmmc_cmdinit.CPSM             = SDMMC_CPSM_ENABLE;
 932:../../STM32Cube_FW_N6/Drivers/STM32N6xx_HAL_Driver/Src/stm32n6xx_ll_sdmmc.c ****   (void)SDMMC_SendCommand(SDMMCx, &sdmmc_cmdinit);
 933:../../STM32Cube_FW_N6/Drivers/STM32N6xx_HAL_Driver/Src/stm32n6xx_ll_sdmmc.c **** 
 934:../../STM32Cube_FW_N6/Drivers/STM32N6xx_HAL_Driver/Src/stm32n6xx_ll_sdmmc.c ****   /* Check for error conditions */
 935:../../STM32Cube_FW_N6/Drivers/STM32N6xx_HAL_Driver/Src/stm32n6xx_ll_sdmmc.c ****   errorstate = SDMMC_GetCmdResp3(SDMMCx);
 936:../../STM32Cube_FW_N6/Drivers/STM32N6xx_HAL_Driver/Src/stm32n6xx_ll_sdmmc.c **** 
 937:../../STM32Cube_FW_N6/Drivers/STM32N6xx_HAL_Driver/Src/stm32n6xx_ll_sdmmc.c ****   return errorstate;
 938:../../STM32Cube_FW_N6/Drivers/STM32N6xx_HAL_Driver/Src/stm32n6xx_ll_sdmmc.c **** }
ARM GAS  C:\Users\Antonio\AppData\Local\Temp\cc9FRrj5.s 			page 33


 939:../../STM32Cube_FW_N6/Drivers/STM32N6xx_HAL_Driver/Src/stm32n6xx_ll_sdmmc.c **** 
 940:../../STM32Cube_FW_N6/Drivers/STM32N6xx_HAL_Driver/Src/stm32n6xx_ll_sdmmc.c **** /**
 941:../../STM32Cube_FW_N6/Drivers/STM32N6xx_HAL_Driver/Src/stm32n6xx_ll_sdmmc.c ****   * @brief  Send the Bus Width command and check the response.
 942:../../STM32Cube_FW_N6/Drivers/STM32N6xx_HAL_Driver/Src/stm32n6xx_ll_sdmmc.c ****   * @param  SDMMCx: Pointer to SDMMC register base
 943:../../STM32Cube_FW_N6/Drivers/STM32N6xx_HAL_Driver/Src/stm32n6xx_ll_sdmmc.c ****   * @param  BusWidth: BusWidth
 944:../../STM32Cube_FW_N6/Drivers/STM32N6xx_HAL_Driver/Src/stm32n6xx_ll_sdmmc.c ****   * @retval HAL status
 945:../../STM32Cube_FW_N6/Drivers/STM32N6xx_HAL_Driver/Src/stm32n6xx_ll_sdmmc.c ****   */
 946:../../STM32Cube_FW_N6/Drivers/STM32N6xx_HAL_Driver/Src/stm32n6xx_ll_sdmmc.c **** uint32_t SDMMC_CmdBusWidth(SDMMC_TypeDef *SDMMCx, uint32_t BusWidth)
 947:../../STM32Cube_FW_N6/Drivers/STM32N6xx_HAL_Driver/Src/stm32n6xx_ll_sdmmc.c **** {
 948:../../STM32Cube_FW_N6/Drivers/STM32N6xx_HAL_Driver/Src/stm32n6xx_ll_sdmmc.c ****   SDMMC_CmdInitTypeDef  sdmmc_cmdinit;
 949:../../STM32Cube_FW_N6/Drivers/STM32N6xx_HAL_Driver/Src/stm32n6xx_ll_sdmmc.c ****   uint32_t errorstate;
 950:../../STM32Cube_FW_N6/Drivers/STM32N6xx_HAL_Driver/Src/stm32n6xx_ll_sdmmc.c **** 
 951:../../STM32Cube_FW_N6/Drivers/STM32N6xx_HAL_Driver/Src/stm32n6xx_ll_sdmmc.c ****   sdmmc_cmdinit.Argument         = (uint32_t)BusWidth;
 952:../../STM32Cube_FW_N6/Drivers/STM32N6xx_HAL_Driver/Src/stm32n6xx_ll_sdmmc.c ****   sdmmc_cmdinit.CmdIndex         = SDMMC_CMD_APP_SD_SET_BUSWIDTH;
 953:../../STM32Cube_FW_N6/Drivers/STM32N6xx_HAL_Driver/Src/stm32n6xx_ll_sdmmc.c ****   sdmmc_cmdinit.Response         = SDMMC_RESPONSE_SHORT;
 954:../../STM32Cube_FW_N6/Drivers/STM32N6xx_HAL_Driver/Src/stm32n6xx_ll_sdmmc.c ****   sdmmc_cmdinit.WaitForInterrupt = SDMMC_WAIT_NO;
 955:../../STM32Cube_FW_N6/Drivers/STM32N6xx_HAL_Driver/Src/stm32n6xx_ll_sdmmc.c ****   sdmmc_cmdinit.CPSM             = SDMMC_CPSM_ENABLE;
 956:../../STM32Cube_FW_N6/Drivers/STM32N6xx_HAL_Driver/Src/stm32n6xx_ll_sdmmc.c ****   (void)SDMMC_SendCommand(SDMMCx, &sdmmc_cmdinit);
 957:../../STM32Cube_FW_N6/Drivers/STM32N6xx_HAL_Driver/Src/stm32n6xx_ll_sdmmc.c **** 
 958:../../STM32Cube_FW_N6/Drivers/STM32N6xx_HAL_Driver/Src/stm32n6xx_ll_sdmmc.c ****   /* Check for error conditions */
 959:../../STM32Cube_FW_N6/Drivers/STM32N6xx_HAL_Driver/Src/stm32n6xx_ll_sdmmc.c ****   errorstate = SDMMC_GetCmdResp1(SDMMCx, SDMMC_CMD_APP_SD_SET_BUSWIDTH, SDMMC_CMDTIMEOUT);
 960:../../STM32Cube_FW_N6/Drivers/STM32N6xx_HAL_Driver/Src/stm32n6xx_ll_sdmmc.c **** 
 961:../../STM32Cube_FW_N6/Drivers/STM32N6xx_HAL_Driver/Src/stm32n6xx_ll_sdmmc.c ****   return errorstate;
 962:../../STM32Cube_FW_N6/Drivers/STM32N6xx_HAL_Driver/Src/stm32n6xx_ll_sdmmc.c **** }
 963:../../STM32Cube_FW_N6/Drivers/STM32N6xx_HAL_Driver/Src/stm32n6xx_ll_sdmmc.c **** 
 964:../../STM32Cube_FW_N6/Drivers/STM32N6xx_HAL_Driver/Src/stm32n6xx_ll_sdmmc.c **** /**
 965:../../STM32Cube_FW_N6/Drivers/STM32N6xx_HAL_Driver/Src/stm32n6xx_ll_sdmmc.c ****   * @brief  Send the Send SCR command and check the response.
 966:../../STM32Cube_FW_N6/Drivers/STM32N6xx_HAL_Driver/Src/stm32n6xx_ll_sdmmc.c ****   * @param  SDMMCx: Pointer to SDMMC register base
 967:../../STM32Cube_FW_N6/Drivers/STM32N6xx_HAL_Driver/Src/stm32n6xx_ll_sdmmc.c ****   * @retval HAL status
 968:../../STM32Cube_FW_N6/Drivers/STM32N6xx_HAL_Driver/Src/stm32n6xx_ll_sdmmc.c ****   */
 969:../../STM32Cube_FW_N6/Drivers/STM32N6xx_HAL_Driver/Src/stm32n6xx_ll_sdmmc.c **** uint32_t SDMMC_CmdSendSCR(SDMMC_TypeDef *SDMMCx)
 970:../../STM32Cube_FW_N6/Drivers/STM32N6xx_HAL_Driver/Src/stm32n6xx_ll_sdmmc.c **** {
 971:../../STM32Cube_FW_N6/Drivers/STM32N6xx_HAL_Driver/Src/stm32n6xx_ll_sdmmc.c ****   SDMMC_CmdInitTypeDef  sdmmc_cmdinit;
 972:../../STM32Cube_FW_N6/Drivers/STM32N6xx_HAL_Driver/Src/stm32n6xx_ll_sdmmc.c ****   uint32_t errorstate;
 973:../../STM32Cube_FW_N6/Drivers/STM32N6xx_HAL_Driver/Src/stm32n6xx_ll_sdmmc.c **** 
 974:../../STM32Cube_FW_N6/Drivers/STM32N6xx_HAL_Driver/Src/stm32n6xx_ll_sdmmc.c ****   /* Send CMD51 SD_APP_SEND_SCR */
 975:../../STM32Cube_FW_N6/Drivers/STM32N6xx_HAL_Driver/Src/stm32n6xx_ll_sdmmc.c ****   sdmmc_cmdinit.Argument         = 0U;
 976:../../STM32Cube_FW_N6/Drivers/STM32N6xx_HAL_Driver/Src/stm32n6xx_ll_sdmmc.c ****   sdmmc_cmdinit.CmdIndex         = SDMMC_CMD_SD_APP_SEND_SCR;
 977:../../STM32Cube_FW_N6/Drivers/STM32N6xx_HAL_Driver/Src/stm32n6xx_ll_sdmmc.c ****   sdmmc_cmdinit.Response         = SDMMC_RESPONSE_SHORT;
 978:../../STM32Cube_FW_N6/Drivers/STM32N6xx_HAL_Driver/Src/stm32n6xx_ll_sdmmc.c ****   sdmmc_cmdinit.WaitForInterrupt = SDMMC_WAIT_NO;
 979:../../STM32Cube_FW_N6/Drivers/STM32N6xx_HAL_Driver/Src/stm32n6xx_ll_sdmmc.c ****   sdmmc_cmdinit.CPSM             = SDMMC_CPSM_ENABLE;
 980:../../STM32Cube_FW_N6/Drivers/STM32N6xx_HAL_Driver/Src/stm32n6xx_ll_sdmmc.c ****   (void)SDMMC_SendCommand(SDMMCx, &sdmmc_cmdinit);
 981:../../STM32Cube_FW_N6/Drivers/STM32N6xx_HAL_Driver/Src/stm32n6xx_ll_sdmmc.c **** 
 982:../../STM32Cube_FW_N6/Drivers/STM32N6xx_HAL_Driver/Src/stm32n6xx_ll_sdmmc.c ****   /* Check for error conditions */
 983:../../STM32Cube_FW_N6/Drivers/STM32N6xx_HAL_Driver/Src/stm32n6xx_ll_sdmmc.c ****   errorstate = SDMMC_GetCmdResp1(SDMMCx, SDMMC_CMD_SD_APP_SEND_SCR, SDMMC_CMDTIMEOUT);
 984:../../STM32Cube_FW_N6/Drivers/STM32N6xx_HAL_Driver/Src/stm32n6xx_ll_sdmmc.c **** 
 985:../../STM32Cube_FW_N6/Drivers/STM32N6xx_HAL_Driver/Src/stm32n6xx_ll_sdmmc.c ****   return errorstate;
 986:../../STM32Cube_FW_N6/Drivers/STM32N6xx_HAL_Driver/Src/stm32n6xx_ll_sdmmc.c **** }
 987:../../STM32Cube_FW_N6/Drivers/STM32N6xx_HAL_Driver/Src/stm32n6xx_ll_sdmmc.c **** 
 988:../../STM32Cube_FW_N6/Drivers/STM32N6xx_HAL_Driver/Src/stm32n6xx_ll_sdmmc.c **** /**
 989:../../STM32Cube_FW_N6/Drivers/STM32N6xx_HAL_Driver/Src/stm32n6xx_ll_sdmmc.c ****   * @brief  Send the Send CID command and check the response.
 990:../../STM32Cube_FW_N6/Drivers/STM32N6xx_HAL_Driver/Src/stm32n6xx_ll_sdmmc.c ****   * @param  SDMMCx: Pointer to SDMMC register base
 991:../../STM32Cube_FW_N6/Drivers/STM32N6xx_HAL_Driver/Src/stm32n6xx_ll_sdmmc.c ****   * @retval HAL status
 992:../../STM32Cube_FW_N6/Drivers/STM32N6xx_HAL_Driver/Src/stm32n6xx_ll_sdmmc.c ****   */
 993:../../STM32Cube_FW_N6/Drivers/STM32N6xx_HAL_Driver/Src/stm32n6xx_ll_sdmmc.c **** uint32_t SDMMC_CmdSendCID(SDMMC_TypeDef *SDMMCx)
 994:../../STM32Cube_FW_N6/Drivers/STM32N6xx_HAL_Driver/Src/stm32n6xx_ll_sdmmc.c **** {
 995:../../STM32Cube_FW_N6/Drivers/STM32N6xx_HAL_Driver/Src/stm32n6xx_ll_sdmmc.c ****   SDMMC_CmdInitTypeDef  sdmmc_cmdinit;
ARM GAS  C:\Users\Antonio\AppData\Local\Temp\cc9FRrj5.s 			page 34


 996:../../STM32Cube_FW_N6/Drivers/STM32N6xx_HAL_Driver/Src/stm32n6xx_ll_sdmmc.c ****   uint32_t errorstate;
 997:../../STM32Cube_FW_N6/Drivers/STM32N6xx_HAL_Driver/Src/stm32n6xx_ll_sdmmc.c **** 
 998:../../STM32Cube_FW_N6/Drivers/STM32N6xx_HAL_Driver/Src/stm32n6xx_ll_sdmmc.c ****   /* Send CMD2 ALL_SEND_CID */
 999:../../STM32Cube_FW_N6/Drivers/STM32N6xx_HAL_Driver/Src/stm32n6xx_ll_sdmmc.c ****   sdmmc_cmdinit.Argument         = 0U;
1000:../../STM32Cube_FW_N6/Drivers/STM32N6xx_HAL_Driver/Src/stm32n6xx_ll_sdmmc.c ****   sdmmc_cmdinit.CmdIndex         = SDMMC_CMD_ALL_SEND_CID;
1001:../../STM32Cube_FW_N6/Drivers/STM32N6xx_HAL_Driver/Src/stm32n6xx_ll_sdmmc.c ****   sdmmc_cmdinit.Response         = SDMMC_RESPONSE_LONG;
1002:../../STM32Cube_FW_N6/Drivers/STM32N6xx_HAL_Driver/Src/stm32n6xx_ll_sdmmc.c ****   sdmmc_cmdinit.WaitForInterrupt = SDMMC_WAIT_NO;
1003:../../STM32Cube_FW_N6/Drivers/STM32N6xx_HAL_Driver/Src/stm32n6xx_ll_sdmmc.c ****   sdmmc_cmdinit.CPSM             = SDMMC_CPSM_ENABLE;
1004:../../STM32Cube_FW_N6/Drivers/STM32N6xx_HAL_Driver/Src/stm32n6xx_ll_sdmmc.c ****   (void)SDMMC_SendCommand(SDMMCx, &sdmmc_cmdinit);
1005:../../STM32Cube_FW_N6/Drivers/STM32N6xx_HAL_Driver/Src/stm32n6xx_ll_sdmmc.c **** 
1006:../../STM32Cube_FW_N6/Drivers/STM32N6xx_HAL_Driver/Src/stm32n6xx_ll_sdmmc.c ****   /* Check for error conditions */
1007:../../STM32Cube_FW_N6/Drivers/STM32N6xx_HAL_Driver/Src/stm32n6xx_ll_sdmmc.c ****   errorstate = SDMMC_GetCmdResp2(SDMMCx);
1008:../../STM32Cube_FW_N6/Drivers/STM32N6xx_HAL_Driver/Src/stm32n6xx_ll_sdmmc.c **** 
1009:../../STM32Cube_FW_N6/Drivers/STM32N6xx_HAL_Driver/Src/stm32n6xx_ll_sdmmc.c ****   return errorstate;
1010:../../STM32Cube_FW_N6/Drivers/STM32N6xx_HAL_Driver/Src/stm32n6xx_ll_sdmmc.c **** }
1011:../../STM32Cube_FW_N6/Drivers/STM32N6xx_HAL_Driver/Src/stm32n6xx_ll_sdmmc.c **** 
1012:../../STM32Cube_FW_N6/Drivers/STM32N6xx_HAL_Driver/Src/stm32n6xx_ll_sdmmc.c **** /**
1013:../../STM32Cube_FW_N6/Drivers/STM32N6xx_HAL_Driver/Src/stm32n6xx_ll_sdmmc.c ****   * @brief  Send the Send CSD command and check the response.
1014:../../STM32Cube_FW_N6/Drivers/STM32N6xx_HAL_Driver/Src/stm32n6xx_ll_sdmmc.c ****   * @param  SDMMCx: Pointer to SDMMC register base
1015:../../STM32Cube_FW_N6/Drivers/STM32N6xx_HAL_Driver/Src/stm32n6xx_ll_sdmmc.c ****   * @param  Argument: Command Argument
1016:../../STM32Cube_FW_N6/Drivers/STM32N6xx_HAL_Driver/Src/stm32n6xx_ll_sdmmc.c ****   * @retval HAL status
1017:../../STM32Cube_FW_N6/Drivers/STM32N6xx_HAL_Driver/Src/stm32n6xx_ll_sdmmc.c ****   */
1018:../../STM32Cube_FW_N6/Drivers/STM32N6xx_HAL_Driver/Src/stm32n6xx_ll_sdmmc.c **** uint32_t SDMMC_CmdSendCSD(SDMMC_TypeDef *SDMMCx, uint32_t Argument)
1019:../../STM32Cube_FW_N6/Drivers/STM32N6xx_HAL_Driver/Src/stm32n6xx_ll_sdmmc.c **** {
1020:../../STM32Cube_FW_N6/Drivers/STM32N6xx_HAL_Driver/Src/stm32n6xx_ll_sdmmc.c ****   SDMMC_CmdInitTypeDef  sdmmc_cmdinit;
1021:../../STM32Cube_FW_N6/Drivers/STM32N6xx_HAL_Driver/Src/stm32n6xx_ll_sdmmc.c ****   uint32_t errorstate;
1022:../../STM32Cube_FW_N6/Drivers/STM32N6xx_HAL_Driver/Src/stm32n6xx_ll_sdmmc.c **** 
1023:../../STM32Cube_FW_N6/Drivers/STM32N6xx_HAL_Driver/Src/stm32n6xx_ll_sdmmc.c ****   /* Send CMD9 SEND_CSD */
1024:../../STM32Cube_FW_N6/Drivers/STM32N6xx_HAL_Driver/Src/stm32n6xx_ll_sdmmc.c ****   sdmmc_cmdinit.Argument         = Argument;
1025:../../STM32Cube_FW_N6/Drivers/STM32N6xx_HAL_Driver/Src/stm32n6xx_ll_sdmmc.c ****   sdmmc_cmdinit.CmdIndex         = SDMMC_CMD_SEND_CSD;
1026:../../STM32Cube_FW_N6/Drivers/STM32N6xx_HAL_Driver/Src/stm32n6xx_ll_sdmmc.c ****   sdmmc_cmdinit.Response         = SDMMC_RESPONSE_LONG;
1027:../../STM32Cube_FW_N6/Drivers/STM32N6xx_HAL_Driver/Src/stm32n6xx_ll_sdmmc.c ****   sdmmc_cmdinit.WaitForInterrupt = SDMMC_WAIT_NO;
1028:../../STM32Cube_FW_N6/Drivers/STM32N6xx_HAL_Driver/Src/stm32n6xx_ll_sdmmc.c ****   sdmmc_cmdinit.CPSM             = SDMMC_CPSM_ENABLE;
1029:../../STM32Cube_FW_N6/Drivers/STM32N6xx_HAL_Driver/Src/stm32n6xx_ll_sdmmc.c ****   (void)SDMMC_SendCommand(SDMMCx, &sdmmc_cmdinit);
1030:../../STM32Cube_FW_N6/Drivers/STM32N6xx_HAL_Driver/Src/stm32n6xx_ll_sdmmc.c **** 
1031:../../STM32Cube_FW_N6/Drivers/STM32N6xx_HAL_Driver/Src/stm32n6xx_ll_sdmmc.c ****   /* Check for error conditions */
1032:../../STM32Cube_FW_N6/Drivers/STM32N6xx_HAL_Driver/Src/stm32n6xx_ll_sdmmc.c ****   errorstate = SDMMC_GetCmdResp2(SDMMCx);
1033:../../STM32Cube_FW_N6/Drivers/STM32N6xx_HAL_Driver/Src/stm32n6xx_ll_sdmmc.c **** 
1034:../../STM32Cube_FW_N6/Drivers/STM32N6xx_HAL_Driver/Src/stm32n6xx_ll_sdmmc.c ****   return errorstate;
1035:../../STM32Cube_FW_N6/Drivers/STM32N6xx_HAL_Driver/Src/stm32n6xx_ll_sdmmc.c **** }
1036:../../STM32Cube_FW_N6/Drivers/STM32N6xx_HAL_Driver/Src/stm32n6xx_ll_sdmmc.c **** 
1037:../../STM32Cube_FW_N6/Drivers/STM32N6xx_HAL_Driver/Src/stm32n6xx_ll_sdmmc.c **** /**
1038:../../STM32Cube_FW_N6/Drivers/STM32N6xx_HAL_Driver/Src/stm32n6xx_ll_sdmmc.c ****   * @brief  Send the Send CSD command and check the response.
1039:../../STM32Cube_FW_N6/Drivers/STM32N6xx_HAL_Driver/Src/stm32n6xx_ll_sdmmc.c ****   * @param  SDMMCx: Pointer to SDMMC register base
1040:../../STM32Cube_FW_N6/Drivers/STM32N6xx_HAL_Driver/Src/stm32n6xx_ll_sdmmc.c ****   * @param  pRCA: Card RCA
1041:../../STM32Cube_FW_N6/Drivers/STM32N6xx_HAL_Driver/Src/stm32n6xx_ll_sdmmc.c ****   * @retval HAL status
1042:../../STM32Cube_FW_N6/Drivers/STM32N6xx_HAL_Driver/Src/stm32n6xx_ll_sdmmc.c ****   */
1043:../../STM32Cube_FW_N6/Drivers/STM32N6xx_HAL_Driver/Src/stm32n6xx_ll_sdmmc.c **** uint32_t SDMMC_CmdSetRelAdd(SDMMC_TypeDef *SDMMCx, uint16_t *pRCA)
1044:../../STM32Cube_FW_N6/Drivers/STM32N6xx_HAL_Driver/Src/stm32n6xx_ll_sdmmc.c **** {
1045:../../STM32Cube_FW_N6/Drivers/STM32N6xx_HAL_Driver/Src/stm32n6xx_ll_sdmmc.c ****   SDMMC_CmdInitTypeDef  sdmmc_cmdinit;
1046:../../STM32Cube_FW_N6/Drivers/STM32N6xx_HAL_Driver/Src/stm32n6xx_ll_sdmmc.c ****   uint32_t errorstate;
1047:../../STM32Cube_FW_N6/Drivers/STM32N6xx_HAL_Driver/Src/stm32n6xx_ll_sdmmc.c **** 
1048:../../STM32Cube_FW_N6/Drivers/STM32N6xx_HAL_Driver/Src/stm32n6xx_ll_sdmmc.c ****   /* Send CMD3 SD_CMD_SET_REL_ADDR */
1049:../../STM32Cube_FW_N6/Drivers/STM32N6xx_HAL_Driver/Src/stm32n6xx_ll_sdmmc.c ****   sdmmc_cmdinit.Argument         = 0U;
1050:../../STM32Cube_FW_N6/Drivers/STM32N6xx_HAL_Driver/Src/stm32n6xx_ll_sdmmc.c ****   sdmmc_cmdinit.CmdIndex         = SDMMC_CMD_SET_REL_ADDR;
1051:../../STM32Cube_FW_N6/Drivers/STM32N6xx_HAL_Driver/Src/stm32n6xx_ll_sdmmc.c ****   sdmmc_cmdinit.Response         = SDMMC_RESPONSE_SHORT;
1052:../../STM32Cube_FW_N6/Drivers/STM32N6xx_HAL_Driver/Src/stm32n6xx_ll_sdmmc.c ****   sdmmc_cmdinit.WaitForInterrupt = SDMMC_WAIT_NO;
ARM GAS  C:\Users\Antonio\AppData\Local\Temp\cc9FRrj5.s 			page 35


1053:../../STM32Cube_FW_N6/Drivers/STM32N6xx_HAL_Driver/Src/stm32n6xx_ll_sdmmc.c ****   sdmmc_cmdinit.CPSM             = SDMMC_CPSM_ENABLE;
1054:../../STM32Cube_FW_N6/Drivers/STM32N6xx_HAL_Driver/Src/stm32n6xx_ll_sdmmc.c ****   (void)SDMMC_SendCommand(SDMMCx, &sdmmc_cmdinit);
1055:../../STM32Cube_FW_N6/Drivers/STM32N6xx_HAL_Driver/Src/stm32n6xx_ll_sdmmc.c **** 
1056:../../STM32Cube_FW_N6/Drivers/STM32N6xx_HAL_Driver/Src/stm32n6xx_ll_sdmmc.c ****   /* Check for error conditions */
1057:../../STM32Cube_FW_N6/Drivers/STM32N6xx_HAL_Driver/Src/stm32n6xx_ll_sdmmc.c ****   errorstate = SDMMC_GetCmdResp6(SDMMCx, SDMMC_CMD_SET_REL_ADDR, pRCA);
1058:../../STM32Cube_FW_N6/Drivers/STM32N6xx_HAL_Driver/Src/stm32n6xx_ll_sdmmc.c **** 
1059:../../STM32Cube_FW_N6/Drivers/STM32N6xx_HAL_Driver/Src/stm32n6xx_ll_sdmmc.c ****   return errorstate;
1060:../../STM32Cube_FW_N6/Drivers/STM32N6xx_HAL_Driver/Src/stm32n6xx_ll_sdmmc.c **** }
1061:../../STM32Cube_FW_N6/Drivers/STM32N6xx_HAL_Driver/Src/stm32n6xx_ll_sdmmc.c **** 
1062:../../STM32Cube_FW_N6/Drivers/STM32N6xx_HAL_Driver/Src/stm32n6xx_ll_sdmmc.c **** /**
1063:../../STM32Cube_FW_N6/Drivers/STM32N6xx_HAL_Driver/Src/stm32n6xx_ll_sdmmc.c ****   * @brief  Send the Set Relative Address command to MMC card (not SD card).
1064:../../STM32Cube_FW_N6/Drivers/STM32N6xx_HAL_Driver/Src/stm32n6xx_ll_sdmmc.c ****   * @param  SDMMCx Pointer to SDMMC register base
1065:../../STM32Cube_FW_N6/Drivers/STM32N6xx_HAL_Driver/Src/stm32n6xx_ll_sdmmc.c ****   * @param  RCA Card RCA
1066:../../STM32Cube_FW_N6/Drivers/STM32N6xx_HAL_Driver/Src/stm32n6xx_ll_sdmmc.c ****   * @retval HAL status
1067:../../STM32Cube_FW_N6/Drivers/STM32N6xx_HAL_Driver/Src/stm32n6xx_ll_sdmmc.c ****   */
1068:../../STM32Cube_FW_N6/Drivers/STM32N6xx_HAL_Driver/Src/stm32n6xx_ll_sdmmc.c **** uint32_t SDMMC_CmdSetRelAddMmc(SDMMC_TypeDef *SDMMCx, uint16_t RCA)
1069:../../STM32Cube_FW_N6/Drivers/STM32N6xx_HAL_Driver/Src/stm32n6xx_ll_sdmmc.c **** {
1070:../../STM32Cube_FW_N6/Drivers/STM32N6xx_HAL_Driver/Src/stm32n6xx_ll_sdmmc.c ****   SDMMC_CmdInitTypeDef  sdmmc_cmdinit;
1071:../../STM32Cube_FW_N6/Drivers/STM32N6xx_HAL_Driver/Src/stm32n6xx_ll_sdmmc.c ****   uint32_t errorstate;
1072:../../STM32Cube_FW_N6/Drivers/STM32N6xx_HAL_Driver/Src/stm32n6xx_ll_sdmmc.c **** 
1073:../../STM32Cube_FW_N6/Drivers/STM32N6xx_HAL_Driver/Src/stm32n6xx_ll_sdmmc.c ****   /* Send CMD3 SD_CMD_SET_REL_ADDR */
1074:../../STM32Cube_FW_N6/Drivers/STM32N6xx_HAL_Driver/Src/stm32n6xx_ll_sdmmc.c ****   sdmmc_cmdinit.Argument         = ((uint32_t)RCA << 16U);
1075:../../STM32Cube_FW_N6/Drivers/STM32N6xx_HAL_Driver/Src/stm32n6xx_ll_sdmmc.c ****   sdmmc_cmdinit.CmdIndex         = SDMMC_CMD_SET_REL_ADDR;
1076:../../STM32Cube_FW_N6/Drivers/STM32N6xx_HAL_Driver/Src/stm32n6xx_ll_sdmmc.c ****   sdmmc_cmdinit.Response         = SDMMC_RESPONSE_SHORT;
1077:../../STM32Cube_FW_N6/Drivers/STM32N6xx_HAL_Driver/Src/stm32n6xx_ll_sdmmc.c ****   sdmmc_cmdinit.WaitForInterrupt = SDMMC_WAIT_NO;
1078:../../STM32Cube_FW_N6/Drivers/STM32N6xx_HAL_Driver/Src/stm32n6xx_ll_sdmmc.c ****   sdmmc_cmdinit.CPSM             = SDMMC_CPSM_ENABLE;
1079:../../STM32Cube_FW_N6/Drivers/STM32N6xx_HAL_Driver/Src/stm32n6xx_ll_sdmmc.c ****   (void)SDMMC_SendCommand(SDMMCx, &sdmmc_cmdinit);
1080:../../STM32Cube_FW_N6/Drivers/STM32N6xx_HAL_Driver/Src/stm32n6xx_ll_sdmmc.c **** 
1081:../../STM32Cube_FW_N6/Drivers/STM32N6xx_HAL_Driver/Src/stm32n6xx_ll_sdmmc.c ****   /* Check for error conditions */
1082:../../STM32Cube_FW_N6/Drivers/STM32N6xx_HAL_Driver/Src/stm32n6xx_ll_sdmmc.c ****   errorstate = SDMMC_GetCmdResp1(SDMMCx, SDMMC_CMD_SET_REL_ADDR, SDMMC_CMDTIMEOUT);
1083:../../STM32Cube_FW_N6/Drivers/STM32N6xx_HAL_Driver/Src/stm32n6xx_ll_sdmmc.c **** 
1084:../../STM32Cube_FW_N6/Drivers/STM32N6xx_HAL_Driver/Src/stm32n6xx_ll_sdmmc.c ****   return errorstate;
1085:../../STM32Cube_FW_N6/Drivers/STM32N6xx_HAL_Driver/Src/stm32n6xx_ll_sdmmc.c **** }
1086:../../STM32Cube_FW_N6/Drivers/STM32N6xx_HAL_Driver/Src/stm32n6xx_ll_sdmmc.c **** 
1087:../../STM32Cube_FW_N6/Drivers/STM32N6xx_HAL_Driver/Src/stm32n6xx_ll_sdmmc.c **** /**
1088:../../STM32Cube_FW_N6/Drivers/STM32N6xx_HAL_Driver/Src/stm32n6xx_ll_sdmmc.c ****   * @brief  Send the Sleep command to MMC card (not SD card).
1089:../../STM32Cube_FW_N6/Drivers/STM32N6xx_HAL_Driver/Src/stm32n6xx_ll_sdmmc.c ****   * @param  SDMMCx Pointer to SDMMC register base
1090:../../STM32Cube_FW_N6/Drivers/STM32N6xx_HAL_Driver/Src/stm32n6xx_ll_sdmmc.c ****   * @param  Argument Argument of the command (RCA and Sleep/Awake)
1091:../../STM32Cube_FW_N6/Drivers/STM32N6xx_HAL_Driver/Src/stm32n6xx_ll_sdmmc.c ****   * @retval HAL status
1092:../../STM32Cube_FW_N6/Drivers/STM32N6xx_HAL_Driver/Src/stm32n6xx_ll_sdmmc.c ****   */
1093:../../STM32Cube_FW_N6/Drivers/STM32N6xx_HAL_Driver/Src/stm32n6xx_ll_sdmmc.c **** uint32_t SDMMC_CmdSleepMmc(SDMMC_TypeDef *SDMMCx, uint32_t Argument)
1094:../../STM32Cube_FW_N6/Drivers/STM32N6xx_HAL_Driver/Src/stm32n6xx_ll_sdmmc.c **** {
1095:../../STM32Cube_FW_N6/Drivers/STM32N6xx_HAL_Driver/Src/stm32n6xx_ll_sdmmc.c ****   SDMMC_CmdInitTypeDef  sdmmc_cmdinit;
1096:../../STM32Cube_FW_N6/Drivers/STM32N6xx_HAL_Driver/Src/stm32n6xx_ll_sdmmc.c ****   uint32_t errorstate;
1097:../../STM32Cube_FW_N6/Drivers/STM32N6xx_HAL_Driver/Src/stm32n6xx_ll_sdmmc.c **** 
1098:../../STM32Cube_FW_N6/Drivers/STM32N6xx_HAL_Driver/Src/stm32n6xx_ll_sdmmc.c ****   /* Send CMD5 SDMMC_CMD_MMC_SLEEP_AWAKE */
1099:../../STM32Cube_FW_N6/Drivers/STM32N6xx_HAL_Driver/Src/stm32n6xx_ll_sdmmc.c ****   sdmmc_cmdinit.Argument         = Argument;
1100:../../STM32Cube_FW_N6/Drivers/STM32N6xx_HAL_Driver/Src/stm32n6xx_ll_sdmmc.c ****   sdmmc_cmdinit.CmdIndex         = SDMMC_CMD_MMC_SLEEP_AWAKE;
1101:../../STM32Cube_FW_N6/Drivers/STM32N6xx_HAL_Driver/Src/stm32n6xx_ll_sdmmc.c ****   sdmmc_cmdinit.Response         = SDMMC_RESPONSE_SHORT;
1102:../../STM32Cube_FW_N6/Drivers/STM32N6xx_HAL_Driver/Src/stm32n6xx_ll_sdmmc.c ****   sdmmc_cmdinit.WaitForInterrupt = SDMMC_WAIT_NO;
1103:../../STM32Cube_FW_N6/Drivers/STM32N6xx_HAL_Driver/Src/stm32n6xx_ll_sdmmc.c ****   sdmmc_cmdinit.CPSM             = SDMMC_CPSM_ENABLE;
1104:../../STM32Cube_FW_N6/Drivers/STM32N6xx_HAL_Driver/Src/stm32n6xx_ll_sdmmc.c ****   (void)SDMMC_SendCommand(SDMMCx, &sdmmc_cmdinit);
1105:../../STM32Cube_FW_N6/Drivers/STM32N6xx_HAL_Driver/Src/stm32n6xx_ll_sdmmc.c **** 
1106:../../STM32Cube_FW_N6/Drivers/STM32N6xx_HAL_Driver/Src/stm32n6xx_ll_sdmmc.c ****   /* Check for error conditions */
1107:../../STM32Cube_FW_N6/Drivers/STM32N6xx_HAL_Driver/Src/stm32n6xx_ll_sdmmc.c ****   errorstate = SDMMC_GetCmdResp1(SDMMCx, SDMMC_CMD_MMC_SLEEP_AWAKE, SDMMC_CMDTIMEOUT);
1108:../../STM32Cube_FW_N6/Drivers/STM32N6xx_HAL_Driver/Src/stm32n6xx_ll_sdmmc.c **** 
1109:../../STM32Cube_FW_N6/Drivers/STM32N6xx_HAL_Driver/Src/stm32n6xx_ll_sdmmc.c ****   return errorstate;
ARM GAS  C:\Users\Antonio\AppData\Local\Temp\cc9FRrj5.s 			page 36


1110:../../STM32Cube_FW_N6/Drivers/STM32N6xx_HAL_Driver/Src/stm32n6xx_ll_sdmmc.c **** }
1111:../../STM32Cube_FW_N6/Drivers/STM32N6xx_HAL_Driver/Src/stm32n6xx_ll_sdmmc.c **** 
1112:../../STM32Cube_FW_N6/Drivers/STM32N6xx_HAL_Driver/Src/stm32n6xx_ll_sdmmc.c **** /**
1113:../../STM32Cube_FW_N6/Drivers/STM32N6xx_HAL_Driver/Src/stm32n6xx_ll_sdmmc.c ****   * @brief  Send the Status command and check the response.
1114:../../STM32Cube_FW_N6/Drivers/STM32N6xx_HAL_Driver/Src/stm32n6xx_ll_sdmmc.c ****   * @param  SDMMCx: Pointer to SDMMC register base
1115:../../STM32Cube_FW_N6/Drivers/STM32N6xx_HAL_Driver/Src/stm32n6xx_ll_sdmmc.c ****   * @param  Argument: Command Argument
1116:../../STM32Cube_FW_N6/Drivers/STM32N6xx_HAL_Driver/Src/stm32n6xx_ll_sdmmc.c ****   * @retval HAL status
1117:../../STM32Cube_FW_N6/Drivers/STM32N6xx_HAL_Driver/Src/stm32n6xx_ll_sdmmc.c ****   */
1118:../../STM32Cube_FW_N6/Drivers/STM32N6xx_HAL_Driver/Src/stm32n6xx_ll_sdmmc.c **** uint32_t SDMMC_CmdSendStatus(SDMMC_TypeDef *SDMMCx, uint32_t Argument)
1119:../../STM32Cube_FW_N6/Drivers/STM32N6xx_HAL_Driver/Src/stm32n6xx_ll_sdmmc.c **** {
1120:../../STM32Cube_FW_N6/Drivers/STM32N6xx_HAL_Driver/Src/stm32n6xx_ll_sdmmc.c ****   SDMMC_CmdInitTypeDef  sdmmc_cmdinit;
1121:../../STM32Cube_FW_N6/Drivers/STM32N6xx_HAL_Driver/Src/stm32n6xx_ll_sdmmc.c ****   uint32_t errorstate;
1122:../../STM32Cube_FW_N6/Drivers/STM32N6xx_HAL_Driver/Src/stm32n6xx_ll_sdmmc.c **** 
1123:../../STM32Cube_FW_N6/Drivers/STM32N6xx_HAL_Driver/Src/stm32n6xx_ll_sdmmc.c ****   sdmmc_cmdinit.Argument         = Argument;
1124:../../STM32Cube_FW_N6/Drivers/STM32N6xx_HAL_Driver/Src/stm32n6xx_ll_sdmmc.c ****   sdmmc_cmdinit.CmdIndex         = SDMMC_CMD_SEND_STATUS;
1125:../../STM32Cube_FW_N6/Drivers/STM32N6xx_HAL_Driver/Src/stm32n6xx_ll_sdmmc.c ****   sdmmc_cmdinit.Response         = SDMMC_RESPONSE_SHORT;
1126:../../STM32Cube_FW_N6/Drivers/STM32N6xx_HAL_Driver/Src/stm32n6xx_ll_sdmmc.c ****   sdmmc_cmdinit.WaitForInterrupt = SDMMC_WAIT_NO;
1127:../../STM32Cube_FW_N6/Drivers/STM32N6xx_HAL_Driver/Src/stm32n6xx_ll_sdmmc.c ****   sdmmc_cmdinit.CPSM             = SDMMC_CPSM_ENABLE;
1128:../../STM32Cube_FW_N6/Drivers/STM32N6xx_HAL_Driver/Src/stm32n6xx_ll_sdmmc.c ****   (void)SDMMC_SendCommand(SDMMCx, &sdmmc_cmdinit);
1129:../../STM32Cube_FW_N6/Drivers/STM32N6xx_HAL_Driver/Src/stm32n6xx_ll_sdmmc.c **** 
1130:../../STM32Cube_FW_N6/Drivers/STM32N6xx_HAL_Driver/Src/stm32n6xx_ll_sdmmc.c ****   /* Check for error conditions */
1131:../../STM32Cube_FW_N6/Drivers/STM32N6xx_HAL_Driver/Src/stm32n6xx_ll_sdmmc.c ****   errorstate = SDMMC_GetCmdResp1(SDMMCx, SDMMC_CMD_SEND_STATUS, SDMMC_CMDTIMEOUT);
1132:../../STM32Cube_FW_N6/Drivers/STM32N6xx_HAL_Driver/Src/stm32n6xx_ll_sdmmc.c **** 
1133:../../STM32Cube_FW_N6/Drivers/STM32N6xx_HAL_Driver/Src/stm32n6xx_ll_sdmmc.c ****   return errorstate;
1134:../../STM32Cube_FW_N6/Drivers/STM32N6xx_HAL_Driver/Src/stm32n6xx_ll_sdmmc.c **** }
1135:../../STM32Cube_FW_N6/Drivers/STM32N6xx_HAL_Driver/Src/stm32n6xx_ll_sdmmc.c **** 
1136:../../STM32Cube_FW_N6/Drivers/STM32N6xx_HAL_Driver/Src/stm32n6xx_ll_sdmmc.c **** /**
1137:../../STM32Cube_FW_N6/Drivers/STM32N6xx_HAL_Driver/Src/stm32n6xx_ll_sdmmc.c ****   * @brief  Send the Status register command and check the response.
1138:../../STM32Cube_FW_N6/Drivers/STM32N6xx_HAL_Driver/Src/stm32n6xx_ll_sdmmc.c ****   * @param  SDMMCx: Pointer to SDMMC register base
1139:../../STM32Cube_FW_N6/Drivers/STM32N6xx_HAL_Driver/Src/stm32n6xx_ll_sdmmc.c ****   * @retval HAL status
1140:../../STM32Cube_FW_N6/Drivers/STM32N6xx_HAL_Driver/Src/stm32n6xx_ll_sdmmc.c ****   */
1141:../../STM32Cube_FW_N6/Drivers/STM32N6xx_HAL_Driver/Src/stm32n6xx_ll_sdmmc.c **** uint32_t SDMMC_CmdStatusRegister(SDMMC_TypeDef *SDMMCx)
1142:../../STM32Cube_FW_N6/Drivers/STM32N6xx_HAL_Driver/Src/stm32n6xx_ll_sdmmc.c **** {
1143:../../STM32Cube_FW_N6/Drivers/STM32N6xx_HAL_Driver/Src/stm32n6xx_ll_sdmmc.c ****   SDMMC_CmdInitTypeDef  sdmmc_cmdinit;
1144:../../STM32Cube_FW_N6/Drivers/STM32N6xx_HAL_Driver/Src/stm32n6xx_ll_sdmmc.c ****   uint32_t errorstate;
1145:../../STM32Cube_FW_N6/Drivers/STM32N6xx_HAL_Driver/Src/stm32n6xx_ll_sdmmc.c **** 
1146:../../STM32Cube_FW_N6/Drivers/STM32N6xx_HAL_Driver/Src/stm32n6xx_ll_sdmmc.c ****   sdmmc_cmdinit.Argument         = 0U;
1147:../../STM32Cube_FW_N6/Drivers/STM32N6xx_HAL_Driver/Src/stm32n6xx_ll_sdmmc.c ****   sdmmc_cmdinit.CmdIndex         = SDMMC_CMD_SD_APP_STATUS;
1148:../../STM32Cube_FW_N6/Drivers/STM32N6xx_HAL_Driver/Src/stm32n6xx_ll_sdmmc.c ****   sdmmc_cmdinit.Response         = SDMMC_RESPONSE_SHORT;
1149:../../STM32Cube_FW_N6/Drivers/STM32N6xx_HAL_Driver/Src/stm32n6xx_ll_sdmmc.c ****   sdmmc_cmdinit.WaitForInterrupt = SDMMC_WAIT_NO;
1150:../../STM32Cube_FW_N6/Drivers/STM32N6xx_HAL_Driver/Src/stm32n6xx_ll_sdmmc.c ****   sdmmc_cmdinit.CPSM             = SDMMC_CPSM_ENABLE;
1151:../../STM32Cube_FW_N6/Drivers/STM32N6xx_HAL_Driver/Src/stm32n6xx_ll_sdmmc.c ****   (void)SDMMC_SendCommand(SDMMCx, &sdmmc_cmdinit);
1152:../../STM32Cube_FW_N6/Drivers/STM32N6xx_HAL_Driver/Src/stm32n6xx_ll_sdmmc.c **** 
1153:../../STM32Cube_FW_N6/Drivers/STM32N6xx_HAL_Driver/Src/stm32n6xx_ll_sdmmc.c ****   /* Check for error conditions */
1154:../../STM32Cube_FW_N6/Drivers/STM32N6xx_HAL_Driver/Src/stm32n6xx_ll_sdmmc.c ****   errorstate = SDMMC_GetCmdResp1(SDMMCx, SDMMC_CMD_SD_APP_STATUS, SDMMC_CMDTIMEOUT);
1155:../../STM32Cube_FW_N6/Drivers/STM32N6xx_HAL_Driver/Src/stm32n6xx_ll_sdmmc.c **** 
1156:../../STM32Cube_FW_N6/Drivers/STM32N6xx_HAL_Driver/Src/stm32n6xx_ll_sdmmc.c ****   return errorstate;
1157:../../STM32Cube_FW_N6/Drivers/STM32N6xx_HAL_Driver/Src/stm32n6xx_ll_sdmmc.c **** }
1158:../../STM32Cube_FW_N6/Drivers/STM32N6xx_HAL_Driver/Src/stm32n6xx_ll_sdmmc.c **** 
1159:../../STM32Cube_FW_N6/Drivers/STM32N6xx_HAL_Driver/Src/stm32n6xx_ll_sdmmc.c **** /**
1160:../../STM32Cube_FW_N6/Drivers/STM32N6xx_HAL_Driver/Src/stm32n6xx_ll_sdmmc.c ****   * @brief  Sends host capacity support information and activates the card's
1161:../../STM32Cube_FW_N6/Drivers/STM32N6xx_HAL_Driver/Src/stm32n6xx_ll_sdmmc.c ****   *         initialization process. Send SDMMC_CMD_SEND_OP_COND command
1162:../../STM32Cube_FW_N6/Drivers/STM32N6xx_HAL_Driver/Src/stm32n6xx_ll_sdmmc.c ****   * @param  SDMMCx: Pointer to SDMMC register base
1163:../../STM32Cube_FW_N6/Drivers/STM32N6xx_HAL_Driver/Src/stm32n6xx_ll_sdmmc.c ****   * @parame Argument: Argument used for the command
1164:../../STM32Cube_FW_N6/Drivers/STM32N6xx_HAL_Driver/Src/stm32n6xx_ll_sdmmc.c ****   * @retval HAL status
1165:../../STM32Cube_FW_N6/Drivers/STM32N6xx_HAL_Driver/Src/stm32n6xx_ll_sdmmc.c ****   */
1166:../../STM32Cube_FW_N6/Drivers/STM32N6xx_HAL_Driver/Src/stm32n6xx_ll_sdmmc.c **** uint32_t SDMMC_CmdOpCondition(SDMMC_TypeDef *SDMMCx, uint32_t Argument)
ARM GAS  C:\Users\Antonio\AppData\Local\Temp\cc9FRrj5.s 			page 37


1167:../../STM32Cube_FW_N6/Drivers/STM32N6xx_HAL_Driver/Src/stm32n6xx_ll_sdmmc.c **** {
1168:../../STM32Cube_FW_N6/Drivers/STM32N6xx_HAL_Driver/Src/stm32n6xx_ll_sdmmc.c ****   SDMMC_CmdInitTypeDef  sdmmc_cmdinit;
1169:../../STM32Cube_FW_N6/Drivers/STM32N6xx_HAL_Driver/Src/stm32n6xx_ll_sdmmc.c ****   uint32_t errorstate;
1170:../../STM32Cube_FW_N6/Drivers/STM32N6xx_HAL_Driver/Src/stm32n6xx_ll_sdmmc.c **** 
1171:../../STM32Cube_FW_N6/Drivers/STM32N6xx_HAL_Driver/Src/stm32n6xx_ll_sdmmc.c ****   sdmmc_cmdinit.Argument         = Argument;
1172:../../STM32Cube_FW_N6/Drivers/STM32N6xx_HAL_Driver/Src/stm32n6xx_ll_sdmmc.c ****   sdmmc_cmdinit.CmdIndex         = SDMMC_CMD_SEND_OP_COND;
1173:../../STM32Cube_FW_N6/Drivers/STM32N6xx_HAL_Driver/Src/stm32n6xx_ll_sdmmc.c ****   sdmmc_cmdinit.Response         = SDMMC_RESPONSE_SHORT;
1174:../../STM32Cube_FW_N6/Drivers/STM32N6xx_HAL_Driver/Src/stm32n6xx_ll_sdmmc.c ****   sdmmc_cmdinit.WaitForInterrupt = SDMMC_WAIT_NO;
1175:../../STM32Cube_FW_N6/Drivers/STM32N6xx_HAL_Driver/Src/stm32n6xx_ll_sdmmc.c ****   sdmmc_cmdinit.CPSM             = SDMMC_CPSM_ENABLE;
1176:../../STM32Cube_FW_N6/Drivers/STM32N6xx_HAL_Driver/Src/stm32n6xx_ll_sdmmc.c ****   (void)SDMMC_SendCommand(SDMMCx, &sdmmc_cmdinit);
1177:../../STM32Cube_FW_N6/Drivers/STM32N6xx_HAL_Driver/Src/stm32n6xx_ll_sdmmc.c **** 
1178:../../STM32Cube_FW_N6/Drivers/STM32N6xx_HAL_Driver/Src/stm32n6xx_ll_sdmmc.c ****   /* Check for error conditions */
1179:../../STM32Cube_FW_N6/Drivers/STM32N6xx_HAL_Driver/Src/stm32n6xx_ll_sdmmc.c ****   errorstate = SDMMC_GetCmdResp3(SDMMCx);
1180:../../STM32Cube_FW_N6/Drivers/STM32N6xx_HAL_Driver/Src/stm32n6xx_ll_sdmmc.c **** 
1181:../../STM32Cube_FW_N6/Drivers/STM32N6xx_HAL_Driver/Src/stm32n6xx_ll_sdmmc.c ****   return errorstate;
1182:../../STM32Cube_FW_N6/Drivers/STM32N6xx_HAL_Driver/Src/stm32n6xx_ll_sdmmc.c **** }
1183:../../STM32Cube_FW_N6/Drivers/STM32N6xx_HAL_Driver/Src/stm32n6xx_ll_sdmmc.c **** 
1184:../../STM32Cube_FW_N6/Drivers/STM32N6xx_HAL_Driver/Src/stm32n6xx_ll_sdmmc.c **** /**
1185:../../STM32Cube_FW_N6/Drivers/STM32N6xx_HAL_Driver/Src/stm32n6xx_ll_sdmmc.c ****   * @brief  Checks switchable function and switch card function. SDMMC_CMD_HS_SWITCH command
1186:../../STM32Cube_FW_N6/Drivers/STM32N6xx_HAL_Driver/Src/stm32n6xx_ll_sdmmc.c ****   * @param  SDMMCx: Pointer to SDMMC register base
1187:../../STM32Cube_FW_N6/Drivers/STM32N6xx_HAL_Driver/Src/stm32n6xx_ll_sdmmc.c ****   * @parame Argument: Argument used for the command
1188:../../STM32Cube_FW_N6/Drivers/STM32N6xx_HAL_Driver/Src/stm32n6xx_ll_sdmmc.c ****   * @retval HAL status
1189:../../STM32Cube_FW_N6/Drivers/STM32N6xx_HAL_Driver/Src/stm32n6xx_ll_sdmmc.c ****   */
1190:../../STM32Cube_FW_N6/Drivers/STM32N6xx_HAL_Driver/Src/stm32n6xx_ll_sdmmc.c **** uint32_t SDMMC_CmdSwitch(SDMMC_TypeDef *SDMMCx, uint32_t Argument)
1191:../../STM32Cube_FW_N6/Drivers/STM32N6xx_HAL_Driver/Src/stm32n6xx_ll_sdmmc.c **** {
1192:../../STM32Cube_FW_N6/Drivers/STM32N6xx_HAL_Driver/Src/stm32n6xx_ll_sdmmc.c ****   SDMMC_CmdInitTypeDef  sdmmc_cmdinit;
1193:../../STM32Cube_FW_N6/Drivers/STM32N6xx_HAL_Driver/Src/stm32n6xx_ll_sdmmc.c ****   uint32_t errorstate;
1194:../../STM32Cube_FW_N6/Drivers/STM32N6xx_HAL_Driver/Src/stm32n6xx_ll_sdmmc.c **** 
1195:../../STM32Cube_FW_N6/Drivers/STM32N6xx_HAL_Driver/Src/stm32n6xx_ll_sdmmc.c ****   /* Send CMD6 to activate SDR50 Mode and Power Limit 1.44W */
1196:../../STM32Cube_FW_N6/Drivers/STM32N6xx_HAL_Driver/Src/stm32n6xx_ll_sdmmc.c ****   /* CMD Response: R1 */
1197:../../STM32Cube_FW_N6/Drivers/STM32N6xx_HAL_Driver/Src/stm32n6xx_ll_sdmmc.c ****   sdmmc_cmdinit.Argument         = Argument; /* SDMMC_SDR25_SWITCH_PATTERN*/
1198:../../STM32Cube_FW_N6/Drivers/STM32N6xx_HAL_Driver/Src/stm32n6xx_ll_sdmmc.c ****   sdmmc_cmdinit.CmdIndex         = SDMMC_CMD_HS_SWITCH;
1199:../../STM32Cube_FW_N6/Drivers/STM32N6xx_HAL_Driver/Src/stm32n6xx_ll_sdmmc.c ****   sdmmc_cmdinit.Response         = SDMMC_RESPONSE_SHORT;
1200:../../STM32Cube_FW_N6/Drivers/STM32N6xx_HAL_Driver/Src/stm32n6xx_ll_sdmmc.c ****   sdmmc_cmdinit.WaitForInterrupt = SDMMC_WAIT_NO;
1201:../../STM32Cube_FW_N6/Drivers/STM32N6xx_HAL_Driver/Src/stm32n6xx_ll_sdmmc.c ****   sdmmc_cmdinit.CPSM             = SDMMC_CPSM_ENABLE;
1202:../../STM32Cube_FW_N6/Drivers/STM32N6xx_HAL_Driver/Src/stm32n6xx_ll_sdmmc.c ****   (void)SDMMC_SendCommand(SDMMCx, &sdmmc_cmdinit);
1203:../../STM32Cube_FW_N6/Drivers/STM32N6xx_HAL_Driver/Src/stm32n6xx_ll_sdmmc.c **** 
1204:../../STM32Cube_FW_N6/Drivers/STM32N6xx_HAL_Driver/Src/stm32n6xx_ll_sdmmc.c ****   /* Check for error conditions */
1205:../../STM32Cube_FW_N6/Drivers/STM32N6xx_HAL_Driver/Src/stm32n6xx_ll_sdmmc.c ****   errorstate = SDMMC_GetCmdResp1(SDMMCx, SDMMC_CMD_HS_SWITCH, SDMMC_CMDTIMEOUT);
1206:../../STM32Cube_FW_N6/Drivers/STM32N6xx_HAL_Driver/Src/stm32n6xx_ll_sdmmc.c **** 
1207:../../STM32Cube_FW_N6/Drivers/STM32N6xx_HAL_Driver/Src/stm32n6xx_ll_sdmmc.c ****   return errorstate;
1208:../../STM32Cube_FW_N6/Drivers/STM32N6xx_HAL_Driver/Src/stm32n6xx_ll_sdmmc.c **** }
1209:../../STM32Cube_FW_N6/Drivers/STM32N6xx_HAL_Driver/Src/stm32n6xx_ll_sdmmc.c **** 
1210:../../STM32Cube_FW_N6/Drivers/STM32N6xx_HAL_Driver/Src/stm32n6xx_ll_sdmmc.c **** /**
1211:../../STM32Cube_FW_N6/Drivers/STM32N6xx_HAL_Driver/Src/stm32n6xx_ll_sdmmc.c ****   * @brief  Send the command asking the accessed card to send its operating
1212:../../STM32Cube_FW_N6/Drivers/STM32N6xx_HAL_Driver/Src/stm32n6xx_ll_sdmmc.c ****   *         condition register (OCR)
1213:../../STM32Cube_FW_N6/Drivers/STM32N6xx_HAL_Driver/Src/stm32n6xx_ll_sdmmc.c ****   * @param  None
1214:../../STM32Cube_FW_N6/Drivers/STM32N6xx_HAL_Driver/Src/stm32n6xx_ll_sdmmc.c ****   * @retval HAL status
1215:../../STM32Cube_FW_N6/Drivers/STM32N6xx_HAL_Driver/Src/stm32n6xx_ll_sdmmc.c ****   */
1216:../../STM32Cube_FW_N6/Drivers/STM32N6xx_HAL_Driver/Src/stm32n6xx_ll_sdmmc.c **** uint32_t SDMMC_CmdVoltageSwitch(SDMMC_TypeDef *SDMMCx)
1217:../../STM32Cube_FW_N6/Drivers/STM32N6xx_HAL_Driver/Src/stm32n6xx_ll_sdmmc.c **** {
1218:../../STM32Cube_FW_N6/Drivers/STM32N6xx_HAL_Driver/Src/stm32n6xx_ll_sdmmc.c ****   SDMMC_CmdInitTypeDef  sdmmc_cmdinit;
1219:../../STM32Cube_FW_N6/Drivers/STM32N6xx_HAL_Driver/Src/stm32n6xx_ll_sdmmc.c ****   uint32_t errorstate;
1220:../../STM32Cube_FW_N6/Drivers/STM32N6xx_HAL_Driver/Src/stm32n6xx_ll_sdmmc.c **** 
1221:../../STM32Cube_FW_N6/Drivers/STM32N6xx_HAL_Driver/Src/stm32n6xx_ll_sdmmc.c ****   sdmmc_cmdinit.Argument         = 0x00000000;
1222:../../STM32Cube_FW_N6/Drivers/STM32N6xx_HAL_Driver/Src/stm32n6xx_ll_sdmmc.c ****   sdmmc_cmdinit.CmdIndex         = SDMMC_CMD_VOLTAGE_SWITCH;
1223:../../STM32Cube_FW_N6/Drivers/STM32N6xx_HAL_Driver/Src/stm32n6xx_ll_sdmmc.c ****   sdmmc_cmdinit.Response         = SDMMC_RESPONSE_SHORT;
ARM GAS  C:\Users\Antonio\AppData\Local\Temp\cc9FRrj5.s 			page 38


1224:../../STM32Cube_FW_N6/Drivers/STM32N6xx_HAL_Driver/Src/stm32n6xx_ll_sdmmc.c ****   sdmmc_cmdinit.WaitForInterrupt = SDMMC_WAIT_NO;
1225:../../STM32Cube_FW_N6/Drivers/STM32N6xx_HAL_Driver/Src/stm32n6xx_ll_sdmmc.c ****   sdmmc_cmdinit.CPSM             = SDMMC_CPSM_ENABLE;
1226:../../STM32Cube_FW_N6/Drivers/STM32N6xx_HAL_Driver/Src/stm32n6xx_ll_sdmmc.c ****   (void)SDMMC_SendCommand(SDMMCx, &sdmmc_cmdinit);
1227:../../STM32Cube_FW_N6/Drivers/STM32N6xx_HAL_Driver/Src/stm32n6xx_ll_sdmmc.c **** 
1228:../../STM32Cube_FW_N6/Drivers/STM32N6xx_HAL_Driver/Src/stm32n6xx_ll_sdmmc.c ****   /* Check for error conditions */
1229:../../STM32Cube_FW_N6/Drivers/STM32N6xx_HAL_Driver/Src/stm32n6xx_ll_sdmmc.c ****   errorstate = SDMMC_GetCmdResp1(SDMMCx, SDMMC_CMD_VOLTAGE_SWITCH, SDMMC_CMDTIMEOUT);
1230:../../STM32Cube_FW_N6/Drivers/STM32N6xx_HAL_Driver/Src/stm32n6xx_ll_sdmmc.c **** 
1231:../../STM32Cube_FW_N6/Drivers/STM32N6xx_HAL_Driver/Src/stm32n6xx_ll_sdmmc.c ****   return errorstate;
1232:../../STM32Cube_FW_N6/Drivers/STM32N6xx_HAL_Driver/Src/stm32n6xx_ll_sdmmc.c **** }
1233:../../STM32Cube_FW_N6/Drivers/STM32N6xx_HAL_Driver/Src/stm32n6xx_ll_sdmmc.c **** 
1234:../../STM32Cube_FW_N6/Drivers/STM32N6xx_HAL_Driver/Src/stm32n6xx_ll_sdmmc.c **** /**
1235:../../STM32Cube_FW_N6/Drivers/STM32N6xx_HAL_Driver/Src/stm32n6xx_ll_sdmmc.c ****   * @brief  Send the Send EXT_CSD command and check the response.
1236:../../STM32Cube_FW_N6/Drivers/STM32N6xx_HAL_Driver/Src/stm32n6xx_ll_sdmmc.c ****   * @param  SDMMCx: Pointer to SDMMC register base
1237:../../STM32Cube_FW_N6/Drivers/STM32N6xx_HAL_Driver/Src/stm32n6xx_ll_sdmmc.c ****   * @param  Argument: Command Argument
1238:../../STM32Cube_FW_N6/Drivers/STM32N6xx_HAL_Driver/Src/stm32n6xx_ll_sdmmc.c ****   * @retval HAL status
1239:../../STM32Cube_FW_N6/Drivers/STM32N6xx_HAL_Driver/Src/stm32n6xx_ll_sdmmc.c ****   */
1240:../../STM32Cube_FW_N6/Drivers/STM32N6xx_HAL_Driver/Src/stm32n6xx_ll_sdmmc.c **** uint32_t SDMMC_CmdSendEXTCSD(SDMMC_TypeDef *SDMMCx, uint32_t Argument)
1241:../../STM32Cube_FW_N6/Drivers/STM32N6xx_HAL_Driver/Src/stm32n6xx_ll_sdmmc.c **** {
1242:../../STM32Cube_FW_N6/Drivers/STM32N6xx_HAL_Driver/Src/stm32n6xx_ll_sdmmc.c ****   SDMMC_CmdInitTypeDef  sdmmc_cmdinit;
1243:../../STM32Cube_FW_N6/Drivers/STM32N6xx_HAL_Driver/Src/stm32n6xx_ll_sdmmc.c ****   uint32_t errorstate;
1244:../../STM32Cube_FW_N6/Drivers/STM32N6xx_HAL_Driver/Src/stm32n6xx_ll_sdmmc.c **** 
1245:../../STM32Cube_FW_N6/Drivers/STM32N6xx_HAL_Driver/Src/stm32n6xx_ll_sdmmc.c ****   /* Send CMD9 SEND_CSD */
1246:../../STM32Cube_FW_N6/Drivers/STM32N6xx_HAL_Driver/Src/stm32n6xx_ll_sdmmc.c ****   sdmmc_cmdinit.Argument         = Argument;
1247:../../STM32Cube_FW_N6/Drivers/STM32N6xx_HAL_Driver/Src/stm32n6xx_ll_sdmmc.c ****   sdmmc_cmdinit.CmdIndex         = SDMMC_CMD_HS_SEND_EXT_CSD;
1248:../../STM32Cube_FW_N6/Drivers/STM32N6xx_HAL_Driver/Src/stm32n6xx_ll_sdmmc.c ****   sdmmc_cmdinit.Response         = SDMMC_RESPONSE_SHORT;
1249:../../STM32Cube_FW_N6/Drivers/STM32N6xx_HAL_Driver/Src/stm32n6xx_ll_sdmmc.c ****   sdmmc_cmdinit.WaitForInterrupt = SDMMC_WAIT_NO;
1250:../../STM32Cube_FW_N6/Drivers/STM32N6xx_HAL_Driver/Src/stm32n6xx_ll_sdmmc.c ****   sdmmc_cmdinit.CPSM             = SDMMC_CPSM_ENABLE;
1251:../../STM32Cube_FW_N6/Drivers/STM32N6xx_HAL_Driver/Src/stm32n6xx_ll_sdmmc.c ****   (void)SDMMC_SendCommand(SDMMCx, &sdmmc_cmdinit);
1252:../../STM32Cube_FW_N6/Drivers/STM32N6xx_HAL_Driver/Src/stm32n6xx_ll_sdmmc.c **** 
1253:../../STM32Cube_FW_N6/Drivers/STM32N6xx_HAL_Driver/Src/stm32n6xx_ll_sdmmc.c ****   /* Check for error conditions */
1254:../../STM32Cube_FW_N6/Drivers/STM32N6xx_HAL_Driver/Src/stm32n6xx_ll_sdmmc.c ****   errorstate = SDMMC_GetCmdResp1(SDMMCx, SDMMC_CMD_HS_SEND_EXT_CSD, SDMMC_CMDTIMEOUT);
1255:../../STM32Cube_FW_N6/Drivers/STM32N6xx_HAL_Driver/Src/stm32n6xx_ll_sdmmc.c **** 
1256:../../STM32Cube_FW_N6/Drivers/STM32N6xx_HAL_Driver/Src/stm32n6xx_ll_sdmmc.c ****   return errorstate;
1257:../../STM32Cube_FW_N6/Drivers/STM32N6xx_HAL_Driver/Src/stm32n6xx_ll_sdmmc.c **** }
1258:../../STM32Cube_FW_N6/Drivers/STM32N6xx_HAL_Driver/Src/stm32n6xx_ll_sdmmc.c **** 
1259:../../STM32Cube_FW_N6/Drivers/STM32N6xx_HAL_Driver/Src/stm32n6xx_ll_sdmmc.c **** /**
1260:../../STM32Cube_FW_N6/Drivers/STM32N6xx_HAL_Driver/Src/stm32n6xx_ll_sdmmc.c ****   * @brief  Execute a cmd52 to write single byte data and read single byte data if needed
1261:../../STM32Cube_FW_N6/Drivers/STM32N6xx_HAL_Driver/Src/stm32n6xx_ll_sdmmc.c ****   * @param  SDMMCx: Pointer to SDMMC register base
1262:../../STM32Cube_FW_N6/Drivers/STM32N6xx_HAL_Driver/Src/stm32n6xx_ll_sdmmc.c ****   * @param  Argument:  SDMMC command argument which is sent to a card as part of a command message
1263:../../STM32Cube_FW_N6/Drivers/STM32N6xx_HAL_Driver/Src/stm32n6xx_ll_sdmmc.c ****   * @param  pData: pointer to read response if needed
1264:../../STM32Cube_FW_N6/Drivers/STM32N6xx_HAL_Driver/Src/stm32n6xx_ll_sdmmc.c ****   * @retval SD Card error state
1265:../../STM32Cube_FW_N6/Drivers/STM32N6xx_HAL_Driver/Src/stm32n6xx_ll_sdmmc.c ****   */
1266:../../STM32Cube_FW_N6/Drivers/STM32N6xx_HAL_Driver/Src/stm32n6xx_ll_sdmmc.c **** uint32_t SDMMC_SDIO_CmdReadWriteDirect(SDMMC_TypeDef *SDMMCx, uint32_t Argument, uint8_t *pResponse
1267:../../STM32Cube_FW_N6/Drivers/STM32N6xx_HAL_Driver/Src/stm32n6xx_ll_sdmmc.c **** {
1268:../../STM32Cube_FW_N6/Drivers/STM32N6xx_HAL_Driver/Src/stm32n6xx_ll_sdmmc.c ****   SDMMC_CmdInitTypeDef  sdmmc_cmdinit;
1269:../../STM32Cube_FW_N6/Drivers/STM32N6xx_HAL_Driver/Src/stm32n6xx_ll_sdmmc.c ****   uint32_t errorstate;
1270:../../STM32Cube_FW_N6/Drivers/STM32N6xx_HAL_Driver/Src/stm32n6xx_ll_sdmmc.c **** 
1271:../../STM32Cube_FW_N6/Drivers/STM32N6xx_HAL_Driver/Src/stm32n6xx_ll_sdmmc.c ****   sdmmc_cmdinit.Argument         = Argument;
1272:../../STM32Cube_FW_N6/Drivers/STM32N6xx_HAL_Driver/Src/stm32n6xx_ll_sdmmc.c ****   sdmmc_cmdinit.CmdIndex         = SDMMC_CMD_SDMMC_RW_DIRECT;
1273:../../STM32Cube_FW_N6/Drivers/STM32N6xx_HAL_Driver/Src/stm32n6xx_ll_sdmmc.c ****   sdmmc_cmdinit.Response         = SDMMC_RESPONSE_SHORT;
1274:../../STM32Cube_FW_N6/Drivers/STM32N6xx_HAL_Driver/Src/stm32n6xx_ll_sdmmc.c ****   sdmmc_cmdinit.WaitForInterrupt = SDMMC_WAIT_NO;
1275:../../STM32Cube_FW_N6/Drivers/STM32N6xx_HAL_Driver/Src/stm32n6xx_ll_sdmmc.c ****   sdmmc_cmdinit.CPSM             = SDMMC_CPSM_ENABLE;
1276:../../STM32Cube_FW_N6/Drivers/STM32N6xx_HAL_Driver/Src/stm32n6xx_ll_sdmmc.c ****   (void)SDMMC_SendCommand(SDMMCx, &sdmmc_cmdinit);
1277:../../STM32Cube_FW_N6/Drivers/STM32N6xx_HAL_Driver/Src/stm32n6xx_ll_sdmmc.c **** 
1278:../../STM32Cube_FW_N6/Drivers/STM32N6xx_HAL_Driver/Src/stm32n6xx_ll_sdmmc.c ****   /* Check for error conditions */
1279:../../STM32Cube_FW_N6/Drivers/STM32N6xx_HAL_Driver/Src/stm32n6xx_ll_sdmmc.c ****   errorstate = SDMMC_GetCmdResp5(SDMMCx, SDMMC_CMD_SDMMC_RW_DIRECT, pResponse);
1280:../../STM32Cube_FW_N6/Drivers/STM32N6xx_HAL_Driver/Src/stm32n6xx_ll_sdmmc.c **** 
ARM GAS  C:\Users\Antonio\AppData\Local\Temp\cc9FRrj5.s 			page 39


1281:../../STM32Cube_FW_N6/Drivers/STM32N6xx_HAL_Driver/Src/stm32n6xx_ll_sdmmc.c ****   return errorstate;
1282:../../STM32Cube_FW_N6/Drivers/STM32N6xx_HAL_Driver/Src/stm32n6xx_ll_sdmmc.c **** }
1283:../../STM32Cube_FW_N6/Drivers/STM32N6xx_HAL_Driver/Src/stm32n6xx_ll_sdmmc.c **** 
1284:../../STM32Cube_FW_N6/Drivers/STM32N6xx_HAL_Driver/Src/stm32n6xx_ll_sdmmc.c **** /**
1285:../../STM32Cube_FW_N6/Drivers/STM32N6xx_HAL_Driver/Src/stm32n6xx_ll_sdmmc.c ****   * @brief  Execute a cmd53 to write or read multiple data with a single command
1286:../../STM32Cube_FW_N6/Drivers/STM32N6xx_HAL_Driver/Src/stm32n6xx_ll_sdmmc.c ****   * @param  SDMMCx: Pointer to SDMMC register base
1287:../../STM32Cube_FW_N6/Drivers/STM32N6xx_HAL_Driver/Src/stm32n6xx_ll_sdmmc.c ****   * @param  Argument: SDMMC command argument which is sent to a card as part of a command message
1288:../../STM32Cube_FW_N6/Drivers/STM32N6xx_HAL_Driver/Src/stm32n6xx_ll_sdmmc.c ****   * @retval SD Card error state
1289:../../STM32Cube_FW_N6/Drivers/STM32N6xx_HAL_Driver/Src/stm32n6xx_ll_sdmmc.c ****   */
1290:../../STM32Cube_FW_N6/Drivers/STM32N6xx_HAL_Driver/Src/stm32n6xx_ll_sdmmc.c **** uint32_t SDMMC_SDIO_CmdReadWriteExtended(SDMMC_TypeDef *SDMMCx, uint32_t Argument)
1291:../../STM32Cube_FW_N6/Drivers/STM32N6xx_HAL_Driver/Src/stm32n6xx_ll_sdmmc.c **** {
1292:../../STM32Cube_FW_N6/Drivers/STM32N6xx_HAL_Driver/Src/stm32n6xx_ll_sdmmc.c ****   SDMMC_CmdInitTypeDef  sdmmc_cmdinit;
1293:../../STM32Cube_FW_N6/Drivers/STM32N6xx_HAL_Driver/Src/stm32n6xx_ll_sdmmc.c ****   uint32_t errorstate;
1294:../../STM32Cube_FW_N6/Drivers/STM32N6xx_HAL_Driver/Src/stm32n6xx_ll_sdmmc.c **** 
1295:../../STM32Cube_FW_N6/Drivers/STM32N6xx_HAL_Driver/Src/stm32n6xx_ll_sdmmc.c ****   sdmmc_cmdinit.Argument         = Argument;
1296:../../STM32Cube_FW_N6/Drivers/STM32N6xx_HAL_Driver/Src/stm32n6xx_ll_sdmmc.c ****   sdmmc_cmdinit.CmdIndex         = SDMMC_CMD_SDMMC_RW_EXTENDED;
1297:../../STM32Cube_FW_N6/Drivers/STM32N6xx_HAL_Driver/Src/stm32n6xx_ll_sdmmc.c ****   sdmmc_cmdinit.Response         = SDMMC_RESPONSE_SHORT;
1298:../../STM32Cube_FW_N6/Drivers/STM32N6xx_HAL_Driver/Src/stm32n6xx_ll_sdmmc.c ****   sdmmc_cmdinit.WaitForInterrupt = SDMMC_WAIT_NO;
1299:../../STM32Cube_FW_N6/Drivers/STM32N6xx_HAL_Driver/Src/stm32n6xx_ll_sdmmc.c ****   sdmmc_cmdinit.CPSM             = SDMMC_CPSM_ENABLE;
1300:../../STM32Cube_FW_N6/Drivers/STM32N6xx_HAL_Driver/Src/stm32n6xx_ll_sdmmc.c ****   (void)SDMMC_SendCommand(SDMMCx, &sdmmc_cmdinit);
1301:../../STM32Cube_FW_N6/Drivers/STM32N6xx_HAL_Driver/Src/stm32n6xx_ll_sdmmc.c **** 
1302:../../STM32Cube_FW_N6/Drivers/STM32N6xx_HAL_Driver/Src/stm32n6xx_ll_sdmmc.c ****   /* Check for error conditions */
1303:../../STM32Cube_FW_N6/Drivers/STM32N6xx_HAL_Driver/Src/stm32n6xx_ll_sdmmc.c ****   errorstate = SDMMC_GetCmdResp5(SDMMCx, SDMMC_CMD_SDMMC_RW_EXTENDED, NULL);
1304:../../STM32Cube_FW_N6/Drivers/STM32N6xx_HAL_Driver/Src/stm32n6xx_ll_sdmmc.c **** 
1305:../../STM32Cube_FW_N6/Drivers/STM32N6xx_HAL_Driver/Src/stm32n6xx_ll_sdmmc.c ****   return errorstate;
1306:../../STM32Cube_FW_N6/Drivers/STM32N6xx_HAL_Driver/Src/stm32n6xx_ll_sdmmc.c **** }
1307:../../STM32Cube_FW_N6/Drivers/STM32N6xx_HAL_Driver/Src/stm32n6xx_ll_sdmmc.c **** 
1308:../../STM32Cube_FW_N6/Drivers/STM32N6xx_HAL_Driver/Src/stm32n6xx_ll_sdmmc.c **** /**
1309:../../STM32Cube_FW_N6/Drivers/STM32N6xx_HAL_Driver/Src/stm32n6xx_ll_sdmmc.c ****   * @brief  Execute a cmd5 to write or read multiple data with a single command
1310:../../STM32Cube_FW_N6/Drivers/STM32N6xx_HAL_Driver/Src/stm32n6xx_ll_sdmmc.c ****   * @param  SDMMCx: Pointer to SDMMC register base
1311:../../STM32Cube_FW_N6/Drivers/STM32N6xx_HAL_Driver/Src/stm32n6xx_ll_sdmmc.c ****   * @param  Argument: SDMMC command argument which is sent to a card as part of a command message
1312:../../STM32Cube_FW_N6/Drivers/STM32N6xx_HAL_Driver/Src/stm32n6xx_ll_sdmmc.c ****   * @retval SD Card error state
1313:../../STM32Cube_FW_N6/Drivers/STM32N6xx_HAL_Driver/Src/stm32n6xx_ll_sdmmc.c ****   */
1314:../../STM32Cube_FW_N6/Drivers/STM32N6xx_HAL_Driver/Src/stm32n6xx_ll_sdmmc.c **** uint32_t SDMMC_CmdSendOperationcondition(SDMMC_TypeDef *SDMMCx, uint32_t Argument, uint32_t *pResp)
1315:../../STM32Cube_FW_N6/Drivers/STM32N6xx_HAL_Driver/Src/stm32n6xx_ll_sdmmc.c **** {
1316:../../STM32Cube_FW_N6/Drivers/STM32N6xx_HAL_Driver/Src/stm32n6xx_ll_sdmmc.c ****   SDMMC_CmdInitTypeDef sdmmc_cmdinit;
1317:../../STM32Cube_FW_N6/Drivers/STM32N6xx_HAL_Driver/Src/stm32n6xx_ll_sdmmc.c ****   uint32_t             errorstate;
1318:../../STM32Cube_FW_N6/Drivers/STM32N6xx_HAL_Driver/Src/stm32n6xx_ll_sdmmc.c **** 
1319:../../STM32Cube_FW_N6/Drivers/STM32N6xx_HAL_Driver/Src/stm32n6xx_ll_sdmmc.c ****   sdmmc_cmdinit.Argument         = Argument;
1320:../../STM32Cube_FW_N6/Drivers/STM32N6xx_HAL_Driver/Src/stm32n6xx_ll_sdmmc.c ****   sdmmc_cmdinit.CmdIndex         = SDMMC_CMD_SDMMC_SEN_OP_COND;
1321:../../STM32Cube_FW_N6/Drivers/STM32N6xx_HAL_Driver/Src/stm32n6xx_ll_sdmmc.c ****   sdmmc_cmdinit.Response         = SDMMC_RESPONSE_SHORT;
1322:../../STM32Cube_FW_N6/Drivers/STM32N6xx_HAL_Driver/Src/stm32n6xx_ll_sdmmc.c ****   sdmmc_cmdinit.WaitForInterrupt = SDMMC_WAIT_NO;
1323:../../STM32Cube_FW_N6/Drivers/STM32N6xx_HAL_Driver/Src/stm32n6xx_ll_sdmmc.c ****   sdmmc_cmdinit.CPSM             = SDMMC_CPSM_ENABLE;
1324:../../STM32Cube_FW_N6/Drivers/STM32N6xx_HAL_Driver/Src/stm32n6xx_ll_sdmmc.c ****   (void)SDMMC_SendCommand(SDMMCx, &sdmmc_cmdinit);
1325:../../STM32Cube_FW_N6/Drivers/STM32N6xx_HAL_Driver/Src/stm32n6xx_ll_sdmmc.c **** 
1326:../../STM32Cube_FW_N6/Drivers/STM32N6xx_HAL_Driver/Src/stm32n6xx_ll_sdmmc.c ****   /* Check for error conditions */
1327:../../STM32Cube_FW_N6/Drivers/STM32N6xx_HAL_Driver/Src/stm32n6xx_ll_sdmmc.c ****   errorstate = SDMMC_GetCmdResp4(SDMMCx, pResp);
1328:../../STM32Cube_FW_N6/Drivers/STM32N6xx_HAL_Driver/Src/stm32n6xx_ll_sdmmc.c **** 
1329:../../STM32Cube_FW_N6/Drivers/STM32N6xx_HAL_Driver/Src/stm32n6xx_ll_sdmmc.c ****   return errorstate;
1330:../../STM32Cube_FW_N6/Drivers/STM32N6xx_HAL_Driver/Src/stm32n6xx_ll_sdmmc.c **** }
1331:../../STM32Cube_FW_N6/Drivers/STM32N6xx_HAL_Driver/Src/stm32n6xx_ll_sdmmc.c **** /**
1332:../../STM32Cube_FW_N6/Drivers/STM32N6xx_HAL_Driver/Src/stm32n6xx_ll_sdmmc.c ****   * @}
1333:../../STM32Cube_FW_N6/Drivers/STM32N6xx_HAL_Driver/Src/stm32n6xx_ll_sdmmc.c ****   */
1334:../../STM32Cube_FW_N6/Drivers/STM32N6xx_HAL_Driver/Src/stm32n6xx_ll_sdmmc.c **** 
1335:../../STM32Cube_FW_N6/Drivers/STM32N6xx_HAL_Driver/Src/stm32n6xx_ll_sdmmc.c **** 
1336:../../STM32Cube_FW_N6/Drivers/STM32N6xx_HAL_Driver/Src/stm32n6xx_ll_sdmmc.c **** /** @defgroup HAL_SDMMC_LL_Group5 Responses management functions
1337:../../STM32Cube_FW_N6/Drivers/STM32N6xx_HAL_Driver/Src/stm32n6xx_ll_sdmmc.c ****   *  @brief   Responses functions
ARM GAS  C:\Users\Antonio\AppData\Local\Temp\cc9FRrj5.s 			page 40


1338:../../STM32Cube_FW_N6/Drivers/STM32N6xx_HAL_Driver/Src/stm32n6xx_ll_sdmmc.c ****   *
1339:../../STM32Cube_FW_N6/Drivers/STM32N6xx_HAL_Driver/Src/stm32n6xx_ll_sdmmc.c **** @verbatim
1340:../../STM32Cube_FW_N6/Drivers/STM32N6xx_HAL_Driver/Src/stm32n6xx_ll_sdmmc.c ****  ===============================================================================
1341:../../STM32Cube_FW_N6/Drivers/STM32N6xx_HAL_Driver/Src/stm32n6xx_ll_sdmmc.c ****                    ##### Responses management functions #####
1342:../../STM32Cube_FW_N6/Drivers/STM32N6xx_HAL_Driver/Src/stm32n6xx_ll_sdmmc.c ****  ===============================================================================
1343:../../STM32Cube_FW_N6/Drivers/STM32N6xx_HAL_Driver/Src/stm32n6xx_ll_sdmmc.c ****     [..]
1344:../../STM32Cube_FW_N6/Drivers/STM32N6xx_HAL_Driver/Src/stm32n6xx_ll_sdmmc.c ****     This subsection provides a set of functions allowing to manage the needed responses.
1345:../../STM32Cube_FW_N6/Drivers/STM32N6xx_HAL_Driver/Src/stm32n6xx_ll_sdmmc.c **** 
1346:../../STM32Cube_FW_N6/Drivers/STM32N6xx_HAL_Driver/Src/stm32n6xx_ll_sdmmc.c **** @endverbatim
1347:../../STM32Cube_FW_N6/Drivers/STM32N6xx_HAL_Driver/Src/stm32n6xx_ll_sdmmc.c ****   * @{
1348:../../STM32Cube_FW_N6/Drivers/STM32N6xx_HAL_Driver/Src/stm32n6xx_ll_sdmmc.c ****   */
1349:../../STM32Cube_FW_N6/Drivers/STM32N6xx_HAL_Driver/Src/stm32n6xx_ll_sdmmc.c **** /**
1350:../../STM32Cube_FW_N6/Drivers/STM32N6xx_HAL_Driver/Src/stm32n6xx_ll_sdmmc.c ****   * @brief  Checks for error conditions for R1 response.
1351:../../STM32Cube_FW_N6/Drivers/STM32N6xx_HAL_Driver/Src/stm32n6xx_ll_sdmmc.c ****   * @param  hsd: SD handle
1352:../../STM32Cube_FW_N6/Drivers/STM32N6xx_HAL_Driver/Src/stm32n6xx_ll_sdmmc.c ****   * @param  SD_CMD: The sent command index
1353:../../STM32Cube_FW_N6/Drivers/STM32N6xx_HAL_Driver/Src/stm32n6xx_ll_sdmmc.c ****   * @retval SD Card error state
1354:../../STM32Cube_FW_N6/Drivers/STM32N6xx_HAL_Driver/Src/stm32n6xx_ll_sdmmc.c ****   */
1355:../../STM32Cube_FW_N6/Drivers/STM32N6xx_HAL_Driver/Src/stm32n6xx_ll_sdmmc.c **** uint32_t SDMMC_GetCmdResp1(SDMMC_TypeDef *SDMMCx, uint8_t SD_CMD, uint32_t Timeout)
1356:../../STM32Cube_FW_N6/Drivers/STM32N6xx_HAL_Driver/Src/stm32n6xx_ll_sdmmc.c **** {
1357:../../STM32Cube_FW_N6/Drivers/STM32N6xx_HAL_Driver/Src/stm32n6xx_ll_sdmmc.c ****   uint32_t response_r1;
1358:../../STM32Cube_FW_N6/Drivers/STM32N6xx_HAL_Driver/Src/stm32n6xx_ll_sdmmc.c ****   uint32_t sta_reg;
1359:../../STM32Cube_FW_N6/Drivers/STM32N6xx_HAL_Driver/Src/stm32n6xx_ll_sdmmc.c **** 
1360:../../STM32Cube_FW_N6/Drivers/STM32N6xx_HAL_Driver/Src/stm32n6xx_ll_sdmmc.c ****   /* 8 is the number of required instructions cycles for the below loop statement.
1361:../../STM32Cube_FW_N6/Drivers/STM32N6xx_HAL_Driver/Src/stm32n6xx_ll_sdmmc.c ****   The Timeout is expressed in ms */
1362:../../STM32Cube_FW_N6/Drivers/STM32N6xx_HAL_Driver/Src/stm32n6xx_ll_sdmmc.c ****   uint32_t count = Timeout * (SystemCoreClock / 8U / 1000U);
1363:../../STM32Cube_FW_N6/Drivers/STM32N6xx_HAL_Driver/Src/stm32n6xx_ll_sdmmc.c **** 
1364:../../STM32Cube_FW_N6/Drivers/STM32N6xx_HAL_Driver/Src/stm32n6xx_ll_sdmmc.c ****   do
1365:../../STM32Cube_FW_N6/Drivers/STM32N6xx_HAL_Driver/Src/stm32n6xx_ll_sdmmc.c ****   {
1366:../../STM32Cube_FW_N6/Drivers/STM32N6xx_HAL_Driver/Src/stm32n6xx_ll_sdmmc.c ****     if (count-- == 0U)
1367:../../STM32Cube_FW_N6/Drivers/STM32N6xx_HAL_Driver/Src/stm32n6xx_ll_sdmmc.c ****     {
1368:../../STM32Cube_FW_N6/Drivers/STM32N6xx_HAL_Driver/Src/stm32n6xx_ll_sdmmc.c ****       return SDMMC_ERROR_TIMEOUT;
1369:../../STM32Cube_FW_N6/Drivers/STM32N6xx_HAL_Driver/Src/stm32n6xx_ll_sdmmc.c ****     }
1370:../../STM32Cube_FW_N6/Drivers/STM32N6xx_HAL_Driver/Src/stm32n6xx_ll_sdmmc.c ****     sta_reg = SDMMCx->STA;
1371:../../STM32Cube_FW_N6/Drivers/STM32N6xx_HAL_Driver/Src/stm32n6xx_ll_sdmmc.c ****   } while (((sta_reg & (SDMMC_FLAG_CCRCFAIL | SDMMC_FLAG_CMDREND | SDMMC_FLAG_CTIMEOUT |
1372:../../STM32Cube_FW_N6/Drivers/STM32N6xx_HAL_Driver/Src/stm32n6xx_ll_sdmmc.c ****                         SDMMC_FLAG_BUSYD0END)) == 0U) || ((sta_reg & SDMMC_FLAG_CMDACT) != 0U));
1373:../../STM32Cube_FW_N6/Drivers/STM32N6xx_HAL_Driver/Src/stm32n6xx_ll_sdmmc.c **** 
1374:../../STM32Cube_FW_N6/Drivers/STM32N6xx_HAL_Driver/Src/stm32n6xx_ll_sdmmc.c ****   if (__SDMMC_GET_FLAG(SDMMCx, SDMMC_FLAG_CTIMEOUT))
1375:../../STM32Cube_FW_N6/Drivers/STM32N6xx_HAL_Driver/Src/stm32n6xx_ll_sdmmc.c ****   {
1376:../../STM32Cube_FW_N6/Drivers/STM32N6xx_HAL_Driver/Src/stm32n6xx_ll_sdmmc.c ****     __SDMMC_CLEAR_FLAG(SDMMCx, SDMMC_FLAG_CTIMEOUT);
1377:../../STM32Cube_FW_N6/Drivers/STM32N6xx_HAL_Driver/Src/stm32n6xx_ll_sdmmc.c **** 
1378:../../STM32Cube_FW_N6/Drivers/STM32N6xx_HAL_Driver/Src/stm32n6xx_ll_sdmmc.c ****     return SDMMC_ERROR_CMD_RSP_TIMEOUT;
1379:../../STM32Cube_FW_N6/Drivers/STM32N6xx_HAL_Driver/Src/stm32n6xx_ll_sdmmc.c ****   }
1380:../../STM32Cube_FW_N6/Drivers/STM32N6xx_HAL_Driver/Src/stm32n6xx_ll_sdmmc.c ****   else if (__SDMMC_GET_FLAG(SDMMCx, SDMMC_FLAG_CCRCFAIL))
1381:../../STM32Cube_FW_N6/Drivers/STM32N6xx_HAL_Driver/Src/stm32n6xx_ll_sdmmc.c ****   {
1382:../../STM32Cube_FW_N6/Drivers/STM32N6xx_HAL_Driver/Src/stm32n6xx_ll_sdmmc.c ****     __SDMMC_CLEAR_FLAG(SDMMCx, SDMMC_FLAG_CCRCFAIL);
1383:../../STM32Cube_FW_N6/Drivers/STM32N6xx_HAL_Driver/Src/stm32n6xx_ll_sdmmc.c **** 
1384:../../STM32Cube_FW_N6/Drivers/STM32N6xx_HAL_Driver/Src/stm32n6xx_ll_sdmmc.c ****     return SDMMC_ERROR_CMD_CRC_FAIL;
1385:../../STM32Cube_FW_N6/Drivers/STM32N6xx_HAL_Driver/Src/stm32n6xx_ll_sdmmc.c ****   }
1386:../../STM32Cube_FW_N6/Drivers/STM32N6xx_HAL_Driver/Src/stm32n6xx_ll_sdmmc.c ****   else
1387:../../STM32Cube_FW_N6/Drivers/STM32N6xx_HAL_Driver/Src/stm32n6xx_ll_sdmmc.c ****   {
1388:../../STM32Cube_FW_N6/Drivers/STM32N6xx_HAL_Driver/Src/stm32n6xx_ll_sdmmc.c ****     /* Nothing to do */
1389:../../STM32Cube_FW_N6/Drivers/STM32N6xx_HAL_Driver/Src/stm32n6xx_ll_sdmmc.c ****   }
1390:../../STM32Cube_FW_N6/Drivers/STM32N6xx_HAL_Driver/Src/stm32n6xx_ll_sdmmc.c **** 
1391:../../STM32Cube_FW_N6/Drivers/STM32N6xx_HAL_Driver/Src/stm32n6xx_ll_sdmmc.c ****   /* Clear all the static flags */
1392:../../STM32Cube_FW_N6/Drivers/STM32N6xx_HAL_Driver/Src/stm32n6xx_ll_sdmmc.c ****   __SDMMC_CLEAR_FLAG(SDMMCx, SDMMC_STATIC_CMD_FLAGS);
1393:../../STM32Cube_FW_N6/Drivers/STM32N6xx_HAL_Driver/Src/stm32n6xx_ll_sdmmc.c **** 
1394:../../STM32Cube_FW_N6/Drivers/STM32N6xx_HAL_Driver/Src/stm32n6xx_ll_sdmmc.c ****   /* Check response received is of desired command */
ARM GAS  C:\Users\Antonio\AppData\Local\Temp\cc9FRrj5.s 			page 41


1395:../../STM32Cube_FW_N6/Drivers/STM32N6xx_HAL_Driver/Src/stm32n6xx_ll_sdmmc.c ****   if (SDMMC_GetCommandResponse(SDMMCx) != SD_CMD)
1396:../../STM32Cube_FW_N6/Drivers/STM32N6xx_HAL_Driver/Src/stm32n6xx_ll_sdmmc.c ****   {
1397:../../STM32Cube_FW_N6/Drivers/STM32N6xx_HAL_Driver/Src/stm32n6xx_ll_sdmmc.c ****     return SDMMC_ERROR_CMD_CRC_FAIL;
1398:../../STM32Cube_FW_N6/Drivers/STM32N6xx_HAL_Driver/Src/stm32n6xx_ll_sdmmc.c ****   }
1399:../../STM32Cube_FW_N6/Drivers/STM32N6xx_HAL_Driver/Src/stm32n6xx_ll_sdmmc.c **** 
1400:../../STM32Cube_FW_N6/Drivers/STM32N6xx_HAL_Driver/Src/stm32n6xx_ll_sdmmc.c ****   /* We have received response, retrieve it for analysis  */
1401:../../STM32Cube_FW_N6/Drivers/STM32N6xx_HAL_Driver/Src/stm32n6xx_ll_sdmmc.c ****   response_r1 = SDMMC_GetResponse(SDMMCx, SDMMC_RESP1);
1402:../../STM32Cube_FW_N6/Drivers/STM32N6xx_HAL_Driver/Src/stm32n6xx_ll_sdmmc.c **** 
1403:../../STM32Cube_FW_N6/Drivers/STM32N6xx_HAL_Driver/Src/stm32n6xx_ll_sdmmc.c ****   if ((response_r1 & SDMMC_OCR_ERRORBITS) == SDMMC_ALLZERO)
1404:../../STM32Cube_FW_N6/Drivers/STM32N6xx_HAL_Driver/Src/stm32n6xx_ll_sdmmc.c ****   {
1405:../../STM32Cube_FW_N6/Drivers/STM32N6xx_HAL_Driver/Src/stm32n6xx_ll_sdmmc.c ****     return SDMMC_ERROR_NONE;
1406:../../STM32Cube_FW_N6/Drivers/STM32N6xx_HAL_Driver/Src/stm32n6xx_ll_sdmmc.c ****   }
1407:../../STM32Cube_FW_N6/Drivers/STM32N6xx_HAL_Driver/Src/stm32n6xx_ll_sdmmc.c ****   else if ((response_r1 & SDMMC_OCR_ADDR_OUT_OF_RANGE) == SDMMC_OCR_ADDR_OUT_OF_RANGE)
1408:../../STM32Cube_FW_N6/Drivers/STM32N6xx_HAL_Driver/Src/stm32n6xx_ll_sdmmc.c ****   {
1409:../../STM32Cube_FW_N6/Drivers/STM32N6xx_HAL_Driver/Src/stm32n6xx_ll_sdmmc.c ****     return SDMMC_ERROR_ADDR_OUT_OF_RANGE;
1410:../../STM32Cube_FW_N6/Drivers/STM32N6xx_HAL_Driver/Src/stm32n6xx_ll_sdmmc.c ****   }
1411:../../STM32Cube_FW_N6/Drivers/STM32N6xx_HAL_Driver/Src/stm32n6xx_ll_sdmmc.c ****   else if ((response_r1 & SDMMC_OCR_ADDR_MISALIGNED) == SDMMC_OCR_ADDR_MISALIGNED)
1412:../../STM32Cube_FW_N6/Drivers/STM32N6xx_HAL_Driver/Src/stm32n6xx_ll_sdmmc.c ****   {
1413:../../STM32Cube_FW_N6/Drivers/STM32N6xx_HAL_Driver/Src/stm32n6xx_ll_sdmmc.c ****     return SDMMC_ERROR_ADDR_MISALIGNED;
1414:../../STM32Cube_FW_N6/Drivers/STM32N6xx_HAL_Driver/Src/stm32n6xx_ll_sdmmc.c ****   }
1415:../../STM32Cube_FW_N6/Drivers/STM32N6xx_HAL_Driver/Src/stm32n6xx_ll_sdmmc.c ****   else if ((response_r1 & SDMMC_OCR_BLOCK_LEN_ERR) == SDMMC_OCR_BLOCK_LEN_ERR)
1416:../../STM32Cube_FW_N6/Drivers/STM32N6xx_HAL_Driver/Src/stm32n6xx_ll_sdmmc.c ****   {
1417:../../STM32Cube_FW_N6/Drivers/STM32N6xx_HAL_Driver/Src/stm32n6xx_ll_sdmmc.c ****     return SDMMC_ERROR_BLOCK_LEN_ERR;
1418:../../STM32Cube_FW_N6/Drivers/STM32N6xx_HAL_Driver/Src/stm32n6xx_ll_sdmmc.c ****   }
1419:../../STM32Cube_FW_N6/Drivers/STM32N6xx_HAL_Driver/Src/stm32n6xx_ll_sdmmc.c ****   else if ((response_r1 & SDMMC_OCR_ERASE_SEQ_ERR) == SDMMC_OCR_ERASE_SEQ_ERR)
1420:../../STM32Cube_FW_N6/Drivers/STM32N6xx_HAL_Driver/Src/stm32n6xx_ll_sdmmc.c ****   {
1421:../../STM32Cube_FW_N6/Drivers/STM32N6xx_HAL_Driver/Src/stm32n6xx_ll_sdmmc.c ****     return SDMMC_ERROR_ERASE_SEQ_ERR;
1422:../../STM32Cube_FW_N6/Drivers/STM32N6xx_HAL_Driver/Src/stm32n6xx_ll_sdmmc.c ****   }
1423:../../STM32Cube_FW_N6/Drivers/STM32N6xx_HAL_Driver/Src/stm32n6xx_ll_sdmmc.c ****   else if ((response_r1 & SDMMC_OCR_BAD_ERASE_PARAM) == SDMMC_OCR_BAD_ERASE_PARAM)
1424:../../STM32Cube_FW_N6/Drivers/STM32N6xx_HAL_Driver/Src/stm32n6xx_ll_sdmmc.c ****   {
1425:../../STM32Cube_FW_N6/Drivers/STM32N6xx_HAL_Driver/Src/stm32n6xx_ll_sdmmc.c ****     return SDMMC_ERROR_BAD_ERASE_PARAM;
1426:../../STM32Cube_FW_N6/Drivers/STM32N6xx_HAL_Driver/Src/stm32n6xx_ll_sdmmc.c ****   }
1427:../../STM32Cube_FW_N6/Drivers/STM32N6xx_HAL_Driver/Src/stm32n6xx_ll_sdmmc.c ****   else if ((response_r1 & SDMMC_OCR_WRITE_PROT_VIOLATION) == SDMMC_OCR_WRITE_PROT_VIOLATION)
1428:../../STM32Cube_FW_N6/Drivers/STM32N6xx_HAL_Driver/Src/stm32n6xx_ll_sdmmc.c ****   {
1429:../../STM32Cube_FW_N6/Drivers/STM32N6xx_HAL_Driver/Src/stm32n6xx_ll_sdmmc.c ****     return SDMMC_ERROR_WRITE_PROT_VIOLATION;
1430:../../STM32Cube_FW_N6/Drivers/STM32N6xx_HAL_Driver/Src/stm32n6xx_ll_sdmmc.c ****   }
1431:../../STM32Cube_FW_N6/Drivers/STM32N6xx_HAL_Driver/Src/stm32n6xx_ll_sdmmc.c ****   else if ((response_r1 & SDMMC_OCR_LOCK_UNLOCK_FAILED) == SDMMC_OCR_LOCK_UNLOCK_FAILED)
1432:../../STM32Cube_FW_N6/Drivers/STM32N6xx_HAL_Driver/Src/stm32n6xx_ll_sdmmc.c ****   {
1433:../../STM32Cube_FW_N6/Drivers/STM32N6xx_HAL_Driver/Src/stm32n6xx_ll_sdmmc.c ****     return SDMMC_ERROR_LOCK_UNLOCK_FAILED;
1434:../../STM32Cube_FW_N6/Drivers/STM32N6xx_HAL_Driver/Src/stm32n6xx_ll_sdmmc.c ****   }
1435:../../STM32Cube_FW_N6/Drivers/STM32N6xx_HAL_Driver/Src/stm32n6xx_ll_sdmmc.c ****   else if ((response_r1 & SDMMC_OCR_COM_CRC_FAILED) == SDMMC_OCR_COM_CRC_FAILED)
1436:../../STM32Cube_FW_N6/Drivers/STM32N6xx_HAL_Driver/Src/stm32n6xx_ll_sdmmc.c ****   {
1437:../../STM32Cube_FW_N6/Drivers/STM32N6xx_HAL_Driver/Src/stm32n6xx_ll_sdmmc.c ****     return SDMMC_ERROR_COM_CRC_FAILED;
1438:../../STM32Cube_FW_N6/Drivers/STM32N6xx_HAL_Driver/Src/stm32n6xx_ll_sdmmc.c ****   }
1439:../../STM32Cube_FW_N6/Drivers/STM32N6xx_HAL_Driver/Src/stm32n6xx_ll_sdmmc.c ****   else if ((response_r1 & SDMMC_OCR_ILLEGAL_CMD) == SDMMC_OCR_ILLEGAL_CMD)
1440:../../STM32Cube_FW_N6/Drivers/STM32N6xx_HAL_Driver/Src/stm32n6xx_ll_sdmmc.c ****   {
1441:../../STM32Cube_FW_N6/Drivers/STM32N6xx_HAL_Driver/Src/stm32n6xx_ll_sdmmc.c ****     return SDMMC_ERROR_ILLEGAL_CMD;
1442:../../STM32Cube_FW_N6/Drivers/STM32N6xx_HAL_Driver/Src/stm32n6xx_ll_sdmmc.c ****   }
1443:../../STM32Cube_FW_N6/Drivers/STM32N6xx_HAL_Driver/Src/stm32n6xx_ll_sdmmc.c ****   else if ((response_r1 & SDMMC_OCR_CARD_ECC_FAILED) == SDMMC_OCR_CARD_ECC_FAILED)
1444:../../STM32Cube_FW_N6/Drivers/STM32N6xx_HAL_Driver/Src/stm32n6xx_ll_sdmmc.c ****   {
1445:../../STM32Cube_FW_N6/Drivers/STM32N6xx_HAL_Driver/Src/stm32n6xx_ll_sdmmc.c ****     return SDMMC_ERROR_CARD_ECC_FAILED;
1446:../../STM32Cube_FW_N6/Drivers/STM32N6xx_HAL_Driver/Src/stm32n6xx_ll_sdmmc.c ****   }
1447:../../STM32Cube_FW_N6/Drivers/STM32N6xx_HAL_Driver/Src/stm32n6xx_ll_sdmmc.c ****   else if ((response_r1 & SDMMC_OCR_CC_ERROR) == SDMMC_OCR_CC_ERROR)
1448:../../STM32Cube_FW_N6/Drivers/STM32N6xx_HAL_Driver/Src/stm32n6xx_ll_sdmmc.c ****   {
1449:../../STM32Cube_FW_N6/Drivers/STM32N6xx_HAL_Driver/Src/stm32n6xx_ll_sdmmc.c ****     return SDMMC_ERROR_CC_ERR;
1450:../../STM32Cube_FW_N6/Drivers/STM32N6xx_HAL_Driver/Src/stm32n6xx_ll_sdmmc.c ****   }
1451:../../STM32Cube_FW_N6/Drivers/STM32N6xx_HAL_Driver/Src/stm32n6xx_ll_sdmmc.c ****   else if ((response_r1 & SDMMC_OCR_STREAM_READ_UNDERRUN) == SDMMC_OCR_STREAM_READ_UNDERRUN)
ARM GAS  C:\Users\Antonio\AppData\Local\Temp\cc9FRrj5.s 			page 42


1452:../../STM32Cube_FW_N6/Drivers/STM32N6xx_HAL_Driver/Src/stm32n6xx_ll_sdmmc.c ****   {
1453:../../STM32Cube_FW_N6/Drivers/STM32N6xx_HAL_Driver/Src/stm32n6xx_ll_sdmmc.c ****     return SDMMC_ERROR_STREAM_READ_UNDERRUN;
1454:../../STM32Cube_FW_N6/Drivers/STM32N6xx_HAL_Driver/Src/stm32n6xx_ll_sdmmc.c ****   }
1455:../../STM32Cube_FW_N6/Drivers/STM32N6xx_HAL_Driver/Src/stm32n6xx_ll_sdmmc.c ****   else if ((response_r1 & SDMMC_OCR_STREAM_WRITE_OVERRUN) == SDMMC_OCR_STREAM_WRITE_OVERRUN)
1456:../../STM32Cube_FW_N6/Drivers/STM32N6xx_HAL_Driver/Src/stm32n6xx_ll_sdmmc.c ****   {
1457:../../STM32Cube_FW_N6/Drivers/STM32N6xx_HAL_Driver/Src/stm32n6xx_ll_sdmmc.c ****     return SDMMC_ERROR_STREAM_WRITE_OVERRUN;
1458:../../STM32Cube_FW_N6/Drivers/STM32N6xx_HAL_Driver/Src/stm32n6xx_ll_sdmmc.c ****   }
1459:../../STM32Cube_FW_N6/Drivers/STM32N6xx_HAL_Driver/Src/stm32n6xx_ll_sdmmc.c ****   else if ((response_r1 & SDMMC_OCR_CID_CSD_OVERWRITE) == SDMMC_OCR_CID_CSD_OVERWRITE)
1460:../../STM32Cube_FW_N6/Drivers/STM32N6xx_HAL_Driver/Src/stm32n6xx_ll_sdmmc.c ****   {
1461:../../STM32Cube_FW_N6/Drivers/STM32N6xx_HAL_Driver/Src/stm32n6xx_ll_sdmmc.c ****     return SDMMC_ERROR_CID_CSD_OVERWRITE;
1462:../../STM32Cube_FW_N6/Drivers/STM32N6xx_HAL_Driver/Src/stm32n6xx_ll_sdmmc.c ****   }
1463:../../STM32Cube_FW_N6/Drivers/STM32N6xx_HAL_Driver/Src/stm32n6xx_ll_sdmmc.c ****   else if ((response_r1 & SDMMC_OCR_WP_ERASE_SKIP) == SDMMC_OCR_WP_ERASE_SKIP)
1464:../../STM32Cube_FW_N6/Drivers/STM32N6xx_HAL_Driver/Src/stm32n6xx_ll_sdmmc.c ****   {
1465:../../STM32Cube_FW_N6/Drivers/STM32N6xx_HAL_Driver/Src/stm32n6xx_ll_sdmmc.c ****     return SDMMC_ERROR_WP_ERASE_SKIP;
1466:../../STM32Cube_FW_N6/Drivers/STM32N6xx_HAL_Driver/Src/stm32n6xx_ll_sdmmc.c ****   }
1467:../../STM32Cube_FW_N6/Drivers/STM32N6xx_HAL_Driver/Src/stm32n6xx_ll_sdmmc.c ****   else if ((response_r1 & SDMMC_OCR_CARD_ECC_DISABLED) == SDMMC_OCR_CARD_ECC_DISABLED)
1468:../../STM32Cube_FW_N6/Drivers/STM32N6xx_HAL_Driver/Src/stm32n6xx_ll_sdmmc.c ****   {
1469:../../STM32Cube_FW_N6/Drivers/STM32N6xx_HAL_Driver/Src/stm32n6xx_ll_sdmmc.c ****     return SDMMC_ERROR_CARD_ECC_DISABLED;
1470:../../STM32Cube_FW_N6/Drivers/STM32N6xx_HAL_Driver/Src/stm32n6xx_ll_sdmmc.c ****   }
1471:../../STM32Cube_FW_N6/Drivers/STM32N6xx_HAL_Driver/Src/stm32n6xx_ll_sdmmc.c ****   else if ((response_r1 & SDMMC_OCR_ERASE_RESET) == SDMMC_OCR_ERASE_RESET)
1472:../../STM32Cube_FW_N6/Drivers/STM32N6xx_HAL_Driver/Src/stm32n6xx_ll_sdmmc.c ****   {
1473:../../STM32Cube_FW_N6/Drivers/STM32N6xx_HAL_Driver/Src/stm32n6xx_ll_sdmmc.c ****     return SDMMC_ERROR_ERASE_RESET;
1474:../../STM32Cube_FW_N6/Drivers/STM32N6xx_HAL_Driver/Src/stm32n6xx_ll_sdmmc.c ****   }
1475:../../STM32Cube_FW_N6/Drivers/STM32N6xx_HAL_Driver/Src/stm32n6xx_ll_sdmmc.c ****   else if ((response_r1 & SDMMC_OCR_AKE_SEQ_ERROR) == SDMMC_OCR_AKE_SEQ_ERROR)
1476:../../STM32Cube_FW_N6/Drivers/STM32N6xx_HAL_Driver/Src/stm32n6xx_ll_sdmmc.c ****   {
1477:../../STM32Cube_FW_N6/Drivers/STM32N6xx_HAL_Driver/Src/stm32n6xx_ll_sdmmc.c ****     return SDMMC_ERROR_AKE_SEQ_ERR;
1478:../../STM32Cube_FW_N6/Drivers/STM32N6xx_HAL_Driver/Src/stm32n6xx_ll_sdmmc.c ****   }
1479:../../STM32Cube_FW_N6/Drivers/STM32N6xx_HAL_Driver/Src/stm32n6xx_ll_sdmmc.c ****   else
1480:../../STM32Cube_FW_N6/Drivers/STM32N6xx_HAL_Driver/Src/stm32n6xx_ll_sdmmc.c ****   {
1481:../../STM32Cube_FW_N6/Drivers/STM32N6xx_HAL_Driver/Src/stm32n6xx_ll_sdmmc.c ****     return SDMMC_ERROR_GENERAL_UNKNOWN_ERR;
1482:../../STM32Cube_FW_N6/Drivers/STM32N6xx_HAL_Driver/Src/stm32n6xx_ll_sdmmc.c ****   }
1483:../../STM32Cube_FW_N6/Drivers/STM32N6xx_HAL_Driver/Src/stm32n6xx_ll_sdmmc.c **** }
1484:../../STM32Cube_FW_N6/Drivers/STM32N6xx_HAL_Driver/Src/stm32n6xx_ll_sdmmc.c **** 
1485:../../STM32Cube_FW_N6/Drivers/STM32N6xx_HAL_Driver/Src/stm32n6xx_ll_sdmmc.c **** /**
1486:../../STM32Cube_FW_N6/Drivers/STM32N6xx_HAL_Driver/Src/stm32n6xx_ll_sdmmc.c ****   * @brief  Checks for error conditions for R2 (CID or CSD) response.
1487:../../STM32Cube_FW_N6/Drivers/STM32N6xx_HAL_Driver/Src/stm32n6xx_ll_sdmmc.c ****   * @param  hsd: SD handle
1488:../../STM32Cube_FW_N6/Drivers/STM32N6xx_HAL_Driver/Src/stm32n6xx_ll_sdmmc.c ****   * @retval SD Card error state
1489:../../STM32Cube_FW_N6/Drivers/STM32N6xx_HAL_Driver/Src/stm32n6xx_ll_sdmmc.c ****   */
1490:../../STM32Cube_FW_N6/Drivers/STM32N6xx_HAL_Driver/Src/stm32n6xx_ll_sdmmc.c **** uint32_t SDMMC_GetCmdResp2(SDMMC_TypeDef *SDMMCx)
1491:../../STM32Cube_FW_N6/Drivers/STM32N6xx_HAL_Driver/Src/stm32n6xx_ll_sdmmc.c **** {
1492:../../STM32Cube_FW_N6/Drivers/STM32N6xx_HAL_Driver/Src/stm32n6xx_ll_sdmmc.c ****   uint32_t sta_reg;
1493:../../STM32Cube_FW_N6/Drivers/STM32N6xx_HAL_Driver/Src/stm32n6xx_ll_sdmmc.c ****   /* 8 is the number of required instructions cycles for the below loop statement.
1494:../../STM32Cube_FW_N6/Drivers/STM32N6xx_HAL_Driver/Src/stm32n6xx_ll_sdmmc.c ****   The SDMMC_CMDTIMEOUT is expressed in ms */
1495:../../STM32Cube_FW_N6/Drivers/STM32N6xx_HAL_Driver/Src/stm32n6xx_ll_sdmmc.c ****   uint32_t count = SDMMC_CMDTIMEOUT * (SystemCoreClock / 8U / 1000U);
1496:../../STM32Cube_FW_N6/Drivers/STM32N6xx_HAL_Driver/Src/stm32n6xx_ll_sdmmc.c **** 
1497:../../STM32Cube_FW_N6/Drivers/STM32N6xx_HAL_Driver/Src/stm32n6xx_ll_sdmmc.c ****   do
1498:../../STM32Cube_FW_N6/Drivers/STM32N6xx_HAL_Driver/Src/stm32n6xx_ll_sdmmc.c ****   {
1499:../../STM32Cube_FW_N6/Drivers/STM32N6xx_HAL_Driver/Src/stm32n6xx_ll_sdmmc.c ****     if (count-- == 0U)
1500:../../STM32Cube_FW_N6/Drivers/STM32N6xx_HAL_Driver/Src/stm32n6xx_ll_sdmmc.c ****     {
1501:../../STM32Cube_FW_N6/Drivers/STM32N6xx_HAL_Driver/Src/stm32n6xx_ll_sdmmc.c ****       return SDMMC_ERROR_TIMEOUT;
1502:../../STM32Cube_FW_N6/Drivers/STM32N6xx_HAL_Driver/Src/stm32n6xx_ll_sdmmc.c ****     }
1503:../../STM32Cube_FW_N6/Drivers/STM32N6xx_HAL_Driver/Src/stm32n6xx_ll_sdmmc.c ****     sta_reg = SDMMCx->STA;
1504:../../STM32Cube_FW_N6/Drivers/STM32N6xx_HAL_Driver/Src/stm32n6xx_ll_sdmmc.c ****   } while (((sta_reg & (SDMMC_FLAG_CCRCFAIL | SDMMC_FLAG_CMDREND | SDMMC_FLAG_CTIMEOUT)) == 0U) ||
1505:../../STM32Cube_FW_N6/Drivers/STM32N6xx_HAL_Driver/Src/stm32n6xx_ll_sdmmc.c ****            ((sta_reg & SDMMC_FLAG_CMDACT) != 0U));
1506:../../STM32Cube_FW_N6/Drivers/STM32N6xx_HAL_Driver/Src/stm32n6xx_ll_sdmmc.c **** 
1507:../../STM32Cube_FW_N6/Drivers/STM32N6xx_HAL_Driver/Src/stm32n6xx_ll_sdmmc.c ****   if (__SDMMC_GET_FLAG(SDMMCx, SDMMC_FLAG_CTIMEOUT))
1508:../../STM32Cube_FW_N6/Drivers/STM32N6xx_HAL_Driver/Src/stm32n6xx_ll_sdmmc.c ****   {
ARM GAS  C:\Users\Antonio\AppData\Local\Temp\cc9FRrj5.s 			page 43


1509:../../STM32Cube_FW_N6/Drivers/STM32N6xx_HAL_Driver/Src/stm32n6xx_ll_sdmmc.c ****     __SDMMC_CLEAR_FLAG(SDMMCx, SDMMC_FLAG_CTIMEOUT);
1510:../../STM32Cube_FW_N6/Drivers/STM32N6xx_HAL_Driver/Src/stm32n6xx_ll_sdmmc.c **** 
1511:../../STM32Cube_FW_N6/Drivers/STM32N6xx_HAL_Driver/Src/stm32n6xx_ll_sdmmc.c ****     return SDMMC_ERROR_CMD_RSP_TIMEOUT;
1512:../../STM32Cube_FW_N6/Drivers/STM32N6xx_HAL_Driver/Src/stm32n6xx_ll_sdmmc.c ****   }
1513:../../STM32Cube_FW_N6/Drivers/STM32N6xx_HAL_Driver/Src/stm32n6xx_ll_sdmmc.c ****   else if (__SDMMC_GET_FLAG(SDMMCx, SDMMC_FLAG_CCRCFAIL))
1514:../../STM32Cube_FW_N6/Drivers/STM32N6xx_HAL_Driver/Src/stm32n6xx_ll_sdmmc.c ****   {
1515:../../STM32Cube_FW_N6/Drivers/STM32N6xx_HAL_Driver/Src/stm32n6xx_ll_sdmmc.c ****     __SDMMC_CLEAR_FLAG(SDMMCx, SDMMC_FLAG_CCRCFAIL);
1516:../../STM32Cube_FW_N6/Drivers/STM32N6xx_HAL_Driver/Src/stm32n6xx_ll_sdmmc.c **** 
1517:../../STM32Cube_FW_N6/Drivers/STM32N6xx_HAL_Driver/Src/stm32n6xx_ll_sdmmc.c ****     return SDMMC_ERROR_CMD_CRC_FAIL;
1518:../../STM32Cube_FW_N6/Drivers/STM32N6xx_HAL_Driver/Src/stm32n6xx_ll_sdmmc.c ****   }
1519:../../STM32Cube_FW_N6/Drivers/STM32N6xx_HAL_Driver/Src/stm32n6xx_ll_sdmmc.c ****   else
1520:../../STM32Cube_FW_N6/Drivers/STM32N6xx_HAL_Driver/Src/stm32n6xx_ll_sdmmc.c ****   {
1521:../../STM32Cube_FW_N6/Drivers/STM32N6xx_HAL_Driver/Src/stm32n6xx_ll_sdmmc.c ****     /* No error flag set */
1522:../../STM32Cube_FW_N6/Drivers/STM32N6xx_HAL_Driver/Src/stm32n6xx_ll_sdmmc.c ****     /* Clear all the static flags */
1523:../../STM32Cube_FW_N6/Drivers/STM32N6xx_HAL_Driver/Src/stm32n6xx_ll_sdmmc.c ****     __SDMMC_CLEAR_FLAG(SDMMCx, SDMMC_STATIC_CMD_FLAGS);
1524:../../STM32Cube_FW_N6/Drivers/STM32N6xx_HAL_Driver/Src/stm32n6xx_ll_sdmmc.c ****   }
1525:../../STM32Cube_FW_N6/Drivers/STM32N6xx_HAL_Driver/Src/stm32n6xx_ll_sdmmc.c **** 
1526:../../STM32Cube_FW_N6/Drivers/STM32N6xx_HAL_Driver/Src/stm32n6xx_ll_sdmmc.c ****   return SDMMC_ERROR_NONE;
1527:../../STM32Cube_FW_N6/Drivers/STM32N6xx_HAL_Driver/Src/stm32n6xx_ll_sdmmc.c **** }
1528:../../STM32Cube_FW_N6/Drivers/STM32N6xx_HAL_Driver/Src/stm32n6xx_ll_sdmmc.c **** 
1529:../../STM32Cube_FW_N6/Drivers/STM32N6xx_HAL_Driver/Src/stm32n6xx_ll_sdmmc.c **** /**
1530:../../STM32Cube_FW_N6/Drivers/STM32N6xx_HAL_Driver/Src/stm32n6xx_ll_sdmmc.c ****   * @brief  Checks for error conditions for R3 (OCR) response.
1531:../../STM32Cube_FW_N6/Drivers/STM32N6xx_HAL_Driver/Src/stm32n6xx_ll_sdmmc.c ****   * @param  hsd: SD handle
1532:../../STM32Cube_FW_N6/Drivers/STM32N6xx_HAL_Driver/Src/stm32n6xx_ll_sdmmc.c ****   * @retval SD Card error state
1533:../../STM32Cube_FW_N6/Drivers/STM32N6xx_HAL_Driver/Src/stm32n6xx_ll_sdmmc.c ****   */
1534:../../STM32Cube_FW_N6/Drivers/STM32N6xx_HAL_Driver/Src/stm32n6xx_ll_sdmmc.c **** uint32_t SDMMC_GetCmdResp3(SDMMC_TypeDef *SDMMCx)
1535:../../STM32Cube_FW_N6/Drivers/STM32N6xx_HAL_Driver/Src/stm32n6xx_ll_sdmmc.c **** {
1536:../../STM32Cube_FW_N6/Drivers/STM32N6xx_HAL_Driver/Src/stm32n6xx_ll_sdmmc.c ****   uint32_t sta_reg;
1537:../../STM32Cube_FW_N6/Drivers/STM32N6xx_HAL_Driver/Src/stm32n6xx_ll_sdmmc.c ****   /* 8 is the number of required instructions cycles for the below loop statement.
1538:../../STM32Cube_FW_N6/Drivers/STM32N6xx_HAL_Driver/Src/stm32n6xx_ll_sdmmc.c ****   The SDMMC_CMDTIMEOUT is expressed in ms */
1539:../../STM32Cube_FW_N6/Drivers/STM32N6xx_HAL_Driver/Src/stm32n6xx_ll_sdmmc.c ****   uint32_t count = SDMMC_CMDTIMEOUT * (SystemCoreClock / 8U / 1000U);
1540:../../STM32Cube_FW_N6/Drivers/STM32N6xx_HAL_Driver/Src/stm32n6xx_ll_sdmmc.c **** 
1541:../../STM32Cube_FW_N6/Drivers/STM32N6xx_HAL_Driver/Src/stm32n6xx_ll_sdmmc.c ****   do
1542:../../STM32Cube_FW_N6/Drivers/STM32N6xx_HAL_Driver/Src/stm32n6xx_ll_sdmmc.c ****   {
1543:../../STM32Cube_FW_N6/Drivers/STM32N6xx_HAL_Driver/Src/stm32n6xx_ll_sdmmc.c ****     if (count-- == 0U)
1544:../../STM32Cube_FW_N6/Drivers/STM32N6xx_HAL_Driver/Src/stm32n6xx_ll_sdmmc.c ****     {
1545:../../STM32Cube_FW_N6/Drivers/STM32N6xx_HAL_Driver/Src/stm32n6xx_ll_sdmmc.c ****       return SDMMC_ERROR_TIMEOUT;
1546:../../STM32Cube_FW_N6/Drivers/STM32N6xx_HAL_Driver/Src/stm32n6xx_ll_sdmmc.c ****     }
1547:../../STM32Cube_FW_N6/Drivers/STM32N6xx_HAL_Driver/Src/stm32n6xx_ll_sdmmc.c ****     sta_reg = SDMMCx->STA;
1548:../../STM32Cube_FW_N6/Drivers/STM32N6xx_HAL_Driver/Src/stm32n6xx_ll_sdmmc.c ****   } while (((sta_reg & (SDMMC_FLAG_CCRCFAIL | SDMMC_FLAG_CMDREND | SDMMC_FLAG_CTIMEOUT)) == 0U) ||
1549:../../STM32Cube_FW_N6/Drivers/STM32N6xx_HAL_Driver/Src/stm32n6xx_ll_sdmmc.c ****            ((sta_reg & SDMMC_FLAG_CMDACT) != 0U));
1550:../../STM32Cube_FW_N6/Drivers/STM32N6xx_HAL_Driver/Src/stm32n6xx_ll_sdmmc.c **** 
1551:../../STM32Cube_FW_N6/Drivers/STM32N6xx_HAL_Driver/Src/stm32n6xx_ll_sdmmc.c ****   if (__SDMMC_GET_FLAG(SDMMCx, SDMMC_FLAG_CTIMEOUT))
1552:../../STM32Cube_FW_N6/Drivers/STM32N6xx_HAL_Driver/Src/stm32n6xx_ll_sdmmc.c ****   {
1553:../../STM32Cube_FW_N6/Drivers/STM32N6xx_HAL_Driver/Src/stm32n6xx_ll_sdmmc.c ****     __SDMMC_CLEAR_FLAG(SDMMCx, SDMMC_FLAG_CTIMEOUT);
1554:../../STM32Cube_FW_N6/Drivers/STM32N6xx_HAL_Driver/Src/stm32n6xx_ll_sdmmc.c **** 
1555:../../STM32Cube_FW_N6/Drivers/STM32N6xx_HAL_Driver/Src/stm32n6xx_ll_sdmmc.c ****     return SDMMC_ERROR_CMD_RSP_TIMEOUT;
1556:../../STM32Cube_FW_N6/Drivers/STM32N6xx_HAL_Driver/Src/stm32n6xx_ll_sdmmc.c ****   }
1557:../../STM32Cube_FW_N6/Drivers/STM32N6xx_HAL_Driver/Src/stm32n6xx_ll_sdmmc.c ****   else
1558:../../STM32Cube_FW_N6/Drivers/STM32N6xx_HAL_Driver/Src/stm32n6xx_ll_sdmmc.c ****   {
1559:../../STM32Cube_FW_N6/Drivers/STM32N6xx_HAL_Driver/Src/stm32n6xx_ll_sdmmc.c ****     /* Clear all the static flags */
1560:../../STM32Cube_FW_N6/Drivers/STM32N6xx_HAL_Driver/Src/stm32n6xx_ll_sdmmc.c ****     __SDMMC_CLEAR_FLAG(SDMMCx, SDMMC_STATIC_CMD_FLAGS);
1561:../../STM32Cube_FW_N6/Drivers/STM32N6xx_HAL_Driver/Src/stm32n6xx_ll_sdmmc.c ****   }
1562:../../STM32Cube_FW_N6/Drivers/STM32N6xx_HAL_Driver/Src/stm32n6xx_ll_sdmmc.c **** 
1563:../../STM32Cube_FW_N6/Drivers/STM32N6xx_HAL_Driver/Src/stm32n6xx_ll_sdmmc.c ****   return SDMMC_ERROR_NONE;
1564:../../STM32Cube_FW_N6/Drivers/STM32N6xx_HAL_Driver/Src/stm32n6xx_ll_sdmmc.c **** }
1565:../../STM32Cube_FW_N6/Drivers/STM32N6xx_HAL_Driver/Src/stm32n6xx_ll_sdmmc.c **** 
ARM GAS  C:\Users\Antonio\AppData\Local\Temp\cc9FRrj5.s 			page 44


1566:../../STM32Cube_FW_N6/Drivers/STM32N6xx_HAL_Driver/Src/stm32n6xx_ll_sdmmc.c **** /**
1567:../../STM32Cube_FW_N6/Drivers/STM32N6xx_HAL_Driver/Src/stm32n6xx_ll_sdmmc.c ****   * @brief  Checks for error conditions for R4 response.
1568:../../STM32Cube_FW_N6/Drivers/STM32N6xx_HAL_Driver/Src/stm32n6xx_ll_sdmmc.c ****   * @param  SDMMCx: Pointer to SDMMC register base
1569:../../STM32Cube_FW_N6/Drivers/STM32N6xx_HAL_Driver/Src/stm32n6xx_ll_sdmmc.c ****   * @param  pResp: pointer to response
1570:../../STM32Cube_FW_N6/Drivers/STM32N6xx_HAL_Driver/Src/stm32n6xx_ll_sdmmc.c ****   * @retval error state
1571:../../STM32Cube_FW_N6/Drivers/STM32N6xx_HAL_Driver/Src/stm32n6xx_ll_sdmmc.c ****   */
1572:../../STM32Cube_FW_N6/Drivers/STM32N6xx_HAL_Driver/Src/stm32n6xx_ll_sdmmc.c **** uint32_t SDMMC_GetCmdResp4(SDMMC_TypeDef *SDMMCx, uint32_t *pResp)
1573:../../STM32Cube_FW_N6/Drivers/STM32N6xx_HAL_Driver/Src/stm32n6xx_ll_sdmmc.c **** {
1574:../../STM32Cube_FW_N6/Drivers/STM32N6xx_HAL_Driver/Src/stm32n6xx_ll_sdmmc.c ****   uint32_t sta_reg;
1575:../../STM32Cube_FW_N6/Drivers/STM32N6xx_HAL_Driver/Src/stm32n6xx_ll_sdmmc.c **** 
1576:../../STM32Cube_FW_N6/Drivers/STM32N6xx_HAL_Driver/Src/stm32n6xx_ll_sdmmc.c ****   /* 8 is the number of required instructions cycles for the below loop statement.
1577:../../STM32Cube_FW_N6/Drivers/STM32N6xx_HAL_Driver/Src/stm32n6xx_ll_sdmmc.c ****   The SDMMC_CMDTIMEOUT is expressed in ms */
1578:../../STM32Cube_FW_N6/Drivers/STM32N6xx_HAL_Driver/Src/stm32n6xx_ll_sdmmc.c ****   uint32_t count = SDMMC_CMDTIMEOUT * (SystemCoreClock / 8U / 1000U);
1579:../../STM32Cube_FW_N6/Drivers/STM32N6xx_HAL_Driver/Src/stm32n6xx_ll_sdmmc.c **** 
1580:../../STM32Cube_FW_N6/Drivers/STM32N6xx_HAL_Driver/Src/stm32n6xx_ll_sdmmc.c ****   do
1581:../../STM32Cube_FW_N6/Drivers/STM32N6xx_HAL_Driver/Src/stm32n6xx_ll_sdmmc.c ****   {
1582:../../STM32Cube_FW_N6/Drivers/STM32N6xx_HAL_Driver/Src/stm32n6xx_ll_sdmmc.c ****     if (count-- == 0U)
1583:../../STM32Cube_FW_N6/Drivers/STM32N6xx_HAL_Driver/Src/stm32n6xx_ll_sdmmc.c ****     {
1584:../../STM32Cube_FW_N6/Drivers/STM32N6xx_HAL_Driver/Src/stm32n6xx_ll_sdmmc.c ****       return SDMMC_ERROR_TIMEOUT;
1585:../../STM32Cube_FW_N6/Drivers/STM32N6xx_HAL_Driver/Src/stm32n6xx_ll_sdmmc.c ****     }
1586:../../STM32Cube_FW_N6/Drivers/STM32N6xx_HAL_Driver/Src/stm32n6xx_ll_sdmmc.c ****     sta_reg = SDMMCx->STA;
1587:../../STM32Cube_FW_N6/Drivers/STM32N6xx_HAL_Driver/Src/stm32n6xx_ll_sdmmc.c ****   } while (((sta_reg & (SDMMC_FLAG_CCRCFAIL | SDMMC_FLAG_CMDREND | SDMMC_FLAG_CTIMEOUT)) == 0U) ||
1588:../../STM32Cube_FW_N6/Drivers/STM32N6xx_HAL_Driver/Src/stm32n6xx_ll_sdmmc.c ****            ((sta_reg & SDMMC_FLAG_CMDACT) != 0U));
1589:../../STM32Cube_FW_N6/Drivers/STM32N6xx_HAL_Driver/Src/stm32n6xx_ll_sdmmc.c **** 
1590:../../STM32Cube_FW_N6/Drivers/STM32N6xx_HAL_Driver/Src/stm32n6xx_ll_sdmmc.c ****   if (__SDMMC_GET_FLAG(SDMMCx, SDMMC_FLAG_CTIMEOUT))
1591:../../STM32Cube_FW_N6/Drivers/STM32N6xx_HAL_Driver/Src/stm32n6xx_ll_sdmmc.c ****   {
1592:../../STM32Cube_FW_N6/Drivers/STM32N6xx_HAL_Driver/Src/stm32n6xx_ll_sdmmc.c ****     __SDMMC_CLEAR_FLAG(SDMMCx, SDMMC_FLAG_CTIMEOUT);
1593:../../STM32Cube_FW_N6/Drivers/STM32N6xx_HAL_Driver/Src/stm32n6xx_ll_sdmmc.c **** 
1594:../../STM32Cube_FW_N6/Drivers/STM32N6xx_HAL_Driver/Src/stm32n6xx_ll_sdmmc.c ****     return SDMMC_ERROR_CMD_RSP_TIMEOUT;
1595:../../STM32Cube_FW_N6/Drivers/STM32N6xx_HAL_Driver/Src/stm32n6xx_ll_sdmmc.c ****   }
1596:../../STM32Cube_FW_N6/Drivers/STM32N6xx_HAL_Driver/Src/stm32n6xx_ll_sdmmc.c ****   else
1597:../../STM32Cube_FW_N6/Drivers/STM32N6xx_HAL_Driver/Src/stm32n6xx_ll_sdmmc.c ****   {
1598:../../STM32Cube_FW_N6/Drivers/STM32N6xx_HAL_Driver/Src/stm32n6xx_ll_sdmmc.c ****     /* Clear all the static flags */
1599:../../STM32Cube_FW_N6/Drivers/STM32N6xx_HAL_Driver/Src/stm32n6xx_ll_sdmmc.c ****     __SDMMC_CLEAR_FLAG(SDMMCx, SDMMC_STATIC_CMD_FLAGS);
1600:../../STM32Cube_FW_N6/Drivers/STM32N6xx_HAL_Driver/Src/stm32n6xx_ll_sdmmc.c ****   }
1601:../../STM32Cube_FW_N6/Drivers/STM32N6xx_HAL_Driver/Src/stm32n6xx_ll_sdmmc.c **** 
1602:../../STM32Cube_FW_N6/Drivers/STM32N6xx_HAL_Driver/Src/stm32n6xx_ll_sdmmc.c ****   /* Clear all the static flags */
1603:../../STM32Cube_FW_N6/Drivers/STM32N6xx_HAL_Driver/Src/stm32n6xx_ll_sdmmc.c ****   __SDMMC_CLEAR_FLAG(SDMMCx, SDMMC_STATIC_CMD_FLAGS);
1604:../../STM32Cube_FW_N6/Drivers/STM32N6xx_HAL_Driver/Src/stm32n6xx_ll_sdmmc.c **** 
1605:../../STM32Cube_FW_N6/Drivers/STM32N6xx_HAL_Driver/Src/stm32n6xx_ll_sdmmc.c ****   /* We have received response, retrieve it.  */
1606:../../STM32Cube_FW_N6/Drivers/STM32N6xx_HAL_Driver/Src/stm32n6xx_ll_sdmmc.c ****   *pResp = SDMMC_GetResponse(SDMMCx, SDMMC_RESP1);
1607:../../STM32Cube_FW_N6/Drivers/STM32N6xx_HAL_Driver/Src/stm32n6xx_ll_sdmmc.c **** 
1608:../../STM32Cube_FW_N6/Drivers/STM32N6xx_HAL_Driver/Src/stm32n6xx_ll_sdmmc.c ****   return SDMMC_ERROR_NONE;
1609:../../STM32Cube_FW_N6/Drivers/STM32N6xx_HAL_Driver/Src/stm32n6xx_ll_sdmmc.c **** }
1610:../../STM32Cube_FW_N6/Drivers/STM32N6xx_HAL_Driver/Src/stm32n6xx_ll_sdmmc.c **** 
1611:../../STM32Cube_FW_N6/Drivers/STM32N6xx_HAL_Driver/Src/stm32n6xx_ll_sdmmc.c **** /**
1612:../../STM32Cube_FW_N6/Drivers/STM32N6xx_HAL_Driver/Src/stm32n6xx_ll_sdmmc.c ****   * @brief  Checks for error conditions for R5 (cmd52/cmd53) response.
1613:../../STM32Cube_FW_N6/Drivers/STM32N6xx_HAL_Driver/Src/stm32n6xx_ll_sdmmc.c ****   * @param  SDMMCx: Pointer to SDMMC register base
1614:../../STM32Cube_FW_N6/Drivers/STM32N6xx_HAL_Driver/Src/stm32n6xx_ll_sdmmc.c ****   * @param  SDIO_CMD: The sent command index
1615:../../STM32Cube_FW_N6/Drivers/STM32N6xx_HAL_Driver/Src/stm32n6xx_ll_sdmmc.c ****   * @param  pData: pointer to the read/write buffer needed for cmd52
1616:../../STM32Cube_FW_N6/Drivers/STM32N6xx_HAL_Driver/Src/stm32n6xx_ll_sdmmc.c ****   * @retval SDIO Card error state
1617:../../STM32Cube_FW_N6/Drivers/STM32N6xx_HAL_Driver/Src/stm32n6xx_ll_sdmmc.c ****   */
1618:../../STM32Cube_FW_N6/Drivers/STM32N6xx_HAL_Driver/Src/stm32n6xx_ll_sdmmc.c **** uint32_t SDMMC_GetCmdResp5(SDMMC_TypeDef *SDMMCx, uint8_t SDIO_CMD, uint8_t *pData)
1619:../../STM32Cube_FW_N6/Drivers/STM32N6xx_HAL_Driver/Src/stm32n6xx_ll_sdmmc.c **** {
1620:../../STM32Cube_FW_N6/Drivers/STM32N6xx_HAL_Driver/Src/stm32n6xx_ll_sdmmc.c ****   uint32_t response_r5;
1621:../../STM32Cube_FW_N6/Drivers/STM32N6xx_HAL_Driver/Src/stm32n6xx_ll_sdmmc.c ****   uint32_t sta_reg;
1622:../../STM32Cube_FW_N6/Drivers/STM32N6xx_HAL_Driver/Src/stm32n6xx_ll_sdmmc.c **** 
ARM GAS  C:\Users\Antonio\AppData\Local\Temp\cc9FRrj5.s 			page 45


1623:../../STM32Cube_FW_N6/Drivers/STM32N6xx_HAL_Driver/Src/stm32n6xx_ll_sdmmc.c ****   /* 8 is the number of required instructions cycles for the below loop statement.
1624:../../STM32Cube_FW_N6/Drivers/STM32N6xx_HAL_Driver/Src/stm32n6xx_ll_sdmmc.c ****   The SDMMC_CMDTIMEOUT is expressed in ms */
1625:../../STM32Cube_FW_N6/Drivers/STM32N6xx_HAL_Driver/Src/stm32n6xx_ll_sdmmc.c ****   uint32_t count = SDMMC_CMDTIMEOUT * (SystemCoreClock / 8U / 1000U);
1626:../../STM32Cube_FW_N6/Drivers/STM32N6xx_HAL_Driver/Src/stm32n6xx_ll_sdmmc.c **** 
1627:../../STM32Cube_FW_N6/Drivers/STM32N6xx_HAL_Driver/Src/stm32n6xx_ll_sdmmc.c ****   do
1628:../../STM32Cube_FW_N6/Drivers/STM32N6xx_HAL_Driver/Src/stm32n6xx_ll_sdmmc.c ****   {
1629:../../STM32Cube_FW_N6/Drivers/STM32N6xx_HAL_Driver/Src/stm32n6xx_ll_sdmmc.c ****     if (count-- == 0U)
1630:../../STM32Cube_FW_N6/Drivers/STM32N6xx_HAL_Driver/Src/stm32n6xx_ll_sdmmc.c ****     {
1631:../../STM32Cube_FW_N6/Drivers/STM32N6xx_HAL_Driver/Src/stm32n6xx_ll_sdmmc.c ****       return SDMMC_ERROR_TIMEOUT;
1632:../../STM32Cube_FW_N6/Drivers/STM32N6xx_HAL_Driver/Src/stm32n6xx_ll_sdmmc.c ****     }
1633:../../STM32Cube_FW_N6/Drivers/STM32N6xx_HAL_Driver/Src/stm32n6xx_ll_sdmmc.c ****     sta_reg = SDMMCx->STA;
1634:../../STM32Cube_FW_N6/Drivers/STM32N6xx_HAL_Driver/Src/stm32n6xx_ll_sdmmc.c ****   } while (((sta_reg & (SDMMC_FLAG_CCRCFAIL | SDMMC_FLAG_CMDREND | SDMMC_FLAG_CTIMEOUT)) == 0U) ||
1635:../../STM32Cube_FW_N6/Drivers/STM32N6xx_HAL_Driver/Src/stm32n6xx_ll_sdmmc.c ****            ((sta_reg & SDMMC_FLAG_CMDACT) != 0U));
1636:../../STM32Cube_FW_N6/Drivers/STM32N6xx_HAL_Driver/Src/stm32n6xx_ll_sdmmc.c **** 
1637:../../STM32Cube_FW_N6/Drivers/STM32N6xx_HAL_Driver/Src/stm32n6xx_ll_sdmmc.c ****   if (__SDMMC_GET_FLAG(SDMMCx, SDMMC_FLAG_CTIMEOUT))
1638:../../STM32Cube_FW_N6/Drivers/STM32N6xx_HAL_Driver/Src/stm32n6xx_ll_sdmmc.c ****   {
1639:../../STM32Cube_FW_N6/Drivers/STM32N6xx_HAL_Driver/Src/stm32n6xx_ll_sdmmc.c ****     __SDMMC_CLEAR_FLAG(SDMMCx, SDMMC_FLAG_CTIMEOUT);
1640:../../STM32Cube_FW_N6/Drivers/STM32N6xx_HAL_Driver/Src/stm32n6xx_ll_sdmmc.c **** 
1641:../../STM32Cube_FW_N6/Drivers/STM32N6xx_HAL_Driver/Src/stm32n6xx_ll_sdmmc.c ****     return SDMMC_ERROR_CMD_RSP_TIMEOUT;
1642:../../STM32Cube_FW_N6/Drivers/STM32N6xx_HAL_Driver/Src/stm32n6xx_ll_sdmmc.c ****   }
1643:../../STM32Cube_FW_N6/Drivers/STM32N6xx_HAL_Driver/Src/stm32n6xx_ll_sdmmc.c ****   else if (__SDMMC_GET_FLAG(SDMMCx, SDMMC_FLAG_CCRCFAIL))
1644:../../STM32Cube_FW_N6/Drivers/STM32N6xx_HAL_Driver/Src/stm32n6xx_ll_sdmmc.c ****   {
1645:../../STM32Cube_FW_N6/Drivers/STM32N6xx_HAL_Driver/Src/stm32n6xx_ll_sdmmc.c ****     __SDMMC_CLEAR_FLAG(SDMMCx, SDMMC_FLAG_CCRCFAIL);
1646:../../STM32Cube_FW_N6/Drivers/STM32N6xx_HAL_Driver/Src/stm32n6xx_ll_sdmmc.c **** 
1647:../../STM32Cube_FW_N6/Drivers/STM32N6xx_HAL_Driver/Src/stm32n6xx_ll_sdmmc.c ****     return SDMMC_ERROR_CMD_CRC_FAIL;
1648:../../STM32Cube_FW_N6/Drivers/STM32N6xx_HAL_Driver/Src/stm32n6xx_ll_sdmmc.c ****   }
1649:../../STM32Cube_FW_N6/Drivers/STM32N6xx_HAL_Driver/Src/stm32n6xx_ll_sdmmc.c ****   else
1650:../../STM32Cube_FW_N6/Drivers/STM32N6xx_HAL_Driver/Src/stm32n6xx_ll_sdmmc.c ****   {
1651:../../STM32Cube_FW_N6/Drivers/STM32N6xx_HAL_Driver/Src/stm32n6xx_ll_sdmmc.c ****     /* Nothing to do */
1652:../../STM32Cube_FW_N6/Drivers/STM32N6xx_HAL_Driver/Src/stm32n6xx_ll_sdmmc.c ****   }
1653:../../STM32Cube_FW_N6/Drivers/STM32N6xx_HAL_Driver/Src/stm32n6xx_ll_sdmmc.c **** 
1654:../../STM32Cube_FW_N6/Drivers/STM32N6xx_HAL_Driver/Src/stm32n6xx_ll_sdmmc.c ****   /* Check response received is of desired command */
1655:../../STM32Cube_FW_N6/Drivers/STM32N6xx_HAL_Driver/Src/stm32n6xx_ll_sdmmc.c ****   if (SDMMC_GetCommandResponse(SDMMCx) != SDIO_CMD)
1656:../../STM32Cube_FW_N6/Drivers/STM32N6xx_HAL_Driver/Src/stm32n6xx_ll_sdmmc.c ****   {
1657:../../STM32Cube_FW_N6/Drivers/STM32N6xx_HAL_Driver/Src/stm32n6xx_ll_sdmmc.c ****     return SDMMC_ERROR_CMD_CRC_FAIL;
1658:../../STM32Cube_FW_N6/Drivers/STM32N6xx_HAL_Driver/Src/stm32n6xx_ll_sdmmc.c ****   }
1659:../../STM32Cube_FW_N6/Drivers/STM32N6xx_HAL_Driver/Src/stm32n6xx_ll_sdmmc.c **** 
1660:../../STM32Cube_FW_N6/Drivers/STM32N6xx_HAL_Driver/Src/stm32n6xx_ll_sdmmc.c ****   /* Clear all the static flags */
1661:../../STM32Cube_FW_N6/Drivers/STM32N6xx_HAL_Driver/Src/stm32n6xx_ll_sdmmc.c ****   __SDMMC_CLEAR_FLAG(SDMMCx, SDMMC_STATIC_CMD_FLAGS);
1662:../../STM32Cube_FW_N6/Drivers/STM32N6xx_HAL_Driver/Src/stm32n6xx_ll_sdmmc.c **** 
1663:../../STM32Cube_FW_N6/Drivers/STM32N6xx_HAL_Driver/Src/stm32n6xx_ll_sdmmc.c ****   /* We have received response, retrieve it.  */
1664:../../STM32Cube_FW_N6/Drivers/STM32N6xx_HAL_Driver/Src/stm32n6xx_ll_sdmmc.c ****   response_r5 = SDMMC_GetResponse(SDMMCx, SDMMC_RESP1);
1665:../../STM32Cube_FW_N6/Drivers/STM32N6xx_HAL_Driver/Src/stm32n6xx_ll_sdmmc.c **** 
1666:../../STM32Cube_FW_N6/Drivers/STM32N6xx_HAL_Driver/Src/stm32n6xx_ll_sdmmc.c ****   if ((response_r5 & SDMMC_SDIO_R5_ERRORBITS) == SDMMC_ALLZERO)
1667:../../STM32Cube_FW_N6/Drivers/STM32N6xx_HAL_Driver/Src/stm32n6xx_ll_sdmmc.c ****   {
1668:../../STM32Cube_FW_N6/Drivers/STM32N6xx_HAL_Driver/Src/stm32n6xx_ll_sdmmc.c ****     /* we only want 8 bit read or write data and the 8 bit response flags are masked in the data po
1669:../../STM32Cube_FW_N6/Drivers/STM32N6xx_HAL_Driver/Src/stm32n6xx_ll_sdmmc.c ****     if (pData != NULL)
1670:../../STM32Cube_FW_N6/Drivers/STM32N6xx_HAL_Driver/Src/stm32n6xx_ll_sdmmc.c ****     {
1671:../../STM32Cube_FW_N6/Drivers/STM32N6xx_HAL_Driver/Src/stm32n6xx_ll_sdmmc.c ****       *pData = (uint8_t)(response_r5 & 0xFFU);
1672:../../STM32Cube_FW_N6/Drivers/STM32N6xx_HAL_Driver/Src/stm32n6xx_ll_sdmmc.c ****     }
1673:../../STM32Cube_FW_N6/Drivers/STM32N6xx_HAL_Driver/Src/stm32n6xx_ll_sdmmc.c **** 
1674:../../STM32Cube_FW_N6/Drivers/STM32N6xx_HAL_Driver/Src/stm32n6xx_ll_sdmmc.c ****     return SDMMC_ERROR_NONE;
1675:../../STM32Cube_FW_N6/Drivers/STM32N6xx_HAL_Driver/Src/stm32n6xx_ll_sdmmc.c ****   }
1676:../../STM32Cube_FW_N6/Drivers/STM32N6xx_HAL_Driver/Src/stm32n6xx_ll_sdmmc.c ****   else if ((response_r5 & SDMMC_SDIO_R5_OUT_OF_RANGE) == SDMMC_SDIO_R5_OUT_OF_RANGE)
1677:../../STM32Cube_FW_N6/Drivers/STM32N6xx_HAL_Driver/Src/stm32n6xx_ll_sdmmc.c ****   {
1678:../../STM32Cube_FW_N6/Drivers/STM32N6xx_HAL_Driver/Src/stm32n6xx_ll_sdmmc.c ****     return SDMMC_ERROR_ADDR_OUT_OF_RANGE;
1679:../../STM32Cube_FW_N6/Drivers/STM32N6xx_HAL_Driver/Src/stm32n6xx_ll_sdmmc.c ****   }
ARM GAS  C:\Users\Antonio\AppData\Local\Temp\cc9FRrj5.s 			page 46


1680:../../STM32Cube_FW_N6/Drivers/STM32N6xx_HAL_Driver/Src/stm32n6xx_ll_sdmmc.c ****   else if ((response_r5 & SDMMC_SDIO_R5_INVALID_FUNCTION_NUMBER) == SDMMC_SDIO_R5_INVALID_FUNCTION_
1681:../../STM32Cube_FW_N6/Drivers/STM32N6xx_HAL_Driver/Src/stm32n6xx_ll_sdmmc.c ****   {
1682:../../STM32Cube_FW_N6/Drivers/STM32N6xx_HAL_Driver/Src/stm32n6xx_ll_sdmmc.c ****     return SDMMC_ERROR_INVALID_PARAMETER;
1683:../../STM32Cube_FW_N6/Drivers/STM32N6xx_HAL_Driver/Src/stm32n6xx_ll_sdmmc.c ****   }
1684:../../STM32Cube_FW_N6/Drivers/STM32N6xx_HAL_Driver/Src/stm32n6xx_ll_sdmmc.c ****   else if ((response_r5 & SDMMC_SDIO_R5_ILLEGAL_CMD) == SDMMC_SDIO_R5_ILLEGAL_CMD)
1685:../../STM32Cube_FW_N6/Drivers/STM32N6xx_HAL_Driver/Src/stm32n6xx_ll_sdmmc.c ****   {
1686:../../STM32Cube_FW_N6/Drivers/STM32N6xx_HAL_Driver/Src/stm32n6xx_ll_sdmmc.c ****     return SDMMC_ERROR_ILLEGAL_CMD;
1687:../../STM32Cube_FW_N6/Drivers/STM32N6xx_HAL_Driver/Src/stm32n6xx_ll_sdmmc.c ****   }
1688:../../STM32Cube_FW_N6/Drivers/STM32N6xx_HAL_Driver/Src/stm32n6xx_ll_sdmmc.c ****   else if ((response_r5 & SDMMC_SDIO_R5_COM_CRC_FAILED) == SDMMC_SDIO_R5_COM_CRC_FAILED)
1689:../../STM32Cube_FW_N6/Drivers/STM32N6xx_HAL_Driver/Src/stm32n6xx_ll_sdmmc.c ****   {
1690:../../STM32Cube_FW_N6/Drivers/STM32N6xx_HAL_Driver/Src/stm32n6xx_ll_sdmmc.c ****     return SDMMC_ERROR_COM_CRC_FAILED;
1691:../../STM32Cube_FW_N6/Drivers/STM32N6xx_HAL_Driver/Src/stm32n6xx_ll_sdmmc.c ****   }
1692:../../STM32Cube_FW_N6/Drivers/STM32N6xx_HAL_Driver/Src/stm32n6xx_ll_sdmmc.c ****   else
1693:../../STM32Cube_FW_N6/Drivers/STM32N6xx_HAL_Driver/Src/stm32n6xx_ll_sdmmc.c ****   {
1694:../../STM32Cube_FW_N6/Drivers/STM32N6xx_HAL_Driver/Src/stm32n6xx_ll_sdmmc.c ****     return SDMMC_ERROR_GENERAL_UNKNOWN_ERR;
1695:../../STM32Cube_FW_N6/Drivers/STM32N6xx_HAL_Driver/Src/stm32n6xx_ll_sdmmc.c ****   }
1696:../../STM32Cube_FW_N6/Drivers/STM32N6xx_HAL_Driver/Src/stm32n6xx_ll_sdmmc.c **** }
1697:../../STM32Cube_FW_N6/Drivers/STM32N6xx_HAL_Driver/Src/stm32n6xx_ll_sdmmc.c **** 
1698:../../STM32Cube_FW_N6/Drivers/STM32N6xx_HAL_Driver/Src/stm32n6xx_ll_sdmmc.c **** /**
1699:../../STM32Cube_FW_N6/Drivers/STM32N6xx_HAL_Driver/Src/stm32n6xx_ll_sdmmc.c ****   * @brief  Checks for error conditions for R6 (RCA) response.
1700:../../STM32Cube_FW_N6/Drivers/STM32N6xx_HAL_Driver/Src/stm32n6xx_ll_sdmmc.c ****   * @param  hsd: SD handle
1701:../../STM32Cube_FW_N6/Drivers/STM32N6xx_HAL_Driver/Src/stm32n6xx_ll_sdmmc.c ****   * @param  SD_CMD: The sent command index
1702:../../STM32Cube_FW_N6/Drivers/STM32N6xx_HAL_Driver/Src/stm32n6xx_ll_sdmmc.c ****   * @param  pRCA: Pointer to the variable that will contain the SD card relative
1703:../../STM32Cube_FW_N6/Drivers/STM32N6xx_HAL_Driver/Src/stm32n6xx_ll_sdmmc.c ****   *         address RCA
1704:../../STM32Cube_FW_N6/Drivers/STM32N6xx_HAL_Driver/Src/stm32n6xx_ll_sdmmc.c ****   * @retval SD Card error state
1705:../../STM32Cube_FW_N6/Drivers/STM32N6xx_HAL_Driver/Src/stm32n6xx_ll_sdmmc.c ****   */
1706:../../STM32Cube_FW_N6/Drivers/STM32N6xx_HAL_Driver/Src/stm32n6xx_ll_sdmmc.c **** uint32_t SDMMC_GetCmdResp6(SDMMC_TypeDef *SDMMCx, uint8_t SD_CMD, uint16_t *pRCA)
1707:../../STM32Cube_FW_N6/Drivers/STM32N6xx_HAL_Driver/Src/stm32n6xx_ll_sdmmc.c **** {
1708:../../STM32Cube_FW_N6/Drivers/STM32N6xx_HAL_Driver/Src/stm32n6xx_ll_sdmmc.c ****   uint32_t response_r1;
1709:../../STM32Cube_FW_N6/Drivers/STM32N6xx_HAL_Driver/Src/stm32n6xx_ll_sdmmc.c ****   uint32_t sta_reg;
1710:../../STM32Cube_FW_N6/Drivers/STM32N6xx_HAL_Driver/Src/stm32n6xx_ll_sdmmc.c **** 
1711:../../STM32Cube_FW_N6/Drivers/STM32N6xx_HAL_Driver/Src/stm32n6xx_ll_sdmmc.c ****   /* 8 is the number of required instructions cycles for the below loop statement.
1712:../../STM32Cube_FW_N6/Drivers/STM32N6xx_HAL_Driver/Src/stm32n6xx_ll_sdmmc.c ****   The SDMMC_CMDTIMEOUT is expressed in ms */
1713:../../STM32Cube_FW_N6/Drivers/STM32N6xx_HAL_Driver/Src/stm32n6xx_ll_sdmmc.c ****   uint32_t count = SDMMC_CMDTIMEOUT * (SystemCoreClock / 8U / 1000U);
1714:../../STM32Cube_FW_N6/Drivers/STM32N6xx_HAL_Driver/Src/stm32n6xx_ll_sdmmc.c **** 
1715:../../STM32Cube_FW_N6/Drivers/STM32N6xx_HAL_Driver/Src/stm32n6xx_ll_sdmmc.c ****   do
1716:../../STM32Cube_FW_N6/Drivers/STM32N6xx_HAL_Driver/Src/stm32n6xx_ll_sdmmc.c ****   {
1717:../../STM32Cube_FW_N6/Drivers/STM32N6xx_HAL_Driver/Src/stm32n6xx_ll_sdmmc.c ****     if (count-- == 0U)
1718:../../STM32Cube_FW_N6/Drivers/STM32N6xx_HAL_Driver/Src/stm32n6xx_ll_sdmmc.c ****     {
1719:../../STM32Cube_FW_N6/Drivers/STM32N6xx_HAL_Driver/Src/stm32n6xx_ll_sdmmc.c ****       return SDMMC_ERROR_TIMEOUT;
1720:../../STM32Cube_FW_N6/Drivers/STM32N6xx_HAL_Driver/Src/stm32n6xx_ll_sdmmc.c ****     }
1721:../../STM32Cube_FW_N6/Drivers/STM32N6xx_HAL_Driver/Src/stm32n6xx_ll_sdmmc.c ****     sta_reg = SDMMCx->STA;
1722:../../STM32Cube_FW_N6/Drivers/STM32N6xx_HAL_Driver/Src/stm32n6xx_ll_sdmmc.c ****   } while (((sta_reg & (SDMMC_FLAG_CCRCFAIL | SDMMC_FLAG_CMDREND | SDMMC_FLAG_CTIMEOUT)) == 0U) ||
1723:../../STM32Cube_FW_N6/Drivers/STM32N6xx_HAL_Driver/Src/stm32n6xx_ll_sdmmc.c ****            ((sta_reg & SDMMC_FLAG_CMDACT) != 0U));
1724:../../STM32Cube_FW_N6/Drivers/STM32N6xx_HAL_Driver/Src/stm32n6xx_ll_sdmmc.c **** 
1725:../../STM32Cube_FW_N6/Drivers/STM32N6xx_HAL_Driver/Src/stm32n6xx_ll_sdmmc.c ****   if (__SDMMC_GET_FLAG(SDMMCx, SDMMC_FLAG_CTIMEOUT))
1726:../../STM32Cube_FW_N6/Drivers/STM32N6xx_HAL_Driver/Src/stm32n6xx_ll_sdmmc.c ****   {
1727:../../STM32Cube_FW_N6/Drivers/STM32N6xx_HAL_Driver/Src/stm32n6xx_ll_sdmmc.c ****     __SDMMC_CLEAR_FLAG(SDMMCx, SDMMC_FLAG_CTIMEOUT);
1728:../../STM32Cube_FW_N6/Drivers/STM32N6xx_HAL_Driver/Src/stm32n6xx_ll_sdmmc.c **** 
1729:../../STM32Cube_FW_N6/Drivers/STM32N6xx_HAL_Driver/Src/stm32n6xx_ll_sdmmc.c ****     return SDMMC_ERROR_CMD_RSP_TIMEOUT;
1730:../../STM32Cube_FW_N6/Drivers/STM32N6xx_HAL_Driver/Src/stm32n6xx_ll_sdmmc.c ****   }
1731:../../STM32Cube_FW_N6/Drivers/STM32N6xx_HAL_Driver/Src/stm32n6xx_ll_sdmmc.c ****   else if (__SDMMC_GET_FLAG(SDMMCx, SDMMC_FLAG_CCRCFAIL))
1732:../../STM32Cube_FW_N6/Drivers/STM32N6xx_HAL_Driver/Src/stm32n6xx_ll_sdmmc.c ****   {
1733:../../STM32Cube_FW_N6/Drivers/STM32N6xx_HAL_Driver/Src/stm32n6xx_ll_sdmmc.c ****     __SDMMC_CLEAR_FLAG(SDMMCx, SDMMC_FLAG_CCRCFAIL);
1734:../../STM32Cube_FW_N6/Drivers/STM32N6xx_HAL_Driver/Src/stm32n6xx_ll_sdmmc.c **** 
1735:../../STM32Cube_FW_N6/Drivers/STM32N6xx_HAL_Driver/Src/stm32n6xx_ll_sdmmc.c ****     return SDMMC_ERROR_CMD_CRC_FAIL;
1736:../../STM32Cube_FW_N6/Drivers/STM32N6xx_HAL_Driver/Src/stm32n6xx_ll_sdmmc.c ****   }
ARM GAS  C:\Users\Antonio\AppData\Local\Temp\cc9FRrj5.s 			page 47


1737:../../STM32Cube_FW_N6/Drivers/STM32N6xx_HAL_Driver/Src/stm32n6xx_ll_sdmmc.c ****   else
1738:../../STM32Cube_FW_N6/Drivers/STM32N6xx_HAL_Driver/Src/stm32n6xx_ll_sdmmc.c ****   {
1739:../../STM32Cube_FW_N6/Drivers/STM32N6xx_HAL_Driver/Src/stm32n6xx_ll_sdmmc.c ****     /* Nothing to do */
1740:../../STM32Cube_FW_N6/Drivers/STM32N6xx_HAL_Driver/Src/stm32n6xx_ll_sdmmc.c ****   }
1741:../../STM32Cube_FW_N6/Drivers/STM32N6xx_HAL_Driver/Src/stm32n6xx_ll_sdmmc.c **** 
1742:../../STM32Cube_FW_N6/Drivers/STM32N6xx_HAL_Driver/Src/stm32n6xx_ll_sdmmc.c ****   /* Check response received is of desired command */
1743:../../STM32Cube_FW_N6/Drivers/STM32N6xx_HAL_Driver/Src/stm32n6xx_ll_sdmmc.c ****   if (SDMMC_GetCommandResponse(SDMMCx) != SD_CMD)
1744:../../STM32Cube_FW_N6/Drivers/STM32N6xx_HAL_Driver/Src/stm32n6xx_ll_sdmmc.c ****   {
1745:../../STM32Cube_FW_N6/Drivers/STM32N6xx_HAL_Driver/Src/stm32n6xx_ll_sdmmc.c ****     return SDMMC_ERROR_CMD_CRC_FAIL;
1746:../../STM32Cube_FW_N6/Drivers/STM32N6xx_HAL_Driver/Src/stm32n6xx_ll_sdmmc.c ****   }
1747:../../STM32Cube_FW_N6/Drivers/STM32N6xx_HAL_Driver/Src/stm32n6xx_ll_sdmmc.c **** 
1748:../../STM32Cube_FW_N6/Drivers/STM32N6xx_HAL_Driver/Src/stm32n6xx_ll_sdmmc.c ****   /* Clear all the static flags */
1749:../../STM32Cube_FW_N6/Drivers/STM32N6xx_HAL_Driver/Src/stm32n6xx_ll_sdmmc.c ****   __SDMMC_CLEAR_FLAG(SDMMCx, SDMMC_STATIC_CMD_FLAGS);
1750:../../STM32Cube_FW_N6/Drivers/STM32N6xx_HAL_Driver/Src/stm32n6xx_ll_sdmmc.c **** 
1751:../../STM32Cube_FW_N6/Drivers/STM32N6xx_HAL_Driver/Src/stm32n6xx_ll_sdmmc.c ****   /* We have received response, retrieve it.  */
1752:../../STM32Cube_FW_N6/Drivers/STM32N6xx_HAL_Driver/Src/stm32n6xx_ll_sdmmc.c ****   response_r1 = SDMMC_GetResponse(SDMMCx, SDMMC_RESP1);
1753:../../STM32Cube_FW_N6/Drivers/STM32N6xx_HAL_Driver/Src/stm32n6xx_ll_sdmmc.c **** 
1754:../../STM32Cube_FW_N6/Drivers/STM32N6xx_HAL_Driver/Src/stm32n6xx_ll_sdmmc.c ****   if ((response_r1 & (SDMMC_R6_GENERAL_UNKNOWN_ERROR | SDMMC_R6_ILLEGAL_CMD |
1755:../../STM32Cube_FW_N6/Drivers/STM32N6xx_HAL_Driver/Src/stm32n6xx_ll_sdmmc.c ****                       SDMMC_R6_COM_CRC_FAILED)) == SDMMC_ALLZERO)
1756:../../STM32Cube_FW_N6/Drivers/STM32N6xx_HAL_Driver/Src/stm32n6xx_ll_sdmmc.c ****   {
1757:../../STM32Cube_FW_N6/Drivers/STM32N6xx_HAL_Driver/Src/stm32n6xx_ll_sdmmc.c ****     *pRCA = (uint16_t)(response_r1 >> 16);
1758:../../STM32Cube_FW_N6/Drivers/STM32N6xx_HAL_Driver/Src/stm32n6xx_ll_sdmmc.c **** 
1759:../../STM32Cube_FW_N6/Drivers/STM32N6xx_HAL_Driver/Src/stm32n6xx_ll_sdmmc.c ****     return SDMMC_ERROR_NONE;
1760:../../STM32Cube_FW_N6/Drivers/STM32N6xx_HAL_Driver/Src/stm32n6xx_ll_sdmmc.c ****   }
1761:../../STM32Cube_FW_N6/Drivers/STM32N6xx_HAL_Driver/Src/stm32n6xx_ll_sdmmc.c ****   else if ((response_r1 & SDMMC_R6_ILLEGAL_CMD) == SDMMC_R6_ILLEGAL_CMD)
1762:../../STM32Cube_FW_N6/Drivers/STM32N6xx_HAL_Driver/Src/stm32n6xx_ll_sdmmc.c ****   {
1763:../../STM32Cube_FW_N6/Drivers/STM32N6xx_HAL_Driver/Src/stm32n6xx_ll_sdmmc.c ****     return SDMMC_ERROR_ILLEGAL_CMD;
1764:../../STM32Cube_FW_N6/Drivers/STM32N6xx_HAL_Driver/Src/stm32n6xx_ll_sdmmc.c ****   }
1765:../../STM32Cube_FW_N6/Drivers/STM32N6xx_HAL_Driver/Src/stm32n6xx_ll_sdmmc.c ****   else if ((response_r1 & SDMMC_R6_COM_CRC_FAILED) == SDMMC_R6_COM_CRC_FAILED)
1766:../../STM32Cube_FW_N6/Drivers/STM32N6xx_HAL_Driver/Src/stm32n6xx_ll_sdmmc.c ****   {
1767:../../STM32Cube_FW_N6/Drivers/STM32N6xx_HAL_Driver/Src/stm32n6xx_ll_sdmmc.c ****     return SDMMC_ERROR_COM_CRC_FAILED;
1768:../../STM32Cube_FW_N6/Drivers/STM32N6xx_HAL_Driver/Src/stm32n6xx_ll_sdmmc.c ****   }
1769:../../STM32Cube_FW_N6/Drivers/STM32N6xx_HAL_Driver/Src/stm32n6xx_ll_sdmmc.c ****   else
1770:../../STM32Cube_FW_N6/Drivers/STM32N6xx_HAL_Driver/Src/stm32n6xx_ll_sdmmc.c ****   {
1771:../../STM32Cube_FW_N6/Drivers/STM32N6xx_HAL_Driver/Src/stm32n6xx_ll_sdmmc.c ****     return SDMMC_ERROR_GENERAL_UNKNOWN_ERR;
1772:../../STM32Cube_FW_N6/Drivers/STM32N6xx_HAL_Driver/Src/stm32n6xx_ll_sdmmc.c ****   }
1773:../../STM32Cube_FW_N6/Drivers/STM32N6xx_HAL_Driver/Src/stm32n6xx_ll_sdmmc.c **** }
1774:../../STM32Cube_FW_N6/Drivers/STM32N6xx_HAL_Driver/Src/stm32n6xx_ll_sdmmc.c **** 
1775:../../STM32Cube_FW_N6/Drivers/STM32N6xx_HAL_Driver/Src/stm32n6xx_ll_sdmmc.c **** /**
1776:../../STM32Cube_FW_N6/Drivers/STM32N6xx_HAL_Driver/Src/stm32n6xx_ll_sdmmc.c ****   * @brief  Checks for error conditions for R7 response.
1777:../../STM32Cube_FW_N6/Drivers/STM32N6xx_HAL_Driver/Src/stm32n6xx_ll_sdmmc.c ****   * @param  hsd: SD handle
1778:../../STM32Cube_FW_N6/Drivers/STM32N6xx_HAL_Driver/Src/stm32n6xx_ll_sdmmc.c ****   * @retval SD Card error state
1779:../../STM32Cube_FW_N6/Drivers/STM32N6xx_HAL_Driver/Src/stm32n6xx_ll_sdmmc.c ****   */
1780:../../STM32Cube_FW_N6/Drivers/STM32N6xx_HAL_Driver/Src/stm32n6xx_ll_sdmmc.c **** uint32_t SDMMC_GetCmdResp7(SDMMC_TypeDef *SDMMCx)
1781:../../STM32Cube_FW_N6/Drivers/STM32N6xx_HAL_Driver/Src/stm32n6xx_ll_sdmmc.c **** {
1782:../../STM32Cube_FW_N6/Drivers/STM32N6xx_HAL_Driver/Src/stm32n6xx_ll_sdmmc.c ****   uint32_t sta_reg;
1783:../../STM32Cube_FW_N6/Drivers/STM32N6xx_HAL_Driver/Src/stm32n6xx_ll_sdmmc.c ****   /* 8 is the number of required instructions cycles for the below loop statement.
1784:../../STM32Cube_FW_N6/Drivers/STM32N6xx_HAL_Driver/Src/stm32n6xx_ll_sdmmc.c ****   The SDMMC_CMDTIMEOUT is expressed in ms */
1785:../../STM32Cube_FW_N6/Drivers/STM32N6xx_HAL_Driver/Src/stm32n6xx_ll_sdmmc.c ****   uint32_t count = SDMMC_CMDTIMEOUT * (SystemCoreClock / 8U / 1000U);
1786:../../STM32Cube_FW_N6/Drivers/STM32N6xx_HAL_Driver/Src/stm32n6xx_ll_sdmmc.c **** 
1787:../../STM32Cube_FW_N6/Drivers/STM32N6xx_HAL_Driver/Src/stm32n6xx_ll_sdmmc.c ****   do
1788:../../STM32Cube_FW_N6/Drivers/STM32N6xx_HAL_Driver/Src/stm32n6xx_ll_sdmmc.c ****   {
1789:../../STM32Cube_FW_N6/Drivers/STM32N6xx_HAL_Driver/Src/stm32n6xx_ll_sdmmc.c ****     if (count-- == 0U)
1790:../../STM32Cube_FW_N6/Drivers/STM32N6xx_HAL_Driver/Src/stm32n6xx_ll_sdmmc.c ****     {
1791:../../STM32Cube_FW_N6/Drivers/STM32N6xx_HAL_Driver/Src/stm32n6xx_ll_sdmmc.c ****       return SDMMC_ERROR_TIMEOUT;
1792:../../STM32Cube_FW_N6/Drivers/STM32N6xx_HAL_Driver/Src/stm32n6xx_ll_sdmmc.c ****     }
1793:../../STM32Cube_FW_N6/Drivers/STM32N6xx_HAL_Driver/Src/stm32n6xx_ll_sdmmc.c ****     sta_reg = SDMMCx->STA;
ARM GAS  C:\Users\Antonio\AppData\Local\Temp\cc9FRrj5.s 			page 48


1794:../../STM32Cube_FW_N6/Drivers/STM32N6xx_HAL_Driver/Src/stm32n6xx_ll_sdmmc.c ****   } while (((sta_reg & (SDMMC_FLAG_CCRCFAIL | SDMMC_FLAG_CMDREND | SDMMC_FLAG_CTIMEOUT)) == 0U) ||
1795:../../STM32Cube_FW_N6/Drivers/STM32N6xx_HAL_Driver/Src/stm32n6xx_ll_sdmmc.c ****            ((sta_reg & SDMMC_FLAG_CMDACT) != 0U));
1796:../../STM32Cube_FW_N6/Drivers/STM32N6xx_HAL_Driver/Src/stm32n6xx_ll_sdmmc.c **** 
1797:../../STM32Cube_FW_N6/Drivers/STM32N6xx_HAL_Driver/Src/stm32n6xx_ll_sdmmc.c ****   if (__SDMMC_GET_FLAG(SDMMCx, SDMMC_FLAG_CTIMEOUT))
1798:../../STM32Cube_FW_N6/Drivers/STM32N6xx_HAL_Driver/Src/stm32n6xx_ll_sdmmc.c ****   {
1799:../../STM32Cube_FW_N6/Drivers/STM32N6xx_HAL_Driver/Src/stm32n6xx_ll_sdmmc.c ****     /* Card is not SD V2.0 compliant */
1800:../../STM32Cube_FW_N6/Drivers/STM32N6xx_HAL_Driver/Src/stm32n6xx_ll_sdmmc.c ****     __SDMMC_CLEAR_FLAG(SDMMCx, SDMMC_FLAG_CTIMEOUT);
1801:../../STM32Cube_FW_N6/Drivers/STM32N6xx_HAL_Driver/Src/stm32n6xx_ll_sdmmc.c **** 
1802:../../STM32Cube_FW_N6/Drivers/STM32N6xx_HAL_Driver/Src/stm32n6xx_ll_sdmmc.c ****     return SDMMC_ERROR_CMD_RSP_TIMEOUT;
1803:../../STM32Cube_FW_N6/Drivers/STM32N6xx_HAL_Driver/Src/stm32n6xx_ll_sdmmc.c ****   }
1804:../../STM32Cube_FW_N6/Drivers/STM32N6xx_HAL_Driver/Src/stm32n6xx_ll_sdmmc.c **** 
1805:../../STM32Cube_FW_N6/Drivers/STM32N6xx_HAL_Driver/Src/stm32n6xx_ll_sdmmc.c ****   else if (__SDMMC_GET_FLAG(SDMMCx, SDMMC_FLAG_CCRCFAIL))
1806:../../STM32Cube_FW_N6/Drivers/STM32N6xx_HAL_Driver/Src/stm32n6xx_ll_sdmmc.c ****   {
1807:../../STM32Cube_FW_N6/Drivers/STM32N6xx_HAL_Driver/Src/stm32n6xx_ll_sdmmc.c ****     /* Card is not SD V2.0 compliant */
1808:../../STM32Cube_FW_N6/Drivers/STM32N6xx_HAL_Driver/Src/stm32n6xx_ll_sdmmc.c ****     __SDMMC_CLEAR_FLAG(SDMMCx, SDMMC_FLAG_CCRCFAIL);
1809:../../STM32Cube_FW_N6/Drivers/STM32N6xx_HAL_Driver/Src/stm32n6xx_ll_sdmmc.c **** 
1810:../../STM32Cube_FW_N6/Drivers/STM32N6xx_HAL_Driver/Src/stm32n6xx_ll_sdmmc.c ****     return SDMMC_ERROR_CMD_CRC_FAIL;
1811:../../STM32Cube_FW_N6/Drivers/STM32N6xx_HAL_Driver/Src/stm32n6xx_ll_sdmmc.c ****   }
1812:../../STM32Cube_FW_N6/Drivers/STM32N6xx_HAL_Driver/Src/stm32n6xx_ll_sdmmc.c ****   else
1813:../../STM32Cube_FW_N6/Drivers/STM32N6xx_HAL_Driver/Src/stm32n6xx_ll_sdmmc.c ****   {
1814:../../STM32Cube_FW_N6/Drivers/STM32N6xx_HAL_Driver/Src/stm32n6xx_ll_sdmmc.c ****     /* Nothing to do */
1815:../../STM32Cube_FW_N6/Drivers/STM32N6xx_HAL_Driver/Src/stm32n6xx_ll_sdmmc.c ****   }
1816:../../STM32Cube_FW_N6/Drivers/STM32N6xx_HAL_Driver/Src/stm32n6xx_ll_sdmmc.c **** 
1817:../../STM32Cube_FW_N6/Drivers/STM32N6xx_HAL_Driver/Src/stm32n6xx_ll_sdmmc.c ****   if (__SDMMC_GET_FLAG(SDMMCx, SDMMC_FLAG_CMDREND))
1818:../../STM32Cube_FW_N6/Drivers/STM32N6xx_HAL_Driver/Src/stm32n6xx_ll_sdmmc.c ****   {
1819:../../STM32Cube_FW_N6/Drivers/STM32N6xx_HAL_Driver/Src/stm32n6xx_ll_sdmmc.c ****     /* Card is SD V2.0 compliant */
1820:../../STM32Cube_FW_N6/Drivers/STM32N6xx_HAL_Driver/Src/stm32n6xx_ll_sdmmc.c ****     __SDMMC_CLEAR_FLAG(SDMMCx, SDMMC_FLAG_CMDREND);
1821:../../STM32Cube_FW_N6/Drivers/STM32N6xx_HAL_Driver/Src/stm32n6xx_ll_sdmmc.c ****   }
1822:../../STM32Cube_FW_N6/Drivers/STM32N6xx_HAL_Driver/Src/stm32n6xx_ll_sdmmc.c **** 
1823:../../STM32Cube_FW_N6/Drivers/STM32N6xx_HAL_Driver/Src/stm32n6xx_ll_sdmmc.c ****   return SDMMC_ERROR_NONE;
1824:../../STM32Cube_FW_N6/Drivers/STM32N6xx_HAL_Driver/Src/stm32n6xx_ll_sdmmc.c **** 
1825:../../STM32Cube_FW_N6/Drivers/STM32N6xx_HAL_Driver/Src/stm32n6xx_ll_sdmmc.c **** }
1826:../../STM32Cube_FW_N6/Drivers/STM32N6xx_HAL_Driver/Src/stm32n6xx_ll_sdmmc.c **** 
1827:../../STM32Cube_FW_N6/Drivers/STM32N6xx_HAL_Driver/Src/stm32n6xx_ll_sdmmc.c **** /**
1828:../../STM32Cube_FW_N6/Drivers/STM32N6xx_HAL_Driver/Src/stm32n6xx_ll_sdmmc.c ****   * @}
1829:../../STM32Cube_FW_N6/Drivers/STM32N6xx_HAL_Driver/Src/stm32n6xx_ll_sdmmc.c ****   */
1830:../../STM32Cube_FW_N6/Drivers/STM32N6xx_HAL_Driver/Src/stm32n6xx_ll_sdmmc.c **** 
1831:../../STM32Cube_FW_N6/Drivers/STM32N6xx_HAL_Driver/Src/stm32n6xx_ll_sdmmc.c **** 
1832:../../STM32Cube_FW_N6/Drivers/STM32N6xx_HAL_Driver/Src/stm32n6xx_ll_sdmmc.c **** /** @defgroup HAL_SDMMC_LL_Group6 Linked List functions
1833:../../STM32Cube_FW_N6/Drivers/STM32N6xx_HAL_Driver/Src/stm32n6xx_ll_sdmmc.c ****   *  @brief   Linked List management functions
1834:../../STM32Cube_FW_N6/Drivers/STM32N6xx_HAL_Driver/Src/stm32n6xx_ll_sdmmc.c ****   *
1835:../../STM32Cube_FW_N6/Drivers/STM32N6xx_HAL_Driver/Src/stm32n6xx_ll_sdmmc.c **** @verbatim
1836:../../STM32Cube_FW_N6/Drivers/STM32N6xx_HAL_Driver/Src/stm32n6xx_ll_sdmmc.c ****  ===============================================================================
1837:../../STM32Cube_FW_N6/Drivers/STM32N6xx_HAL_Driver/Src/stm32n6xx_ll_sdmmc.c ****                    ##### Linked List management functions #####
1838:../../STM32Cube_FW_N6/Drivers/STM32N6xx_HAL_Driver/Src/stm32n6xx_ll_sdmmc.c ****  ===============================================================================
1839:../../STM32Cube_FW_N6/Drivers/STM32N6xx_HAL_Driver/Src/stm32n6xx_ll_sdmmc.c ****     [..]
1840:../../STM32Cube_FW_N6/Drivers/STM32N6xx_HAL_Driver/Src/stm32n6xx_ll_sdmmc.c ****     This subsection provides a set of functions allowing to manage the needed functions.
1841:../../STM32Cube_FW_N6/Drivers/STM32N6xx_HAL_Driver/Src/stm32n6xx_ll_sdmmc.c **** 
1842:../../STM32Cube_FW_N6/Drivers/STM32N6xx_HAL_Driver/Src/stm32n6xx_ll_sdmmc.c **** @endverbatim
1843:../../STM32Cube_FW_N6/Drivers/STM32N6xx_HAL_Driver/Src/stm32n6xx_ll_sdmmc.c ****   * @{
1844:../../STM32Cube_FW_N6/Drivers/STM32N6xx_HAL_Driver/Src/stm32n6xx_ll_sdmmc.c ****   */
1845:../../STM32Cube_FW_N6/Drivers/STM32N6xx_HAL_Driver/Src/stm32n6xx_ll_sdmmc.c **** 
1846:../../STM32Cube_FW_N6/Drivers/STM32N6xx_HAL_Driver/Src/stm32n6xx_ll_sdmmc.c **** /**
1847:../../STM32Cube_FW_N6/Drivers/STM32N6xx_HAL_Driver/Src/stm32n6xx_ll_sdmmc.c ****   * @brief  Build new Linked List node.
1848:../../STM32Cube_FW_N6/Drivers/STM32N6xx_HAL_Driver/Src/stm32n6xx_ll_sdmmc.c ****   * @param  pNode: Pointer to new node to add.
1849:../../STM32Cube_FW_N6/Drivers/STM32N6xx_HAL_Driver/Src/stm32n6xx_ll_sdmmc.c ****   * @param  pNodeConf: Pointer to configuration parameters for new node to add.
1850:../../STM32Cube_FW_N6/Drivers/STM32N6xx_HAL_Driver/Src/stm32n6xx_ll_sdmmc.c ****   * @retval Error status
ARM GAS  C:\Users\Antonio\AppData\Local\Temp\cc9FRrj5.s 			page 49


1851:../../STM32Cube_FW_N6/Drivers/STM32N6xx_HAL_Driver/Src/stm32n6xx_ll_sdmmc.c ****   */
1852:../../STM32Cube_FW_N6/Drivers/STM32N6xx_HAL_Driver/Src/stm32n6xx_ll_sdmmc.c **** uint32_t SDMMC_DMALinkedList_BuildNode(SDMMC_DMALinkNodeTypeDef *pNode, const SDMMC_DMALinkNodeConf
1853:../../STM32Cube_FW_N6/Drivers/STM32N6xx_HAL_Driver/Src/stm32n6xx_ll_sdmmc.c **** {
1854:../../STM32Cube_FW_N6/Drivers/STM32N6xx_HAL_Driver/Src/stm32n6xx_ll_sdmmc.c **** 
1855:../../STM32Cube_FW_N6/Drivers/STM32N6xx_HAL_Driver/Src/stm32n6xx_ll_sdmmc.c ****   if ((pNode == NULL) || (pNodeConf == NULL))
1856:../../STM32Cube_FW_N6/Drivers/STM32N6xx_HAL_Driver/Src/stm32n6xx_ll_sdmmc.c ****   {
1857:../../STM32Cube_FW_N6/Drivers/STM32N6xx_HAL_Driver/Src/stm32n6xx_ll_sdmmc.c ****     return SDMMC_ERROR_INVALID_PARAMETER;
1858:../../STM32Cube_FW_N6/Drivers/STM32N6xx_HAL_Driver/Src/stm32n6xx_ll_sdmmc.c ****   }
1859:../../STM32Cube_FW_N6/Drivers/STM32N6xx_HAL_Driver/Src/stm32n6xx_ll_sdmmc.c ****   /* Configure the Link Node registers*/
1860:../../STM32Cube_FW_N6/Drivers/STM32N6xx_HAL_Driver/Src/stm32n6xx_ll_sdmmc.c ****   pNode->IDMABASER = pNodeConf->BufferAddress;
1861:../../STM32Cube_FW_N6/Drivers/STM32N6xx_HAL_Driver/Src/stm32n6xx_ll_sdmmc.c ****   pNode->IDMABSIZE = pNodeConf->BufferSize;
1862:../../STM32Cube_FW_N6/Drivers/STM32N6xx_HAL_Driver/Src/stm32n6xx_ll_sdmmc.c ****   pNode->IDMALAR   = SDMMC_IDMALAR_ULS | SDMMC_IDMALAR_ABR;
1863:../../STM32Cube_FW_N6/Drivers/STM32N6xx_HAL_Driver/Src/stm32n6xx_ll_sdmmc.c **** 
1864:../../STM32Cube_FW_N6/Drivers/STM32N6xx_HAL_Driver/Src/stm32n6xx_ll_sdmmc.c ****   return SDMMC_ERROR_NONE;
1865:../../STM32Cube_FW_N6/Drivers/STM32N6xx_HAL_Driver/Src/stm32n6xx_ll_sdmmc.c **** }
1866:../../STM32Cube_FW_N6/Drivers/STM32N6xx_HAL_Driver/Src/stm32n6xx_ll_sdmmc.c **** 
1867:../../STM32Cube_FW_N6/Drivers/STM32N6xx_HAL_Driver/Src/stm32n6xx_ll_sdmmc.c **** /**
1868:../../STM32Cube_FW_N6/Drivers/STM32N6xx_HAL_Driver/Src/stm32n6xx_ll_sdmmc.c ****   * @brief  Insert new Linked List node.
1869:../../STM32Cube_FW_N6/Drivers/STM32N6xx_HAL_Driver/Src/stm32n6xx_ll_sdmmc.c ****   * @param  pLinkedList: Pointer to the linkedlist that contains transfer nodes
1870:../../STM32Cube_FW_N6/Drivers/STM32N6xx_HAL_Driver/Src/stm32n6xx_ll_sdmmc.c ****   * @param  pPrevNode: Pointer to previous node .
1871:../../STM32Cube_FW_N6/Drivers/STM32N6xx_HAL_Driver/Src/stm32n6xx_ll_sdmmc.c ****   * @param  pNewNode: Pointer to new node to add.
1872:../../STM32Cube_FW_N6/Drivers/STM32N6xx_HAL_Driver/Src/stm32n6xx_ll_sdmmc.c ****   * @retval Error status
1873:../../STM32Cube_FW_N6/Drivers/STM32N6xx_HAL_Driver/Src/stm32n6xx_ll_sdmmc.c ****   */
1874:../../STM32Cube_FW_N6/Drivers/STM32N6xx_HAL_Driver/Src/stm32n6xx_ll_sdmmc.c **** uint32_t SDMMC_DMALinkedList_InsertNode(SDMMC_DMALinkedListTypeDef *pLinkedList, SDMMC_DMALinkNodeT
1875:../../STM32Cube_FW_N6/Drivers/STM32N6xx_HAL_Driver/Src/stm32n6xx_ll_sdmmc.c ****                                         SDMMC_DMALinkNodeTypeDef *pNode)
1876:../../STM32Cube_FW_N6/Drivers/STM32N6xx_HAL_Driver/Src/stm32n6xx_ll_sdmmc.c **** {
1877:../../STM32Cube_FW_N6/Drivers/STM32N6xx_HAL_Driver/Src/stm32n6xx_ll_sdmmc.c ****   uint32_t link_list_offset;
1878:../../STM32Cube_FW_N6/Drivers/STM32N6xx_HAL_Driver/Src/stm32n6xx_ll_sdmmc.c ****   uint32_t node_address = (uint32_t) pNode;
1879:../../STM32Cube_FW_N6/Drivers/STM32N6xx_HAL_Driver/Src/stm32n6xx_ll_sdmmc.c **** 
1880:../../STM32Cube_FW_N6/Drivers/STM32N6xx_HAL_Driver/Src/stm32n6xx_ll_sdmmc.c ****   /* First Node */
1881:../../STM32Cube_FW_N6/Drivers/STM32N6xx_HAL_Driver/Src/stm32n6xx_ll_sdmmc.c ****   if (pLinkedList->NodesCounter == 0U)
1882:../../STM32Cube_FW_N6/Drivers/STM32N6xx_HAL_Driver/Src/stm32n6xx_ll_sdmmc.c ****   {
1883:../../STM32Cube_FW_N6/Drivers/STM32N6xx_HAL_Driver/Src/stm32n6xx_ll_sdmmc.c **** 
1884:../../STM32Cube_FW_N6/Drivers/STM32N6xx_HAL_Driver/Src/stm32n6xx_ll_sdmmc.c ****     pLinkedList->pHeadNode = pNode;
1885:../../STM32Cube_FW_N6/Drivers/STM32N6xx_HAL_Driver/Src/stm32n6xx_ll_sdmmc.c ****     pLinkedList->pTailNode = pNode;
1886:../../STM32Cube_FW_N6/Drivers/STM32N6xx_HAL_Driver/Src/stm32n6xx_ll_sdmmc.c ****     pLinkedList->NodesCounter = 1U;
1887:../../STM32Cube_FW_N6/Drivers/STM32N6xx_HAL_Driver/Src/stm32n6xx_ll_sdmmc.c **** 
1888:../../STM32Cube_FW_N6/Drivers/STM32N6xx_HAL_Driver/Src/stm32n6xx_ll_sdmmc.c ****   }
1889:../../STM32Cube_FW_N6/Drivers/STM32N6xx_HAL_Driver/Src/stm32n6xx_ll_sdmmc.c ****   else if (pPrevNode == pLinkedList->pTailNode)
1890:../../STM32Cube_FW_N6/Drivers/STM32N6xx_HAL_Driver/Src/stm32n6xx_ll_sdmmc.c ****   {
1891:../../STM32Cube_FW_N6/Drivers/STM32N6xx_HAL_Driver/Src/stm32n6xx_ll_sdmmc.c ****     if (pNode <= pLinkedList->pHeadNode)
1892:../../STM32Cube_FW_N6/Drivers/STM32N6xx_HAL_Driver/Src/stm32n6xx_ll_sdmmc.c ****     {
1893:../../STM32Cube_FW_N6/Drivers/STM32N6xx_HAL_Driver/Src/stm32n6xx_ll_sdmmc.c ****       /* Node Address should greater than Head Node Address*/
1894:../../STM32Cube_FW_N6/Drivers/STM32N6xx_HAL_Driver/Src/stm32n6xx_ll_sdmmc.c ****       return SDMMC_ERROR_INVALID_PARAMETER;
1895:../../STM32Cube_FW_N6/Drivers/STM32N6xx_HAL_Driver/Src/stm32n6xx_ll_sdmmc.c ****     }
1896:../../STM32Cube_FW_N6/Drivers/STM32N6xx_HAL_Driver/Src/stm32n6xx_ll_sdmmc.c **** 
1897:../../STM32Cube_FW_N6/Drivers/STM32N6xx_HAL_Driver/Src/stm32n6xx_ll_sdmmc.c ****     /*Last Node, no next node */
1898:../../STM32Cube_FW_N6/Drivers/STM32N6xx_HAL_Driver/Src/stm32n6xx_ll_sdmmc.c ****     MODIFY_REG(pPrevNode->IDMALAR, SDMMC_IDMALAR_ULA, 0U);
1899:../../STM32Cube_FW_N6/Drivers/STM32N6xx_HAL_Driver/Src/stm32n6xx_ll_sdmmc.c **** 
1900:../../STM32Cube_FW_N6/Drivers/STM32N6xx_HAL_Driver/Src/stm32n6xx_ll_sdmmc.c ****     /*link Prev node with new one */
1901:../../STM32Cube_FW_N6/Drivers/STM32N6xx_HAL_Driver/Src/stm32n6xx_ll_sdmmc.c ****     MODIFY_REG(pPrevNode->IDMALAR, SDMMC_IDMALAR_ULA, SDMMC_IDMALAR_ULA);
1902:../../STM32Cube_FW_N6/Drivers/STM32N6xx_HAL_Driver/Src/stm32n6xx_ll_sdmmc.c ****     MODIFY_REG(pPrevNode->IDMALAR, SDMMC_IDMALAR_IDMALA, (node_address - (uint32_t)pLinkedList->pHe
1903:../../STM32Cube_FW_N6/Drivers/STM32N6xx_HAL_Driver/Src/stm32n6xx_ll_sdmmc.c **** 
1904:../../STM32Cube_FW_N6/Drivers/STM32N6xx_HAL_Driver/Src/stm32n6xx_ll_sdmmc.c ****     pLinkedList->NodesCounter ++;
1905:../../STM32Cube_FW_N6/Drivers/STM32N6xx_HAL_Driver/Src/stm32n6xx_ll_sdmmc.c ****     pLinkedList->pTailNode = pNode;
1906:../../STM32Cube_FW_N6/Drivers/STM32N6xx_HAL_Driver/Src/stm32n6xx_ll_sdmmc.c **** 
1907:../../STM32Cube_FW_N6/Drivers/STM32N6xx_HAL_Driver/Src/stm32n6xx_ll_sdmmc.c ****   }
ARM GAS  C:\Users\Antonio\AppData\Local\Temp\cc9FRrj5.s 			page 50


1908:../../STM32Cube_FW_N6/Drivers/STM32N6xx_HAL_Driver/Src/stm32n6xx_ll_sdmmc.c ****   else
1909:../../STM32Cube_FW_N6/Drivers/STM32N6xx_HAL_Driver/Src/stm32n6xx_ll_sdmmc.c ****   {
1910:../../STM32Cube_FW_N6/Drivers/STM32N6xx_HAL_Driver/Src/stm32n6xx_ll_sdmmc.c **** 
1911:../../STM32Cube_FW_N6/Drivers/STM32N6xx_HAL_Driver/Src/stm32n6xx_ll_sdmmc.c ****     if (pNode <= pLinkedList->pHeadNode)
1912:../../STM32Cube_FW_N6/Drivers/STM32N6xx_HAL_Driver/Src/stm32n6xx_ll_sdmmc.c ****     {
1913:../../STM32Cube_FW_N6/Drivers/STM32N6xx_HAL_Driver/Src/stm32n6xx_ll_sdmmc.c ****       /* Node Address should greater than Head Node Address*/
1914:../../STM32Cube_FW_N6/Drivers/STM32N6xx_HAL_Driver/Src/stm32n6xx_ll_sdmmc.c ****       return SDMMC_ERROR_INVALID_PARAMETER;
1915:../../STM32Cube_FW_N6/Drivers/STM32N6xx_HAL_Driver/Src/stm32n6xx_ll_sdmmc.c ****     }
1916:../../STM32Cube_FW_N6/Drivers/STM32N6xx_HAL_Driver/Src/stm32n6xx_ll_sdmmc.c **** 
1917:../../STM32Cube_FW_N6/Drivers/STM32N6xx_HAL_Driver/Src/stm32n6xx_ll_sdmmc.c ****     /*link New node with Next one */
1918:../../STM32Cube_FW_N6/Drivers/STM32N6xx_HAL_Driver/Src/stm32n6xx_ll_sdmmc.c ****     link_list_offset = pNode->IDMALAR;
1919:../../STM32Cube_FW_N6/Drivers/STM32N6xx_HAL_Driver/Src/stm32n6xx_ll_sdmmc.c ****     MODIFY_REG(pPrevNode->IDMALAR, SDMMC_IDMALAR_IDMALA, link_list_offset);
1920:../../STM32Cube_FW_N6/Drivers/STM32N6xx_HAL_Driver/Src/stm32n6xx_ll_sdmmc.c **** 
1921:../../STM32Cube_FW_N6/Drivers/STM32N6xx_HAL_Driver/Src/stm32n6xx_ll_sdmmc.c ****     /*link Prev node with new one */
1922:../../STM32Cube_FW_N6/Drivers/STM32N6xx_HAL_Driver/Src/stm32n6xx_ll_sdmmc.c ****     MODIFY_REG(pPrevNode->IDMALAR, SDMMC_IDMALAR_ULA, SDMMC_IDMALAR_ULA);
1923:../../STM32Cube_FW_N6/Drivers/STM32N6xx_HAL_Driver/Src/stm32n6xx_ll_sdmmc.c ****     MODIFY_REG(pPrevNode->IDMALAR, SDMMC_IDMALAR_IDMALA, (node_address - (uint32_t)pLinkedList->pHe
1924:../../STM32Cube_FW_N6/Drivers/STM32N6xx_HAL_Driver/Src/stm32n6xx_ll_sdmmc.c **** 
1925:../../STM32Cube_FW_N6/Drivers/STM32N6xx_HAL_Driver/Src/stm32n6xx_ll_sdmmc.c ****     pLinkedList->NodesCounter ++;
1926:../../STM32Cube_FW_N6/Drivers/STM32N6xx_HAL_Driver/Src/stm32n6xx_ll_sdmmc.c **** 
1927:../../STM32Cube_FW_N6/Drivers/STM32N6xx_HAL_Driver/Src/stm32n6xx_ll_sdmmc.c ****   }
1928:../../STM32Cube_FW_N6/Drivers/STM32N6xx_HAL_Driver/Src/stm32n6xx_ll_sdmmc.c ****   return SDMMC_ERROR_NONE;
1929:../../STM32Cube_FW_N6/Drivers/STM32N6xx_HAL_Driver/Src/stm32n6xx_ll_sdmmc.c **** }
1930:../../STM32Cube_FW_N6/Drivers/STM32N6xx_HAL_Driver/Src/stm32n6xx_ll_sdmmc.c **** 
1931:../../STM32Cube_FW_N6/Drivers/STM32N6xx_HAL_Driver/Src/stm32n6xx_ll_sdmmc.c **** /**
1932:../../STM32Cube_FW_N6/Drivers/STM32N6xx_HAL_Driver/Src/stm32n6xx_ll_sdmmc.c ****   * @brief  Remove  node from the Linked List.
1933:../../STM32Cube_FW_N6/Drivers/STM32N6xx_HAL_Driver/Src/stm32n6xx_ll_sdmmc.c ****   * @param  pLinkedList: Pointer to the linkedlist that contains transfer nodes
1934:../../STM32Cube_FW_N6/Drivers/STM32N6xx_HAL_Driver/Src/stm32n6xx_ll_sdmmc.c ****   * @param  pNode: Pointer to new node to add.
1935:../../STM32Cube_FW_N6/Drivers/STM32N6xx_HAL_Driver/Src/stm32n6xx_ll_sdmmc.c ****   * @retval Error status
1936:../../STM32Cube_FW_N6/Drivers/STM32N6xx_HAL_Driver/Src/stm32n6xx_ll_sdmmc.c ****    */
1937:../../STM32Cube_FW_N6/Drivers/STM32N6xx_HAL_Driver/Src/stm32n6xx_ll_sdmmc.c **** uint32_t SDMMC_DMALinkedList_RemoveNode(SDMMC_DMALinkedListTypeDef *pLinkedList, SDMMC_DMALinkNodeT
1938:../../STM32Cube_FW_N6/Drivers/STM32N6xx_HAL_Driver/Src/stm32n6xx_ll_sdmmc.c **** {
1939:../../STM32Cube_FW_N6/Drivers/STM32N6xx_HAL_Driver/Src/stm32n6xx_ll_sdmmc.c ****   uint32_t count = 0U;
1940:../../STM32Cube_FW_N6/Drivers/STM32N6xx_HAL_Driver/Src/stm32n6xx_ll_sdmmc.c ****   uint32_t linked_list_offset;
1941:../../STM32Cube_FW_N6/Drivers/STM32N6xx_HAL_Driver/Src/stm32n6xx_ll_sdmmc.c ****   SDMMC_DMALinkNodeTypeDef *prev_node = NULL;
1942:../../STM32Cube_FW_N6/Drivers/STM32N6xx_HAL_Driver/Src/stm32n6xx_ll_sdmmc.c ****   SDMMC_DMALinkNodeTypeDef *curr_node ;
1943:../../STM32Cube_FW_N6/Drivers/STM32N6xx_HAL_Driver/Src/stm32n6xx_ll_sdmmc.c **** 
1944:../../STM32Cube_FW_N6/Drivers/STM32N6xx_HAL_Driver/Src/stm32n6xx_ll_sdmmc.c ****   /* First Node */
1945:../../STM32Cube_FW_N6/Drivers/STM32N6xx_HAL_Driver/Src/stm32n6xx_ll_sdmmc.c ****   if (pLinkedList->NodesCounter == 0U)
1946:../../STM32Cube_FW_N6/Drivers/STM32N6xx_HAL_Driver/Src/stm32n6xx_ll_sdmmc.c ****   {
1947:../../STM32Cube_FW_N6/Drivers/STM32N6xx_HAL_Driver/Src/stm32n6xx_ll_sdmmc.c **** 
1948:../../STM32Cube_FW_N6/Drivers/STM32N6xx_HAL_Driver/Src/stm32n6xx_ll_sdmmc.c ****     return SDMMC_ERROR_INVALID_PARAMETER;
1949:../../STM32Cube_FW_N6/Drivers/STM32N6xx_HAL_Driver/Src/stm32n6xx_ll_sdmmc.c ****   }
1950:../../STM32Cube_FW_N6/Drivers/STM32N6xx_HAL_Driver/Src/stm32n6xx_ll_sdmmc.c ****   else
1951:../../STM32Cube_FW_N6/Drivers/STM32N6xx_HAL_Driver/Src/stm32n6xx_ll_sdmmc.c ****   {
1952:../../STM32Cube_FW_N6/Drivers/STM32N6xx_HAL_Driver/Src/stm32n6xx_ll_sdmmc.c ****     curr_node = pLinkedList->pHeadNode;
1953:../../STM32Cube_FW_N6/Drivers/STM32N6xx_HAL_Driver/Src/stm32n6xx_ll_sdmmc.c ****     while ((curr_node != pNode) && (count <= pLinkedList->NodesCounter))
1954:../../STM32Cube_FW_N6/Drivers/STM32N6xx_HAL_Driver/Src/stm32n6xx_ll_sdmmc.c ****     {
1955:../../STM32Cube_FW_N6/Drivers/STM32N6xx_HAL_Driver/Src/stm32n6xx_ll_sdmmc.c ****       prev_node = curr_node;
1956:../../STM32Cube_FW_N6/Drivers/STM32N6xx_HAL_Driver/Src/stm32n6xx_ll_sdmmc.c ****       curr_node = (SDMMC_DMALinkNodeTypeDef *)((prev_node->IDMALAR & SDMMC_IDMALAR_IDMALA) +
1957:../../STM32Cube_FW_N6/Drivers/STM32N6xx_HAL_Driver/Src/stm32n6xx_ll_sdmmc.c ****                                                (uint32_t)pLinkedList->pHeadNode);
1958:../../STM32Cube_FW_N6/Drivers/STM32N6xx_HAL_Driver/Src/stm32n6xx_ll_sdmmc.c ****       count++;
1959:../../STM32Cube_FW_N6/Drivers/STM32N6xx_HAL_Driver/Src/stm32n6xx_ll_sdmmc.c ****     }
1960:../../STM32Cube_FW_N6/Drivers/STM32N6xx_HAL_Driver/Src/stm32n6xx_ll_sdmmc.c **** 
1961:../../STM32Cube_FW_N6/Drivers/STM32N6xx_HAL_Driver/Src/stm32n6xx_ll_sdmmc.c ****     if ((count == 0U) || (count > pLinkedList->NodesCounter))
1962:../../STM32Cube_FW_N6/Drivers/STM32N6xx_HAL_Driver/Src/stm32n6xx_ll_sdmmc.c ****     {
1963:../../STM32Cube_FW_N6/Drivers/STM32N6xx_HAL_Driver/Src/stm32n6xx_ll_sdmmc.c ****       /* Node not found in the linked list */
1964:../../STM32Cube_FW_N6/Drivers/STM32N6xx_HAL_Driver/Src/stm32n6xx_ll_sdmmc.c ****       return SDMMC_ERROR_INVALID_PARAMETER;
ARM GAS  C:\Users\Antonio\AppData\Local\Temp\cc9FRrj5.s 			page 51


1965:../../STM32Cube_FW_N6/Drivers/STM32N6xx_HAL_Driver/Src/stm32n6xx_ll_sdmmc.c ****     }
1966:../../STM32Cube_FW_N6/Drivers/STM32N6xx_HAL_Driver/Src/stm32n6xx_ll_sdmmc.c **** 
1967:../../STM32Cube_FW_N6/Drivers/STM32N6xx_HAL_Driver/Src/stm32n6xx_ll_sdmmc.c ****     pLinkedList->NodesCounter--;
1968:../../STM32Cube_FW_N6/Drivers/STM32N6xx_HAL_Driver/Src/stm32n6xx_ll_sdmmc.c **** 
1969:../../STM32Cube_FW_N6/Drivers/STM32N6xx_HAL_Driver/Src/stm32n6xx_ll_sdmmc.c ****     if (pLinkedList->NodesCounter == 0U)
1970:../../STM32Cube_FW_N6/Drivers/STM32N6xx_HAL_Driver/Src/stm32n6xx_ll_sdmmc.c ****     {
1971:../../STM32Cube_FW_N6/Drivers/STM32N6xx_HAL_Driver/Src/stm32n6xx_ll_sdmmc.c ****       pLinkedList->pHeadNode = 0U;
1972:../../STM32Cube_FW_N6/Drivers/STM32N6xx_HAL_Driver/Src/stm32n6xx_ll_sdmmc.c ****       pLinkedList->pTailNode = 0U;
1973:../../STM32Cube_FW_N6/Drivers/STM32N6xx_HAL_Driver/Src/stm32n6xx_ll_sdmmc.c ****     }
1974:../../STM32Cube_FW_N6/Drivers/STM32N6xx_HAL_Driver/Src/stm32n6xx_ll_sdmmc.c ****     else
1975:../../STM32Cube_FW_N6/Drivers/STM32N6xx_HAL_Driver/Src/stm32n6xx_ll_sdmmc.c ****     {
1976:../../STM32Cube_FW_N6/Drivers/STM32N6xx_HAL_Driver/Src/stm32n6xx_ll_sdmmc.c ****       /*link prev node with next one */
1977:../../STM32Cube_FW_N6/Drivers/STM32N6xx_HAL_Driver/Src/stm32n6xx_ll_sdmmc.c ****       linked_list_offset = curr_node->IDMALAR;
1978:../../STM32Cube_FW_N6/Drivers/STM32N6xx_HAL_Driver/Src/stm32n6xx_ll_sdmmc.c ****       MODIFY_REG(prev_node->IDMALAR, SDMMC_IDMALAR_IDMALA, linked_list_offset);
1979:../../STM32Cube_FW_N6/Drivers/STM32N6xx_HAL_Driver/Src/stm32n6xx_ll_sdmmc.c ****       /* Configure the new Link Node registers*/
1980:../../STM32Cube_FW_N6/Drivers/STM32N6xx_HAL_Driver/Src/stm32n6xx_ll_sdmmc.c ****       pNode->IDMALAR    |= linked_list_offset;
1981:../../STM32Cube_FW_N6/Drivers/STM32N6xx_HAL_Driver/Src/stm32n6xx_ll_sdmmc.c **** 
1982:../../STM32Cube_FW_N6/Drivers/STM32N6xx_HAL_Driver/Src/stm32n6xx_ll_sdmmc.c ****       pLinkedList->pTailNode = prev_node;
1983:../../STM32Cube_FW_N6/Drivers/STM32N6xx_HAL_Driver/Src/stm32n6xx_ll_sdmmc.c ****     }
1984:../../STM32Cube_FW_N6/Drivers/STM32N6xx_HAL_Driver/Src/stm32n6xx_ll_sdmmc.c ****   }
1985:../../STM32Cube_FW_N6/Drivers/STM32N6xx_HAL_Driver/Src/stm32n6xx_ll_sdmmc.c ****   return SDMMC_ERROR_NONE;
1986:../../STM32Cube_FW_N6/Drivers/STM32N6xx_HAL_Driver/Src/stm32n6xx_ll_sdmmc.c **** }
1987:../../STM32Cube_FW_N6/Drivers/STM32N6xx_HAL_Driver/Src/stm32n6xx_ll_sdmmc.c **** 
1988:../../STM32Cube_FW_N6/Drivers/STM32N6xx_HAL_Driver/Src/stm32n6xx_ll_sdmmc.c **** /**
1989:../../STM32Cube_FW_N6/Drivers/STM32N6xx_HAL_Driver/Src/stm32n6xx_ll_sdmmc.c ****   * @brief  Lock Linked List Node
1990:../../STM32Cube_FW_N6/Drivers/STM32N6xx_HAL_Driver/Src/stm32n6xx_ll_sdmmc.c ****   * @param  pNode: Pointer to node to lock.
1991:../../STM32Cube_FW_N6/Drivers/STM32N6xx_HAL_Driver/Src/stm32n6xx_ll_sdmmc.c ****   * @retval Error status
1992:../../STM32Cube_FW_N6/Drivers/STM32N6xx_HAL_Driver/Src/stm32n6xx_ll_sdmmc.c **** 
1993:../../STM32Cube_FW_N6/Drivers/STM32N6xx_HAL_Driver/Src/stm32n6xx_ll_sdmmc.c ****   */
1994:../../STM32Cube_FW_N6/Drivers/STM32N6xx_HAL_Driver/Src/stm32n6xx_ll_sdmmc.c **** uint32_t SDMMC_DMALinkedList_LockNode(SDMMC_DMALinkNodeTypeDef *pNode)
1995:../../STM32Cube_FW_N6/Drivers/STM32N6xx_HAL_Driver/Src/stm32n6xx_ll_sdmmc.c **** {
1996:../../STM32Cube_FW_N6/Drivers/STM32N6xx_HAL_Driver/Src/stm32n6xx_ll_sdmmc.c **** 
1997:../../STM32Cube_FW_N6/Drivers/STM32N6xx_HAL_Driver/Src/stm32n6xx_ll_sdmmc.c ****   if (pNode == NULL)
1998:../../STM32Cube_FW_N6/Drivers/STM32N6xx_HAL_Driver/Src/stm32n6xx_ll_sdmmc.c ****   {
1999:../../STM32Cube_FW_N6/Drivers/STM32N6xx_HAL_Driver/Src/stm32n6xx_ll_sdmmc.c ****     return SDMMC_ERROR_INVALID_PARAMETER;
2000:../../STM32Cube_FW_N6/Drivers/STM32N6xx_HAL_Driver/Src/stm32n6xx_ll_sdmmc.c ****   }
2001:../../STM32Cube_FW_N6/Drivers/STM32N6xx_HAL_Driver/Src/stm32n6xx_ll_sdmmc.c **** 
2002:../../STM32Cube_FW_N6/Drivers/STM32N6xx_HAL_Driver/Src/stm32n6xx_ll_sdmmc.c ****   MODIFY_REG(pNode->IDMALAR, SDMMC_IDMALAR_ABR, 0U);
2003:../../STM32Cube_FW_N6/Drivers/STM32N6xx_HAL_Driver/Src/stm32n6xx_ll_sdmmc.c **** 
2004:../../STM32Cube_FW_N6/Drivers/STM32N6xx_HAL_Driver/Src/stm32n6xx_ll_sdmmc.c ****   return SDMMC_ERROR_NONE;
2005:../../STM32Cube_FW_N6/Drivers/STM32N6xx_HAL_Driver/Src/stm32n6xx_ll_sdmmc.c **** }
2006:../../STM32Cube_FW_N6/Drivers/STM32N6xx_HAL_Driver/Src/stm32n6xx_ll_sdmmc.c **** 
2007:../../STM32Cube_FW_N6/Drivers/STM32N6xx_HAL_Driver/Src/stm32n6xx_ll_sdmmc.c **** /**
2008:../../STM32Cube_FW_N6/Drivers/STM32N6xx_HAL_Driver/Src/stm32n6xx_ll_sdmmc.c ****   * @brief  Unlock Linked List Node
2009:../../STM32Cube_FW_N6/Drivers/STM32N6xx_HAL_Driver/Src/stm32n6xx_ll_sdmmc.c ****   * @param  pNode: Pointer to node to unlock.
2010:../../STM32Cube_FW_N6/Drivers/STM32N6xx_HAL_Driver/Src/stm32n6xx_ll_sdmmc.c ****   * @retval Error status
2011:../../STM32Cube_FW_N6/Drivers/STM32N6xx_HAL_Driver/Src/stm32n6xx_ll_sdmmc.c **** 
2012:../../STM32Cube_FW_N6/Drivers/STM32N6xx_HAL_Driver/Src/stm32n6xx_ll_sdmmc.c ****   */
2013:../../STM32Cube_FW_N6/Drivers/STM32N6xx_HAL_Driver/Src/stm32n6xx_ll_sdmmc.c **** uint32_t SDMMC_DMALinkedList_UnlockNode(SDMMC_DMALinkNodeTypeDef *pNode)
2014:../../STM32Cube_FW_N6/Drivers/STM32N6xx_HAL_Driver/Src/stm32n6xx_ll_sdmmc.c **** {
2015:../../STM32Cube_FW_N6/Drivers/STM32N6xx_HAL_Driver/Src/stm32n6xx_ll_sdmmc.c **** 
2016:../../STM32Cube_FW_N6/Drivers/STM32N6xx_HAL_Driver/Src/stm32n6xx_ll_sdmmc.c ****   if (pNode == NULL)
2017:../../STM32Cube_FW_N6/Drivers/STM32N6xx_HAL_Driver/Src/stm32n6xx_ll_sdmmc.c ****   {
2018:../../STM32Cube_FW_N6/Drivers/STM32N6xx_HAL_Driver/Src/stm32n6xx_ll_sdmmc.c ****     return SDMMC_ERROR_INVALID_PARAMETER;
2019:../../STM32Cube_FW_N6/Drivers/STM32N6xx_HAL_Driver/Src/stm32n6xx_ll_sdmmc.c ****   }
2020:../../STM32Cube_FW_N6/Drivers/STM32N6xx_HAL_Driver/Src/stm32n6xx_ll_sdmmc.c **** 
2021:../../STM32Cube_FW_N6/Drivers/STM32N6xx_HAL_Driver/Src/stm32n6xx_ll_sdmmc.c ****   MODIFY_REG(pNode->IDMALAR, SDMMC_IDMALAR_ABR, SDMMC_IDMALAR_ABR);
ARM GAS  C:\Users\Antonio\AppData\Local\Temp\cc9FRrj5.s 			page 52


2022:../../STM32Cube_FW_N6/Drivers/STM32N6xx_HAL_Driver/Src/stm32n6xx_ll_sdmmc.c **** 
2023:../../STM32Cube_FW_N6/Drivers/STM32N6xx_HAL_Driver/Src/stm32n6xx_ll_sdmmc.c ****   return SDMMC_ERROR_NONE;
2024:../../STM32Cube_FW_N6/Drivers/STM32N6xx_HAL_Driver/Src/stm32n6xx_ll_sdmmc.c **** }
2025:../../STM32Cube_FW_N6/Drivers/STM32N6xx_HAL_Driver/Src/stm32n6xx_ll_sdmmc.c **** 
2026:../../STM32Cube_FW_N6/Drivers/STM32N6xx_HAL_Driver/Src/stm32n6xx_ll_sdmmc.c **** /**
2027:../../STM32Cube_FW_N6/Drivers/STM32N6xx_HAL_Driver/Src/stm32n6xx_ll_sdmmc.c ****   * @brief  Enable Linked List circular mode
2028:../../STM32Cube_FW_N6/Drivers/STM32N6xx_HAL_Driver/Src/stm32n6xx_ll_sdmmc.c ****   * @param  pLinkedList: Pointer to the linkedlist that contains transfer nodes
2029:../../STM32Cube_FW_N6/Drivers/STM32N6xx_HAL_Driver/Src/stm32n6xx_ll_sdmmc.c ****   * @retval Error status
2030:../../STM32Cube_FW_N6/Drivers/STM32N6xx_HAL_Driver/Src/stm32n6xx_ll_sdmmc.c **** 
2031:../../STM32Cube_FW_N6/Drivers/STM32N6xx_HAL_Driver/Src/stm32n6xx_ll_sdmmc.c ****   */
2032:../../STM32Cube_FW_N6/Drivers/STM32N6xx_HAL_Driver/Src/stm32n6xx_ll_sdmmc.c **** uint32_t SDMMC_DMALinkedList_EnableCircularMode(SDMMC_DMALinkedListTypeDef *pLinkedList)
2033:../../STM32Cube_FW_N6/Drivers/STM32N6xx_HAL_Driver/Src/stm32n6xx_ll_sdmmc.c **** {
2034:../../STM32Cube_FW_N6/Drivers/STM32N6xx_HAL_Driver/Src/stm32n6xx_ll_sdmmc.c **** 
2035:../../STM32Cube_FW_N6/Drivers/STM32N6xx_HAL_Driver/Src/stm32n6xx_ll_sdmmc.c ****   if (pLinkedList == NULL)
2036:../../STM32Cube_FW_N6/Drivers/STM32N6xx_HAL_Driver/Src/stm32n6xx_ll_sdmmc.c ****   {
2037:../../STM32Cube_FW_N6/Drivers/STM32N6xx_HAL_Driver/Src/stm32n6xx_ll_sdmmc.c ****     return SDMMC_ERROR_INVALID_PARAMETER;
2038:../../STM32Cube_FW_N6/Drivers/STM32N6xx_HAL_Driver/Src/stm32n6xx_ll_sdmmc.c ****   }
2039:../../STM32Cube_FW_N6/Drivers/STM32N6xx_HAL_Driver/Src/stm32n6xx_ll_sdmmc.c **** 
2040:../../STM32Cube_FW_N6/Drivers/STM32N6xx_HAL_Driver/Src/stm32n6xx_ll_sdmmc.c ****   MODIFY_REG(pLinkedList->pTailNode->IDMALAR, SDMMC_IDMALAR_ULA | SDMMC_IDMALAR_IDMALA, SDMMC_IDMAL
2041:../../STM32Cube_FW_N6/Drivers/STM32N6xx_HAL_Driver/Src/stm32n6xx_ll_sdmmc.c **** 
2042:../../STM32Cube_FW_N6/Drivers/STM32N6xx_HAL_Driver/Src/stm32n6xx_ll_sdmmc.c ****   return SDMMC_ERROR_NONE;
2043:../../STM32Cube_FW_N6/Drivers/STM32N6xx_HAL_Driver/Src/stm32n6xx_ll_sdmmc.c **** }
2044:../../STM32Cube_FW_N6/Drivers/STM32N6xx_HAL_Driver/Src/stm32n6xx_ll_sdmmc.c **** 
2045:../../STM32Cube_FW_N6/Drivers/STM32N6xx_HAL_Driver/Src/stm32n6xx_ll_sdmmc.c **** /**
2046:../../STM32Cube_FW_N6/Drivers/STM32N6xx_HAL_Driver/Src/stm32n6xx_ll_sdmmc.c ****   * @brief  Disable DMA Linked List Circular mode
2047:../../STM32Cube_FW_N6/Drivers/STM32N6xx_HAL_Driver/Src/stm32n6xx_ll_sdmmc.c ****   * @param  pLinkedList: Pointer to the linkedlist that contains transfer nodes
2048:../../STM32Cube_FW_N6/Drivers/STM32N6xx_HAL_Driver/Src/stm32n6xx_ll_sdmmc.c ****   * @retval Error status
2049:../../STM32Cube_FW_N6/Drivers/STM32N6xx_HAL_Driver/Src/stm32n6xx_ll_sdmmc.c ****    */
2050:../../STM32Cube_FW_N6/Drivers/STM32N6xx_HAL_Driver/Src/stm32n6xx_ll_sdmmc.c **** uint32_t SDMMC_DMALinkedList_DisableCircularMode(SDMMC_DMALinkedListTypeDef *pLinkedList)
2051:../../STM32Cube_FW_N6/Drivers/STM32N6xx_HAL_Driver/Src/stm32n6xx_ll_sdmmc.c **** {
2052:../../STM32Cube_FW_N6/Drivers/STM32N6xx_HAL_Driver/Src/stm32n6xx_ll_sdmmc.c **** 
2053:../../STM32Cube_FW_N6/Drivers/STM32N6xx_HAL_Driver/Src/stm32n6xx_ll_sdmmc.c ****   if (pLinkedList == NULL)
2054:../../STM32Cube_FW_N6/Drivers/STM32N6xx_HAL_Driver/Src/stm32n6xx_ll_sdmmc.c ****   {
2055:../../STM32Cube_FW_N6/Drivers/STM32N6xx_HAL_Driver/Src/stm32n6xx_ll_sdmmc.c ****     return SDMMC_ERROR_INVALID_PARAMETER;
2056:../../STM32Cube_FW_N6/Drivers/STM32N6xx_HAL_Driver/Src/stm32n6xx_ll_sdmmc.c ****   }
2057:../../STM32Cube_FW_N6/Drivers/STM32N6xx_HAL_Driver/Src/stm32n6xx_ll_sdmmc.c **** 
2058:../../STM32Cube_FW_N6/Drivers/STM32N6xx_HAL_Driver/Src/stm32n6xx_ll_sdmmc.c ****   MODIFY_REG(pLinkedList->pTailNode->IDMALAR, SDMMC_IDMALAR_ULA, 0U);
2059:../../STM32Cube_FW_N6/Drivers/STM32N6xx_HAL_Driver/Src/stm32n6xx_ll_sdmmc.c **** 
2060:../../STM32Cube_FW_N6/Drivers/STM32N6xx_HAL_Driver/Src/stm32n6xx_ll_sdmmc.c ****   return SDMMC_ERROR_NONE;
2061:../../STM32Cube_FW_N6/Drivers/STM32N6xx_HAL_Driver/Src/stm32n6xx_ll_sdmmc.c **** }
2062:../../STM32Cube_FW_N6/Drivers/STM32N6xx_HAL_Driver/Src/stm32n6xx_ll_sdmmc.c **** 
2063:../../STM32Cube_FW_N6/Drivers/STM32N6xx_HAL_Driver/Src/stm32n6xx_ll_sdmmc.c **** /**
2064:../../STM32Cube_FW_N6/Drivers/STM32N6xx_HAL_Driver/Src/stm32n6xx_ll_sdmmc.c ****   * @}
2065:../../STM32Cube_FW_N6/Drivers/STM32N6xx_HAL_Driver/Src/stm32n6xx_ll_sdmmc.c ****   */
2066:../../STM32Cube_FW_N6/Drivers/STM32N6xx_HAL_Driver/Src/stm32n6xx_ll_sdmmc.c **** 
2067:../../STM32Cube_FW_N6/Drivers/STM32N6xx_HAL_Driver/Src/stm32n6xx_ll_sdmmc.c **** 
2068:../../STM32Cube_FW_N6/Drivers/STM32N6xx_HAL_Driver/Src/stm32n6xx_ll_sdmmc.c **** /* Private function ----------------------------------------------------------*/
2069:../../STM32Cube_FW_N6/Drivers/STM32N6xx_HAL_Driver/Src/stm32n6xx_ll_sdmmc.c **** /** @addtogroup SD_Private_Functions
2070:../../STM32Cube_FW_N6/Drivers/STM32N6xx_HAL_Driver/Src/stm32n6xx_ll_sdmmc.c ****   * @{
2071:../../STM32Cube_FW_N6/Drivers/STM32N6xx_HAL_Driver/Src/stm32n6xx_ll_sdmmc.c ****   */
2072:../../STM32Cube_FW_N6/Drivers/STM32N6xx_HAL_Driver/Src/stm32n6xx_ll_sdmmc.c **** 
2073:../../STM32Cube_FW_N6/Drivers/STM32N6xx_HAL_Driver/Src/stm32n6xx_ll_sdmmc.c **** /**
2074:../../STM32Cube_FW_N6/Drivers/STM32N6xx_HAL_Driver/Src/stm32n6xx_ll_sdmmc.c ****   * @brief  Checks for error conditions for CMD0.
2075:../../STM32Cube_FW_N6/Drivers/STM32N6xx_HAL_Driver/Src/stm32n6xx_ll_sdmmc.c ****   * @param  hsd: SD handle
2076:../../STM32Cube_FW_N6/Drivers/STM32N6xx_HAL_Driver/Src/stm32n6xx_ll_sdmmc.c ****   * @retval SD Card error state
2077:../../STM32Cube_FW_N6/Drivers/STM32N6xx_HAL_Driver/Src/stm32n6xx_ll_sdmmc.c ****   */
2078:../../STM32Cube_FW_N6/Drivers/STM32N6xx_HAL_Driver/Src/stm32n6xx_ll_sdmmc.c **** static uint32_t SDMMC_GetCmdError(SDMMC_TypeDef *SDMMCx)
ARM GAS  C:\Users\Antonio\AppData\Local\Temp\cc9FRrj5.s 			page 53


 860              		.loc 1 2078 17 view .LVU210
 861              	.LBB33:
2079:../../STM32Cube_FW_N6/Drivers/STM32N6xx_HAL_Driver/Src/stm32n6xx_ll_sdmmc.c **** {
2080:../../STM32Cube_FW_N6/Drivers/STM32N6xx_HAL_Driver/Src/stm32n6xx_ll_sdmmc.c ****   /* 8 is the number of required instructions cycles for the below loop statement.
2081:../../STM32Cube_FW_N6/Drivers/STM32N6xx_HAL_Driver/Src/stm32n6xx_ll_sdmmc.c ****   The SDMMC_CMDTIMEOUT is expressed in ms */
2082:../../STM32Cube_FW_N6/Drivers/STM32N6xx_HAL_Driver/Src/stm32n6xx_ll_sdmmc.c ****   uint32_t count = SDMMC_CMDTIMEOUT * (SystemCoreClock / 8U / 1000U);
 862              		.loc 1 2082 3 view .LVU211
 863              		.loc 1 2082 61 is_stmt 0 view .LVU212
 864 001c 4FF4FA52 		mov	r2, #8000
 865 0020 0A4B     		ldr	r3, .L108
 866 0022 1B68     		ldr	r3, [r3]
 867 0024 B3FBF2F3 		udiv	r3, r3, r2
 868              		.loc 1 2082 12 view .LVU213
 869 0028 41F28832 		movw	r2, #5000
 870 002c 5343     		muls	r3, r2, r3
 871              	.LVL62:
 872              		.loc 1 2082 12 view .LVU214
 873 002e 0133     		adds	r3, r3, #1
 874              	.LVL63:
 875              	.L102:
2083:../../STM32Cube_FW_N6/Drivers/STM32N6xx_HAL_Driver/Src/stm32n6xx_ll_sdmmc.c **** 
2084:../../STM32Cube_FW_N6/Drivers/STM32N6xx_HAL_Driver/Src/stm32n6xx_ll_sdmmc.c ****   do
 876              		.loc 1 2084 3 is_stmt 1 view .LVU215
2085:../../STM32Cube_FW_N6/Drivers/STM32N6xx_HAL_Driver/Src/stm32n6xx_ll_sdmmc.c ****   {
2086:../../STM32Cube_FW_N6/Drivers/STM32N6xx_HAL_Driver/Src/stm32n6xx_ll_sdmmc.c ****     if (count-- == 0U)
 877              		.loc 1 2086 5 view .LVU216
 878              		.loc 1 2086 8 is_stmt 0 view .LVU217
 879 0030 013B     		subs	r3, r3, #1
 880 0032 07D0     		beq	.L107
2087:../../STM32Cube_FW_N6/Drivers/STM32N6xx_HAL_Driver/Src/stm32n6xx_ll_sdmmc.c ****     {
2088:../../STM32Cube_FW_N6/Drivers/STM32N6xx_HAL_Driver/Src/stm32n6xx_ll_sdmmc.c ****       return SDMMC_ERROR_TIMEOUT;
2089:../../STM32Cube_FW_N6/Drivers/STM32N6xx_HAL_Driver/Src/stm32n6xx_ll_sdmmc.c ****     }
2090:../../STM32Cube_FW_N6/Drivers/STM32N6xx_HAL_Driver/Src/stm32n6xx_ll_sdmmc.c **** 
2091:../../STM32Cube_FW_N6/Drivers/STM32N6xx_HAL_Driver/Src/stm32n6xx_ll_sdmmc.c ****   } while (!__SDMMC_GET_FLAG(SDMMCx, SDMMC_FLAG_CMDSENT));
 881              		.loc 1 2091 12 is_stmt 1 view .LVU218
 882              		.loc 1 2091 13 is_stmt 0 view .LVU219
 883 0034 626B     		ldr	r2, [r4, #52]
 884              		.loc 1 2091 12 view .LVU220
 885 0036 1206     		lsls	r2, r2, #24
 886 0038 FAD5     		bpl	.L102
2092:../../STM32Cube_FW_N6/Drivers/STM32N6xx_HAL_Driver/Src/stm32n6xx_ll_sdmmc.c **** 
2093:../../STM32Cube_FW_N6/Drivers/STM32N6xx_HAL_Driver/Src/stm32n6xx_ll_sdmmc.c ****   /* Clear all the static flags */
2094:../../STM32Cube_FW_N6/Drivers/STM32N6xx_HAL_Driver/Src/stm32n6xx_ll_sdmmc.c ****   __SDMMC_CLEAR_FLAG(SDMMCx, SDMMC_STATIC_CMD_FLAGS);
 887              		.loc 1 2094 3 is_stmt 1 view .LVU221
2095:../../STM32Cube_FW_N6/Drivers/STM32N6xx_HAL_Driver/Src/stm32n6xx_ll_sdmmc.c **** 
2096:../../STM32Cube_FW_N6/Drivers/STM32N6xx_HAL_Driver/Src/stm32n6xx_ll_sdmmc.c ****   return SDMMC_ERROR_NONE;
 888              		.loc 1 2096 10 is_stmt 0 view .LVU222
 889 003a 0020     		movs	r0, #0
2094:../../STM32Cube_FW_N6/Drivers/STM32N6xx_HAL_Driver/Src/stm32n6xx_ll_sdmmc.c **** 
 890              		.loc 1 2094 3 view .LVU223
 891 003c 044B     		ldr	r3, .L108+4
 892 003e A363     		str	r3, [r4, #56]
 893              		.loc 1 2096 3 is_stmt 1 view .LVU224
 894              	.LVL64:
 895              	.L100:
 896              		.loc 1 2096 3 is_stmt 0 view .LVU225
 897              	.LBE33:
ARM GAS  C:\Users\Antonio\AppData\Local\Temp\cc9FRrj5.s 			page 54


 898              	.LBE32:
 856:../../STM32Cube_FW_N6/Drivers/STM32N6xx_HAL_Driver/Src/stm32n6xx_ll_sdmmc.c **** 
 899              		.loc 1 856 1 view .LVU226
 900 0040 06B0     		add	sp, sp, #24
 901              		.cfi_remember_state
 902              		.cfi_def_cfa_offset 8
 903              		@ sp needed
 904 0042 10BD     		pop	{r4, pc}
 905              	.LVL65:
 906              	.L107:
 907              		.cfi_restore_state
 908              	.LBB35:
 909              	.LBB34:
2088:../../STM32Cube_FW_N6/Drivers/STM32N6xx_HAL_Driver/Src/stm32n6xx_ll_sdmmc.c ****     }
 910              		.loc 1 2088 14 view .LVU227
 911 0044 4FF00040 		mov	r0, #-2147483648
 912              	.LVL66:
2088:../../STM32Cube_FW_N6/Drivers/STM32N6xx_HAL_Driver/Src/stm32n6xx_ll_sdmmc.c ****     }
 913              		.loc 1 2088 14 view .LVU228
 914              	.LBE34:
 915              	.LBE35:
 855:../../STM32Cube_FW_N6/Drivers/STM32N6xx_HAL_Driver/Src/stm32n6xx_ll_sdmmc.c **** }
 916              		.loc 1 855 3 is_stmt 1 view .LVU229
 855:../../STM32Cube_FW_N6/Drivers/STM32N6xx_HAL_Driver/Src/stm32n6xx_ll_sdmmc.c **** }
 917              		.loc 1 855 10 is_stmt 0 view .LVU230
 918 0048 FAE7     		b	.L100
 919              	.L109:
 920 004a 00BF     		.align	2
 921              	.L108:
 922 004c 00000000 		.word	SystemCoreClock
 923 0050 C5002000 		.word	2097349
 924              		.cfi_endproc
 925              	.LFE864:
 927              		.section	.text.SDMMC_GetCmdResp1,"ax",%progbits
 928              		.align	1
 929              		.global	SDMMC_GetCmdResp1
 930              		.syntax unified
 931              		.thumb
 932              		.thumb_func
 934              	SDMMC_GetCmdResp1:
 935              	.LVL67:
 936              	.LFB884:
1356:../../STM32Cube_FW_N6/Drivers/STM32N6xx_HAL_Driver/Src/stm32n6xx_ll_sdmmc.c ****   uint32_t response_r1;
 937              		.loc 1 1356 1 is_stmt 1 view -0
 938              		.cfi_startproc
 939              		@ args = 0, pretend = 0, frame = 0
 940              		@ frame_needed = 0, uses_anonymous_args = 0
1356:../../STM32Cube_FW_N6/Drivers/STM32N6xx_HAL_Driver/Src/stm32n6xx_ll_sdmmc.c ****   uint32_t response_r1;
 941              		.loc 1 1356 1 is_stmt 0 view .LVU232
 942 0000 10B5     		push	{r4, lr}
 943              		.cfi_def_cfa_offset 8
 944              		.cfi_offset 4, -8
 945              		.cfi_offset 14, -4
1362:../../STM32Cube_FW_N6/Drivers/STM32N6xx_HAL_Driver/Src/stm32n6xx_ll_sdmmc.c **** 
 946              		.loc 1 1362 52 view .LVU233
 947 0002 4FF4FA54 		mov	r4, #8000
1356:../../STM32Cube_FW_N6/Drivers/STM32N6xx_HAL_Driver/Src/stm32n6xx_ll_sdmmc.c ****   uint32_t response_r1;
ARM GAS  C:\Users\Antonio\AppData\Local\Temp\cc9FRrj5.s 			page 55


 948              		.loc 1 1356 1 view .LVU234
 949 0006 0346     		mov	r3, r0
1357:../../STM32Cube_FW_N6/Drivers/STM32N6xx_HAL_Driver/Src/stm32n6xx_ll_sdmmc.c ****   uint32_t sta_reg;
 950              		.loc 1 1357 3 is_stmt 1 view .LVU235
1358:../../STM32Cube_FW_N6/Drivers/STM32N6xx_HAL_Driver/Src/stm32n6xx_ll_sdmmc.c **** 
 951              		.loc 1 1358 3 view .LVU236
1362:../../STM32Cube_FW_N6/Drivers/STM32N6xx_HAL_Driver/Src/stm32n6xx_ll_sdmmc.c **** 
 952              		.loc 1 1362 3 view .LVU237
1362:../../STM32Cube_FW_N6/Drivers/STM32N6xx_HAL_Driver/Src/stm32n6xx_ll_sdmmc.c **** 
 953              		.loc 1 1362 52 is_stmt 0 view .LVU238
 954 0008 4148     		ldr	r0, .L145
 955              	.LVL68:
1362:../../STM32Cube_FW_N6/Drivers/STM32N6xx_HAL_Driver/Src/stm32n6xx_ll_sdmmc.c **** 
 956              		.loc 1 1362 52 view .LVU239
 957 000a 0068     		ldr	r0, [r0]
 958 000c B0FBF4F0 		udiv	r0, r0, r4
1362:../../STM32Cube_FW_N6/Drivers/STM32N6xx_HAL_Driver/Src/stm32n6xx_ll_sdmmc.c **** 
 959              		.loc 1 1362 12 view .LVU240
 960 0010 4243     		muls	r2, r0, r2
 961              	.LVL69:
1371:../../STM32Cube_FW_N6/Drivers/STM32N6xx_HAL_Driver/Src/stm32n6xx_ll_sdmmc.c ****                         SDMMC_FLAG_BUSYD0END)) == 0U) || ((sta_reg & SDMMC_FLAG_CMDACT) != 0U));
 962              		.loc 1 1371 22 view .LVU241
 963 0012 404C     		ldr	r4, .L145+4
 964 0014 0132     		adds	r2, r2, #1
 965              	.LVL70:
 966              	.L111:
1364:../../STM32Cube_FW_N6/Drivers/STM32N6xx_HAL_Driver/Src/stm32n6xx_ll_sdmmc.c ****   {
 967              		.loc 1 1364 3 is_stmt 1 view .LVU242
1366:../../STM32Cube_FW_N6/Drivers/STM32N6xx_HAL_Driver/Src/stm32n6xx_ll_sdmmc.c ****     {
 968              		.loc 1 1366 5 view .LVU243
1366:../../STM32Cube_FW_N6/Drivers/STM32N6xx_HAL_Driver/Src/stm32n6xx_ll_sdmmc.c ****     {
 969              		.loc 1 1366 8 is_stmt 0 view .LVU244
 970 0016 013A     		subs	r2, r2, #1
 971 0018 46D0     		beq	.L144
1370:../../STM32Cube_FW_N6/Drivers/STM32N6xx_HAL_Driver/Src/stm32n6xx_ll_sdmmc.c ****   } while (((sta_reg & (SDMMC_FLAG_CCRCFAIL | SDMMC_FLAG_CMDREND | SDMMC_FLAG_CTIMEOUT |
 972              		.loc 1 1370 5 is_stmt 1 view .LVU245
1370:../../STM32Cube_FW_N6/Drivers/STM32N6xx_HAL_Driver/Src/stm32n6xx_ll_sdmmc.c ****   } while (((sta_reg & (SDMMC_FLAG_CCRCFAIL | SDMMC_FLAG_CMDREND | SDMMC_FLAG_CTIMEOUT |
 973              		.loc 1 1370 13 is_stmt 0 view .LVU246
 974 001a 586B     		ldr	r0, [r3, #52]
 975              	.LVL71:
1372:../../STM32Cube_FW_N6/Drivers/STM32N6xx_HAL_Driver/Src/stm32n6xx_ll_sdmmc.c **** 
 976              		.loc 1 1372 55 is_stmt 1 view .LVU247
 977 001c 2042     		tst	r0, r4
 978 001e FAD0     		beq	.L111
1372:../../STM32Cube_FW_N6/Drivers/STM32N6xx_HAL_Driver/Src/stm32n6xx_ll_sdmmc.c **** 
 979              		.loc 1 1372 55 is_stmt 0 discriminator 1 view .LVU248
 980 0020 8004     		lsls	r0, r0, #18
 981              	.LVL72:
1372:../../STM32Cube_FW_N6/Drivers/STM32N6xx_HAL_Driver/Src/stm32n6xx_ll_sdmmc.c **** 
 982              		.loc 1 1372 55 discriminator 1 view .LVU249
 983 0022 F8D4     		bmi	.L111
1374:../../STM32Cube_FW_N6/Drivers/STM32N6xx_HAL_Driver/Src/stm32n6xx_ll_sdmmc.c ****   {
 984              		.loc 1 1374 3 is_stmt 1 view .LVU250
1374:../../STM32Cube_FW_N6/Drivers/STM32N6xx_HAL_Driver/Src/stm32n6xx_ll_sdmmc.c ****   {
 985              		.loc 1 1374 7 is_stmt 0 view .LVU251
 986 0024 5A6B     		ldr	r2, [r3, #52]
1374:../../STM32Cube_FW_N6/Drivers/STM32N6xx_HAL_Driver/Src/stm32n6xx_ll_sdmmc.c ****   {
ARM GAS  C:\Users\Antonio\AppData\Local\Temp\cc9FRrj5.s 			page 56


 987              		.loc 1 1374 6 view .LVU252
 988 0026 5407     		lsls	r4, r2, #29
 989 0028 02D5     		bpl	.L114
1376:../../STM32Cube_FW_N6/Drivers/STM32N6xx_HAL_Driver/Src/stm32n6xx_ll_sdmmc.c **** 
 990              		.loc 1 1376 5 is_stmt 1 view .LVU253
 991 002a 0420     		movs	r0, #4
 992 002c 9863     		str	r0, [r3, #56]
1378:../../STM32Cube_FW_N6/Drivers/STM32N6xx_HAL_Driver/Src/stm32n6xx_ll_sdmmc.c ****   }
 993              		.loc 1 1378 5 view .LVU254
 994              	.LVL73:
 995              	.L110:
1483:../../STM32Cube_FW_N6/Drivers/STM32N6xx_HAL_Driver/Src/stm32n6xx_ll_sdmmc.c **** 
 996              		.loc 1 1483 1 is_stmt 0 view .LVU255
 997 002e 10BD     		pop	{r4, pc}
 998              	.LVL74:
 999              	.L114:
 1000              	.LBB42:
 1001              	.LBI42:
1355:../../STM32Cube_FW_N6/Drivers/STM32N6xx_HAL_Driver/Src/stm32n6xx_ll_sdmmc.c **** {
 1002              		.loc 1 1355 10 is_stmt 1 view .LVU256
 1003              	.LBB43:
1380:../../STM32Cube_FW_N6/Drivers/STM32N6xx_HAL_Driver/Src/stm32n6xx_ll_sdmmc.c ****   {
 1004              		.loc 1 1380 8 view .LVU257
1380:../../STM32Cube_FW_N6/Drivers/STM32N6xx_HAL_Driver/Src/stm32n6xx_ll_sdmmc.c ****   {
 1005              		.loc 1 1380 12 is_stmt 0 view .LVU258
 1006 0030 5A6B     		ldr	r2, [r3, #52]
1380:../../STM32Cube_FW_N6/Drivers/STM32N6xx_HAL_Driver/Src/stm32n6xx_ll_sdmmc.c ****   {
 1007              		.loc 1 1380 11 view .LVU259
 1008 0032 D007     		lsls	r0, r2, #31
 1009 0034 03D5     		bpl	.L115
1382:../../STM32Cube_FW_N6/Drivers/STM32N6xx_HAL_Driver/Src/stm32n6xx_ll_sdmmc.c **** 
 1010              		.loc 1 1382 5 is_stmt 1 view .LVU260
 1011 0036 0122     		movs	r2, #1
 1012 0038 9A63     		str	r2, [r3, #56]
1384:../../STM32Cube_FW_N6/Drivers/STM32N6xx_HAL_Driver/Src/stm32n6xx_ll_sdmmc.c ****   }
 1013              		.loc 1 1384 5 view .LVU261
 1014              	.L116:
1384:../../STM32Cube_FW_N6/Drivers/STM32N6xx_HAL_Driver/Src/stm32n6xx_ll_sdmmc.c ****   }
 1015              		.loc 1 1384 12 is_stmt 0 view .LVU262
 1016 003a 0120     		movs	r0, #1
 1017 003c F7E7     		b	.L110
 1018              	.L115:
1389:../../STM32Cube_FW_N6/Drivers/STM32N6xx_HAL_Driver/Src/stm32n6xx_ll_sdmmc.c **** 
 1019              		.loc 1 1389 3 is_stmt 1 view .LVU263
1392:../../STM32Cube_FW_N6/Drivers/STM32N6xx_HAL_Driver/Src/stm32n6xx_ll_sdmmc.c **** 
 1020              		.loc 1 1392 3 view .LVU264
 1021 003e 364A     		ldr	r2, .L145+8
 1022 0040 9A63     		str	r2, [r3, #56]
1395:../../STM32Cube_FW_N6/Drivers/STM32N6xx_HAL_Driver/Src/stm32n6xx_ll_sdmmc.c ****   {
 1023              		.loc 1 1395 3 view .LVU265
 1024              	.LVL75:
 1025              	.LBB44:
 1026              	.LBI44:
 382:../../STM32Cube_FW_N6/Drivers/STM32N6xx_HAL_Driver/Src/stm32n6xx_ll_sdmmc.c **** {
 1027              		.loc 1 382 9 view .LVU266
 1028              	.LBB45:
 384:../../STM32Cube_FW_N6/Drivers/STM32N6xx_HAL_Driver/Src/stm32n6xx_ll_sdmmc.c **** }
ARM GAS  C:\Users\Antonio\AppData\Local\Temp\cc9FRrj5.s 			page 57


 1029              		.loc 1 384 3 view .LVU267
 384:../../STM32Cube_FW_N6/Drivers/STM32N6xx_HAL_Driver/Src/stm32n6xx_ll_sdmmc.c **** }
 1030              		.loc 1 384 26 is_stmt 0 view .LVU268
 1031 0042 1A69     		ldr	r2, [r3, #16]
 1032              	.LVL76:
 384:../../STM32Cube_FW_N6/Drivers/STM32N6xx_HAL_Driver/Src/stm32n6xx_ll_sdmmc.c **** }
 1033              		.loc 1 384 26 view .LVU269
 1034              	.LBE45:
 1035              	.LBE44:
1395:../../STM32Cube_FW_N6/Drivers/STM32N6xx_HAL_Driver/Src/stm32n6xx_ll_sdmmc.c ****   {
 1036              		.loc 1 1395 6 discriminator 1 view .LVU270
 1037 0044 D2B2     		uxtb	r2, r2
 1038 0046 9142     		cmp	r1, r2
 1039 0048 F7D1     		bne	.L116
1401:../../STM32Cube_FW_N6/Drivers/STM32N6xx_HAL_Driver/Src/stm32n6xx_ll_sdmmc.c **** 
 1040              		.loc 1 1401 3 is_stmt 1 view .LVU271
 1041              	.LVL77:
 1042              	.LBB46:
 1043              	.LBI46:
 399:../../STM32Cube_FW_N6/Drivers/STM32N6xx_HAL_Driver/Src/stm32n6xx_ll_sdmmc.c **** {
 1044              		.loc 1 399 10 view .LVU272
 1045              	.LBB47:
 401:../../STM32Cube_FW_N6/Drivers/STM32N6xx_HAL_Driver/Src/stm32n6xx_ll_sdmmc.c **** 
 1046              		.loc 1 401 3 view .LVU273
 404:../../STM32Cube_FW_N6/Drivers/STM32N6xx_HAL_Driver/Src/stm32n6xx_ll_sdmmc.c **** 
 1047              		.loc 1 404 3 view .LVU274
 407:../../STM32Cube_FW_N6/Drivers/STM32N6xx_HAL_Driver/Src/stm32n6xx_ll_sdmmc.c **** 
 1048              		.loc 1 407 3 view .LVU275
 409:../../STM32Cube_FW_N6/Drivers/STM32N6xx_HAL_Driver/Src/stm32n6xx_ll_sdmmc.c **** }
 1049              		.loc 1 409 3 view .LVU276
 409:../../STM32Cube_FW_N6/Drivers/STM32N6xx_HAL_Driver/Src/stm32n6xx_ll_sdmmc.c **** }
 1050              		.loc 1 409 11 is_stmt 0 view .LVU277
 1051 004a 5B69     		ldr	r3, [r3, #20]
 1052              	.LVL78:
 409:../../STM32Cube_FW_N6/Drivers/STM32N6xx_HAL_Driver/Src/stm32n6xx_ll_sdmmc.c **** }
 1053              		.loc 1 409 11 view .LVU278
 1054              	.LBE47:
 1055              	.LBE46:
1403:../../STM32Cube_FW_N6/Drivers/STM32N6xx_HAL_Driver/Src/stm32n6xx_ll_sdmmc.c ****   {
 1056              		.loc 1 1403 3 is_stmt 1 view .LVU279
1403:../../STM32Cube_FW_N6/Drivers/STM32N6xx_HAL_Driver/Src/stm32n6xx_ll_sdmmc.c ****   {
 1057              		.loc 1 1403 20 is_stmt 0 view .LVU280
 1058 004c 3348     		ldr	r0, .L145+12
 1059 004e 1840     		ands	r0, r0, r3
1403:../../STM32Cube_FW_N6/Drivers/STM32N6xx_HAL_Driver/Src/stm32n6xx_ll_sdmmc.c ****   {
 1060              		.loc 1 1403 6 view .LVU281
 1061 0050 0028     		cmp	r0, #0
 1062 0052 ECD0     		beq	.L110
1407:../../STM32Cube_FW_N6/Drivers/STM32N6xx_HAL_Driver/Src/stm32n6xx_ll_sdmmc.c ****   {
 1063              		.loc 1 1407 8 is_stmt 1 view .LVU282
1407:../../STM32Cube_FW_N6/Drivers/STM32N6xx_HAL_Driver/Src/stm32n6xx_ll_sdmmc.c ****   {
 1064              		.loc 1 1407 11 is_stmt 0 view .LVU283
 1065 0054 002B     		cmp	r3, #0
 1066 0056 2ADB     		blt	.L119
1411:../../STM32Cube_FW_N6/Drivers/STM32N6xx_HAL_Driver/Src/stm32n6xx_ll_sdmmc.c ****   {
 1067              		.loc 1 1411 8 is_stmt 1 view .LVU284
1411:../../STM32Cube_FW_N6/Drivers/STM32N6xx_HAL_Driver/Src/stm32n6xx_ll_sdmmc.c ****   {
ARM GAS  C:\Users\Antonio\AppData\Local\Temp\cc9FRrj5.s 			page 58


 1068              		.loc 1 1411 11 is_stmt 0 view .LVU285
 1069 0058 5A00     		lsls	r2, r3, #1
 1070 005a 2BD4     		bmi	.L120
1415:../../STM32Cube_FW_N6/Drivers/STM32N6xx_HAL_Driver/Src/stm32n6xx_ll_sdmmc.c ****   {
 1071              		.loc 1 1415 8 is_stmt 1 view .LVU286
1415:../../STM32Cube_FW_N6/Drivers/STM32N6xx_HAL_Driver/Src/stm32n6xx_ll_sdmmc.c ****   {
 1072              		.loc 1 1415 11 is_stmt 0 view .LVU287
 1073 005c 9C00     		lsls	r4, r3, #2
 1074 005e 2BD4     		bmi	.L121
1419:../../STM32Cube_FW_N6/Drivers/STM32N6xx_HAL_Driver/Src/stm32n6xx_ll_sdmmc.c ****   {
 1075              		.loc 1 1419 8 is_stmt 1 view .LVU288
1419:../../STM32Cube_FW_N6/Drivers/STM32N6xx_HAL_Driver/Src/stm32n6xx_ll_sdmmc.c ****   {
 1076              		.loc 1 1419 11 is_stmt 0 view .LVU289
 1077 0060 D900     		lsls	r1, r3, #3
 1078              	.LVL79:
1419:../../STM32Cube_FW_N6/Drivers/STM32N6xx_HAL_Driver/Src/stm32n6xx_ll_sdmmc.c ****   {
 1079              		.loc 1 1419 11 view .LVU290
 1080 0062 2BD4     		bmi	.L122
1423:../../STM32Cube_FW_N6/Drivers/STM32N6xx_HAL_Driver/Src/stm32n6xx_ll_sdmmc.c ****   {
 1081              		.loc 1 1423 8 is_stmt 1 view .LVU291
1423:../../STM32Cube_FW_N6/Drivers/STM32N6xx_HAL_Driver/Src/stm32n6xx_ll_sdmmc.c ****   {
 1082              		.loc 1 1423 11 is_stmt 0 view .LVU292
 1083 0064 1A01     		lsls	r2, r3, #4
 1084 0066 2CD4     		bmi	.L123
1427:../../STM32Cube_FW_N6/Drivers/STM32N6xx_HAL_Driver/Src/stm32n6xx_ll_sdmmc.c ****   {
 1085              		.loc 1 1427 8 is_stmt 1 view .LVU293
1427:../../STM32Cube_FW_N6/Drivers/STM32N6xx_HAL_Driver/Src/stm32n6xx_ll_sdmmc.c ****   {
 1086              		.loc 1 1427 11 is_stmt 0 view .LVU294
 1087 0068 5C01     		lsls	r4, r3, #5
 1088 006a 2DD4     		bmi	.L124
1431:../../STM32Cube_FW_N6/Drivers/STM32N6xx_HAL_Driver/Src/stm32n6xx_ll_sdmmc.c ****   {
 1089              		.loc 1 1431 8 is_stmt 1 view .LVU295
1431:../../STM32Cube_FW_N6/Drivers/STM32N6xx_HAL_Driver/Src/stm32n6xx_ll_sdmmc.c ****   {
 1090              		.loc 1 1431 11 is_stmt 0 view .LVU296
 1091 006c D901     		lsls	r1, r3, #7
 1092 006e 2ED4     		bmi	.L125
1435:../../STM32Cube_FW_N6/Drivers/STM32N6xx_HAL_Driver/Src/stm32n6xx_ll_sdmmc.c ****   {
 1093              		.loc 1 1435 8 is_stmt 1 view .LVU297
1435:../../STM32Cube_FW_N6/Drivers/STM32N6xx_HAL_Driver/Src/stm32n6xx_ll_sdmmc.c ****   {
 1094              		.loc 1 1435 11 is_stmt 0 view .LVU298
 1095 0070 1A02     		lsls	r2, r3, #8
 1096 0072 2FD4     		bmi	.L126
1439:../../STM32Cube_FW_N6/Drivers/STM32N6xx_HAL_Driver/Src/stm32n6xx_ll_sdmmc.c ****   {
 1097              		.loc 1 1439 8 is_stmt 1 view .LVU299
1439:../../STM32Cube_FW_N6/Drivers/STM32N6xx_HAL_Driver/Src/stm32n6xx_ll_sdmmc.c ****   {
 1098              		.loc 1 1439 11 is_stmt 0 view .LVU300
 1099 0074 5C02     		lsls	r4, r3, #9
 1100 0076 30D4     		bmi	.L127
1443:../../STM32Cube_FW_N6/Drivers/STM32N6xx_HAL_Driver/Src/stm32n6xx_ll_sdmmc.c ****   {
 1101              		.loc 1 1443 8 is_stmt 1 view .LVU301
1443:../../STM32Cube_FW_N6/Drivers/STM32N6xx_HAL_Driver/Src/stm32n6xx_ll_sdmmc.c ****   {
 1102              		.loc 1 1443 11 is_stmt 0 view .LVU302
 1103 0078 9902     		lsls	r1, r3, #10
 1104 007a 31D4     		bmi	.L128
1447:../../STM32Cube_FW_N6/Drivers/STM32N6xx_HAL_Driver/Src/stm32n6xx_ll_sdmmc.c ****   {
 1105              		.loc 1 1447 8 is_stmt 1 view .LVU303
1447:../../STM32Cube_FW_N6/Drivers/STM32N6xx_HAL_Driver/Src/stm32n6xx_ll_sdmmc.c ****   {
ARM GAS  C:\Users\Antonio\AppData\Local\Temp\cc9FRrj5.s 			page 59


 1106              		.loc 1 1447 11 is_stmt 0 view .LVU304
 1107 007c DA02     		lsls	r2, r3, #11
 1108 007e 32D4     		bmi	.L129
1451:../../STM32Cube_FW_N6/Drivers/STM32N6xx_HAL_Driver/Src/stm32n6xx_ll_sdmmc.c ****   {
 1109              		.loc 1 1451 8 is_stmt 1 view .LVU305
1451:../../STM32Cube_FW_N6/Drivers/STM32N6xx_HAL_Driver/Src/stm32n6xx_ll_sdmmc.c ****   {
 1110              		.loc 1 1451 11 is_stmt 0 view .LVU306
 1111 0080 5C03     		lsls	r4, r3, #13
 1112 0082 33D4     		bmi	.L130
1455:../../STM32Cube_FW_N6/Drivers/STM32N6xx_HAL_Driver/Src/stm32n6xx_ll_sdmmc.c ****   {
 1113              		.loc 1 1455 8 is_stmt 1 view .LVU307
1455:../../STM32Cube_FW_N6/Drivers/STM32N6xx_HAL_Driver/Src/stm32n6xx_ll_sdmmc.c ****   {
 1114              		.loc 1 1455 11 is_stmt 0 view .LVU308
 1115 0084 9903     		lsls	r1, r3, #14
 1116 0086 34D4     		bmi	.L131
1459:../../STM32Cube_FW_N6/Drivers/STM32N6xx_HAL_Driver/Src/stm32n6xx_ll_sdmmc.c ****   {
 1117              		.loc 1 1459 8 is_stmt 1 view .LVU309
1459:../../STM32Cube_FW_N6/Drivers/STM32N6xx_HAL_Driver/Src/stm32n6xx_ll_sdmmc.c ****   {
 1118              		.loc 1 1459 11 is_stmt 0 view .LVU310
 1119 0088 DA03     		lsls	r2, r3, #15
 1120 008a 35D4     		bmi	.L132
1463:../../STM32Cube_FW_N6/Drivers/STM32N6xx_HAL_Driver/Src/stm32n6xx_ll_sdmmc.c ****   {
 1121              		.loc 1 1463 8 is_stmt 1 view .LVU311
1463:../../STM32Cube_FW_N6/Drivers/STM32N6xx_HAL_Driver/Src/stm32n6xx_ll_sdmmc.c ****   {
 1122              		.loc 1 1463 11 is_stmt 0 view .LVU312
 1123 008c 1C04     		lsls	r4, r3, #16
 1124 008e 36D4     		bmi	.L133
1467:../../STM32Cube_FW_N6/Drivers/STM32N6xx_HAL_Driver/Src/stm32n6xx_ll_sdmmc.c ****   {
 1125              		.loc 1 1467 8 is_stmt 1 view .LVU313
1467:../../STM32Cube_FW_N6/Drivers/STM32N6xx_HAL_Driver/Src/stm32n6xx_ll_sdmmc.c ****   {
 1126              		.loc 1 1467 11 is_stmt 0 view .LVU314
 1127 0090 5904     		lsls	r1, r3, #17
 1128 0092 37D4     		bmi	.L134
1471:../../STM32Cube_FW_N6/Drivers/STM32N6xx_HAL_Driver/Src/stm32n6xx_ll_sdmmc.c ****   {
 1129              		.loc 1 1471 8 is_stmt 1 view .LVU315
1471:../../STM32Cube_FW_N6/Drivers/STM32N6xx_HAL_Driver/Src/stm32n6xx_ll_sdmmc.c ****   {
 1130              		.loc 1 1471 11 is_stmt 0 view .LVU316
 1131 0094 9A04     		lsls	r2, r3, #18
 1132 0096 38D4     		bmi	.L135
1475:../../STM32Cube_FW_N6/Drivers/STM32N6xx_HAL_Driver/Src/stm32n6xx_ll_sdmmc.c ****   {
 1133              		.loc 1 1475 8 is_stmt 1 view .LVU317
1477:../../STM32Cube_FW_N6/Drivers/STM32N6xx_HAL_Driver/Src/stm32n6xx_ll_sdmmc.c ****   }
 1134              		.loc 1 1477 12 is_stmt 0 view .LVU318
 1135 0098 13F0080F 		tst	r3, #8
 1136 009c 0CBF     		ite	eq
 1137 009e 4FF48030 		moveq	r0, #65536
 1138 00a2 4FF40000 		movne	r0, #8388608
 1139 00a6 C2E7     		b	.L110
 1140              	.LVL80:
 1141              	.L144:
1477:../../STM32Cube_FW_N6/Drivers/STM32N6xx_HAL_Driver/Src/stm32n6xx_ll_sdmmc.c ****   }
 1142              		.loc 1 1477 12 view .LVU319
 1143              	.LBE43:
 1144              	.LBE42:
1368:../../STM32Cube_FW_N6/Drivers/STM32N6xx_HAL_Driver/Src/stm32n6xx_ll_sdmmc.c ****     }
 1145              		.loc 1 1368 14 view .LVU320
 1146 00a8 4FF00040 		mov	r0, #-2147483648
ARM GAS  C:\Users\Antonio\AppData\Local\Temp\cc9FRrj5.s 			page 60


 1147 00ac BFE7     		b	.L110
 1148              	.LVL81:
 1149              	.L119:
 1150              	.LBB49:
 1151              	.LBB48:
1409:../../STM32Cube_FW_N6/Drivers/STM32N6xx_HAL_Driver/Src/stm32n6xx_ll_sdmmc.c ****   }
 1152              		.loc 1 1409 12 view .LVU321
 1153 00ae 4FF00070 		mov	r0, #33554432
 1154 00b2 BCE7     		b	.L110
 1155              	.L120:
1413:../../STM32Cube_FW_N6/Drivers/STM32N6xx_HAL_Driver/Src/stm32n6xx_ll_sdmmc.c ****   }
 1156              		.loc 1 1413 12 view .LVU322
 1157 00b4 4020     		movs	r0, #64
 1158 00b6 BAE7     		b	.L110
 1159              	.L121:
1417:../../STM32Cube_FW_N6/Drivers/STM32N6xx_HAL_Driver/Src/stm32n6xx_ll_sdmmc.c ****   }
 1160              		.loc 1 1417 12 view .LVU323
 1161 00b8 8020     		movs	r0, #128
 1162 00ba B8E7     		b	.L110
 1163              	.LVL82:
 1164              	.L122:
1421:../../STM32Cube_FW_N6/Drivers/STM32N6xx_HAL_Driver/Src/stm32n6xx_ll_sdmmc.c ****   }
 1165              		.loc 1 1421 12 view .LVU324
 1166 00bc 4FF48070 		mov	r0, #256
 1167 00c0 B5E7     		b	.L110
 1168              	.L123:
1425:../../STM32Cube_FW_N6/Drivers/STM32N6xx_HAL_Driver/Src/stm32n6xx_ll_sdmmc.c ****   }
 1169              		.loc 1 1425 12 view .LVU325
 1170 00c2 4FF40070 		mov	r0, #512
 1171 00c6 B2E7     		b	.L110
 1172              	.L124:
1429:../../STM32Cube_FW_N6/Drivers/STM32N6xx_HAL_Driver/Src/stm32n6xx_ll_sdmmc.c ****   }
 1173              		.loc 1 1429 12 view .LVU326
 1174 00c8 4FF48060 		mov	r0, #1024
 1175 00cc AFE7     		b	.L110
 1176              	.L125:
1433:../../STM32Cube_FW_N6/Drivers/STM32N6xx_HAL_Driver/Src/stm32n6xx_ll_sdmmc.c ****   }
 1177              		.loc 1 1433 12 view .LVU327
 1178 00ce 4FF40060 		mov	r0, #2048
 1179 00d2 ACE7     		b	.L110
 1180              	.L126:
1437:../../STM32Cube_FW_N6/Drivers/STM32N6xx_HAL_Driver/Src/stm32n6xx_ll_sdmmc.c ****   }
 1181              		.loc 1 1437 12 view .LVU328
 1182 00d4 4FF48050 		mov	r0, #4096
 1183 00d8 A9E7     		b	.L110
 1184              	.L127:
1441:../../STM32Cube_FW_N6/Drivers/STM32N6xx_HAL_Driver/Src/stm32n6xx_ll_sdmmc.c ****   }
 1185              		.loc 1 1441 12 view .LVU329
 1186 00da 4FF40050 		mov	r0, #8192
 1187 00de A6E7     		b	.L110
 1188              	.L128:
1445:../../STM32Cube_FW_N6/Drivers/STM32N6xx_HAL_Driver/Src/stm32n6xx_ll_sdmmc.c ****   }
 1189              		.loc 1 1445 12 view .LVU330
 1190 00e0 4FF48040 		mov	r0, #16384
 1191 00e4 A3E7     		b	.L110
 1192              	.L129:
1449:../../STM32Cube_FW_N6/Drivers/STM32N6xx_HAL_Driver/Src/stm32n6xx_ll_sdmmc.c ****   }
ARM GAS  C:\Users\Antonio\AppData\Local\Temp\cc9FRrj5.s 			page 61


 1193              		.loc 1 1449 12 view .LVU331
 1194 00e6 4FF40040 		mov	r0, #32768
 1195 00ea A0E7     		b	.L110
 1196              	.L130:
1453:../../STM32Cube_FW_N6/Drivers/STM32N6xx_HAL_Driver/Src/stm32n6xx_ll_sdmmc.c ****   }
 1197              		.loc 1 1453 12 view .LVU332
 1198 00ec 4FF40030 		mov	r0, #131072
 1199 00f0 9DE7     		b	.L110
 1200              	.L131:
1457:../../STM32Cube_FW_N6/Drivers/STM32N6xx_HAL_Driver/Src/stm32n6xx_ll_sdmmc.c ****   }
 1201              		.loc 1 1457 12 view .LVU333
 1202 00f2 4FF48020 		mov	r0, #262144
 1203 00f6 9AE7     		b	.L110
 1204              	.L132:
1461:../../STM32Cube_FW_N6/Drivers/STM32N6xx_HAL_Driver/Src/stm32n6xx_ll_sdmmc.c ****   }
 1205              		.loc 1 1461 12 view .LVU334
 1206 00f8 4FF40020 		mov	r0, #524288
 1207 00fc 97E7     		b	.L110
 1208              	.L133:
1465:../../STM32Cube_FW_N6/Drivers/STM32N6xx_HAL_Driver/Src/stm32n6xx_ll_sdmmc.c ****   }
 1209              		.loc 1 1465 12 view .LVU335
 1210 00fe 4FF48010 		mov	r0, #1048576
 1211 0102 94E7     		b	.L110
 1212              	.L134:
1469:../../STM32Cube_FW_N6/Drivers/STM32N6xx_HAL_Driver/Src/stm32n6xx_ll_sdmmc.c ****   }
 1213              		.loc 1 1469 12 view .LVU336
 1214 0104 4FF40010 		mov	r0, #2097152
 1215 0108 91E7     		b	.L110
 1216              	.L135:
1473:../../STM32Cube_FW_N6/Drivers/STM32N6xx_HAL_Driver/Src/stm32n6xx_ll_sdmmc.c ****   }
 1217              		.loc 1 1473 12 view .LVU337
 1218 010a 4FF48000 		mov	r0, #4194304
 1219 010e 8EE7     		b	.L110
 1220              	.L146:
 1221              		.align	2
 1222              	.L145:
 1223 0110 00000000 		.word	SystemCoreClock
 1224 0114 45002000 		.word	2097221
 1225 0118 C5002000 		.word	2097349
 1226 011c 08E0FFFD 		.word	-33562616
 1227              	.LBE48:
 1228              	.LBE49:
 1229              		.cfi_endproc
 1230              	.LFE884:
 1232              		.section	.text.SDMMC_CmdBlockLength,"ax",%progbits
 1233              		.align	1
 1234              		.global	SDMMC_CmdBlockLength
 1235              		.syntax unified
 1236              		.thumb
 1237              		.thumb_func
 1239              	SDMMC_CmdBlockLength:
 1240              	.LVL83:
 1241              	.LFB851:
 515:../../STM32Cube_FW_N6/Drivers/STM32N6xx_HAL_Driver/Src/stm32n6xx_ll_sdmmc.c ****   SDMMC_CmdInitTypeDef  sdmmc_cmdinit;
 1242              		.loc 1 515 1 is_stmt 1 view -0
 1243              		.cfi_startproc
 1244              		@ args = 0, pretend = 0, frame = 24
ARM GAS  C:\Users\Antonio\AppData\Local\Temp\cc9FRrj5.s 			page 62


 1245              		@ frame_needed = 0, uses_anonymous_args = 0
 516:../../STM32Cube_FW_N6/Drivers/STM32N6xx_HAL_Driver/Src/stm32n6xx_ll_sdmmc.c ****   uint32_t errorstate;
 1246              		.loc 1 516 3 view .LVU339
 517:../../STM32Cube_FW_N6/Drivers/STM32N6xx_HAL_Driver/Src/stm32n6xx_ll_sdmmc.c **** 
 1247              		.loc 1 517 3 view .LVU340
 520:../../STM32Cube_FW_N6/Drivers/STM32N6xx_HAL_Driver/Src/stm32n6xx_ll_sdmmc.c ****   sdmmc_cmdinit.CmdIndex         = SDMMC_CMD_SET_BLOCKLEN;
 1248              		.loc 1 520 3 view .LVU341
 515:../../STM32Cube_FW_N6/Drivers/STM32N6xx_HAL_Driver/Src/stm32n6xx_ll_sdmmc.c ****   SDMMC_CmdInitTypeDef  sdmmc_cmdinit;
 1249              		.loc 1 515 1 is_stmt 0 view .LVU342
 1250 0000 30B5     		push	{r4, r5, lr}
 1251              		.cfi_def_cfa_offset 12
 1252              		.cfi_offset 4, -12
 1253              		.cfi_offset 5, -8
 1254              		.cfi_offset 14, -4
 522:../../STM32Cube_FW_N6/Drivers/STM32N6xx_HAL_Driver/Src/stm32n6xx_ll_sdmmc.c ****   sdmmc_cmdinit.WaitForInterrupt = SDMMC_WAIT_NO;
 1255              		.loc 1 522 34 view .LVU343
 1256 0002 4FF48073 		mov	r3, #256
 1257 0006 1025     		movs	r5, #16
 515:../../STM32Cube_FW_N6/Drivers/STM32N6xx_HAL_Driver/Src/stm32n6xx_ll_sdmmc.c ****   SDMMC_CmdInitTypeDef  sdmmc_cmdinit;
 1258              		.loc 1 515 1 view .LVU344
 1259 0008 87B0     		sub	sp, sp, #28
 1260              		.cfi_def_cfa_offset 40
 515:../../STM32Cube_FW_N6/Drivers/STM32N6xx_HAL_Driver/Src/stm32n6xx_ll_sdmmc.c ****   SDMMC_CmdInitTypeDef  sdmmc_cmdinit;
 1261              		.loc 1 515 1 view .LVU345
 1262 000a 0446     		mov	r4, r0
 524:../../STM32Cube_FW_N6/Drivers/STM32N6xx_HAL_Driver/Src/stm32n6xx_ll_sdmmc.c ****   (void)SDMMC_SendCommand(SDMMCx, &sdmmc_cmdinit);
 1263              		.loc 1 524 34 view .LVU346
 1264 000c 0022     		movs	r2, #0
 522:../../STM32Cube_FW_N6/Drivers/STM32N6xx_HAL_Driver/Src/stm32n6xx_ll_sdmmc.c ****   sdmmc_cmdinit.WaitForInterrupt = SDMMC_WAIT_NO;
 1265              		.loc 1 522 34 view .LVU347
 1266 000e CDE90253 		strd	r5, r3, [sp, #8]
 524:../../STM32Cube_FW_N6/Drivers/STM32N6xx_HAL_Driver/Src/stm32n6xx_ll_sdmmc.c ****   (void)SDMMC_SendCommand(SDMMCx, &sdmmc_cmdinit);
 1267              		.loc 1 524 34 view .LVU348
 1268 0012 4FF48053 		mov	r3, #4096
 520:../../STM32Cube_FW_N6/Drivers/STM32N6xx_HAL_Driver/Src/stm32n6xx_ll_sdmmc.c ****   sdmmc_cmdinit.CmdIndex         = SDMMC_CMD_SET_BLOCKLEN;
 1269              		.loc 1 520 34 view .LVU349
 1270 0016 0191     		str	r1, [sp, #4]
 521:../../STM32Cube_FW_N6/Drivers/STM32N6xx_HAL_Driver/Src/stm32n6xx_ll_sdmmc.c ****   sdmmc_cmdinit.Response         = SDMMC_RESPONSE_SHORT;
 1271              		.loc 1 521 3 is_stmt 1 view .LVU350
 523:../../STM32Cube_FW_N6/Drivers/STM32N6xx_HAL_Driver/Src/stm32n6xx_ll_sdmmc.c ****   sdmmc_cmdinit.CPSM             = SDMMC_CPSM_ENABLE;
 1272              		.loc 1 523 3 view .LVU351
 525:../../STM32Cube_FW_N6/Drivers/STM32N6xx_HAL_Driver/Src/stm32n6xx_ll_sdmmc.c **** 
 1273              		.loc 1 525 9 is_stmt 0 view .LVU352
 1274 0018 01A9     		add	r1, sp, #4
 1275              	.LVL84:
 524:../../STM32Cube_FW_N6/Drivers/STM32N6xx_HAL_Driver/Src/stm32n6xx_ll_sdmmc.c ****   (void)SDMMC_SendCommand(SDMMCx, &sdmmc_cmdinit);
 1276              		.loc 1 524 34 view .LVU353
 1277 001a CDE90423 		strd	r2, r3, [sp, #16]
 525:../../STM32Cube_FW_N6/Drivers/STM32N6xx_HAL_Driver/Src/stm32n6xx_ll_sdmmc.c **** 
 1278              		.loc 1 525 3 is_stmt 1 view .LVU354
 525:../../STM32Cube_FW_N6/Drivers/STM32N6xx_HAL_Driver/Src/stm32n6xx_ll_sdmmc.c **** 
 1279              		.loc 1 525 9 is_stmt 0 view .LVU355
 1280 001e FFF7FEFF 		bl	SDMMC_SendCommand
 1281              	.LVL85:
 528:../../STM32Cube_FW_N6/Drivers/STM32N6xx_HAL_Driver/Src/stm32n6xx_ll_sdmmc.c **** 
 1282              		.loc 1 528 3 is_stmt 1 view .LVU356
 528:../../STM32Cube_FW_N6/Drivers/STM32N6xx_HAL_Driver/Src/stm32n6xx_ll_sdmmc.c **** 
ARM GAS  C:\Users\Antonio\AppData\Local\Temp\cc9FRrj5.s 			page 63


 1283              		.loc 1 528 16 is_stmt 0 view .LVU357
 1284 0022 41F28832 		movw	r2, #5000
 1285 0026 2946     		mov	r1, r5
 1286 0028 2046     		mov	r0, r4
 531:../../STM32Cube_FW_N6/Drivers/STM32N6xx_HAL_Driver/Src/stm32n6xx_ll_sdmmc.c **** 
 1287              		.loc 1 531 1 view .LVU358
 1288 002a 07B0     		add	sp, sp, #28
 1289              		.cfi_def_cfa_offset 12
 1290              		@ sp needed
 1291 002c BDE83040 		pop	{r4, r5, lr}
 1292              		.cfi_restore 14
 1293              		.cfi_restore 5
 1294              		.cfi_restore 4
 1295              		.cfi_def_cfa_offset 0
 1296              	.LVL86:
 528:../../STM32Cube_FW_N6/Drivers/STM32N6xx_HAL_Driver/Src/stm32n6xx_ll_sdmmc.c **** 
 1297              		.loc 1 528 16 view .LVU359
 1298 0030 FFF7FEBF 		b	SDMMC_GetCmdResp1
 1299              	.LVL87:
 528:../../STM32Cube_FW_N6/Drivers/STM32N6xx_HAL_Driver/Src/stm32n6xx_ll_sdmmc.c **** 
 1300              		.loc 1 528 16 view .LVU360
 1301              		.cfi_endproc
 1302              	.LFE851:
 1304              		.section	.text.SDMMC_CmdBlockCount,"ax",%progbits
 1305              		.align	1
 1306              		.global	SDMMC_CmdBlockCount
 1307              		.syntax unified
 1308              		.thumb
 1309              		.thumb_func
 1311              	SDMMC_CmdBlockCount:
 1312              	.LVL88:
 1313              	.LFB852:
 539:../../STM32Cube_FW_N6/Drivers/STM32N6xx_HAL_Driver/Src/stm32n6xx_ll_sdmmc.c ****   SDMMC_CmdInitTypeDef  sdmmc_cmdinit;
 1314              		.loc 1 539 1 is_stmt 1 view -0
 1315              		.cfi_startproc
 1316              		@ args = 0, pretend = 0, frame = 24
 1317              		@ frame_needed = 0, uses_anonymous_args = 0
 540:../../STM32Cube_FW_N6/Drivers/STM32N6xx_HAL_Driver/Src/stm32n6xx_ll_sdmmc.c ****   uint32_t errorstate;
 1318              		.loc 1 540 3 view .LVU362
 541:../../STM32Cube_FW_N6/Drivers/STM32N6xx_HAL_Driver/Src/stm32n6xx_ll_sdmmc.c **** 
 1319              		.loc 1 541 3 view .LVU363
 544:../../STM32Cube_FW_N6/Drivers/STM32N6xx_HAL_Driver/Src/stm32n6xx_ll_sdmmc.c ****   sdmmc_cmdinit.CmdIndex         = SDMMC_CMD_SET_BLOCK_COUNT;
 1320              		.loc 1 544 3 view .LVU364
 539:../../STM32Cube_FW_N6/Drivers/STM32N6xx_HAL_Driver/Src/stm32n6xx_ll_sdmmc.c ****   SDMMC_CmdInitTypeDef  sdmmc_cmdinit;
 1321              		.loc 1 539 1 is_stmt 0 view .LVU365
 1322 0000 30B5     		push	{r4, r5, lr}
 1323              		.cfi_def_cfa_offset 12
 1324              		.cfi_offset 4, -12
 1325              		.cfi_offset 5, -8
 1326              		.cfi_offset 14, -4
 546:../../STM32Cube_FW_N6/Drivers/STM32N6xx_HAL_Driver/Src/stm32n6xx_ll_sdmmc.c ****   sdmmc_cmdinit.WaitForInterrupt = SDMMC_WAIT_NO;
 1327              		.loc 1 546 34 view .LVU366
 1328 0002 4FF48073 		mov	r3, #256
 1329 0006 1725     		movs	r5, #23
 539:../../STM32Cube_FW_N6/Drivers/STM32N6xx_HAL_Driver/Src/stm32n6xx_ll_sdmmc.c ****   SDMMC_CmdInitTypeDef  sdmmc_cmdinit;
 1330              		.loc 1 539 1 view .LVU367
 1331 0008 87B0     		sub	sp, sp, #28
ARM GAS  C:\Users\Antonio\AppData\Local\Temp\cc9FRrj5.s 			page 64


 1332              		.cfi_def_cfa_offset 40
 539:../../STM32Cube_FW_N6/Drivers/STM32N6xx_HAL_Driver/Src/stm32n6xx_ll_sdmmc.c ****   SDMMC_CmdInitTypeDef  sdmmc_cmdinit;
 1333              		.loc 1 539 1 view .LVU368
 1334 000a 0446     		mov	r4, r0
 548:../../STM32Cube_FW_N6/Drivers/STM32N6xx_HAL_Driver/Src/stm32n6xx_ll_sdmmc.c ****   (void)SDMMC_SendCommand(SDMMCx, &sdmmc_cmdinit);
 1335              		.loc 1 548 34 view .LVU369
 1336 000c 0022     		movs	r2, #0
 546:../../STM32Cube_FW_N6/Drivers/STM32N6xx_HAL_Driver/Src/stm32n6xx_ll_sdmmc.c ****   sdmmc_cmdinit.WaitForInterrupt = SDMMC_WAIT_NO;
 1337              		.loc 1 546 34 view .LVU370
 1338 000e CDE90253 		strd	r5, r3, [sp, #8]
 548:../../STM32Cube_FW_N6/Drivers/STM32N6xx_HAL_Driver/Src/stm32n6xx_ll_sdmmc.c ****   (void)SDMMC_SendCommand(SDMMCx, &sdmmc_cmdinit);
 1339              		.loc 1 548 34 view .LVU371
 1340 0012 4FF48053 		mov	r3, #4096
 544:../../STM32Cube_FW_N6/Drivers/STM32N6xx_HAL_Driver/Src/stm32n6xx_ll_sdmmc.c ****   sdmmc_cmdinit.CmdIndex         = SDMMC_CMD_SET_BLOCK_COUNT;
 1341              		.loc 1 544 34 view .LVU372
 1342 0016 0191     		str	r1, [sp, #4]
 545:../../STM32Cube_FW_N6/Drivers/STM32N6xx_HAL_Driver/Src/stm32n6xx_ll_sdmmc.c ****   sdmmc_cmdinit.Response         = SDMMC_RESPONSE_SHORT;
 1343              		.loc 1 545 3 is_stmt 1 view .LVU373
 547:../../STM32Cube_FW_N6/Drivers/STM32N6xx_HAL_Driver/Src/stm32n6xx_ll_sdmmc.c ****   sdmmc_cmdinit.CPSM             = SDMMC_CPSM_ENABLE;
 1344              		.loc 1 547 3 view .LVU374
 549:../../STM32Cube_FW_N6/Drivers/STM32N6xx_HAL_Driver/Src/stm32n6xx_ll_sdmmc.c **** 
 1345              		.loc 1 549 9 is_stmt 0 view .LVU375
 1346 0018 01A9     		add	r1, sp, #4
 1347              	.LVL89:
 548:../../STM32Cube_FW_N6/Drivers/STM32N6xx_HAL_Driver/Src/stm32n6xx_ll_sdmmc.c ****   (void)SDMMC_SendCommand(SDMMCx, &sdmmc_cmdinit);
 1348              		.loc 1 548 34 view .LVU376
 1349 001a CDE90423 		strd	r2, r3, [sp, #16]
 549:../../STM32Cube_FW_N6/Drivers/STM32N6xx_HAL_Driver/Src/stm32n6xx_ll_sdmmc.c **** 
 1350              		.loc 1 549 3 is_stmt 1 view .LVU377
 549:../../STM32Cube_FW_N6/Drivers/STM32N6xx_HAL_Driver/Src/stm32n6xx_ll_sdmmc.c **** 
 1351              		.loc 1 549 9 is_stmt 0 view .LVU378
 1352 001e FFF7FEFF 		bl	SDMMC_SendCommand
 1353              	.LVL90:
 552:../../STM32Cube_FW_N6/Drivers/STM32N6xx_HAL_Driver/Src/stm32n6xx_ll_sdmmc.c **** 
 1354              		.loc 1 552 3 is_stmt 1 view .LVU379
 552:../../STM32Cube_FW_N6/Drivers/STM32N6xx_HAL_Driver/Src/stm32n6xx_ll_sdmmc.c **** 
 1355              		.loc 1 552 16 is_stmt 0 view .LVU380
 1356 0022 41F28832 		movw	r2, #5000
 1357 0026 2946     		mov	r1, r5
 1358 0028 2046     		mov	r0, r4
 555:../../STM32Cube_FW_N6/Drivers/STM32N6xx_HAL_Driver/Src/stm32n6xx_ll_sdmmc.c **** 
 1359              		.loc 1 555 1 view .LVU381
 1360 002a 07B0     		add	sp, sp, #28
 1361              		.cfi_def_cfa_offset 12
 1362              		@ sp needed
 1363 002c BDE83040 		pop	{r4, r5, lr}
 1364              		.cfi_restore 14
 1365              		.cfi_restore 5
 1366              		.cfi_restore 4
 1367              		.cfi_def_cfa_offset 0
 1368              	.LVL91:
 552:../../STM32Cube_FW_N6/Drivers/STM32N6xx_HAL_Driver/Src/stm32n6xx_ll_sdmmc.c **** 
 1369              		.loc 1 552 16 view .LVU382
 1370 0030 FFF7FEBF 		b	SDMMC_GetCmdResp1
 1371              	.LVL92:
 552:../../STM32Cube_FW_N6/Drivers/STM32N6xx_HAL_Driver/Src/stm32n6xx_ll_sdmmc.c **** 
 1372              		.loc 1 552 16 view .LVU383
ARM GAS  C:\Users\Antonio\AppData\Local\Temp\cc9FRrj5.s 			page 65


 1373              		.cfi_endproc
 1374              	.LFE852:
 1376              		.section	.text.SDMMC_CmdReadSingleBlock,"ax",%progbits
 1377              		.align	1
 1378              		.global	SDMMC_CmdReadSingleBlock
 1379              		.syntax unified
 1380              		.thumb
 1381              		.thumb_func
 1383              	SDMMC_CmdReadSingleBlock:
 1384              	.LVL93:
 1385              	.LFB853:
 563:../../STM32Cube_FW_N6/Drivers/STM32N6xx_HAL_Driver/Src/stm32n6xx_ll_sdmmc.c ****   SDMMC_CmdInitTypeDef  sdmmc_cmdinit;
 1386              		.loc 1 563 1 is_stmt 1 view -0
 1387              		.cfi_startproc
 1388              		@ args = 0, pretend = 0, frame = 24
 1389              		@ frame_needed = 0, uses_anonymous_args = 0
 564:../../STM32Cube_FW_N6/Drivers/STM32N6xx_HAL_Driver/Src/stm32n6xx_ll_sdmmc.c ****   uint32_t errorstate;
 1390              		.loc 1 564 3 view .LVU385
 565:../../STM32Cube_FW_N6/Drivers/STM32N6xx_HAL_Driver/Src/stm32n6xx_ll_sdmmc.c **** 
 1391              		.loc 1 565 3 view .LVU386
 568:../../STM32Cube_FW_N6/Drivers/STM32N6xx_HAL_Driver/Src/stm32n6xx_ll_sdmmc.c ****   sdmmc_cmdinit.CmdIndex         = SDMMC_CMD_READ_SINGLE_BLOCK;
 1392              		.loc 1 568 3 view .LVU387
 563:../../STM32Cube_FW_N6/Drivers/STM32N6xx_HAL_Driver/Src/stm32n6xx_ll_sdmmc.c ****   SDMMC_CmdInitTypeDef  sdmmc_cmdinit;
 1393              		.loc 1 563 1 is_stmt 0 view .LVU388
 1394 0000 30B5     		push	{r4, r5, lr}
 1395              		.cfi_def_cfa_offset 12
 1396              		.cfi_offset 4, -12
 1397              		.cfi_offset 5, -8
 1398              		.cfi_offset 14, -4
 570:../../STM32Cube_FW_N6/Drivers/STM32N6xx_HAL_Driver/Src/stm32n6xx_ll_sdmmc.c ****   sdmmc_cmdinit.WaitForInterrupt = SDMMC_WAIT_NO;
 1399              		.loc 1 570 34 view .LVU389
 1400 0002 4FF48073 		mov	r3, #256
 1401 0006 1125     		movs	r5, #17
 563:../../STM32Cube_FW_N6/Drivers/STM32N6xx_HAL_Driver/Src/stm32n6xx_ll_sdmmc.c ****   SDMMC_CmdInitTypeDef  sdmmc_cmdinit;
 1402              		.loc 1 563 1 view .LVU390
 1403 0008 87B0     		sub	sp, sp, #28
 1404              		.cfi_def_cfa_offset 40
 563:../../STM32Cube_FW_N6/Drivers/STM32N6xx_HAL_Driver/Src/stm32n6xx_ll_sdmmc.c ****   SDMMC_CmdInitTypeDef  sdmmc_cmdinit;
 1405              		.loc 1 563 1 view .LVU391
 1406 000a 0446     		mov	r4, r0
 572:../../STM32Cube_FW_N6/Drivers/STM32N6xx_HAL_Driver/Src/stm32n6xx_ll_sdmmc.c ****   (void)SDMMC_SendCommand(SDMMCx, &sdmmc_cmdinit);
 1407              		.loc 1 572 34 view .LVU392
 1408 000c 0022     		movs	r2, #0
 570:../../STM32Cube_FW_N6/Drivers/STM32N6xx_HAL_Driver/Src/stm32n6xx_ll_sdmmc.c ****   sdmmc_cmdinit.WaitForInterrupt = SDMMC_WAIT_NO;
 1409              		.loc 1 570 34 view .LVU393
 1410 000e CDE90253 		strd	r5, r3, [sp, #8]
 572:../../STM32Cube_FW_N6/Drivers/STM32N6xx_HAL_Driver/Src/stm32n6xx_ll_sdmmc.c ****   (void)SDMMC_SendCommand(SDMMCx, &sdmmc_cmdinit);
 1411              		.loc 1 572 34 view .LVU394
 1412 0012 4FF48053 		mov	r3, #4096
 568:../../STM32Cube_FW_N6/Drivers/STM32N6xx_HAL_Driver/Src/stm32n6xx_ll_sdmmc.c ****   sdmmc_cmdinit.CmdIndex         = SDMMC_CMD_READ_SINGLE_BLOCK;
 1413              		.loc 1 568 34 view .LVU395
 1414 0016 0191     		str	r1, [sp, #4]
 569:../../STM32Cube_FW_N6/Drivers/STM32N6xx_HAL_Driver/Src/stm32n6xx_ll_sdmmc.c ****   sdmmc_cmdinit.Response         = SDMMC_RESPONSE_SHORT;
 1415              		.loc 1 569 3 is_stmt 1 view .LVU396
 571:../../STM32Cube_FW_N6/Drivers/STM32N6xx_HAL_Driver/Src/stm32n6xx_ll_sdmmc.c ****   sdmmc_cmdinit.CPSM             = SDMMC_CPSM_ENABLE;
 1416              		.loc 1 571 3 view .LVU397
 573:../../STM32Cube_FW_N6/Drivers/STM32N6xx_HAL_Driver/Src/stm32n6xx_ll_sdmmc.c **** 
ARM GAS  C:\Users\Antonio\AppData\Local\Temp\cc9FRrj5.s 			page 66


 1417              		.loc 1 573 9 is_stmt 0 view .LVU398
 1418 0018 01A9     		add	r1, sp, #4
 1419              	.LVL94:
 572:../../STM32Cube_FW_N6/Drivers/STM32N6xx_HAL_Driver/Src/stm32n6xx_ll_sdmmc.c ****   (void)SDMMC_SendCommand(SDMMCx, &sdmmc_cmdinit);
 1420              		.loc 1 572 34 view .LVU399
 1421 001a CDE90423 		strd	r2, r3, [sp, #16]
 573:../../STM32Cube_FW_N6/Drivers/STM32N6xx_HAL_Driver/Src/stm32n6xx_ll_sdmmc.c **** 
 1422              		.loc 1 573 3 is_stmt 1 view .LVU400
 573:../../STM32Cube_FW_N6/Drivers/STM32N6xx_HAL_Driver/Src/stm32n6xx_ll_sdmmc.c **** 
 1423              		.loc 1 573 9 is_stmt 0 view .LVU401
 1424 001e FFF7FEFF 		bl	SDMMC_SendCommand
 1425              	.LVL95:
 576:../../STM32Cube_FW_N6/Drivers/STM32N6xx_HAL_Driver/Src/stm32n6xx_ll_sdmmc.c **** 
 1426              		.loc 1 576 3 is_stmt 1 view .LVU402
 576:../../STM32Cube_FW_N6/Drivers/STM32N6xx_HAL_Driver/Src/stm32n6xx_ll_sdmmc.c **** 
 1427              		.loc 1 576 16 is_stmt 0 view .LVU403
 1428 0022 41F28832 		movw	r2, #5000
 1429 0026 2946     		mov	r1, r5
 1430 0028 2046     		mov	r0, r4
 579:../../STM32Cube_FW_N6/Drivers/STM32N6xx_HAL_Driver/Src/stm32n6xx_ll_sdmmc.c **** 
 1431              		.loc 1 579 1 view .LVU404
 1432 002a 07B0     		add	sp, sp, #28
 1433              		.cfi_def_cfa_offset 12
 1434              		@ sp needed
 1435 002c BDE83040 		pop	{r4, r5, lr}
 1436              		.cfi_restore 14
 1437              		.cfi_restore 5
 1438              		.cfi_restore 4
 1439              		.cfi_def_cfa_offset 0
 1440              	.LVL96:
 576:../../STM32Cube_FW_N6/Drivers/STM32N6xx_HAL_Driver/Src/stm32n6xx_ll_sdmmc.c **** 
 1441              		.loc 1 576 16 view .LVU405
 1442 0030 FFF7FEBF 		b	SDMMC_GetCmdResp1
 1443              	.LVL97:
 576:../../STM32Cube_FW_N6/Drivers/STM32N6xx_HAL_Driver/Src/stm32n6xx_ll_sdmmc.c **** 
 1444              		.loc 1 576 16 view .LVU406
 1445              		.cfi_endproc
 1446              	.LFE853:
 1448              		.section	.text.SDMMC_CmdReadMultiBlock,"ax",%progbits
 1449              		.align	1
 1450              		.global	SDMMC_CmdReadMultiBlock
 1451              		.syntax unified
 1452              		.thumb
 1453              		.thumb_func
 1455              	SDMMC_CmdReadMultiBlock:
 1456              	.LVL98:
 1457              	.LFB854:
 587:../../STM32Cube_FW_N6/Drivers/STM32N6xx_HAL_Driver/Src/stm32n6xx_ll_sdmmc.c ****   SDMMC_CmdInitTypeDef  sdmmc_cmdinit;
 1458              		.loc 1 587 1 is_stmt 1 view -0
 1459              		.cfi_startproc
 1460              		@ args = 0, pretend = 0, frame = 24
 1461              		@ frame_needed = 0, uses_anonymous_args = 0
 588:../../STM32Cube_FW_N6/Drivers/STM32N6xx_HAL_Driver/Src/stm32n6xx_ll_sdmmc.c ****   uint32_t errorstate;
 1462              		.loc 1 588 3 view .LVU408
 589:../../STM32Cube_FW_N6/Drivers/STM32N6xx_HAL_Driver/Src/stm32n6xx_ll_sdmmc.c **** 
 1463              		.loc 1 589 3 view .LVU409
 592:../../STM32Cube_FW_N6/Drivers/STM32N6xx_HAL_Driver/Src/stm32n6xx_ll_sdmmc.c ****   sdmmc_cmdinit.CmdIndex         = SDMMC_CMD_READ_MULT_BLOCK;
ARM GAS  C:\Users\Antonio\AppData\Local\Temp\cc9FRrj5.s 			page 67


 1464              		.loc 1 592 3 view .LVU410
 587:../../STM32Cube_FW_N6/Drivers/STM32N6xx_HAL_Driver/Src/stm32n6xx_ll_sdmmc.c ****   SDMMC_CmdInitTypeDef  sdmmc_cmdinit;
 1465              		.loc 1 587 1 is_stmt 0 view .LVU411
 1466 0000 30B5     		push	{r4, r5, lr}
 1467              		.cfi_def_cfa_offset 12
 1468              		.cfi_offset 4, -12
 1469              		.cfi_offset 5, -8
 1470              		.cfi_offset 14, -4
 594:../../STM32Cube_FW_N6/Drivers/STM32N6xx_HAL_Driver/Src/stm32n6xx_ll_sdmmc.c ****   sdmmc_cmdinit.WaitForInterrupt = SDMMC_WAIT_NO;
 1471              		.loc 1 594 34 view .LVU412
 1472 0002 4FF48073 		mov	r3, #256
 1473 0006 1225     		movs	r5, #18
 587:../../STM32Cube_FW_N6/Drivers/STM32N6xx_HAL_Driver/Src/stm32n6xx_ll_sdmmc.c ****   SDMMC_CmdInitTypeDef  sdmmc_cmdinit;
 1474              		.loc 1 587 1 view .LVU413
 1475 0008 87B0     		sub	sp, sp, #28
 1476              		.cfi_def_cfa_offset 40
 587:../../STM32Cube_FW_N6/Drivers/STM32N6xx_HAL_Driver/Src/stm32n6xx_ll_sdmmc.c ****   SDMMC_CmdInitTypeDef  sdmmc_cmdinit;
 1477              		.loc 1 587 1 view .LVU414
 1478 000a 0446     		mov	r4, r0
 596:../../STM32Cube_FW_N6/Drivers/STM32N6xx_HAL_Driver/Src/stm32n6xx_ll_sdmmc.c ****   (void)SDMMC_SendCommand(SDMMCx, &sdmmc_cmdinit);
 1479              		.loc 1 596 34 view .LVU415
 1480 000c 0022     		movs	r2, #0
 594:../../STM32Cube_FW_N6/Drivers/STM32N6xx_HAL_Driver/Src/stm32n6xx_ll_sdmmc.c ****   sdmmc_cmdinit.WaitForInterrupt = SDMMC_WAIT_NO;
 1481              		.loc 1 594 34 view .LVU416
 1482 000e CDE90253 		strd	r5, r3, [sp, #8]
 596:../../STM32Cube_FW_N6/Drivers/STM32N6xx_HAL_Driver/Src/stm32n6xx_ll_sdmmc.c ****   (void)SDMMC_SendCommand(SDMMCx, &sdmmc_cmdinit);
 1483              		.loc 1 596 34 view .LVU417
 1484 0012 4FF48053 		mov	r3, #4096
 592:../../STM32Cube_FW_N6/Drivers/STM32N6xx_HAL_Driver/Src/stm32n6xx_ll_sdmmc.c ****   sdmmc_cmdinit.CmdIndex         = SDMMC_CMD_READ_MULT_BLOCK;
 1485              		.loc 1 592 34 view .LVU418
 1486 0016 0191     		str	r1, [sp, #4]
 593:../../STM32Cube_FW_N6/Drivers/STM32N6xx_HAL_Driver/Src/stm32n6xx_ll_sdmmc.c ****   sdmmc_cmdinit.Response         = SDMMC_RESPONSE_SHORT;
 1487              		.loc 1 593 3 is_stmt 1 view .LVU419
 595:../../STM32Cube_FW_N6/Drivers/STM32N6xx_HAL_Driver/Src/stm32n6xx_ll_sdmmc.c ****   sdmmc_cmdinit.CPSM             = SDMMC_CPSM_ENABLE;
 1488              		.loc 1 595 3 view .LVU420
 597:../../STM32Cube_FW_N6/Drivers/STM32N6xx_HAL_Driver/Src/stm32n6xx_ll_sdmmc.c **** 
 1489              		.loc 1 597 9 is_stmt 0 view .LVU421
 1490 0018 01A9     		add	r1, sp, #4
 1491              	.LVL99:
 596:../../STM32Cube_FW_N6/Drivers/STM32N6xx_HAL_Driver/Src/stm32n6xx_ll_sdmmc.c ****   (void)SDMMC_SendCommand(SDMMCx, &sdmmc_cmdinit);
 1492              		.loc 1 596 34 view .LVU422
 1493 001a CDE90423 		strd	r2, r3, [sp, #16]
 597:../../STM32Cube_FW_N6/Drivers/STM32N6xx_HAL_Driver/Src/stm32n6xx_ll_sdmmc.c **** 
 1494              		.loc 1 597 3 is_stmt 1 view .LVU423
 597:../../STM32Cube_FW_N6/Drivers/STM32N6xx_HAL_Driver/Src/stm32n6xx_ll_sdmmc.c **** 
 1495              		.loc 1 597 9 is_stmt 0 view .LVU424
 1496 001e FFF7FEFF 		bl	SDMMC_SendCommand
 1497              	.LVL100:
 600:../../STM32Cube_FW_N6/Drivers/STM32N6xx_HAL_Driver/Src/stm32n6xx_ll_sdmmc.c **** 
 1498              		.loc 1 600 3 is_stmt 1 view .LVU425
 600:../../STM32Cube_FW_N6/Drivers/STM32N6xx_HAL_Driver/Src/stm32n6xx_ll_sdmmc.c **** 
 1499              		.loc 1 600 16 is_stmt 0 view .LVU426
 1500 0022 41F28832 		movw	r2, #5000
 1501 0026 2946     		mov	r1, r5
 1502 0028 2046     		mov	r0, r4
 603:../../STM32Cube_FW_N6/Drivers/STM32N6xx_HAL_Driver/Src/stm32n6xx_ll_sdmmc.c **** 
 1503              		.loc 1 603 1 view .LVU427
ARM GAS  C:\Users\Antonio\AppData\Local\Temp\cc9FRrj5.s 			page 68


 1504 002a 07B0     		add	sp, sp, #28
 1505              		.cfi_def_cfa_offset 12
 1506              		@ sp needed
 1507 002c BDE83040 		pop	{r4, r5, lr}
 1508              		.cfi_restore 14
 1509              		.cfi_restore 5
 1510              		.cfi_restore 4
 1511              		.cfi_def_cfa_offset 0
 1512              	.LVL101:
 600:../../STM32Cube_FW_N6/Drivers/STM32N6xx_HAL_Driver/Src/stm32n6xx_ll_sdmmc.c **** 
 1513              		.loc 1 600 16 view .LVU428
 1514 0030 FFF7FEBF 		b	SDMMC_GetCmdResp1
 1515              	.LVL102:
 600:../../STM32Cube_FW_N6/Drivers/STM32N6xx_HAL_Driver/Src/stm32n6xx_ll_sdmmc.c **** 
 1516              		.loc 1 600 16 view .LVU429
 1517              		.cfi_endproc
 1518              	.LFE854:
 1520              		.section	.text.SDMMC_CmdWriteSingleBlock,"ax",%progbits
 1521              		.align	1
 1522              		.global	SDMMC_CmdWriteSingleBlock
 1523              		.syntax unified
 1524              		.thumb
 1525              		.thumb_func
 1527              	SDMMC_CmdWriteSingleBlock:
 1528              	.LVL103:
 1529              	.LFB855:
 611:../../STM32Cube_FW_N6/Drivers/STM32N6xx_HAL_Driver/Src/stm32n6xx_ll_sdmmc.c ****   SDMMC_CmdInitTypeDef  sdmmc_cmdinit;
 1530              		.loc 1 611 1 is_stmt 1 view -0
 1531              		.cfi_startproc
 1532              		@ args = 0, pretend = 0, frame = 24
 1533              		@ frame_needed = 0, uses_anonymous_args = 0
 612:../../STM32Cube_FW_N6/Drivers/STM32N6xx_HAL_Driver/Src/stm32n6xx_ll_sdmmc.c ****   uint32_t errorstate;
 1534              		.loc 1 612 3 view .LVU431
 613:../../STM32Cube_FW_N6/Drivers/STM32N6xx_HAL_Driver/Src/stm32n6xx_ll_sdmmc.c **** 
 1535              		.loc 1 613 3 view .LVU432
 616:../../STM32Cube_FW_N6/Drivers/STM32N6xx_HAL_Driver/Src/stm32n6xx_ll_sdmmc.c ****   sdmmc_cmdinit.CmdIndex         = SDMMC_CMD_WRITE_SINGLE_BLOCK;
 1536              		.loc 1 616 3 view .LVU433
 611:../../STM32Cube_FW_N6/Drivers/STM32N6xx_HAL_Driver/Src/stm32n6xx_ll_sdmmc.c ****   SDMMC_CmdInitTypeDef  sdmmc_cmdinit;
 1537              		.loc 1 611 1 is_stmt 0 view .LVU434
 1538 0000 30B5     		push	{r4, r5, lr}
 1539              		.cfi_def_cfa_offset 12
 1540              		.cfi_offset 4, -12
 1541              		.cfi_offset 5, -8
 1542              		.cfi_offset 14, -4
 618:../../STM32Cube_FW_N6/Drivers/STM32N6xx_HAL_Driver/Src/stm32n6xx_ll_sdmmc.c ****   sdmmc_cmdinit.WaitForInterrupt = SDMMC_WAIT_NO;
 1543              		.loc 1 618 34 view .LVU435
 1544 0002 4FF48073 		mov	r3, #256
 1545 0006 1825     		movs	r5, #24
 611:../../STM32Cube_FW_N6/Drivers/STM32N6xx_HAL_Driver/Src/stm32n6xx_ll_sdmmc.c ****   SDMMC_CmdInitTypeDef  sdmmc_cmdinit;
 1546              		.loc 1 611 1 view .LVU436
 1547 0008 87B0     		sub	sp, sp, #28
 1548              		.cfi_def_cfa_offset 40
 611:../../STM32Cube_FW_N6/Drivers/STM32N6xx_HAL_Driver/Src/stm32n6xx_ll_sdmmc.c ****   SDMMC_CmdInitTypeDef  sdmmc_cmdinit;
 1549              		.loc 1 611 1 view .LVU437
 1550 000a 0446     		mov	r4, r0
 620:../../STM32Cube_FW_N6/Drivers/STM32N6xx_HAL_Driver/Src/stm32n6xx_ll_sdmmc.c ****   (void)SDMMC_SendCommand(SDMMCx, &sdmmc_cmdinit);
 1551              		.loc 1 620 34 view .LVU438
ARM GAS  C:\Users\Antonio\AppData\Local\Temp\cc9FRrj5.s 			page 69


 1552 000c 0022     		movs	r2, #0
 618:../../STM32Cube_FW_N6/Drivers/STM32N6xx_HAL_Driver/Src/stm32n6xx_ll_sdmmc.c ****   sdmmc_cmdinit.WaitForInterrupt = SDMMC_WAIT_NO;
 1553              		.loc 1 618 34 view .LVU439
 1554 000e CDE90253 		strd	r5, r3, [sp, #8]
 620:../../STM32Cube_FW_N6/Drivers/STM32N6xx_HAL_Driver/Src/stm32n6xx_ll_sdmmc.c ****   (void)SDMMC_SendCommand(SDMMCx, &sdmmc_cmdinit);
 1555              		.loc 1 620 34 view .LVU440
 1556 0012 4FF48053 		mov	r3, #4096
 616:../../STM32Cube_FW_N6/Drivers/STM32N6xx_HAL_Driver/Src/stm32n6xx_ll_sdmmc.c ****   sdmmc_cmdinit.CmdIndex         = SDMMC_CMD_WRITE_SINGLE_BLOCK;
 1557              		.loc 1 616 34 view .LVU441
 1558 0016 0191     		str	r1, [sp, #4]
 617:../../STM32Cube_FW_N6/Drivers/STM32N6xx_HAL_Driver/Src/stm32n6xx_ll_sdmmc.c ****   sdmmc_cmdinit.Response         = SDMMC_RESPONSE_SHORT;
 1559              		.loc 1 617 3 is_stmt 1 view .LVU442
 619:../../STM32Cube_FW_N6/Drivers/STM32N6xx_HAL_Driver/Src/stm32n6xx_ll_sdmmc.c ****   sdmmc_cmdinit.CPSM             = SDMMC_CPSM_ENABLE;
 1560              		.loc 1 619 3 view .LVU443
 621:../../STM32Cube_FW_N6/Drivers/STM32N6xx_HAL_Driver/Src/stm32n6xx_ll_sdmmc.c **** 
 1561              		.loc 1 621 9 is_stmt 0 view .LVU444
 1562 0018 01A9     		add	r1, sp, #4
 1563              	.LVL104:
 620:../../STM32Cube_FW_N6/Drivers/STM32N6xx_HAL_Driver/Src/stm32n6xx_ll_sdmmc.c ****   (void)SDMMC_SendCommand(SDMMCx, &sdmmc_cmdinit);
 1564              		.loc 1 620 34 view .LVU445
 1565 001a CDE90423 		strd	r2, r3, [sp, #16]
 621:../../STM32Cube_FW_N6/Drivers/STM32N6xx_HAL_Driver/Src/stm32n6xx_ll_sdmmc.c **** 
 1566              		.loc 1 621 3 is_stmt 1 view .LVU446
 621:../../STM32Cube_FW_N6/Drivers/STM32N6xx_HAL_Driver/Src/stm32n6xx_ll_sdmmc.c **** 
 1567              		.loc 1 621 9 is_stmt 0 view .LVU447
 1568 001e FFF7FEFF 		bl	SDMMC_SendCommand
 1569              	.LVL105:
 624:../../STM32Cube_FW_N6/Drivers/STM32N6xx_HAL_Driver/Src/stm32n6xx_ll_sdmmc.c **** 
 1570              		.loc 1 624 3 is_stmt 1 view .LVU448
 624:../../STM32Cube_FW_N6/Drivers/STM32N6xx_HAL_Driver/Src/stm32n6xx_ll_sdmmc.c **** 
 1571              		.loc 1 624 16 is_stmt 0 view .LVU449
 1572 0022 41F28832 		movw	r2, #5000
 1573 0026 2946     		mov	r1, r5
 1574 0028 2046     		mov	r0, r4
 627:../../STM32Cube_FW_N6/Drivers/STM32N6xx_HAL_Driver/Src/stm32n6xx_ll_sdmmc.c **** 
 1575              		.loc 1 627 1 view .LVU450
 1576 002a 07B0     		add	sp, sp, #28
 1577              		.cfi_def_cfa_offset 12
 1578              		@ sp needed
 1579 002c BDE83040 		pop	{r4, r5, lr}
 1580              		.cfi_restore 14
 1581              		.cfi_restore 5
 1582              		.cfi_restore 4
 1583              		.cfi_def_cfa_offset 0
 1584              	.LVL106:
 624:../../STM32Cube_FW_N6/Drivers/STM32N6xx_HAL_Driver/Src/stm32n6xx_ll_sdmmc.c **** 
 1585              		.loc 1 624 16 view .LVU451
 1586 0030 FFF7FEBF 		b	SDMMC_GetCmdResp1
 1587              	.LVL107:
 624:../../STM32Cube_FW_N6/Drivers/STM32N6xx_HAL_Driver/Src/stm32n6xx_ll_sdmmc.c **** 
 1588              		.loc 1 624 16 view .LVU452
 1589              		.cfi_endproc
 1590              	.LFE855:
 1592              		.section	.text.SDMMC_CmdWriteMultiBlock,"ax",%progbits
 1593              		.align	1
 1594              		.global	SDMMC_CmdWriteMultiBlock
 1595              		.syntax unified
ARM GAS  C:\Users\Antonio\AppData\Local\Temp\cc9FRrj5.s 			page 70


 1596              		.thumb
 1597              		.thumb_func
 1599              	SDMMC_CmdWriteMultiBlock:
 1600              	.LVL108:
 1601              	.LFB856:
 635:../../STM32Cube_FW_N6/Drivers/STM32N6xx_HAL_Driver/Src/stm32n6xx_ll_sdmmc.c ****   SDMMC_CmdInitTypeDef  sdmmc_cmdinit;
 1602              		.loc 1 635 1 is_stmt 1 view -0
 1603              		.cfi_startproc
 1604              		@ args = 0, pretend = 0, frame = 24
 1605              		@ frame_needed = 0, uses_anonymous_args = 0
 636:../../STM32Cube_FW_N6/Drivers/STM32N6xx_HAL_Driver/Src/stm32n6xx_ll_sdmmc.c ****   uint32_t errorstate;
 1606              		.loc 1 636 3 view .LVU454
 637:../../STM32Cube_FW_N6/Drivers/STM32N6xx_HAL_Driver/Src/stm32n6xx_ll_sdmmc.c **** 
 1607              		.loc 1 637 3 view .LVU455
 640:../../STM32Cube_FW_N6/Drivers/STM32N6xx_HAL_Driver/Src/stm32n6xx_ll_sdmmc.c ****   sdmmc_cmdinit.CmdIndex         = SDMMC_CMD_WRITE_MULT_BLOCK;
 1608              		.loc 1 640 3 view .LVU456
 635:../../STM32Cube_FW_N6/Drivers/STM32N6xx_HAL_Driver/Src/stm32n6xx_ll_sdmmc.c ****   SDMMC_CmdInitTypeDef  sdmmc_cmdinit;
 1609              		.loc 1 635 1 is_stmt 0 view .LVU457
 1610 0000 30B5     		push	{r4, r5, lr}
 1611              		.cfi_def_cfa_offset 12
 1612              		.cfi_offset 4, -12
 1613              		.cfi_offset 5, -8
 1614              		.cfi_offset 14, -4
 642:../../STM32Cube_FW_N6/Drivers/STM32N6xx_HAL_Driver/Src/stm32n6xx_ll_sdmmc.c ****   sdmmc_cmdinit.WaitForInterrupt = SDMMC_WAIT_NO;
 1615              		.loc 1 642 34 view .LVU458
 1616 0002 4FF48073 		mov	r3, #256
 1617 0006 1925     		movs	r5, #25
 635:../../STM32Cube_FW_N6/Drivers/STM32N6xx_HAL_Driver/Src/stm32n6xx_ll_sdmmc.c ****   SDMMC_CmdInitTypeDef  sdmmc_cmdinit;
 1618              		.loc 1 635 1 view .LVU459
 1619 0008 87B0     		sub	sp, sp, #28
 1620              		.cfi_def_cfa_offset 40
 635:../../STM32Cube_FW_N6/Drivers/STM32N6xx_HAL_Driver/Src/stm32n6xx_ll_sdmmc.c ****   SDMMC_CmdInitTypeDef  sdmmc_cmdinit;
 1621              		.loc 1 635 1 view .LVU460
 1622 000a 0446     		mov	r4, r0
 644:../../STM32Cube_FW_N6/Drivers/STM32N6xx_HAL_Driver/Src/stm32n6xx_ll_sdmmc.c ****   (void)SDMMC_SendCommand(SDMMCx, &sdmmc_cmdinit);
 1623              		.loc 1 644 34 view .LVU461
 1624 000c 0022     		movs	r2, #0
 642:../../STM32Cube_FW_N6/Drivers/STM32N6xx_HAL_Driver/Src/stm32n6xx_ll_sdmmc.c ****   sdmmc_cmdinit.WaitForInterrupt = SDMMC_WAIT_NO;
 1625              		.loc 1 642 34 view .LVU462
 1626 000e CDE90253 		strd	r5, r3, [sp, #8]
 644:../../STM32Cube_FW_N6/Drivers/STM32N6xx_HAL_Driver/Src/stm32n6xx_ll_sdmmc.c ****   (void)SDMMC_SendCommand(SDMMCx, &sdmmc_cmdinit);
 1627              		.loc 1 644 34 view .LVU463
 1628 0012 4FF48053 		mov	r3, #4096
 640:../../STM32Cube_FW_N6/Drivers/STM32N6xx_HAL_Driver/Src/stm32n6xx_ll_sdmmc.c ****   sdmmc_cmdinit.CmdIndex         = SDMMC_CMD_WRITE_MULT_BLOCK;
 1629              		.loc 1 640 34 view .LVU464
 1630 0016 0191     		str	r1, [sp, #4]
 641:../../STM32Cube_FW_N6/Drivers/STM32N6xx_HAL_Driver/Src/stm32n6xx_ll_sdmmc.c ****   sdmmc_cmdinit.Response         = SDMMC_RESPONSE_SHORT;
 1631              		.loc 1 641 3 is_stmt 1 view .LVU465
 643:../../STM32Cube_FW_N6/Drivers/STM32N6xx_HAL_Driver/Src/stm32n6xx_ll_sdmmc.c ****   sdmmc_cmdinit.CPSM             = SDMMC_CPSM_ENABLE;
 1632              		.loc 1 643 3 view .LVU466
 645:../../STM32Cube_FW_N6/Drivers/STM32N6xx_HAL_Driver/Src/stm32n6xx_ll_sdmmc.c **** 
 1633              		.loc 1 645 9 is_stmt 0 view .LVU467
 1634 0018 01A9     		add	r1, sp, #4
 1635              	.LVL109:
 644:../../STM32Cube_FW_N6/Drivers/STM32N6xx_HAL_Driver/Src/stm32n6xx_ll_sdmmc.c ****   (void)SDMMC_SendCommand(SDMMCx, &sdmmc_cmdinit);
 1636              		.loc 1 644 34 view .LVU468
 1637 001a CDE90423 		strd	r2, r3, [sp, #16]
ARM GAS  C:\Users\Antonio\AppData\Local\Temp\cc9FRrj5.s 			page 71


 645:../../STM32Cube_FW_N6/Drivers/STM32N6xx_HAL_Driver/Src/stm32n6xx_ll_sdmmc.c **** 
 1638              		.loc 1 645 3 is_stmt 1 view .LVU469
 645:../../STM32Cube_FW_N6/Drivers/STM32N6xx_HAL_Driver/Src/stm32n6xx_ll_sdmmc.c **** 
 1639              		.loc 1 645 9 is_stmt 0 view .LVU470
 1640 001e FFF7FEFF 		bl	SDMMC_SendCommand
 1641              	.LVL110:
 648:../../STM32Cube_FW_N6/Drivers/STM32N6xx_HAL_Driver/Src/stm32n6xx_ll_sdmmc.c **** 
 1642              		.loc 1 648 3 is_stmt 1 view .LVU471
 648:../../STM32Cube_FW_N6/Drivers/STM32N6xx_HAL_Driver/Src/stm32n6xx_ll_sdmmc.c **** 
 1643              		.loc 1 648 16 is_stmt 0 view .LVU472
 1644 0022 41F28832 		movw	r2, #5000
 1645 0026 2946     		mov	r1, r5
 1646 0028 2046     		mov	r0, r4
 651:../../STM32Cube_FW_N6/Drivers/STM32N6xx_HAL_Driver/Src/stm32n6xx_ll_sdmmc.c **** 
 1647              		.loc 1 651 1 view .LVU473
 1648 002a 07B0     		add	sp, sp, #28
 1649              		.cfi_def_cfa_offset 12
 1650              		@ sp needed
 1651 002c BDE83040 		pop	{r4, r5, lr}
 1652              		.cfi_restore 14
 1653              		.cfi_restore 5
 1654              		.cfi_restore 4
 1655              		.cfi_def_cfa_offset 0
 1656              	.LVL111:
 648:../../STM32Cube_FW_N6/Drivers/STM32N6xx_HAL_Driver/Src/stm32n6xx_ll_sdmmc.c **** 
 1657              		.loc 1 648 16 view .LVU474
 1658 0030 FFF7FEBF 		b	SDMMC_GetCmdResp1
 1659              	.LVL112:
 648:../../STM32Cube_FW_N6/Drivers/STM32N6xx_HAL_Driver/Src/stm32n6xx_ll_sdmmc.c **** 
 1660              		.loc 1 648 16 view .LVU475
 1661              		.cfi_endproc
 1662              	.LFE856:
 1664              		.section	.text.SDMMC_CmdSDEraseStartAdd,"ax",%progbits
 1665              		.align	1
 1666              		.global	SDMMC_CmdSDEraseStartAdd
 1667              		.syntax unified
 1668              		.thumb
 1669              		.thumb_func
 1671              	SDMMC_CmdSDEraseStartAdd:
 1672              	.LVL113:
 1673              	.LFB857:
 659:../../STM32Cube_FW_N6/Drivers/STM32N6xx_HAL_Driver/Src/stm32n6xx_ll_sdmmc.c ****   SDMMC_CmdInitTypeDef  sdmmc_cmdinit;
 1674              		.loc 1 659 1 is_stmt 1 view -0
 1675              		.cfi_startproc
 1676              		@ args = 0, pretend = 0, frame = 24
 1677              		@ frame_needed = 0, uses_anonymous_args = 0
 660:../../STM32Cube_FW_N6/Drivers/STM32N6xx_HAL_Driver/Src/stm32n6xx_ll_sdmmc.c ****   uint32_t errorstate;
 1678              		.loc 1 660 3 view .LVU477
 661:../../STM32Cube_FW_N6/Drivers/STM32N6xx_HAL_Driver/Src/stm32n6xx_ll_sdmmc.c **** 
 1679              		.loc 1 661 3 view .LVU478
 664:../../STM32Cube_FW_N6/Drivers/STM32N6xx_HAL_Driver/Src/stm32n6xx_ll_sdmmc.c ****   sdmmc_cmdinit.CmdIndex         = SDMMC_CMD_SD_ERASE_GRP_START;
 1680              		.loc 1 664 3 view .LVU479
 659:../../STM32Cube_FW_N6/Drivers/STM32N6xx_HAL_Driver/Src/stm32n6xx_ll_sdmmc.c ****   SDMMC_CmdInitTypeDef  sdmmc_cmdinit;
 1681              		.loc 1 659 1 is_stmt 0 view .LVU480
 1682 0000 30B5     		push	{r4, r5, lr}
 1683              		.cfi_def_cfa_offset 12
 1684              		.cfi_offset 4, -12
ARM GAS  C:\Users\Antonio\AppData\Local\Temp\cc9FRrj5.s 			page 72


 1685              		.cfi_offset 5, -8
 1686              		.cfi_offset 14, -4
 666:../../STM32Cube_FW_N6/Drivers/STM32N6xx_HAL_Driver/Src/stm32n6xx_ll_sdmmc.c ****   sdmmc_cmdinit.WaitForInterrupt = SDMMC_WAIT_NO;
 1687              		.loc 1 666 34 view .LVU481
 1688 0002 4FF48073 		mov	r3, #256
 1689 0006 2025     		movs	r5, #32
 659:../../STM32Cube_FW_N6/Drivers/STM32N6xx_HAL_Driver/Src/stm32n6xx_ll_sdmmc.c ****   SDMMC_CmdInitTypeDef  sdmmc_cmdinit;
 1690              		.loc 1 659 1 view .LVU482
 1691 0008 87B0     		sub	sp, sp, #28
 1692              		.cfi_def_cfa_offset 40
 659:../../STM32Cube_FW_N6/Drivers/STM32N6xx_HAL_Driver/Src/stm32n6xx_ll_sdmmc.c ****   SDMMC_CmdInitTypeDef  sdmmc_cmdinit;
 1693              		.loc 1 659 1 view .LVU483
 1694 000a 0446     		mov	r4, r0
 668:../../STM32Cube_FW_N6/Drivers/STM32N6xx_HAL_Driver/Src/stm32n6xx_ll_sdmmc.c ****   (void)SDMMC_SendCommand(SDMMCx, &sdmmc_cmdinit);
 1695              		.loc 1 668 34 view .LVU484
 1696 000c 0022     		movs	r2, #0
 666:../../STM32Cube_FW_N6/Drivers/STM32N6xx_HAL_Driver/Src/stm32n6xx_ll_sdmmc.c ****   sdmmc_cmdinit.WaitForInterrupt = SDMMC_WAIT_NO;
 1697              		.loc 1 666 34 view .LVU485
 1698 000e CDE90253 		strd	r5, r3, [sp, #8]
 668:../../STM32Cube_FW_N6/Drivers/STM32N6xx_HAL_Driver/Src/stm32n6xx_ll_sdmmc.c ****   (void)SDMMC_SendCommand(SDMMCx, &sdmmc_cmdinit);
 1699              		.loc 1 668 34 view .LVU486
 1700 0012 4FF48053 		mov	r3, #4096
 664:../../STM32Cube_FW_N6/Drivers/STM32N6xx_HAL_Driver/Src/stm32n6xx_ll_sdmmc.c ****   sdmmc_cmdinit.CmdIndex         = SDMMC_CMD_SD_ERASE_GRP_START;
 1701              		.loc 1 664 34 view .LVU487
 1702 0016 0191     		str	r1, [sp, #4]
 665:../../STM32Cube_FW_N6/Drivers/STM32N6xx_HAL_Driver/Src/stm32n6xx_ll_sdmmc.c ****   sdmmc_cmdinit.Response         = SDMMC_RESPONSE_SHORT;
 1703              		.loc 1 665 3 is_stmt 1 view .LVU488
 667:../../STM32Cube_FW_N6/Drivers/STM32N6xx_HAL_Driver/Src/stm32n6xx_ll_sdmmc.c ****   sdmmc_cmdinit.CPSM             = SDMMC_CPSM_ENABLE;
 1704              		.loc 1 667 3 view .LVU489
 669:../../STM32Cube_FW_N6/Drivers/STM32N6xx_HAL_Driver/Src/stm32n6xx_ll_sdmmc.c **** 
 1705              		.loc 1 669 9 is_stmt 0 view .LVU490
 1706 0018 01A9     		add	r1, sp, #4
 1707              	.LVL114:
 668:../../STM32Cube_FW_N6/Drivers/STM32N6xx_HAL_Driver/Src/stm32n6xx_ll_sdmmc.c ****   (void)SDMMC_SendCommand(SDMMCx, &sdmmc_cmdinit);
 1708              		.loc 1 668 34 view .LVU491
 1709 001a CDE90423 		strd	r2, r3, [sp, #16]
 669:../../STM32Cube_FW_N6/Drivers/STM32N6xx_HAL_Driver/Src/stm32n6xx_ll_sdmmc.c **** 
 1710              		.loc 1 669 3 is_stmt 1 view .LVU492
 669:../../STM32Cube_FW_N6/Drivers/STM32N6xx_HAL_Driver/Src/stm32n6xx_ll_sdmmc.c **** 
 1711              		.loc 1 669 9 is_stmt 0 view .LVU493
 1712 001e FFF7FEFF 		bl	SDMMC_SendCommand
 1713              	.LVL115:
 672:../../STM32Cube_FW_N6/Drivers/STM32N6xx_HAL_Driver/Src/stm32n6xx_ll_sdmmc.c **** 
 1714              		.loc 1 672 3 is_stmt 1 view .LVU494
 672:../../STM32Cube_FW_N6/Drivers/STM32N6xx_HAL_Driver/Src/stm32n6xx_ll_sdmmc.c **** 
 1715              		.loc 1 672 16 is_stmt 0 view .LVU495
 1716 0022 41F28832 		movw	r2, #5000
 1717 0026 2946     		mov	r1, r5
 1718 0028 2046     		mov	r0, r4
 675:../../STM32Cube_FW_N6/Drivers/STM32N6xx_HAL_Driver/Src/stm32n6xx_ll_sdmmc.c **** 
 1719              		.loc 1 675 1 view .LVU496
 1720 002a 07B0     		add	sp, sp, #28
 1721              		.cfi_def_cfa_offset 12
 1722              		@ sp needed
 1723 002c BDE83040 		pop	{r4, r5, lr}
 1724              		.cfi_restore 14
 1725              		.cfi_restore 5
ARM GAS  C:\Users\Antonio\AppData\Local\Temp\cc9FRrj5.s 			page 73


 1726              		.cfi_restore 4
 1727              		.cfi_def_cfa_offset 0
 1728              	.LVL116:
 672:../../STM32Cube_FW_N6/Drivers/STM32N6xx_HAL_Driver/Src/stm32n6xx_ll_sdmmc.c **** 
 1729              		.loc 1 672 16 view .LVU497
 1730 0030 FFF7FEBF 		b	SDMMC_GetCmdResp1
 1731              	.LVL117:
 672:../../STM32Cube_FW_N6/Drivers/STM32N6xx_HAL_Driver/Src/stm32n6xx_ll_sdmmc.c **** 
 1732              		.loc 1 672 16 view .LVU498
 1733              		.cfi_endproc
 1734              	.LFE857:
 1736              		.section	.text.SDMMC_CmdSDEraseEndAdd,"ax",%progbits
 1737              		.align	1
 1738              		.global	SDMMC_CmdSDEraseEndAdd
 1739              		.syntax unified
 1740              		.thumb
 1741              		.thumb_func
 1743              	SDMMC_CmdSDEraseEndAdd:
 1744              	.LVL118:
 1745              	.LFB858:
 683:../../STM32Cube_FW_N6/Drivers/STM32N6xx_HAL_Driver/Src/stm32n6xx_ll_sdmmc.c ****   SDMMC_CmdInitTypeDef  sdmmc_cmdinit;
 1746              		.loc 1 683 1 is_stmt 1 view -0
 1747              		.cfi_startproc
 1748              		@ args = 0, pretend = 0, frame = 24
 1749              		@ frame_needed = 0, uses_anonymous_args = 0
 684:../../STM32Cube_FW_N6/Drivers/STM32N6xx_HAL_Driver/Src/stm32n6xx_ll_sdmmc.c ****   uint32_t errorstate;
 1750              		.loc 1 684 3 view .LVU500
 685:../../STM32Cube_FW_N6/Drivers/STM32N6xx_HAL_Driver/Src/stm32n6xx_ll_sdmmc.c **** 
 1751              		.loc 1 685 3 view .LVU501
 688:../../STM32Cube_FW_N6/Drivers/STM32N6xx_HAL_Driver/Src/stm32n6xx_ll_sdmmc.c ****   sdmmc_cmdinit.CmdIndex         = SDMMC_CMD_SD_ERASE_GRP_END;
 1752              		.loc 1 688 3 view .LVU502
 683:../../STM32Cube_FW_N6/Drivers/STM32N6xx_HAL_Driver/Src/stm32n6xx_ll_sdmmc.c ****   SDMMC_CmdInitTypeDef  sdmmc_cmdinit;
 1753              		.loc 1 683 1 is_stmt 0 view .LVU503
 1754 0000 30B5     		push	{r4, r5, lr}
 1755              		.cfi_def_cfa_offset 12
 1756              		.cfi_offset 4, -12
 1757              		.cfi_offset 5, -8
 1758              		.cfi_offset 14, -4
 690:../../STM32Cube_FW_N6/Drivers/STM32N6xx_HAL_Driver/Src/stm32n6xx_ll_sdmmc.c ****   sdmmc_cmdinit.WaitForInterrupt = SDMMC_WAIT_NO;
 1759              		.loc 1 690 34 view .LVU504
 1760 0002 4FF48073 		mov	r3, #256
 1761 0006 2125     		movs	r5, #33
 683:../../STM32Cube_FW_N6/Drivers/STM32N6xx_HAL_Driver/Src/stm32n6xx_ll_sdmmc.c ****   SDMMC_CmdInitTypeDef  sdmmc_cmdinit;
 1762              		.loc 1 683 1 view .LVU505
 1763 0008 87B0     		sub	sp, sp, #28
 1764              		.cfi_def_cfa_offset 40
 683:../../STM32Cube_FW_N6/Drivers/STM32N6xx_HAL_Driver/Src/stm32n6xx_ll_sdmmc.c ****   SDMMC_CmdInitTypeDef  sdmmc_cmdinit;
 1765              		.loc 1 683 1 view .LVU506
 1766 000a 0446     		mov	r4, r0
 692:../../STM32Cube_FW_N6/Drivers/STM32N6xx_HAL_Driver/Src/stm32n6xx_ll_sdmmc.c ****   (void)SDMMC_SendCommand(SDMMCx, &sdmmc_cmdinit);
 1767              		.loc 1 692 34 view .LVU507
 1768 000c 0022     		movs	r2, #0
 690:../../STM32Cube_FW_N6/Drivers/STM32N6xx_HAL_Driver/Src/stm32n6xx_ll_sdmmc.c ****   sdmmc_cmdinit.WaitForInterrupt = SDMMC_WAIT_NO;
 1769              		.loc 1 690 34 view .LVU508
 1770 000e CDE90253 		strd	r5, r3, [sp, #8]
 692:../../STM32Cube_FW_N6/Drivers/STM32N6xx_HAL_Driver/Src/stm32n6xx_ll_sdmmc.c ****   (void)SDMMC_SendCommand(SDMMCx, &sdmmc_cmdinit);
 1771              		.loc 1 692 34 view .LVU509
ARM GAS  C:\Users\Antonio\AppData\Local\Temp\cc9FRrj5.s 			page 74


 1772 0012 4FF48053 		mov	r3, #4096
 688:../../STM32Cube_FW_N6/Drivers/STM32N6xx_HAL_Driver/Src/stm32n6xx_ll_sdmmc.c ****   sdmmc_cmdinit.CmdIndex         = SDMMC_CMD_SD_ERASE_GRP_END;
 1773              		.loc 1 688 34 view .LVU510
 1774 0016 0191     		str	r1, [sp, #4]
 689:../../STM32Cube_FW_N6/Drivers/STM32N6xx_HAL_Driver/Src/stm32n6xx_ll_sdmmc.c ****   sdmmc_cmdinit.Response         = SDMMC_RESPONSE_SHORT;
 1775              		.loc 1 689 3 is_stmt 1 view .LVU511
 691:../../STM32Cube_FW_N6/Drivers/STM32N6xx_HAL_Driver/Src/stm32n6xx_ll_sdmmc.c ****   sdmmc_cmdinit.CPSM             = SDMMC_CPSM_ENABLE;
 1776              		.loc 1 691 3 view .LVU512
 693:../../STM32Cube_FW_N6/Drivers/STM32N6xx_HAL_Driver/Src/stm32n6xx_ll_sdmmc.c **** 
 1777              		.loc 1 693 9 is_stmt 0 view .LVU513
 1778 0018 01A9     		add	r1, sp, #4
 1779              	.LVL119:
 692:../../STM32Cube_FW_N6/Drivers/STM32N6xx_HAL_Driver/Src/stm32n6xx_ll_sdmmc.c ****   (void)SDMMC_SendCommand(SDMMCx, &sdmmc_cmdinit);
 1780              		.loc 1 692 34 view .LVU514
 1781 001a CDE90423 		strd	r2, r3, [sp, #16]
 693:../../STM32Cube_FW_N6/Drivers/STM32N6xx_HAL_Driver/Src/stm32n6xx_ll_sdmmc.c **** 
 1782              		.loc 1 693 3 is_stmt 1 view .LVU515
 693:../../STM32Cube_FW_N6/Drivers/STM32N6xx_HAL_Driver/Src/stm32n6xx_ll_sdmmc.c **** 
 1783              		.loc 1 693 9 is_stmt 0 view .LVU516
 1784 001e FFF7FEFF 		bl	SDMMC_SendCommand
 1785              	.LVL120:
 696:../../STM32Cube_FW_N6/Drivers/STM32N6xx_HAL_Driver/Src/stm32n6xx_ll_sdmmc.c **** 
 1786              		.loc 1 696 3 is_stmt 1 view .LVU517
 696:../../STM32Cube_FW_N6/Drivers/STM32N6xx_HAL_Driver/Src/stm32n6xx_ll_sdmmc.c **** 
 1787              		.loc 1 696 16 is_stmt 0 view .LVU518
 1788 0022 41F28832 		movw	r2, #5000
 1789 0026 2946     		mov	r1, r5
 1790 0028 2046     		mov	r0, r4
 699:../../STM32Cube_FW_N6/Drivers/STM32N6xx_HAL_Driver/Src/stm32n6xx_ll_sdmmc.c **** 
 1791              		.loc 1 699 1 view .LVU519
 1792 002a 07B0     		add	sp, sp, #28
 1793              		.cfi_def_cfa_offset 12
 1794              		@ sp needed
 1795 002c BDE83040 		pop	{r4, r5, lr}
 1796              		.cfi_restore 14
 1797              		.cfi_restore 5
 1798              		.cfi_restore 4
 1799              		.cfi_def_cfa_offset 0
 1800              	.LVL121:
 696:../../STM32Cube_FW_N6/Drivers/STM32N6xx_HAL_Driver/Src/stm32n6xx_ll_sdmmc.c **** 
 1801              		.loc 1 696 16 view .LVU520
 1802 0030 FFF7FEBF 		b	SDMMC_GetCmdResp1
 1803              	.LVL122:
 696:../../STM32Cube_FW_N6/Drivers/STM32N6xx_HAL_Driver/Src/stm32n6xx_ll_sdmmc.c **** 
 1804              		.loc 1 696 16 view .LVU521
 1805              		.cfi_endproc
 1806              	.LFE858:
 1808              		.section	.text.SDMMC_CmdEraseStartAdd,"ax",%progbits
 1809              		.align	1
 1810              		.global	SDMMC_CmdEraseStartAdd
 1811              		.syntax unified
 1812              		.thumb
 1813              		.thumb_func
 1815              	SDMMC_CmdEraseStartAdd:
 1816              	.LVL123:
 1817              	.LFB859:
 707:../../STM32Cube_FW_N6/Drivers/STM32N6xx_HAL_Driver/Src/stm32n6xx_ll_sdmmc.c ****   SDMMC_CmdInitTypeDef  sdmmc_cmdinit;
ARM GAS  C:\Users\Antonio\AppData\Local\Temp\cc9FRrj5.s 			page 75


 1818              		.loc 1 707 1 is_stmt 1 view -0
 1819              		.cfi_startproc
 1820              		@ args = 0, pretend = 0, frame = 24
 1821              		@ frame_needed = 0, uses_anonymous_args = 0
 708:../../STM32Cube_FW_N6/Drivers/STM32N6xx_HAL_Driver/Src/stm32n6xx_ll_sdmmc.c ****   uint32_t errorstate;
 1822              		.loc 1 708 3 view .LVU523
 709:../../STM32Cube_FW_N6/Drivers/STM32N6xx_HAL_Driver/Src/stm32n6xx_ll_sdmmc.c **** 
 1823              		.loc 1 709 3 view .LVU524
 712:../../STM32Cube_FW_N6/Drivers/STM32N6xx_HAL_Driver/Src/stm32n6xx_ll_sdmmc.c ****   sdmmc_cmdinit.CmdIndex         = SDMMC_CMD_ERASE_GRP_START;
 1824              		.loc 1 712 3 view .LVU525
 707:../../STM32Cube_FW_N6/Drivers/STM32N6xx_HAL_Driver/Src/stm32n6xx_ll_sdmmc.c ****   SDMMC_CmdInitTypeDef  sdmmc_cmdinit;
 1825              		.loc 1 707 1 is_stmt 0 view .LVU526
 1826 0000 30B5     		push	{r4, r5, lr}
 1827              		.cfi_def_cfa_offset 12
 1828              		.cfi_offset 4, -12
 1829              		.cfi_offset 5, -8
 1830              		.cfi_offset 14, -4
 714:../../STM32Cube_FW_N6/Drivers/STM32N6xx_HAL_Driver/Src/stm32n6xx_ll_sdmmc.c ****   sdmmc_cmdinit.WaitForInterrupt = SDMMC_WAIT_NO;
 1831              		.loc 1 714 34 view .LVU527
 1832 0002 4FF48073 		mov	r3, #256
 1833 0006 2325     		movs	r5, #35
 707:../../STM32Cube_FW_N6/Drivers/STM32N6xx_HAL_Driver/Src/stm32n6xx_ll_sdmmc.c ****   SDMMC_CmdInitTypeDef  sdmmc_cmdinit;
 1834              		.loc 1 707 1 view .LVU528
 1835 0008 87B0     		sub	sp, sp, #28
 1836              		.cfi_def_cfa_offset 40
 707:../../STM32Cube_FW_N6/Drivers/STM32N6xx_HAL_Driver/Src/stm32n6xx_ll_sdmmc.c ****   SDMMC_CmdInitTypeDef  sdmmc_cmdinit;
 1837              		.loc 1 707 1 view .LVU529
 1838 000a 0446     		mov	r4, r0
 716:../../STM32Cube_FW_N6/Drivers/STM32N6xx_HAL_Driver/Src/stm32n6xx_ll_sdmmc.c ****   (void)SDMMC_SendCommand(SDMMCx, &sdmmc_cmdinit);
 1839              		.loc 1 716 34 view .LVU530
 1840 000c 0022     		movs	r2, #0
 714:../../STM32Cube_FW_N6/Drivers/STM32N6xx_HAL_Driver/Src/stm32n6xx_ll_sdmmc.c ****   sdmmc_cmdinit.WaitForInterrupt = SDMMC_WAIT_NO;
 1841              		.loc 1 714 34 view .LVU531
 1842 000e CDE90253 		strd	r5, r3, [sp, #8]
 716:../../STM32Cube_FW_N6/Drivers/STM32N6xx_HAL_Driver/Src/stm32n6xx_ll_sdmmc.c ****   (void)SDMMC_SendCommand(SDMMCx, &sdmmc_cmdinit);
 1843              		.loc 1 716 34 view .LVU532
 1844 0012 4FF48053 		mov	r3, #4096
 712:../../STM32Cube_FW_N6/Drivers/STM32N6xx_HAL_Driver/Src/stm32n6xx_ll_sdmmc.c ****   sdmmc_cmdinit.CmdIndex         = SDMMC_CMD_ERASE_GRP_START;
 1845              		.loc 1 712 34 view .LVU533
 1846 0016 0191     		str	r1, [sp, #4]
 713:../../STM32Cube_FW_N6/Drivers/STM32N6xx_HAL_Driver/Src/stm32n6xx_ll_sdmmc.c ****   sdmmc_cmdinit.Response         = SDMMC_RESPONSE_SHORT;
 1847              		.loc 1 713 3 is_stmt 1 view .LVU534
 715:../../STM32Cube_FW_N6/Drivers/STM32N6xx_HAL_Driver/Src/stm32n6xx_ll_sdmmc.c ****   sdmmc_cmdinit.CPSM             = SDMMC_CPSM_ENABLE;
 1848              		.loc 1 715 3 view .LVU535
 717:../../STM32Cube_FW_N6/Drivers/STM32N6xx_HAL_Driver/Src/stm32n6xx_ll_sdmmc.c **** 
 1849              		.loc 1 717 9 is_stmt 0 view .LVU536
 1850 0018 01A9     		add	r1, sp, #4
 1851              	.LVL124:
 716:../../STM32Cube_FW_N6/Drivers/STM32N6xx_HAL_Driver/Src/stm32n6xx_ll_sdmmc.c ****   (void)SDMMC_SendCommand(SDMMCx, &sdmmc_cmdinit);
 1852              		.loc 1 716 34 view .LVU537
 1853 001a CDE90423 		strd	r2, r3, [sp, #16]
 717:../../STM32Cube_FW_N6/Drivers/STM32N6xx_HAL_Driver/Src/stm32n6xx_ll_sdmmc.c **** 
 1854              		.loc 1 717 3 is_stmt 1 view .LVU538
 717:../../STM32Cube_FW_N6/Drivers/STM32N6xx_HAL_Driver/Src/stm32n6xx_ll_sdmmc.c **** 
 1855              		.loc 1 717 9 is_stmt 0 view .LVU539
 1856 001e FFF7FEFF 		bl	SDMMC_SendCommand
 1857              	.LVL125:
ARM GAS  C:\Users\Antonio\AppData\Local\Temp\cc9FRrj5.s 			page 76


 720:../../STM32Cube_FW_N6/Drivers/STM32N6xx_HAL_Driver/Src/stm32n6xx_ll_sdmmc.c **** 
 1858              		.loc 1 720 3 is_stmt 1 view .LVU540
 720:../../STM32Cube_FW_N6/Drivers/STM32N6xx_HAL_Driver/Src/stm32n6xx_ll_sdmmc.c **** 
 1859              		.loc 1 720 16 is_stmt 0 view .LVU541
 1860 0022 41F28832 		movw	r2, #5000
 1861 0026 2946     		mov	r1, r5
 1862 0028 2046     		mov	r0, r4
 723:../../STM32Cube_FW_N6/Drivers/STM32N6xx_HAL_Driver/Src/stm32n6xx_ll_sdmmc.c **** 
 1863              		.loc 1 723 1 view .LVU542
 1864 002a 07B0     		add	sp, sp, #28
 1865              		.cfi_def_cfa_offset 12
 1866              		@ sp needed
 1867 002c BDE83040 		pop	{r4, r5, lr}
 1868              		.cfi_restore 14
 1869              		.cfi_restore 5
 1870              		.cfi_restore 4
 1871              		.cfi_def_cfa_offset 0
 1872              	.LVL126:
 720:../../STM32Cube_FW_N6/Drivers/STM32N6xx_HAL_Driver/Src/stm32n6xx_ll_sdmmc.c **** 
 1873              		.loc 1 720 16 view .LVU543
 1874 0030 FFF7FEBF 		b	SDMMC_GetCmdResp1
 1875              	.LVL127:
 720:../../STM32Cube_FW_N6/Drivers/STM32N6xx_HAL_Driver/Src/stm32n6xx_ll_sdmmc.c **** 
 1876              		.loc 1 720 16 view .LVU544
 1877              		.cfi_endproc
 1878              	.LFE859:
 1880              		.section	.text.SDMMC_CmdEraseEndAdd,"ax",%progbits
 1881              		.align	1
 1882              		.global	SDMMC_CmdEraseEndAdd
 1883              		.syntax unified
 1884              		.thumb
 1885              		.thumb_func
 1887              	SDMMC_CmdEraseEndAdd:
 1888              	.LVL128:
 1889              	.LFB860:
 731:../../STM32Cube_FW_N6/Drivers/STM32N6xx_HAL_Driver/Src/stm32n6xx_ll_sdmmc.c ****   SDMMC_CmdInitTypeDef  sdmmc_cmdinit;
 1890              		.loc 1 731 1 is_stmt 1 view -0
 1891              		.cfi_startproc
 1892              		@ args = 0, pretend = 0, frame = 24
 1893              		@ frame_needed = 0, uses_anonymous_args = 0
 732:../../STM32Cube_FW_N6/Drivers/STM32N6xx_HAL_Driver/Src/stm32n6xx_ll_sdmmc.c ****   uint32_t errorstate;
 1894              		.loc 1 732 3 view .LVU546
 733:../../STM32Cube_FW_N6/Drivers/STM32N6xx_HAL_Driver/Src/stm32n6xx_ll_sdmmc.c **** 
 1895              		.loc 1 733 3 view .LVU547
 736:../../STM32Cube_FW_N6/Drivers/STM32N6xx_HAL_Driver/Src/stm32n6xx_ll_sdmmc.c ****   sdmmc_cmdinit.CmdIndex         = SDMMC_CMD_ERASE_GRP_END;
 1896              		.loc 1 736 3 view .LVU548
 731:../../STM32Cube_FW_N6/Drivers/STM32N6xx_HAL_Driver/Src/stm32n6xx_ll_sdmmc.c ****   SDMMC_CmdInitTypeDef  sdmmc_cmdinit;
 1897              		.loc 1 731 1 is_stmt 0 view .LVU549
 1898 0000 30B5     		push	{r4, r5, lr}
 1899              		.cfi_def_cfa_offset 12
 1900              		.cfi_offset 4, -12
 1901              		.cfi_offset 5, -8
 1902              		.cfi_offset 14, -4
 738:../../STM32Cube_FW_N6/Drivers/STM32N6xx_HAL_Driver/Src/stm32n6xx_ll_sdmmc.c ****   sdmmc_cmdinit.WaitForInterrupt = SDMMC_WAIT_NO;
 1903              		.loc 1 738 34 view .LVU550
 1904 0002 4FF48073 		mov	r3, #256
 1905 0006 2425     		movs	r5, #36
ARM GAS  C:\Users\Antonio\AppData\Local\Temp\cc9FRrj5.s 			page 77


 731:../../STM32Cube_FW_N6/Drivers/STM32N6xx_HAL_Driver/Src/stm32n6xx_ll_sdmmc.c ****   SDMMC_CmdInitTypeDef  sdmmc_cmdinit;
 1906              		.loc 1 731 1 view .LVU551
 1907 0008 87B0     		sub	sp, sp, #28
 1908              		.cfi_def_cfa_offset 40
 731:../../STM32Cube_FW_N6/Drivers/STM32N6xx_HAL_Driver/Src/stm32n6xx_ll_sdmmc.c ****   SDMMC_CmdInitTypeDef  sdmmc_cmdinit;
 1909              		.loc 1 731 1 view .LVU552
 1910 000a 0446     		mov	r4, r0
 740:../../STM32Cube_FW_N6/Drivers/STM32N6xx_HAL_Driver/Src/stm32n6xx_ll_sdmmc.c ****   (void)SDMMC_SendCommand(SDMMCx, &sdmmc_cmdinit);
 1911              		.loc 1 740 34 view .LVU553
 1912 000c 0022     		movs	r2, #0
 738:../../STM32Cube_FW_N6/Drivers/STM32N6xx_HAL_Driver/Src/stm32n6xx_ll_sdmmc.c ****   sdmmc_cmdinit.WaitForInterrupt = SDMMC_WAIT_NO;
 1913              		.loc 1 738 34 view .LVU554
 1914 000e CDE90253 		strd	r5, r3, [sp, #8]
 740:../../STM32Cube_FW_N6/Drivers/STM32N6xx_HAL_Driver/Src/stm32n6xx_ll_sdmmc.c ****   (void)SDMMC_SendCommand(SDMMCx, &sdmmc_cmdinit);
 1915              		.loc 1 740 34 view .LVU555
 1916 0012 4FF48053 		mov	r3, #4096
 736:../../STM32Cube_FW_N6/Drivers/STM32N6xx_HAL_Driver/Src/stm32n6xx_ll_sdmmc.c ****   sdmmc_cmdinit.CmdIndex         = SDMMC_CMD_ERASE_GRP_END;
 1917              		.loc 1 736 34 view .LVU556
 1918 0016 0191     		str	r1, [sp, #4]
 737:../../STM32Cube_FW_N6/Drivers/STM32N6xx_HAL_Driver/Src/stm32n6xx_ll_sdmmc.c ****   sdmmc_cmdinit.Response         = SDMMC_RESPONSE_SHORT;
 1919              		.loc 1 737 3 is_stmt 1 view .LVU557
 739:../../STM32Cube_FW_N6/Drivers/STM32N6xx_HAL_Driver/Src/stm32n6xx_ll_sdmmc.c ****   sdmmc_cmdinit.CPSM             = SDMMC_CPSM_ENABLE;
 1920              		.loc 1 739 3 view .LVU558
 741:../../STM32Cube_FW_N6/Drivers/STM32N6xx_HAL_Driver/Src/stm32n6xx_ll_sdmmc.c **** 
 1921              		.loc 1 741 9 is_stmt 0 view .LVU559
 1922 0018 01A9     		add	r1, sp, #4
 1923              	.LVL129:
 740:../../STM32Cube_FW_N6/Drivers/STM32N6xx_HAL_Driver/Src/stm32n6xx_ll_sdmmc.c ****   (void)SDMMC_SendCommand(SDMMCx, &sdmmc_cmdinit);
 1924              		.loc 1 740 34 view .LVU560
 1925 001a CDE90423 		strd	r2, r3, [sp, #16]
 741:../../STM32Cube_FW_N6/Drivers/STM32N6xx_HAL_Driver/Src/stm32n6xx_ll_sdmmc.c **** 
 1926              		.loc 1 741 3 is_stmt 1 view .LVU561
 741:../../STM32Cube_FW_N6/Drivers/STM32N6xx_HAL_Driver/Src/stm32n6xx_ll_sdmmc.c **** 
 1927              		.loc 1 741 9 is_stmt 0 view .LVU562
 1928 001e FFF7FEFF 		bl	SDMMC_SendCommand
 1929              	.LVL130:
 744:../../STM32Cube_FW_N6/Drivers/STM32N6xx_HAL_Driver/Src/stm32n6xx_ll_sdmmc.c **** 
 1930              		.loc 1 744 3 is_stmt 1 view .LVU563
 744:../../STM32Cube_FW_N6/Drivers/STM32N6xx_HAL_Driver/Src/stm32n6xx_ll_sdmmc.c **** 
 1931              		.loc 1 744 16 is_stmt 0 view .LVU564
 1932 0022 41F28832 		movw	r2, #5000
 1933 0026 2946     		mov	r1, r5
 1934 0028 2046     		mov	r0, r4
 747:../../STM32Cube_FW_N6/Drivers/STM32N6xx_HAL_Driver/Src/stm32n6xx_ll_sdmmc.c **** 
 1935              		.loc 1 747 1 view .LVU565
 1936 002a 07B0     		add	sp, sp, #28
 1937              		.cfi_def_cfa_offset 12
 1938              		@ sp needed
 1939 002c BDE83040 		pop	{r4, r5, lr}
 1940              		.cfi_restore 14
 1941              		.cfi_restore 5
 1942              		.cfi_restore 4
 1943              		.cfi_def_cfa_offset 0
 1944              	.LVL131:
 744:../../STM32Cube_FW_N6/Drivers/STM32N6xx_HAL_Driver/Src/stm32n6xx_ll_sdmmc.c **** 
 1945              		.loc 1 744 16 view .LVU566
 1946 0030 FFF7FEBF 		b	SDMMC_GetCmdResp1
ARM GAS  C:\Users\Antonio\AppData\Local\Temp\cc9FRrj5.s 			page 78


 1947              	.LVL132:
 744:../../STM32Cube_FW_N6/Drivers/STM32N6xx_HAL_Driver/Src/stm32n6xx_ll_sdmmc.c **** 
 1948              		.loc 1 744 16 view .LVU567
 1949              		.cfi_endproc
 1950              	.LFE860:
 1952              		.section	.text.SDMMC_CmdErase,"ax",%progbits
 1953              		.align	1
 1954              		.global	SDMMC_CmdErase
 1955              		.syntax unified
 1956              		.thumb
 1957              		.thumb_func
 1959              	SDMMC_CmdErase:
 1960              	.LVL133:
 1961              	.LFB861:
 756:../../STM32Cube_FW_N6/Drivers/STM32N6xx_HAL_Driver/Src/stm32n6xx_ll_sdmmc.c ****   SDMMC_CmdInitTypeDef  sdmmc_cmdinit;
 1962              		.loc 1 756 1 is_stmt 1 view -0
 1963              		.cfi_startproc
 1964              		@ args = 0, pretend = 0, frame = 24
 1965              		@ frame_needed = 0, uses_anonymous_args = 0
 757:../../STM32Cube_FW_N6/Drivers/STM32N6xx_HAL_Driver/Src/stm32n6xx_ll_sdmmc.c ****   uint32_t errorstate;
 1966              		.loc 1 757 3 view .LVU569
 758:../../STM32Cube_FW_N6/Drivers/STM32N6xx_HAL_Driver/Src/stm32n6xx_ll_sdmmc.c **** 
 1967              		.loc 1 758 3 view .LVU570
 761:../../STM32Cube_FW_N6/Drivers/STM32N6xx_HAL_Driver/Src/stm32n6xx_ll_sdmmc.c ****   sdmmc_cmdinit.CmdIndex         = SDMMC_CMD_ERASE;
 1968              		.loc 1 761 3 view .LVU571
 756:../../STM32Cube_FW_N6/Drivers/STM32N6xx_HAL_Driver/Src/stm32n6xx_ll_sdmmc.c ****   SDMMC_CmdInitTypeDef  sdmmc_cmdinit;
 1969              		.loc 1 756 1 is_stmt 0 view .LVU572
 1970 0000 30B5     		push	{r4, r5, lr}
 1971              		.cfi_def_cfa_offset 12
 1972              		.cfi_offset 4, -12
 1973              		.cfi_offset 5, -8
 1974              		.cfi_offset 14, -4
 763:../../STM32Cube_FW_N6/Drivers/STM32N6xx_HAL_Driver/Src/stm32n6xx_ll_sdmmc.c ****   sdmmc_cmdinit.WaitForInterrupt = SDMMC_WAIT_NO;
 1975              		.loc 1 763 34 view .LVU573
 1976 0002 4FF48073 		mov	r3, #256
 1977 0006 2625     		movs	r5, #38
 756:../../STM32Cube_FW_N6/Drivers/STM32N6xx_HAL_Driver/Src/stm32n6xx_ll_sdmmc.c ****   SDMMC_CmdInitTypeDef  sdmmc_cmdinit;
 1978              		.loc 1 756 1 view .LVU574
 1979 0008 87B0     		sub	sp, sp, #28
 1980              		.cfi_def_cfa_offset 40
 756:../../STM32Cube_FW_N6/Drivers/STM32N6xx_HAL_Driver/Src/stm32n6xx_ll_sdmmc.c ****   SDMMC_CmdInitTypeDef  sdmmc_cmdinit;
 1981              		.loc 1 756 1 view .LVU575
 1982 000a 0446     		mov	r4, r0
 765:../../STM32Cube_FW_N6/Drivers/STM32N6xx_HAL_Driver/Src/stm32n6xx_ll_sdmmc.c ****   (void)SDMMC_SendCommand(SDMMCx, &sdmmc_cmdinit);
 1983              		.loc 1 765 34 view .LVU576
 1984 000c 0022     		movs	r2, #0
 763:../../STM32Cube_FW_N6/Drivers/STM32N6xx_HAL_Driver/Src/stm32n6xx_ll_sdmmc.c ****   sdmmc_cmdinit.WaitForInterrupt = SDMMC_WAIT_NO;
 1985              		.loc 1 763 34 view .LVU577
 1986 000e CDE90253 		strd	r5, r3, [sp, #8]
 765:../../STM32Cube_FW_N6/Drivers/STM32N6xx_HAL_Driver/Src/stm32n6xx_ll_sdmmc.c ****   (void)SDMMC_SendCommand(SDMMCx, &sdmmc_cmdinit);
 1987              		.loc 1 765 34 view .LVU578
 1988 0012 4FF48053 		mov	r3, #4096
 761:../../STM32Cube_FW_N6/Drivers/STM32N6xx_HAL_Driver/Src/stm32n6xx_ll_sdmmc.c ****   sdmmc_cmdinit.CmdIndex         = SDMMC_CMD_ERASE;
 1989              		.loc 1 761 34 view .LVU579
 1990 0016 0191     		str	r1, [sp, #4]
 762:../../STM32Cube_FW_N6/Drivers/STM32N6xx_HAL_Driver/Src/stm32n6xx_ll_sdmmc.c ****   sdmmc_cmdinit.Response         = SDMMC_RESPONSE_SHORT;
 1991              		.loc 1 762 3 is_stmt 1 view .LVU580
ARM GAS  C:\Users\Antonio\AppData\Local\Temp\cc9FRrj5.s 			page 79


 764:../../STM32Cube_FW_N6/Drivers/STM32N6xx_HAL_Driver/Src/stm32n6xx_ll_sdmmc.c ****   sdmmc_cmdinit.CPSM             = SDMMC_CPSM_ENABLE;
 1992              		.loc 1 764 3 view .LVU581
 766:../../STM32Cube_FW_N6/Drivers/STM32N6xx_HAL_Driver/Src/stm32n6xx_ll_sdmmc.c **** 
 1993              		.loc 1 766 9 is_stmt 0 view .LVU582
 1994 0018 01A9     		add	r1, sp, #4
 1995              	.LVL134:
 765:../../STM32Cube_FW_N6/Drivers/STM32N6xx_HAL_Driver/Src/stm32n6xx_ll_sdmmc.c ****   (void)SDMMC_SendCommand(SDMMCx, &sdmmc_cmdinit);
 1996              		.loc 1 765 34 view .LVU583
 1997 001a CDE90423 		strd	r2, r3, [sp, #16]
 766:../../STM32Cube_FW_N6/Drivers/STM32N6xx_HAL_Driver/Src/stm32n6xx_ll_sdmmc.c **** 
 1998              		.loc 1 766 3 is_stmt 1 view .LVU584
 766:../../STM32Cube_FW_N6/Drivers/STM32N6xx_HAL_Driver/Src/stm32n6xx_ll_sdmmc.c **** 
 1999              		.loc 1 766 9 is_stmt 0 view .LVU585
 2000 001e FFF7FEFF 		bl	SDMMC_SendCommand
 2001              	.LVL135:
 769:../../STM32Cube_FW_N6/Drivers/STM32N6xx_HAL_Driver/Src/stm32n6xx_ll_sdmmc.c **** 
 2002              		.loc 1 769 3 is_stmt 1 view .LVU586
 769:../../STM32Cube_FW_N6/Drivers/STM32N6xx_HAL_Driver/Src/stm32n6xx_ll_sdmmc.c **** 
 2003              		.loc 1 769 16 is_stmt 0 view .LVU587
 2004 0022 4FF21862 		movw	r2, #63000
 2005 0026 2946     		mov	r1, r5
 2006 0028 2046     		mov	r0, r4
 772:../../STM32Cube_FW_N6/Drivers/STM32N6xx_HAL_Driver/Src/stm32n6xx_ll_sdmmc.c **** 
 2007              		.loc 1 772 1 view .LVU588
 2008 002a 07B0     		add	sp, sp, #28
 2009              		.cfi_def_cfa_offset 12
 2010              		@ sp needed
 2011 002c BDE83040 		pop	{r4, r5, lr}
 2012              		.cfi_restore 14
 2013              		.cfi_restore 5
 2014              		.cfi_restore 4
 2015              		.cfi_def_cfa_offset 0
 2016              	.LVL136:
 769:../../STM32Cube_FW_N6/Drivers/STM32N6xx_HAL_Driver/Src/stm32n6xx_ll_sdmmc.c **** 
 2017              		.loc 1 769 16 view .LVU589
 2018 0030 FFF7FEBF 		b	SDMMC_GetCmdResp1
 2019              	.LVL137:
 769:../../STM32Cube_FW_N6/Drivers/STM32N6xx_HAL_Driver/Src/stm32n6xx_ll_sdmmc.c **** 
 2020              		.loc 1 769 16 view .LVU590
 2021              		.cfi_endproc
 2022              	.LFE861:
 2024              		.section	.text.SDMMC_CmdStopTransfer,"ax",%progbits
 2025              		.align	1
 2026              		.global	SDMMC_CmdStopTransfer
 2027              		.syntax unified
 2028              		.thumb
 2029              		.thumb_func
 2031              	SDMMC_CmdStopTransfer:
 2032              	.LVL138:
 2033              	.LFB862:
 780:../../STM32Cube_FW_N6/Drivers/STM32N6xx_HAL_Driver/Src/stm32n6xx_ll_sdmmc.c ****   SDMMC_CmdInitTypeDef  sdmmc_cmdinit;
 2034              		.loc 1 780 1 is_stmt 1 view -0
 2035              		.cfi_startproc
 2036              		@ args = 0, pretend = 0, frame = 24
 2037              		@ frame_needed = 0, uses_anonymous_args = 0
 781:../../STM32Cube_FW_N6/Drivers/STM32N6xx_HAL_Driver/Src/stm32n6xx_ll_sdmmc.c ****   uint32_t errorstate;
 2038              		.loc 1 781 3 view .LVU592
ARM GAS  C:\Users\Antonio\AppData\Local\Temp\cc9FRrj5.s 			page 80


 782:../../STM32Cube_FW_N6/Drivers/STM32N6xx_HAL_Driver/Src/stm32n6xx_ll_sdmmc.c **** 
 2039              		.loc 1 782 3 view .LVU593
 785:../../STM32Cube_FW_N6/Drivers/STM32N6xx_HAL_Driver/Src/stm32n6xx_ll_sdmmc.c ****   sdmmc_cmdinit.CmdIndex         = SDMMC_CMD_STOP_TRANSMISSION;
 2040              		.loc 1 785 3 view .LVU594
 780:../../STM32Cube_FW_N6/Drivers/STM32N6xx_HAL_Driver/Src/stm32n6xx_ll_sdmmc.c ****   SDMMC_CmdInitTypeDef  sdmmc_cmdinit;
 2041              		.loc 1 780 1 is_stmt 0 view .LVU595
 2042 0000 30B5     		push	{r4, r5, lr}
 2043              		.cfi_def_cfa_offset 12
 2044              		.cfi_offset 4, -12
 2045              		.cfi_offset 5, -8
 2046              		.cfi_offset 14, -4
 786:../../STM32Cube_FW_N6/Drivers/STM32N6xx_HAL_Driver/Src/stm32n6xx_ll_sdmmc.c ****   sdmmc_cmdinit.Response         = SDMMC_RESPONSE_SHORT;
 2047              		.loc 1 786 34 view .LVU596
 2048 0002 0023     		movs	r3, #0
 2049 0004 0C25     		movs	r5, #12
 787:../../STM32Cube_FW_N6/Drivers/STM32N6xx_HAL_Driver/Src/stm32n6xx_ll_sdmmc.c ****   sdmmc_cmdinit.WaitForInterrupt = SDMMC_WAIT_NO;
 2050              		.loc 1 787 34 view .LVU597
 2051 0006 4FF48072 		mov	r2, #256
 780:../../STM32Cube_FW_N6/Drivers/STM32N6xx_HAL_Driver/Src/stm32n6xx_ll_sdmmc.c ****   SDMMC_CmdInitTypeDef  sdmmc_cmdinit;
 2052              		.loc 1 780 1 view .LVU598
 2053 000a 87B0     		sub	sp, sp, #28
 2054              		.cfi_def_cfa_offset 40
 788:../../STM32Cube_FW_N6/Drivers/STM32N6xx_HAL_Driver/Src/stm32n6xx_ll_sdmmc.c ****   sdmmc_cmdinit.CPSM             = SDMMC_CPSM_ENABLE;
 2055              		.loc 1 788 34 view .LVU599
 2056 000c CDE90323 		strd	r2, r3, [sp, #12]
 786:../../STM32Cube_FW_N6/Drivers/STM32N6xx_HAL_Driver/Src/stm32n6xx_ll_sdmmc.c ****   sdmmc_cmdinit.Response         = SDMMC_RESPONSE_SHORT;
 2057              		.loc 1 786 34 view .LVU600
 2058 0010 CDE90135 		strd	r3, r5, [sp, #4]
 787:../../STM32Cube_FW_N6/Drivers/STM32N6xx_HAL_Driver/Src/stm32n6xx_ll_sdmmc.c ****   sdmmc_cmdinit.WaitForInterrupt = SDMMC_WAIT_NO;
 2059              		.loc 1 787 3 is_stmt 1 view .LVU601
 789:../../STM32Cube_FW_N6/Drivers/STM32N6xx_HAL_Driver/Src/stm32n6xx_ll_sdmmc.c **** 
 2060              		.loc 1 789 3 view .LVU602
 789:../../STM32Cube_FW_N6/Drivers/STM32N6xx_HAL_Driver/Src/stm32n6xx_ll_sdmmc.c **** 
 2061              		.loc 1 789 34 is_stmt 0 view .LVU603
 2062 0014 4FF48053 		mov	r3, #4096
 780:../../STM32Cube_FW_N6/Drivers/STM32N6xx_HAL_Driver/Src/stm32n6xx_ll_sdmmc.c ****   SDMMC_CmdInitTypeDef  sdmmc_cmdinit;
 2063              		.loc 1 780 1 view .LVU604
 2064 0018 0446     		mov	r4, r0
 789:../../STM32Cube_FW_N6/Drivers/STM32N6xx_HAL_Driver/Src/stm32n6xx_ll_sdmmc.c **** 
 2065              		.loc 1 789 34 view .LVU605
 2066 001a 0593     		str	r3, [sp, #20]
 791:../../STM32Cube_FW_N6/Drivers/STM32N6xx_HAL_Driver/Src/stm32n6xx_ll_sdmmc.c ****   __SDMMC_CMDTRANS_DISABLE(SDMMCx);
 2067              		.loc 1 791 3 is_stmt 1 view .LVU606
 2068 001c C368     		ldr	r3, [r0, #12]
 794:../../STM32Cube_FW_N6/Drivers/STM32N6xx_HAL_Driver/Src/stm32n6xx_ll_sdmmc.c **** 
 2069              		.loc 1 794 9 is_stmt 0 view .LVU607
 2070 001e 01A9     		add	r1, sp, #4
 791:../../STM32Cube_FW_N6/Drivers/STM32N6xx_HAL_Driver/Src/stm32n6xx_ll_sdmmc.c ****   __SDMMC_CMDTRANS_DISABLE(SDMMCx);
 2071              		.loc 1 791 3 view .LVU608
 2072 0020 43F08003 		orr	r3, r3, #128
 2073 0024 C360     		str	r3, [r0, #12]
 792:../../STM32Cube_FW_N6/Drivers/STM32N6xx_HAL_Driver/Src/stm32n6xx_ll_sdmmc.c **** 
 2074              		.loc 1 792 3 is_stmt 1 view .LVU609
 2075 0026 C368     		ldr	r3, [r0, #12]
 2076 0028 23F04003 		bic	r3, r3, #64
 2077 002c C360     		str	r3, [r0, #12]
 794:../../STM32Cube_FW_N6/Drivers/STM32N6xx_HAL_Driver/Src/stm32n6xx_ll_sdmmc.c **** 
ARM GAS  C:\Users\Antonio\AppData\Local\Temp\cc9FRrj5.s 			page 81


 2078              		.loc 1 794 3 view .LVU610
 794:../../STM32Cube_FW_N6/Drivers/STM32N6xx_HAL_Driver/Src/stm32n6xx_ll_sdmmc.c **** 
 2079              		.loc 1 794 9 is_stmt 0 view .LVU611
 2080 002e FFF7FEFF 		bl	SDMMC_SendCommand
 2081              	.LVL139:
 797:../../STM32Cube_FW_N6/Drivers/STM32N6xx_HAL_Driver/Src/stm32n6xx_ll_sdmmc.c **** 
 2082              		.loc 1 797 3 is_stmt 1 view .LVU612
 797:../../STM32Cube_FW_N6/Drivers/STM32N6xx_HAL_Driver/Src/stm32n6xx_ll_sdmmc.c **** 
 2083              		.loc 1 797 16 is_stmt 0 view .LVU613
 2084 0032 2946     		mov	r1, r5
 2085 0034 2046     		mov	r0, r4
 2086 0036 064A     		ldr	r2, .L161
 2087 0038 FFF7FEFF 		bl	SDMMC_GetCmdResp1
 2088              	.LVL140:
 799:../../STM32Cube_FW_N6/Drivers/STM32N6xx_HAL_Driver/Src/stm32n6xx_ll_sdmmc.c **** 
 2089              		.loc 1 799 3 is_stmt 1 view .LVU614
 804:../../STM32Cube_FW_N6/Drivers/STM32N6xx_HAL_Driver/Src/stm32n6xx_ll_sdmmc.c ****   }
 2090              		.loc 1 804 16 is_stmt 0 view .LVU615
 2091 003c B0F1007F 		cmp	r0, #33554432
 808:../../STM32Cube_FW_N6/Drivers/STM32N6xx_HAL_Driver/Src/stm32n6xx_ll_sdmmc.c **** 
 2092              		.loc 1 808 1 view .LVU616
 2093 0040 08BF     		it	eq
 2094 0042 0020     		moveq	r0, #0
 2095              	.LVL141:
 799:../../STM32Cube_FW_N6/Drivers/STM32N6xx_HAL_Driver/Src/stm32n6xx_ll_sdmmc.c **** 
 2096              		.loc 1 799 3 view .LVU617
 2097 0044 E368     		ldr	r3, [r4, #12]
 2098 0046 23F08003 		bic	r3, r3, #128
 2099 004a E360     		str	r3, [r4, #12]
 802:../../STM32Cube_FW_N6/Drivers/STM32N6xx_HAL_Driver/Src/stm32n6xx_ll_sdmmc.c ****   {
 2100              		.loc 1 802 3 is_stmt 1 view .LVU618
 808:../../STM32Cube_FW_N6/Drivers/STM32N6xx_HAL_Driver/Src/stm32n6xx_ll_sdmmc.c **** 
 2101              		.loc 1 808 1 is_stmt 0 view .LVU619
 2102 004c 07B0     		add	sp, sp, #28
 2103              		.cfi_def_cfa_offset 12
 2104              		@ sp needed
 2105 004e 30BD     		pop	{r4, r5, pc}
 2106              	.LVL142:
 2107              	.L162:
 808:../../STM32Cube_FW_N6/Drivers/STM32N6xx_HAL_Driver/Src/stm32n6xx_ll_sdmmc.c **** 
 2108              		.loc 1 808 1 view .LVU620
 2109              		.align	2
 2110              	.L161:
 2111 0050 00E1F505 		.word	100000000
 2112              		.cfi_endproc
 2113              	.LFE862:
 2115              		.section	.text.SDMMC_CmdSelDesel,"ax",%progbits
 2116              		.align	1
 2117              		.global	SDMMC_CmdSelDesel
 2118              		.syntax unified
 2119              		.thumb
 2120              		.thumb_func
 2122              	SDMMC_CmdSelDesel:
 2123              	.LVL143:
 2124              	.LFB863:
 817:../../STM32Cube_FW_N6/Drivers/STM32N6xx_HAL_Driver/Src/stm32n6xx_ll_sdmmc.c ****   SDMMC_CmdInitTypeDef  sdmmc_cmdinit;
 2125              		.loc 1 817 1 is_stmt 1 view -0
ARM GAS  C:\Users\Antonio\AppData\Local\Temp\cc9FRrj5.s 			page 82


 2126              		.cfi_startproc
 2127              		@ args = 0, pretend = 0, frame = 24
 2128              		@ frame_needed = 0, uses_anonymous_args = 0
 818:../../STM32Cube_FW_N6/Drivers/STM32N6xx_HAL_Driver/Src/stm32n6xx_ll_sdmmc.c ****   uint32_t errorstate;
 2129              		.loc 1 818 3 view .LVU622
 819:../../STM32Cube_FW_N6/Drivers/STM32N6xx_HAL_Driver/Src/stm32n6xx_ll_sdmmc.c **** 
 2130              		.loc 1 819 3 view .LVU623
 822:../../STM32Cube_FW_N6/Drivers/STM32N6xx_HAL_Driver/Src/stm32n6xx_ll_sdmmc.c ****   sdmmc_cmdinit.CmdIndex         = SDMMC_CMD_SEL_DESEL_CARD;
 2131              		.loc 1 822 3 view .LVU624
 817:../../STM32Cube_FW_N6/Drivers/STM32N6xx_HAL_Driver/Src/stm32n6xx_ll_sdmmc.c ****   SDMMC_CmdInitTypeDef  sdmmc_cmdinit;
 2132              		.loc 1 817 1 is_stmt 0 view .LVU625
 2133 0000 30B5     		push	{r4, r5, lr}
 2134              		.cfi_def_cfa_offset 12
 2135              		.cfi_offset 4, -12
 2136              		.cfi_offset 5, -8
 2137              		.cfi_offset 14, -4
 824:../../STM32Cube_FW_N6/Drivers/STM32N6xx_HAL_Driver/Src/stm32n6xx_ll_sdmmc.c ****   sdmmc_cmdinit.WaitForInterrupt = SDMMC_WAIT_NO;
 2138              		.loc 1 824 34 view .LVU626
 2139 0002 4FF48073 		mov	r3, #256
 2140 0006 0725     		movs	r5, #7
 817:../../STM32Cube_FW_N6/Drivers/STM32N6xx_HAL_Driver/Src/stm32n6xx_ll_sdmmc.c ****   SDMMC_CmdInitTypeDef  sdmmc_cmdinit;
 2141              		.loc 1 817 1 view .LVU627
 2142 0008 87B0     		sub	sp, sp, #28
 2143              		.cfi_def_cfa_offset 40
 817:../../STM32Cube_FW_N6/Drivers/STM32N6xx_HAL_Driver/Src/stm32n6xx_ll_sdmmc.c ****   SDMMC_CmdInitTypeDef  sdmmc_cmdinit;
 2144              		.loc 1 817 1 view .LVU628
 2145 000a 0446     		mov	r4, r0
 826:../../STM32Cube_FW_N6/Drivers/STM32N6xx_HAL_Driver/Src/stm32n6xx_ll_sdmmc.c ****   (void)SDMMC_SendCommand(SDMMCx, &sdmmc_cmdinit);
 2146              		.loc 1 826 34 view .LVU629
 2147 000c 0022     		movs	r2, #0
 824:../../STM32Cube_FW_N6/Drivers/STM32N6xx_HAL_Driver/Src/stm32n6xx_ll_sdmmc.c ****   sdmmc_cmdinit.WaitForInterrupt = SDMMC_WAIT_NO;
 2148              		.loc 1 824 34 view .LVU630
 2149 000e CDE90253 		strd	r5, r3, [sp, #8]
 826:../../STM32Cube_FW_N6/Drivers/STM32N6xx_HAL_Driver/Src/stm32n6xx_ll_sdmmc.c ****   (void)SDMMC_SendCommand(SDMMCx, &sdmmc_cmdinit);
 2150              		.loc 1 826 34 view .LVU631
 2151 0012 4FF48053 		mov	r3, #4096
 822:../../STM32Cube_FW_N6/Drivers/STM32N6xx_HAL_Driver/Src/stm32n6xx_ll_sdmmc.c ****   sdmmc_cmdinit.CmdIndex         = SDMMC_CMD_SEL_DESEL_CARD;
 2152              		.loc 1 822 34 view .LVU632
 2153 0016 0191     		str	r1, [sp, #4]
 823:../../STM32Cube_FW_N6/Drivers/STM32N6xx_HAL_Driver/Src/stm32n6xx_ll_sdmmc.c ****   sdmmc_cmdinit.Response         = SDMMC_RESPONSE_SHORT;
 2154              		.loc 1 823 3 is_stmt 1 view .LVU633
 825:../../STM32Cube_FW_N6/Drivers/STM32N6xx_HAL_Driver/Src/stm32n6xx_ll_sdmmc.c ****   sdmmc_cmdinit.CPSM             = SDMMC_CPSM_ENABLE;
 2155              		.loc 1 825 3 view .LVU634
 827:../../STM32Cube_FW_N6/Drivers/STM32N6xx_HAL_Driver/Src/stm32n6xx_ll_sdmmc.c **** 
 2156              		.loc 1 827 9 is_stmt 0 view .LVU635
 2157 0018 01A9     		add	r1, sp, #4
 2158              	.LVL144:
 826:../../STM32Cube_FW_N6/Drivers/STM32N6xx_HAL_Driver/Src/stm32n6xx_ll_sdmmc.c ****   (void)SDMMC_SendCommand(SDMMCx, &sdmmc_cmdinit);
 2159              		.loc 1 826 34 view .LVU636
 2160 001a CDE90423 		strd	r2, r3, [sp, #16]
 827:../../STM32Cube_FW_N6/Drivers/STM32N6xx_HAL_Driver/Src/stm32n6xx_ll_sdmmc.c **** 
 2161              		.loc 1 827 3 is_stmt 1 view .LVU637
 827:../../STM32Cube_FW_N6/Drivers/STM32N6xx_HAL_Driver/Src/stm32n6xx_ll_sdmmc.c **** 
 2162              		.loc 1 827 9 is_stmt 0 view .LVU638
 2163 001e FFF7FEFF 		bl	SDMMC_SendCommand
 2164              	.LVL145:
 830:../../STM32Cube_FW_N6/Drivers/STM32N6xx_HAL_Driver/Src/stm32n6xx_ll_sdmmc.c **** 
ARM GAS  C:\Users\Antonio\AppData\Local\Temp\cc9FRrj5.s 			page 83


 2165              		.loc 1 830 3 is_stmt 1 view .LVU639
 830:../../STM32Cube_FW_N6/Drivers/STM32N6xx_HAL_Driver/Src/stm32n6xx_ll_sdmmc.c **** 
 2166              		.loc 1 830 16 is_stmt 0 view .LVU640
 2167 0022 41F28832 		movw	r2, #5000
 2168 0026 2946     		mov	r1, r5
 2169 0028 2046     		mov	r0, r4
 833:../../STM32Cube_FW_N6/Drivers/STM32N6xx_HAL_Driver/Src/stm32n6xx_ll_sdmmc.c **** 
 2170              		.loc 1 833 1 view .LVU641
 2171 002a 07B0     		add	sp, sp, #28
 2172              		.cfi_def_cfa_offset 12
 2173              		@ sp needed
 2174 002c BDE83040 		pop	{r4, r5, lr}
 2175              		.cfi_restore 14
 2176              		.cfi_restore 5
 2177              		.cfi_restore 4
 2178              		.cfi_def_cfa_offset 0
 2179              	.LVL146:
 830:../../STM32Cube_FW_N6/Drivers/STM32N6xx_HAL_Driver/Src/stm32n6xx_ll_sdmmc.c **** 
 2180              		.loc 1 830 16 view .LVU642
 2181 0030 FFF7FEBF 		b	SDMMC_GetCmdResp1
 2182              	.LVL147:
 830:../../STM32Cube_FW_N6/Drivers/STM32N6xx_HAL_Driver/Src/stm32n6xx_ll_sdmmc.c **** 
 2183              		.loc 1 830 16 view .LVU643
 2184              		.cfi_endproc
 2185              	.LFE863:
 2187              		.section	.text.SDMMC_CmdAppCommand,"ax",%progbits
 2188              		.align	1
 2189              		.global	SDMMC_CmdAppCommand
 2190              		.syntax unified
 2191              		.thumb
 2192              		.thumb_func
 2194              	SDMMC_CmdAppCommand:
 2195              	.LVL148:
 2196              	.LFB866:
 895:../../STM32Cube_FW_N6/Drivers/STM32N6xx_HAL_Driver/Src/stm32n6xx_ll_sdmmc.c ****   SDMMC_CmdInitTypeDef  sdmmc_cmdinit;
 2197              		.loc 1 895 1 is_stmt 1 view -0
 2198              		.cfi_startproc
 2199              		@ args = 0, pretend = 0, frame = 24
 2200              		@ frame_needed = 0, uses_anonymous_args = 0
 896:../../STM32Cube_FW_N6/Drivers/STM32N6xx_HAL_Driver/Src/stm32n6xx_ll_sdmmc.c ****   uint32_t errorstate;
 2201              		.loc 1 896 3 view .LVU645
 897:../../STM32Cube_FW_N6/Drivers/STM32N6xx_HAL_Driver/Src/stm32n6xx_ll_sdmmc.c **** 
 2202              		.loc 1 897 3 view .LVU646
 899:../../STM32Cube_FW_N6/Drivers/STM32N6xx_HAL_Driver/Src/stm32n6xx_ll_sdmmc.c ****   sdmmc_cmdinit.CmdIndex         = SDMMC_CMD_APP_CMD;
 2203              		.loc 1 899 3 view .LVU647
 895:../../STM32Cube_FW_N6/Drivers/STM32N6xx_HAL_Driver/Src/stm32n6xx_ll_sdmmc.c ****   SDMMC_CmdInitTypeDef  sdmmc_cmdinit;
 2204              		.loc 1 895 1 is_stmt 0 view .LVU648
 2205 0000 30B5     		push	{r4, r5, lr}
 2206              		.cfi_def_cfa_offset 12
 2207              		.cfi_offset 4, -12
 2208              		.cfi_offset 5, -8
 2209              		.cfi_offset 14, -4
 901:../../STM32Cube_FW_N6/Drivers/STM32N6xx_HAL_Driver/Src/stm32n6xx_ll_sdmmc.c ****   sdmmc_cmdinit.WaitForInterrupt = SDMMC_WAIT_NO;
 2210              		.loc 1 901 34 view .LVU649
 2211 0002 4FF48073 		mov	r3, #256
 2212 0006 3725     		movs	r5, #55
 895:../../STM32Cube_FW_N6/Drivers/STM32N6xx_HAL_Driver/Src/stm32n6xx_ll_sdmmc.c ****   SDMMC_CmdInitTypeDef  sdmmc_cmdinit;
ARM GAS  C:\Users\Antonio\AppData\Local\Temp\cc9FRrj5.s 			page 84


 2213              		.loc 1 895 1 view .LVU650
 2214 0008 87B0     		sub	sp, sp, #28
 2215              		.cfi_def_cfa_offset 40
 895:../../STM32Cube_FW_N6/Drivers/STM32N6xx_HAL_Driver/Src/stm32n6xx_ll_sdmmc.c ****   SDMMC_CmdInitTypeDef  sdmmc_cmdinit;
 2216              		.loc 1 895 1 view .LVU651
 2217 000a 0446     		mov	r4, r0
 903:../../STM32Cube_FW_N6/Drivers/STM32N6xx_HAL_Driver/Src/stm32n6xx_ll_sdmmc.c ****   (void)SDMMC_SendCommand(SDMMCx, &sdmmc_cmdinit);
 2218              		.loc 1 903 34 view .LVU652
 2219 000c 0022     		movs	r2, #0
 901:../../STM32Cube_FW_N6/Drivers/STM32N6xx_HAL_Driver/Src/stm32n6xx_ll_sdmmc.c ****   sdmmc_cmdinit.WaitForInterrupt = SDMMC_WAIT_NO;
 2220              		.loc 1 901 34 view .LVU653
 2221 000e CDE90253 		strd	r5, r3, [sp, #8]
 903:../../STM32Cube_FW_N6/Drivers/STM32N6xx_HAL_Driver/Src/stm32n6xx_ll_sdmmc.c ****   (void)SDMMC_SendCommand(SDMMCx, &sdmmc_cmdinit);
 2222              		.loc 1 903 34 view .LVU654
 2223 0012 4FF48053 		mov	r3, #4096
 899:../../STM32Cube_FW_N6/Drivers/STM32N6xx_HAL_Driver/Src/stm32n6xx_ll_sdmmc.c ****   sdmmc_cmdinit.CmdIndex         = SDMMC_CMD_APP_CMD;
 2224              		.loc 1 899 34 view .LVU655
 2225 0016 0191     		str	r1, [sp, #4]
 900:../../STM32Cube_FW_N6/Drivers/STM32N6xx_HAL_Driver/Src/stm32n6xx_ll_sdmmc.c ****   sdmmc_cmdinit.Response         = SDMMC_RESPONSE_SHORT;
 2226              		.loc 1 900 3 is_stmt 1 view .LVU656
 902:../../STM32Cube_FW_N6/Drivers/STM32N6xx_HAL_Driver/Src/stm32n6xx_ll_sdmmc.c ****   sdmmc_cmdinit.CPSM             = SDMMC_CPSM_ENABLE;
 2227              		.loc 1 902 3 view .LVU657
 904:../../STM32Cube_FW_N6/Drivers/STM32N6xx_HAL_Driver/Src/stm32n6xx_ll_sdmmc.c **** 
 2228              		.loc 1 904 9 is_stmt 0 view .LVU658
 2229 0018 01A9     		add	r1, sp, #4
 2230              	.LVL149:
 903:../../STM32Cube_FW_N6/Drivers/STM32N6xx_HAL_Driver/Src/stm32n6xx_ll_sdmmc.c ****   (void)SDMMC_SendCommand(SDMMCx, &sdmmc_cmdinit);
 2231              		.loc 1 903 34 view .LVU659
 2232 001a CDE90423 		strd	r2, r3, [sp, #16]
 904:../../STM32Cube_FW_N6/Drivers/STM32N6xx_HAL_Driver/Src/stm32n6xx_ll_sdmmc.c **** 
 2233              		.loc 1 904 3 is_stmt 1 view .LVU660
 904:../../STM32Cube_FW_N6/Drivers/STM32N6xx_HAL_Driver/Src/stm32n6xx_ll_sdmmc.c **** 
 2234              		.loc 1 904 9 is_stmt 0 view .LVU661
 2235 001e FFF7FEFF 		bl	SDMMC_SendCommand
 2236              	.LVL150:
 910:../../STM32Cube_FW_N6/Drivers/STM32N6xx_HAL_Driver/Src/stm32n6xx_ll_sdmmc.c **** 
 2237              		.loc 1 910 3 is_stmt 1 view .LVU662
 910:../../STM32Cube_FW_N6/Drivers/STM32N6xx_HAL_Driver/Src/stm32n6xx_ll_sdmmc.c **** 
 2238              		.loc 1 910 16 is_stmt 0 view .LVU663
 2239 0022 41F28832 		movw	r2, #5000
 2240 0026 2946     		mov	r1, r5
 2241 0028 2046     		mov	r0, r4
 913:../../STM32Cube_FW_N6/Drivers/STM32N6xx_HAL_Driver/Src/stm32n6xx_ll_sdmmc.c **** 
 2242              		.loc 1 913 1 view .LVU664
 2243 002a 07B0     		add	sp, sp, #28
 2244              		.cfi_def_cfa_offset 12
 2245              		@ sp needed
 2246 002c BDE83040 		pop	{r4, r5, lr}
 2247              		.cfi_restore 14
 2248              		.cfi_restore 5
 2249              		.cfi_restore 4
 2250              		.cfi_def_cfa_offset 0
 2251              	.LVL151:
 910:../../STM32Cube_FW_N6/Drivers/STM32N6xx_HAL_Driver/Src/stm32n6xx_ll_sdmmc.c **** 
 2252              		.loc 1 910 16 view .LVU665
 2253 0030 FFF7FEBF 		b	SDMMC_GetCmdResp1
 2254              	.LVL152:
ARM GAS  C:\Users\Antonio\AppData\Local\Temp\cc9FRrj5.s 			page 85


 910:../../STM32Cube_FW_N6/Drivers/STM32N6xx_HAL_Driver/Src/stm32n6xx_ll_sdmmc.c **** 
 2255              		.loc 1 910 16 view .LVU666
 2256              		.cfi_endproc
 2257              	.LFE866:
 2259              		.section	.text.SDMMC_CmdBusWidth,"ax",%progbits
 2260              		.align	1
 2261              		.global	SDMMC_CmdBusWidth
 2262              		.syntax unified
 2263              		.thumb
 2264              		.thumb_func
 2266              	SDMMC_CmdBusWidth:
 2267              	.LVL153:
 2268              	.LFB868:
 947:../../STM32Cube_FW_N6/Drivers/STM32N6xx_HAL_Driver/Src/stm32n6xx_ll_sdmmc.c ****   SDMMC_CmdInitTypeDef  sdmmc_cmdinit;
 2269              		.loc 1 947 1 is_stmt 1 view -0
 2270              		.cfi_startproc
 2271              		@ args = 0, pretend = 0, frame = 24
 2272              		@ frame_needed = 0, uses_anonymous_args = 0
 948:../../STM32Cube_FW_N6/Drivers/STM32N6xx_HAL_Driver/Src/stm32n6xx_ll_sdmmc.c ****   uint32_t errorstate;
 2273              		.loc 1 948 3 view .LVU668
 949:../../STM32Cube_FW_N6/Drivers/STM32N6xx_HAL_Driver/Src/stm32n6xx_ll_sdmmc.c **** 
 2274              		.loc 1 949 3 view .LVU669
 951:../../STM32Cube_FW_N6/Drivers/STM32N6xx_HAL_Driver/Src/stm32n6xx_ll_sdmmc.c ****   sdmmc_cmdinit.CmdIndex         = SDMMC_CMD_APP_SD_SET_BUSWIDTH;
 2275              		.loc 1 951 3 view .LVU670
 947:../../STM32Cube_FW_N6/Drivers/STM32N6xx_HAL_Driver/Src/stm32n6xx_ll_sdmmc.c ****   SDMMC_CmdInitTypeDef  sdmmc_cmdinit;
 2276              		.loc 1 947 1 is_stmt 0 view .LVU671
 2277 0000 30B5     		push	{r4, r5, lr}
 2278              		.cfi_def_cfa_offset 12
 2279              		.cfi_offset 4, -12
 2280              		.cfi_offset 5, -8
 2281              		.cfi_offset 14, -4
 953:../../STM32Cube_FW_N6/Drivers/STM32N6xx_HAL_Driver/Src/stm32n6xx_ll_sdmmc.c ****   sdmmc_cmdinit.WaitForInterrupt = SDMMC_WAIT_NO;
 2282              		.loc 1 953 34 view .LVU672
 2283 0002 4FF48073 		mov	r3, #256
 2284 0006 0625     		movs	r5, #6
 947:../../STM32Cube_FW_N6/Drivers/STM32N6xx_HAL_Driver/Src/stm32n6xx_ll_sdmmc.c ****   SDMMC_CmdInitTypeDef  sdmmc_cmdinit;
 2285              		.loc 1 947 1 view .LVU673
 2286 0008 87B0     		sub	sp, sp, #28
 2287              		.cfi_def_cfa_offset 40
 947:../../STM32Cube_FW_N6/Drivers/STM32N6xx_HAL_Driver/Src/stm32n6xx_ll_sdmmc.c ****   SDMMC_CmdInitTypeDef  sdmmc_cmdinit;
 2288              		.loc 1 947 1 view .LVU674
 2289 000a 0446     		mov	r4, r0
 955:../../STM32Cube_FW_N6/Drivers/STM32N6xx_HAL_Driver/Src/stm32n6xx_ll_sdmmc.c ****   (void)SDMMC_SendCommand(SDMMCx, &sdmmc_cmdinit);
 2290              		.loc 1 955 34 view .LVU675
 2291 000c 0022     		movs	r2, #0
 953:../../STM32Cube_FW_N6/Drivers/STM32N6xx_HAL_Driver/Src/stm32n6xx_ll_sdmmc.c ****   sdmmc_cmdinit.WaitForInterrupt = SDMMC_WAIT_NO;
 2292              		.loc 1 953 34 view .LVU676
 2293 000e CDE90253 		strd	r5, r3, [sp, #8]
 955:../../STM32Cube_FW_N6/Drivers/STM32N6xx_HAL_Driver/Src/stm32n6xx_ll_sdmmc.c ****   (void)SDMMC_SendCommand(SDMMCx, &sdmmc_cmdinit);
 2294              		.loc 1 955 34 view .LVU677
 2295 0012 4FF48053 		mov	r3, #4096
 951:../../STM32Cube_FW_N6/Drivers/STM32N6xx_HAL_Driver/Src/stm32n6xx_ll_sdmmc.c ****   sdmmc_cmdinit.CmdIndex         = SDMMC_CMD_APP_SD_SET_BUSWIDTH;
 2296              		.loc 1 951 34 view .LVU678
 2297 0016 0191     		str	r1, [sp, #4]
 952:../../STM32Cube_FW_N6/Drivers/STM32N6xx_HAL_Driver/Src/stm32n6xx_ll_sdmmc.c ****   sdmmc_cmdinit.Response         = SDMMC_RESPONSE_SHORT;
 2298              		.loc 1 952 3 is_stmt 1 view .LVU679
 954:../../STM32Cube_FW_N6/Drivers/STM32N6xx_HAL_Driver/Src/stm32n6xx_ll_sdmmc.c ****   sdmmc_cmdinit.CPSM             = SDMMC_CPSM_ENABLE;
ARM GAS  C:\Users\Antonio\AppData\Local\Temp\cc9FRrj5.s 			page 86


 2299              		.loc 1 954 3 view .LVU680
 956:../../STM32Cube_FW_N6/Drivers/STM32N6xx_HAL_Driver/Src/stm32n6xx_ll_sdmmc.c **** 
 2300              		.loc 1 956 9 is_stmt 0 view .LVU681
 2301 0018 01A9     		add	r1, sp, #4
 2302              	.LVL154:
 955:../../STM32Cube_FW_N6/Drivers/STM32N6xx_HAL_Driver/Src/stm32n6xx_ll_sdmmc.c ****   (void)SDMMC_SendCommand(SDMMCx, &sdmmc_cmdinit);
 2303              		.loc 1 955 34 view .LVU682
 2304 001a CDE90423 		strd	r2, r3, [sp, #16]
 956:../../STM32Cube_FW_N6/Drivers/STM32N6xx_HAL_Driver/Src/stm32n6xx_ll_sdmmc.c **** 
 2305              		.loc 1 956 3 is_stmt 1 view .LVU683
 956:../../STM32Cube_FW_N6/Drivers/STM32N6xx_HAL_Driver/Src/stm32n6xx_ll_sdmmc.c **** 
 2306              		.loc 1 956 9 is_stmt 0 view .LVU684
 2307 001e FFF7FEFF 		bl	SDMMC_SendCommand
 2308              	.LVL155:
 959:../../STM32Cube_FW_N6/Drivers/STM32N6xx_HAL_Driver/Src/stm32n6xx_ll_sdmmc.c **** 
 2309              		.loc 1 959 3 is_stmt 1 view .LVU685
 959:../../STM32Cube_FW_N6/Drivers/STM32N6xx_HAL_Driver/Src/stm32n6xx_ll_sdmmc.c **** 
 2310              		.loc 1 959 16 is_stmt 0 view .LVU686
 2311 0022 41F28832 		movw	r2, #5000
 2312 0026 2946     		mov	r1, r5
 2313 0028 2046     		mov	r0, r4
 962:../../STM32Cube_FW_N6/Drivers/STM32N6xx_HAL_Driver/Src/stm32n6xx_ll_sdmmc.c **** 
 2314              		.loc 1 962 1 view .LVU687
 2315 002a 07B0     		add	sp, sp, #28
 2316              		.cfi_def_cfa_offset 12
 2317              		@ sp needed
 2318 002c BDE83040 		pop	{r4, r5, lr}
 2319              		.cfi_restore 14
 2320              		.cfi_restore 5
 2321              		.cfi_restore 4
 2322              		.cfi_def_cfa_offset 0
 2323              	.LVL156:
 959:../../STM32Cube_FW_N6/Drivers/STM32N6xx_HAL_Driver/Src/stm32n6xx_ll_sdmmc.c **** 
 2324              		.loc 1 959 16 view .LVU688
 2325 0030 FFF7FEBF 		b	SDMMC_GetCmdResp1
 2326              	.LVL157:
 959:../../STM32Cube_FW_N6/Drivers/STM32N6xx_HAL_Driver/Src/stm32n6xx_ll_sdmmc.c **** 
 2327              		.loc 1 959 16 view .LVU689
 2328              		.cfi_endproc
 2329              	.LFE868:
 2331              		.section	.text.SDMMC_CmdSwitch,"ax",%progbits
 2332              		.align	1
 2333              		.global	SDMMC_CmdSwitch
 2334              		.syntax unified
 2335              		.thumb
 2336              		.thumb_func
 2338              	SDMMC_CmdSwitch:
 2339              	.LFB909:
 2340              		.cfi_startproc
1190:../../STM32Cube_FW_N6/Drivers/STM32N6xx_HAL_Driver/Src/stm32n6xx_ll_sdmmc.c **** {
 2341              		.loc 1 1190 10 is_stmt 1 view -0
 2342              		@ args = 0, pretend = 0, frame = 0
 2343              		@ frame_needed = 0, uses_anonymous_args = 0
 2344              		@ link register save eliminated.
 2345 0000 FFF7FEBF 		b	SDMMC_CmdBusWidth
 2346              		.cfi_endproc
 2347              	.LFE909:
ARM GAS  C:\Users\Antonio\AppData\Local\Temp\cc9FRrj5.s 			page 87


 2349              		.section	.text.SDMMC_CmdSendSCR,"ax",%progbits
 2350              		.align	1
 2351              		.global	SDMMC_CmdSendSCR
 2352              		.syntax unified
 2353              		.thumb
 2354              		.thumb_func
 2356              	SDMMC_CmdSendSCR:
 2357              	.LVL158:
 2358              	.LFB869:
 970:../../STM32Cube_FW_N6/Drivers/STM32N6xx_HAL_Driver/Src/stm32n6xx_ll_sdmmc.c ****   SDMMC_CmdInitTypeDef  sdmmc_cmdinit;
 2359              		.loc 1 970 1 view -0
 2360              		.cfi_startproc
 2361              		@ args = 0, pretend = 0, frame = 24
 2362              		@ frame_needed = 0, uses_anonymous_args = 0
 971:../../STM32Cube_FW_N6/Drivers/STM32N6xx_HAL_Driver/Src/stm32n6xx_ll_sdmmc.c ****   uint32_t errorstate;
 2363              		.loc 1 971 3 view .LVU692
 972:../../STM32Cube_FW_N6/Drivers/STM32N6xx_HAL_Driver/Src/stm32n6xx_ll_sdmmc.c **** 
 2364              		.loc 1 972 3 view .LVU693
 975:../../STM32Cube_FW_N6/Drivers/STM32N6xx_HAL_Driver/Src/stm32n6xx_ll_sdmmc.c ****   sdmmc_cmdinit.CmdIndex         = SDMMC_CMD_SD_APP_SEND_SCR;
 2365              		.loc 1 975 3 view .LVU694
 970:../../STM32Cube_FW_N6/Drivers/STM32N6xx_HAL_Driver/Src/stm32n6xx_ll_sdmmc.c ****   SDMMC_CmdInitTypeDef  sdmmc_cmdinit;
 2366              		.loc 1 970 1 is_stmt 0 view .LVU695
 2367 0000 30B5     		push	{r4, r5, lr}
 2368              		.cfi_def_cfa_offset 12
 2369              		.cfi_offset 4, -12
 2370              		.cfi_offset 5, -8
 2371              		.cfi_offset 14, -4
 976:../../STM32Cube_FW_N6/Drivers/STM32N6xx_HAL_Driver/Src/stm32n6xx_ll_sdmmc.c ****   sdmmc_cmdinit.Response         = SDMMC_RESPONSE_SHORT;
 2372              		.loc 1 976 34 view .LVU696
 2373 0002 0023     		movs	r3, #0
 2374 0004 3325     		movs	r5, #51
 977:../../STM32Cube_FW_N6/Drivers/STM32N6xx_HAL_Driver/Src/stm32n6xx_ll_sdmmc.c ****   sdmmc_cmdinit.WaitForInterrupt = SDMMC_WAIT_NO;
 2375              		.loc 1 977 34 view .LVU697
 2376 0006 4FF48072 		mov	r2, #256
 970:../../STM32Cube_FW_N6/Drivers/STM32N6xx_HAL_Driver/Src/stm32n6xx_ll_sdmmc.c ****   SDMMC_CmdInitTypeDef  sdmmc_cmdinit;
 2377              		.loc 1 970 1 view .LVU698
 2378 000a 87B0     		sub	sp, sp, #28
 2379              		.cfi_def_cfa_offset 40
 978:../../STM32Cube_FW_N6/Drivers/STM32N6xx_HAL_Driver/Src/stm32n6xx_ll_sdmmc.c ****   sdmmc_cmdinit.CPSM             = SDMMC_CPSM_ENABLE;
 2380              		.loc 1 978 34 view .LVU699
 2381 000c CDE90323 		strd	r2, r3, [sp, #12]
 970:../../STM32Cube_FW_N6/Drivers/STM32N6xx_HAL_Driver/Src/stm32n6xx_ll_sdmmc.c ****   SDMMC_CmdInitTypeDef  sdmmc_cmdinit;
 2382              		.loc 1 970 1 view .LVU700
 2383 0010 0446     		mov	r4, r0
 976:../../STM32Cube_FW_N6/Drivers/STM32N6xx_HAL_Driver/Src/stm32n6xx_ll_sdmmc.c ****   sdmmc_cmdinit.Response         = SDMMC_RESPONSE_SHORT;
 2384              		.loc 1 976 34 view .LVU701
 2385 0012 CDE90135 		strd	r3, r5, [sp, #4]
 977:../../STM32Cube_FW_N6/Drivers/STM32N6xx_HAL_Driver/Src/stm32n6xx_ll_sdmmc.c ****   sdmmc_cmdinit.WaitForInterrupt = SDMMC_WAIT_NO;
 2386              		.loc 1 977 3 is_stmt 1 view .LVU702
 979:../../STM32Cube_FW_N6/Drivers/STM32N6xx_HAL_Driver/Src/stm32n6xx_ll_sdmmc.c ****   (void)SDMMC_SendCommand(SDMMCx, &sdmmc_cmdinit);
 2387              		.loc 1 979 3 view .LVU703
 979:../../STM32Cube_FW_N6/Drivers/STM32N6xx_HAL_Driver/Src/stm32n6xx_ll_sdmmc.c ****   (void)SDMMC_SendCommand(SDMMCx, &sdmmc_cmdinit);
 2388              		.loc 1 979 34 is_stmt 0 view .LVU704
 2389 0016 4FF48053 		mov	r3, #4096
 980:../../STM32Cube_FW_N6/Drivers/STM32N6xx_HAL_Driver/Src/stm32n6xx_ll_sdmmc.c **** 
 2390              		.loc 1 980 9 view .LVU705
 2391 001a 01A9     		add	r1, sp, #4
ARM GAS  C:\Users\Antonio\AppData\Local\Temp\cc9FRrj5.s 			page 88


 979:../../STM32Cube_FW_N6/Drivers/STM32N6xx_HAL_Driver/Src/stm32n6xx_ll_sdmmc.c ****   (void)SDMMC_SendCommand(SDMMCx, &sdmmc_cmdinit);
 2392              		.loc 1 979 34 view .LVU706
 2393 001c 0593     		str	r3, [sp, #20]
 980:../../STM32Cube_FW_N6/Drivers/STM32N6xx_HAL_Driver/Src/stm32n6xx_ll_sdmmc.c **** 
 2394              		.loc 1 980 3 is_stmt 1 view .LVU707
 980:../../STM32Cube_FW_N6/Drivers/STM32N6xx_HAL_Driver/Src/stm32n6xx_ll_sdmmc.c **** 
 2395              		.loc 1 980 9 is_stmt 0 view .LVU708
 2396 001e FFF7FEFF 		bl	SDMMC_SendCommand
 2397              	.LVL159:
 983:../../STM32Cube_FW_N6/Drivers/STM32N6xx_HAL_Driver/Src/stm32n6xx_ll_sdmmc.c **** 
 2398              		.loc 1 983 3 is_stmt 1 view .LVU709
 983:../../STM32Cube_FW_N6/Drivers/STM32N6xx_HAL_Driver/Src/stm32n6xx_ll_sdmmc.c **** 
 2399              		.loc 1 983 16 is_stmt 0 view .LVU710
 2400 0022 41F28832 		movw	r2, #5000
 2401 0026 2946     		mov	r1, r5
 2402 0028 2046     		mov	r0, r4
 986:../../STM32Cube_FW_N6/Drivers/STM32N6xx_HAL_Driver/Src/stm32n6xx_ll_sdmmc.c **** 
 2403              		.loc 1 986 1 view .LVU711
 2404 002a 07B0     		add	sp, sp, #28
 2405              		.cfi_def_cfa_offset 12
 2406              		@ sp needed
 2407 002c BDE83040 		pop	{r4, r5, lr}
 2408              		.cfi_restore 14
 2409              		.cfi_restore 5
 2410              		.cfi_restore 4
 2411              		.cfi_def_cfa_offset 0
 2412              	.LVL160:
 983:../../STM32Cube_FW_N6/Drivers/STM32N6xx_HAL_Driver/Src/stm32n6xx_ll_sdmmc.c **** 
 2413              		.loc 1 983 16 view .LVU712
 2414 0030 FFF7FEBF 		b	SDMMC_GetCmdResp1
 2415              	.LVL161:
 983:../../STM32Cube_FW_N6/Drivers/STM32N6xx_HAL_Driver/Src/stm32n6xx_ll_sdmmc.c **** 
 2416              		.loc 1 983 16 view .LVU713
 2417              		.cfi_endproc
 2418              	.LFE869:
 2420              		.section	.text.SDMMC_CmdSetRelAddMmc,"ax",%progbits
 2421              		.align	1
 2422              		.global	SDMMC_CmdSetRelAddMmc
 2423              		.syntax unified
 2424              		.thumb
 2425              		.thumb_func
 2427              	SDMMC_CmdSetRelAddMmc:
 2428              	.LVL162:
 2429              	.LFB873:
1069:../../STM32Cube_FW_N6/Drivers/STM32N6xx_HAL_Driver/Src/stm32n6xx_ll_sdmmc.c ****   SDMMC_CmdInitTypeDef  sdmmc_cmdinit;
 2430              		.loc 1 1069 1 is_stmt 1 view -0
 2431              		.cfi_startproc
 2432              		@ args = 0, pretend = 0, frame = 24
 2433              		@ frame_needed = 0, uses_anonymous_args = 0
1070:../../STM32Cube_FW_N6/Drivers/STM32N6xx_HAL_Driver/Src/stm32n6xx_ll_sdmmc.c ****   uint32_t errorstate;
 2434              		.loc 1 1070 3 view .LVU715
1071:../../STM32Cube_FW_N6/Drivers/STM32N6xx_HAL_Driver/Src/stm32n6xx_ll_sdmmc.c **** 
 2435              		.loc 1 1071 3 view .LVU716
1074:../../STM32Cube_FW_N6/Drivers/STM32N6xx_HAL_Driver/Src/stm32n6xx_ll_sdmmc.c ****   sdmmc_cmdinit.CmdIndex         = SDMMC_CMD_SET_REL_ADDR;
 2436              		.loc 1 1074 3 view .LVU717
1069:../../STM32Cube_FW_N6/Drivers/STM32N6xx_HAL_Driver/Src/stm32n6xx_ll_sdmmc.c ****   SDMMC_CmdInitTypeDef  sdmmc_cmdinit;
 2437              		.loc 1 1069 1 is_stmt 0 view .LVU718
ARM GAS  C:\Users\Antonio\AppData\Local\Temp\cc9FRrj5.s 			page 89


 2438 0000 30B5     		push	{r4, r5, lr}
 2439              		.cfi_def_cfa_offset 12
 2440              		.cfi_offset 4, -12
 2441              		.cfi_offset 5, -8
 2442              		.cfi_offset 14, -4
1076:../../STM32Cube_FW_N6/Drivers/STM32N6xx_HAL_Driver/Src/stm32n6xx_ll_sdmmc.c ****   sdmmc_cmdinit.WaitForInterrupt = SDMMC_WAIT_NO;
 2443              		.loc 1 1076 34 view .LVU719
 2444 0002 4FF48073 		mov	r3, #256
 2445 0006 0325     		movs	r5, #3
1069:../../STM32Cube_FW_N6/Drivers/STM32N6xx_HAL_Driver/Src/stm32n6xx_ll_sdmmc.c ****   SDMMC_CmdInitTypeDef  sdmmc_cmdinit;
 2446              		.loc 1 1069 1 view .LVU720
 2447 0008 87B0     		sub	sp, sp, #28
 2448              		.cfi_def_cfa_offset 40
1069:../../STM32Cube_FW_N6/Drivers/STM32N6xx_HAL_Driver/Src/stm32n6xx_ll_sdmmc.c ****   SDMMC_CmdInitTypeDef  sdmmc_cmdinit;
 2449              		.loc 1 1069 1 view .LVU721
 2450 000a 0446     		mov	r4, r0
1078:../../STM32Cube_FW_N6/Drivers/STM32N6xx_HAL_Driver/Src/stm32n6xx_ll_sdmmc.c ****   (void)SDMMC_SendCommand(SDMMCx, &sdmmc_cmdinit);
 2451              		.loc 1 1078 34 view .LVU722
 2452 000c 0022     		movs	r2, #0
1076:../../STM32Cube_FW_N6/Drivers/STM32N6xx_HAL_Driver/Src/stm32n6xx_ll_sdmmc.c ****   sdmmc_cmdinit.WaitForInterrupt = SDMMC_WAIT_NO;
 2453              		.loc 1 1076 34 view .LVU723
 2454 000e CDE90253 		strd	r5, r3, [sp, #8]
1078:../../STM32Cube_FW_N6/Drivers/STM32N6xx_HAL_Driver/Src/stm32n6xx_ll_sdmmc.c ****   (void)SDMMC_SendCommand(SDMMCx, &sdmmc_cmdinit);
 2455              		.loc 1 1078 34 view .LVU724
 2456 0012 4FF48053 		mov	r3, #4096
1074:../../STM32Cube_FW_N6/Drivers/STM32N6xx_HAL_Driver/Src/stm32n6xx_ll_sdmmc.c ****   sdmmc_cmdinit.CmdIndex         = SDMMC_CMD_SET_REL_ADDR;
 2457              		.loc 1 1074 51 view .LVU725
 2458 0016 0904     		lsls	r1, r1, #16
 2459              	.LVL163:
1074:../../STM32Cube_FW_N6/Drivers/STM32N6xx_HAL_Driver/Src/stm32n6xx_ll_sdmmc.c ****   sdmmc_cmdinit.CmdIndex         = SDMMC_CMD_SET_REL_ADDR;
 2460              		.loc 1 1074 34 view .LVU726
 2461 0018 0191     		str	r1, [sp, #4]
1075:../../STM32Cube_FW_N6/Drivers/STM32N6xx_HAL_Driver/Src/stm32n6xx_ll_sdmmc.c ****   sdmmc_cmdinit.Response         = SDMMC_RESPONSE_SHORT;
 2462              		.loc 1 1075 3 is_stmt 1 view .LVU727
1077:../../STM32Cube_FW_N6/Drivers/STM32N6xx_HAL_Driver/Src/stm32n6xx_ll_sdmmc.c ****   sdmmc_cmdinit.CPSM             = SDMMC_CPSM_ENABLE;
 2463              		.loc 1 1077 3 view .LVU728
1079:../../STM32Cube_FW_N6/Drivers/STM32N6xx_HAL_Driver/Src/stm32n6xx_ll_sdmmc.c **** 
 2464              		.loc 1 1079 9 is_stmt 0 view .LVU729
 2465 001a 01A9     		add	r1, sp, #4
1078:../../STM32Cube_FW_N6/Drivers/STM32N6xx_HAL_Driver/Src/stm32n6xx_ll_sdmmc.c ****   (void)SDMMC_SendCommand(SDMMCx, &sdmmc_cmdinit);
 2466              		.loc 1 1078 34 view .LVU730
 2467 001c CDE90423 		strd	r2, r3, [sp, #16]
1079:../../STM32Cube_FW_N6/Drivers/STM32N6xx_HAL_Driver/Src/stm32n6xx_ll_sdmmc.c **** 
 2468              		.loc 1 1079 3 is_stmt 1 view .LVU731
1079:../../STM32Cube_FW_N6/Drivers/STM32N6xx_HAL_Driver/Src/stm32n6xx_ll_sdmmc.c **** 
 2469              		.loc 1 1079 9 is_stmt 0 view .LVU732
 2470 0020 FFF7FEFF 		bl	SDMMC_SendCommand
 2471              	.LVL164:
1082:../../STM32Cube_FW_N6/Drivers/STM32N6xx_HAL_Driver/Src/stm32n6xx_ll_sdmmc.c **** 
 2472              		.loc 1 1082 3 is_stmt 1 view .LVU733
1082:../../STM32Cube_FW_N6/Drivers/STM32N6xx_HAL_Driver/Src/stm32n6xx_ll_sdmmc.c **** 
 2473              		.loc 1 1082 16 is_stmt 0 view .LVU734
 2474 0024 41F28832 		movw	r2, #5000
 2475 0028 2946     		mov	r1, r5
 2476 002a 2046     		mov	r0, r4
1085:../../STM32Cube_FW_N6/Drivers/STM32N6xx_HAL_Driver/Src/stm32n6xx_ll_sdmmc.c **** 
 2477              		.loc 1 1085 1 view .LVU735
ARM GAS  C:\Users\Antonio\AppData\Local\Temp\cc9FRrj5.s 			page 90


 2478 002c 07B0     		add	sp, sp, #28
 2479              		.cfi_def_cfa_offset 12
 2480              		@ sp needed
 2481 002e BDE83040 		pop	{r4, r5, lr}
 2482              		.cfi_restore 14
 2483              		.cfi_restore 5
 2484              		.cfi_restore 4
 2485              		.cfi_def_cfa_offset 0
 2486              	.LVL165:
1082:../../STM32Cube_FW_N6/Drivers/STM32N6xx_HAL_Driver/Src/stm32n6xx_ll_sdmmc.c **** 
 2487              		.loc 1 1082 16 view .LVU736
 2488 0032 FFF7FEBF 		b	SDMMC_GetCmdResp1
 2489              	.LVL166:
1082:../../STM32Cube_FW_N6/Drivers/STM32N6xx_HAL_Driver/Src/stm32n6xx_ll_sdmmc.c **** 
 2490              		.loc 1 1082 16 view .LVU737
 2491              		.cfi_endproc
 2492              	.LFE873:
 2494              		.section	.text.SDMMC_CmdSleepMmc,"ax",%progbits
 2495              		.align	1
 2496              		.global	SDMMC_CmdSleepMmc
 2497              		.syntax unified
 2498              		.thumb
 2499              		.thumb_func
 2501              	SDMMC_CmdSleepMmc:
 2502              	.LVL167:
 2503              	.LFB874:
1094:../../STM32Cube_FW_N6/Drivers/STM32N6xx_HAL_Driver/Src/stm32n6xx_ll_sdmmc.c ****   SDMMC_CmdInitTypeDef  sdmmc_cmdinit;
 2504              		.loc 1 1094 1 is_stmt 1 view -0
 2505              		.cfi_startproc
 2506              		@ args = 0, pretend = 0, frame = 24
 2507              		@ frame_needed = 0, uses_anonymous_args = 0
1095:../../STM32Cube_FW_N6/Drivers/STM32N6xx_HAL_Driver/Src/stm32n6xx_ll_sdmmc.c ****   uint32_t errorstate;
 2508              		.loc 1 1095 3 view .LVU739
1096:../../STM32Cube_FW_N6/Drivers/STM32N6xx_HAL_Driver/Src/stm32n6xx_ll_sdmmc.c **** 
 2509              		.loc 1 1096 3 view .LVU740
1099:../../STM32Cube_FW_N6/Drivers/STM32N6xx_HAL_Driver/Src/stm32n6xx_ll_sdmmc.c ****   sdmmc_cmdinit.CmdIndex         = SDMMC_CMD_MMC_SLEEP_AWAKE;
 2510              		.loc 1 1099 3 view .LVU741
1094:../../STM32Cube_FW_N6/Drivers/STM32N6xx_HAL_Driver/Src/stm32n6xx_ll_sdmmc.c ****   SDMMC_CmdInitTypeDef  sdmmc_cmdinit;
 2511              		.loc 1 1094 1 is_stmt 0 view .LVU742
 2512 0000 30B5     		push	{r4, r5, lr}
 2513              		.cfi_def_cfa_offset 12
 2514              		.cfi_offset 4, -12
 2515              		.cfi_offset 5, -8
 2516              		.cfi_offset 14, -4
1101:../../STM32Cube_FW_N6/Drivers/STM32N6xx_HAL_Driver/Src/stm32n6xx_ll_sdmmc.c ****   sdmmc_cmdinit.WaitForInterrupt = SDMMC_WAIT_NO;
 2517              		.loc 1 1101 34 view .LVU743
 2518 0002 4FF48073 		mov	r3, #256
 2519 0006 0525     		movs	r5, #5
1094:../../STM32Cube_FW_N6/Drivers/STM32N6xx_HAL_Driver/Src/stm32n6xx_ll_sdmmc.c ****   SDMMC_CmdInitTypeDef  sdmmc_cmdinit;
 2520              		.loc 1 1094 1 view .LVU744
 2521 0008 87B0     		sub	sp, sp, #28
 2522              		.cfi_def_cfa_offset 40
1094:../../STM32Cube_FW_N6/Drivers/STM32N6xx_HAL_Driver/Src/stm32n6xx_ll_sdmmc.c ****   SDMMC_CmdInitTypeDef  sdmmc_cmdinit;
 2523              		.loc 1 1094 1 view .LVU745
 2524 000a 0446     		mov	r4, r0
1103:../../STM32Cube_FW_N6/Drivers/STM32N6xx_HAL_Driver/Src/stm32n6xx_ll_sdmmc.c ****   (void)SDMMC_SendCommand(SDMMCx, &sdmmc_cmdinit);
 2525              		.loc 1 1103 34 view .LVU746
ARM GAS  C:\Users\Antonio\AppData\Local\Temp\cc9FRrj5.s 			page 91


 2526 000c 0022     		movs	r2, #0
1101:../../STM32Cube_FW_N6/Drivers/STM32N6xx_HAL_Driver/Src/stm32n6xx_ll_sdmmc.c ****   sdmmc_cmdinit.WaitForInterrupt = SDMMC_WAIT_NO;
 2527              		.loc 1 1101 34 view .LVU747
 2528 000e CDE90253 		strd	r5, r3, [sp, #8]
1103:../../STM32Cube_FW_N6/Drivers/STM32N6xx_HAL_Driver/Src/stm32n6xx_ll_sdmmc.c ****   (void)SDMMC_SendCommand(SDMMCx, &sdmmc_cmdinit);
 2529              		.loc 1 1103 34 view .LVU748
 2530 0012 4FF48053 		mov	r3, #4096
1099:../../STM32Cube_FW_N6/Drivers/STM32N6xx_HAL_Driver/Src/stm32n6xx_ll_sdmmc.c ****   sdmmc_cmdinit.CmdIndex         = SDMMC_CMD_MMC_SLEEP_AWAKE;
 2531              		.loc 1 1099 34 view .LVU749
 2532 0016 0191     		str	r1, [sp, #4]
1100:../../STM32Cube_FW_N6/Drivers/STM32N6xx_HAL_Driver/Src/stm32n6xx_ll_sdmmc.c ****   sdmmc_cmdinit.Response         = SDMMC_RESPONSE_SHORT;
 2533              		.loc 1 1100 3 is_stmt 1 view .LVU750
1102:../../STM32Cube_FW_N6/Drivers/STM32N6xx_HAL_Driver/Src/stm32n6xx_ll_sdmmc.c ****   sdmmc_cmdinit.CPSM             = SDMMC_CPSM_ENABLE;
 2534              		.loc 1 1102 3 view .LVU751
1104:../../STM32Cube_FW_N6/Drivers/STM32N6xx_HAL_Driver/Src/stm32n6xx_ll_sdmmc.c **** 
 2535              		.loc 1 1104 9 is_stmt 0 view .LVU752
 2536 0018 01A9     		add	r1, sp, #4
 2537              	.LVL168:
1103:../../STM32Cube_FW_N6/Drivers/STM32N6xx_HAL_Driver/Src/stm32n6xx_ll_sdmmc.c ****   (void)SDMMC_SendCommand(SDMMCx, &sdmmc_cmdinit);
 2538              		.loc 1 1103 34 view .LVU753
 2539 001a CDE90423 		strd	r2, r3, [sp, #16]
1104:../../STM32Cube_FW_N6/Drivers/STM32N6xx_HAL_Driver/Src/stm32n6xx_ll_sdmmc.c **** 
 2540              		.loc 1 1104 3 is_stmt 1 view .LVU754
1104:../../STM32Cube_FW_N6/Drivers/STM32N6xx_HAL_Driver/Src/stm32n6xx_ll_sdmmc.c **** 
 2541              		.loc 1 1104 9 is_stmt 0 view .LVU755
 2542 001e FFF7FEFF 		bl	SDMMC_SendCommand
 2543              	.LVL169:
1107:../../STM32Cube_FW_N6/Drivers/STM32N6xx_HAL_Driver/Src/stm32n6xx_ll_sdmmc.c **** 
 2544              		.loc 1 1107 3 is_stmt 1 view .LVU756
1107:../../STM32Cube_FW_N6/Drivers/STM32N6xx_HAL_Driver/Src/stm32n6xx_ll_sdmmc.c **** 
 2545              		.loc 1 1107 16 is_stmt 0 view .LVU757
 2546 0022 41F28832 		movw	r2, #5000
 2547 0026 2946     		mov	r1, r5
 2548 0028 2046     		mov	r0, r4
1110:../../STM32Cube_FW_N6/Drivers/STM32N6xx_HAL_Driver/Src/stm32n6xx_ll_sdmmc.c **** 
 2549              		.loc 1 1110 1 view .LVU758
 2550 002a 07B0     		add	sp, sp, #28
 2551              		.cfi_def_cfa_offset 12
 2552              		@ sp needed
 2553 002c BDE83040 		pop	{r4, r5, lr}
 2554              		.cfi_restore 14
 2555              		.cfi_restore 5
 2556              		.cfi_restore 4
 2557              		.cfi_def_cfa_offset 0
 2558              	.LVL170:
1107:../../STM32Cube_FW_N6/Drivers/STM32N6xx_HAL_Driver/Src/stm32n6xx_ll_sdmmc.c **** 
 2559              		.loc 1 1107 16 view .LVU759
 2560 0030 FFF7FEBF 		b	SDMMC_GetCmdResp1
 2561              	.LVL171:
1107:../../STM32Cube_FW_N6/Drivers/STM32N6xx_HAL_Driver/Src/stm32n6xx_ll_sdmmc.c **** 
 2562              		.loc 1 1107 16 view .LVU760
 2563              		.cfi_endproc
 2564              	.LFE874:
 2566              		.section	.text.SDMMC_CmdSendStatus,"ax",%progbits
 2567              		.align	1
 2568              		.global	SDMMC_CmdSendStatus
 2569              		.syntax unified
ARM GAS  C:\Users\Antonio\AppData\Local\Temp\cc9FRrj5.s 			page 92


 2570              		.thumb
 2571              		.thumb_func
 2573              	SDMMC_CmdSendStatus:
 2574              	.LVL172:
 2575              	.LFB875:
1119:../../STM32Cube_FW_N6/Drivers/STM32N6xx_HAL_Driver/Src/stm32n6xx_ll_sdmmc.c ****   SDMMC_CmdInitTypeDef  sdmmc_cmdinit;
 2576              		.loc 1 1119 1 is_stmt 1 view -0
 2577              		.cfi_startproc
 2578              		@ args = 0, pretend = 0, frame = 24
 2579              		@ frame_needed = 0, uses_anonymous_args = 0
1120:../../STM32Cube_FW_N6/Drivers/STM32N6xx_HAL_Driver/Src/stm32n6xx_ll_sdmmc.c ****   uint32_t errorstate;
 2580              		.loc 1 1120 3 view .LVU762
1121:../../STM32Cube_FW_N6/Drivers/STM32N6xx_HAL_Driver/Src/stm32n6xx_ll_sdmmc.c **** 
 2581              		.loc 1 1121 3 view .LVU763
1123:../../STM32Cube_FW_N6/Drivers/STM32N6xx_HAL_Driver/Src/stm32n6xx_ll_sdmmc.c ****   sdmmc_cmdinit.CmdIndex         = SDMMC_CMD_SEND_STATUS;
 2582              		.loc 1 1123 3 view .LVU764
1119:../../STM32Cube_FW_N6/Drivers/STM32N6xx_HAL_Driver/Src/stm32n6xx_ll_sdmmc.c ****   SDMMC_CmdInitTypeDef  sdmmc_cmdinit;
 2583              		.loc 1 1119 1 is_stmt 0 view .LVU765
 2584 0000 30B5     		push	{r4, r5, lr}
 2585              		.cfi_def_cfa_offset 12
 2586              		.cfi_offset 4, -12
 2587              		.cfi_offset 5, -8
 2588              		.cfi_offset 14, -4
1125:../../STM32Cube_FW_N6/Drivers/STM32N6xx_HAL_Driver/Src/stm32n6xx_ll_sdmmc.c ****   sdmmc_cmdinit.WaitForInterrupt = SDMMC_WAIT_NO;
 2589              		.loc 1 1125 34 view .LVU766
 2590 0002 4FF48073 		mov	r3, #256
 2591 0006 0D25     		movs	r5, #13
1119:../../STM32Cube_FW_N6/Drivers/STM32N6xx_HAL_Driver/Src/stm32n6xx_ll_sdmmc.c ****   SDMMC_CmdInitTypeDef  sdmmc_cmdinit;
 2592              		.loc 1 1119 1 view .LVU767
 2593 0008 87B0     		sub	sp, sp, #28
 2594              		.cfi_def_cfa_offset 40
1119:../../STM32Cube_FW_N6/Drivers/STM32N6xx_HAL_Driver/Src/stm32n6xx_ll_sdmmc.c ****   SDMMC_CmdInitTypeDef  sdmmc_cmdinit;
 2595              		.loc 1 1119 1 view .LVU768
 2596 000a 0446     		mov	r4, r0
1127:../../STM32Cube_FW_N6/Drivers/STM32N6xx_HAL_Driver/Src/stm32n6xx_ll_sdmmc.c ****   (void)SDMMC_SendCommand(SDMMCx, &sdmmc_cmdinit);
 2597              		.loc 1 1127 34 view .LVU769
 2598 000c 0022     		movs	r2, #0
1125:../../STM32Cube_FW_N6/Drivers/STM32N6xx_HAL_Driver/Src/stm32n6xx_ll_sdmmc.c ****   sdmmc_cmdinit.WaitForInterrupt = SDMMC_WAIT_NO;
 2599              		.loc 1 1125 34 view .LVU770
 2600 000e CDE90253 		strd	r5, r3, [sp, #8]
1127:../../STM32Cube_FW_N6/Drivers/STM32N6xx_HAL_Driver/Src/stm32n6xx_ll_sdmmc.c ****   (void)SDMMC_SendCommand(SDMMCx, &sdmmc_cmdinit);
 2601              		.loc 1 1127 34 view .LVU771
 2602 0012 4FF48053 		mov	r3, #4096
1123:../../STM32Cube_FW_N6/Drivers/STM32N6xx_HAL_Driver/Src/stm32n6xx_ll_sdmmc.c ****   sdmmc_cmdinit.CmdIndex         = SDMMC_CMD_SEND_STATUS;
 2603              		.loc 1 1123 34 view .LVU772
 2604 0016 0191     		str	r1, [sp, #4]
1124:../../STM32Cube_FW_N6/Drivers/STM32N6xx_HAL_Driver/Src/stm32n6xx_ll_sdmmc.c ****   sdmmc_cmdinit.Response         = SDMMC_RESPONSE_SHORT;
 2605              		.loc 1 1124 3 is_stmt 1 view .LVU773
1126:../../STM32Cube_FW_N6/Drivers/STM32N6xx_HAL_Driver/Src/stm32n6xx_ll_sdmmc.c ****   sdmmc_cmdinit.CPSM             = SDMMC_CPSM_ENABLE;
 2606              		.loc 1 1126 3 view .LVU774
1128:../../STM32Cube_FW_N6/Drivers/STM32N6xx_HAL_Driver/Src/stm32n6xx_ll_sdmmc.c **** 
 2607              		.loc 1 1128 9 is_stmt 0 view .LVU775
 2608 0018 01A9     		add	r1, sp, #4
 2609              	.LVL173:
1127:../../STM32Cube_FW_N6/Drivers/STM32N6xx_HAL_Driver/Src/stm32n6xx_ll_sdmmc.c ****   (void)SDMMC_SendCommand(SDMMCx, &sdmmc_cmdinit);
 2610              		.loc 1 1127 34 view .LVU776
 2611 001a CDE90423 		strd	r2, r3, [sp, #16]
ARM GAS  C:\Users\Antonio\AppData\Local\Temp\cc9FRrj5.s 			page 93


1128:../../STM32Cube_FW_N6/Drivers/STM32N6xx_HAL_Driver/Src/stm32n6xx_ll_sdmmc.c **** 
 2612              		.loc 1 1128 3 is_stmt 1 view .LVU777
1128:../../STM32Cube_FW_N6/Drivers/STM32N6xx_HAL_Driver/Src/stm32n6xx_ll_sdmmc.c **** 
 2613              		.loc 1 1128 9 is_stmt 0 view .LVU778
 2614 001e FFF7FEFF 		bl	SDMMC_SendCommand
 2615              	.LVL174:
1131:../../STM32Cube_FW_N6/Drivers/STM32N6xx_HAL_Driver/Src/stm32n6xx_ll_sdmmc.c **** 
 2616              		.loc 1 1131 3 is_stmt 1 view .LVU779
1131:../../STM32Cube_FW_N6/Drivers/STM32N6xx_HAL_Driver/Src/stm32n6xx_ll_sdmmc.c **** 
 2617              		.loc 1 1131 16 is_stmt 0 view .LVU780
 2618 0022 41F28832 		movw	r2, #5000
 2619 0026 2946     		mov	r1, r5
 2620 0028 2046     		mov	r0, r4
1134:../../STM32Cube_FW_N6/Drivers/STM32N6xx_HAL_Driver/Src/stm32n6xx_ll_sdmmc.c **** 
 2621              		.loc 1 1134 1 view .LVU781
 2622 002a 07B0     		add	sp, sp, #28
 2623              		.cfi_def_cfa_offset 12
 2624              		@ sp needed
 2625 002c BDE83040 		pop	{r4, r5, lr}
 2626              		.cfi_restore 14
 2627              		.cfi_restore 5
 2628              		.cfi_restore 4
 2629              		.cfi_def_cfa_offset 0
 2630              	.LVL175:
1131:../../STM32Cube_FW_N6/Drivers/STM32N6xx_HAL_Driver/Src/stm32n6xx_ll_sdmmc.c **** 
 2631              		.loc 1 1131 16 view .LVU782
 2632 0030 FFF7FEBF 		b	SDMMC_GetCmdResp1
 2633              	.LVL176:
1131:../../STM32Cube_FW_N6/Drivers/STM32N6xx_HAL_Driver/Src/stm32n6xx_ll_sdmmc.c **** 
 2634              		.loc 1 1131 16 view .LVU783
 2635              		.cfi_endproc
 2636              	.LFE875:
 2638              		.section	.text.SDMMC_CmdStatusRegister,"ax",%progbits
 2639              		.align	1
 2640              		.global	SDMMC_CmdStatusRegister
 2641              		.syntax unified
 2642              		.thumb
 2643              		.thumb_func
 2645              	SDMMC_CmdStatusRegister:
 2646              	.LVL177:
 2647              	.LFB876:
1142:../../STM32Cube_FW_N6/Drivers/STM32N6xx_HAL_Driver/Src/stm32n6xx_ll_sdmmc.c ****   SDMMC_CmdInitTypeDef  sdmmc_cmdinit;
 2648              		.loc 1 1142 1 is_stmt 1 view -0
 2649              		.cfi_startproc
 2650              		@ args = 0, pretend = 0, frame = 24
 2651              		@ frame_needed = 0, uses_anonymous_args = 0
1143:../../STM32Cube_FW_N6/Drivers/STM32N6xx_HAL_Driver/Src/stm32n6xx_ll_sdmmc.c ****   uint32_t errorstate;
 2652              		.loc 1 1143 3 view .LVU785
1144:../../STM32Cube_FW_N6/Drivers/STM32N6xx_HAL_Driver/Src/stm32n6xx_ll_sdmmc.c **** 
 2653              		.loc 1 1144 3 view .LVU786
1146:../../STM32Cube_FW_N6/Drivers/STM32N6xx_HAL_Driver/Src/stm32n6xx_ll_sdmmc.c ****   sdmmc_cmdinit.CmdIndex         = SDMMC_CMD_SD_APP_STATUS;
 2654              		.loc 1 1146 3 view .LVU787
1142:../../STM32Cube_FW_N6/Drivers/STM32N6xx_HAL_Driver/Src/stm32n6xx_ll_sdmmc.c ****   SDMMC_CmdInitTypeDef  sdmmc_cmdinit;
 2655              		.loc 1 1142 1 is_stmt 0 view .LVU788
 2656 0000 30B5     		push	{r4, r5, lr}
 2657              		.cfi_def_cfa_offset 12
 2658              		.cfi_offset 4, -12
ARM GAS  C:\Users\Antonio\AppData\Local\Temp\cc9FRrj5.s 			page 94


 2659              		.cfi_offset 5, -8
 2660              		.cfi_offset 14, -4
1147:../../STM32Cube_FW_N6/Drivers/STM32N6xx_HAL_Driver/Src/stm32n6xx_ll_sdmmc.c ****   sdmmc_cmdinit.Response         = SDMMC_RESPONSE_SHORT;
 2661              		.loc 1 1147 34 view .LVU789
 2662 0002 0023     		movs	r3, #0
 2663 0004 0D25     		movs	r5, #13
1148:../../STM32Cube_FW_N6/Drivers/STM32N6xx_HAL_Driver/Src/stm32n6xx_ll_sdmmc.c ****   sdmmc_cmdinit.WaitForInterrupt = SDMMC_WAIT_NO;
 2664              		.loc 1 1148 34 view .LVU790
 2665 0006 4FF48072 		mov	r2, #256
1142:../../STM32Cube_FW_N6/Drivers/STM32N6xx_HAL_Driver/Src/stm32n6xx_ll_sdmmc.c ****   SDMMC_CmdInitTypeDef  sdmmc_cmdinit;
 2666              		.loc 1 1142 1 view .LVU791
 2667 000a 87B0     		sub	sp, sp, #28
 2668              		.cfi_def_cfa_offset 40
1149:../../STM32Cube_FW_N6/Drivers/STM32N6xx_HAL_Driver/Src/stm32n6xx_ll_sdmmc.c ****   sdmmc_cmdinit.CPSM             = SDMMC_CPSM_ENABLE;
 2669              		.loc 1 1149 34 view .LVU792
 2670 000c CDE90323 		strd	r2, r3, [sp, #12]
1142:../../STM32Cube_FW_N6/Drivers/STM32N6xx_HAL_Driver/Src/stm32n6xx_ll_sdmmc.c ****   SDMMC_CmdInitTypeDef  sdmmc_cmdinit;
 2671              		.loc 1 1142 1 view .LVU793
 2672 0010 0446     		mov	r4, r0
1147:../../STM32Cube_FW_N6/Drivers/STM32N6xx_HAL_Driver/Src/stm32n6xx_ll_sdmmc.c ****   sdmmc_cmdinit.Response         = SDMMC_RESPONSE_SHORT;
 2673              		.loc 1 1147 34 view .LVU794
 2674 0012 CDE90135 		strd	r3, r5, [sp, #4]
1148:../../STM32Cube_FW_N6/Drivers/STM32N6xx_HAL_Driver/Src/stm32n6xx_ll_sdmmc.c ****   sdmmc_cmdinit.WaitForInterrupt = SDMMC_WAIT_NO;
 2675              		.loc 1 1148 3 is_stmt 1 view .LVU795
1150:../../STM32Cube_FW_N6/Drivers/STM32N6xx_HAL_Driver/Src/stm32n6xx_ll_sdmmc.c ****   (void)SDMMC_SendCommand(SDMMCx, &sdmmc_cmdinit);
 2676              		.loc 1 1150 3 view .LVU796
1150:../../STM32Cube_FW_N6/Drivers/STM32N6xx_HAL_Driver/Src/stm32n6xx_ll_sdmmc.c ****   (void)SDMMC_SendCommand(SDMMCx, &sdmmc_cmdinit);
 2677              		.loc 1 1150 34 is_stmt 0 view .LVU797
 2678 0016 4FF48053 		mov	r3, #4096
1151:../../STM32Cube_FW_N6/Drivers/STM32N6xx_HAL_Driver/Src/stm32n6xx_ll_sdmmc.c **** 
 2679              		.loc 1 1151 9 view .LVU798
 2680 001a 01A9     		add	r1, sp, #4
1150:../../STM32Cube_FW_N6/Drivers/STM32N6xx_HAL_Driver/Src/stm32n6xx_ll_sdmmc.c ****   (void)SDMMC_SendCommand(SDMMCx, &sdmmc_cmdinit);
 2681              		.loc 1 1150 34 view .LVU799
 2682 001c 0593     		str	r3, [sp, #20]
1151:../../STM32Cube_FW_N6/Drivers/STM32N6xx_HAL_Driver/Src/stm32n6xx_ll_sdmmc.c **** 
 2683              		.loc 1 1151 3 is_stmt 1 view .LVU800
1151:../../STM32Cube_FW_N6/Drivers/STM32N6xx_HAL_Driver/Src/stm32n6xx_ll_sdmmc.c **** 
 2684              		.loc 1 1151 9 is_stmt 0 view .LVU801
 2685 001e FFF7FEFF 		bl	SDMMC_SendCommand
 2686              	.LVL178:
1154:../../STM32Cube_FW_N6/Drivers/STM32N6xx_HAL_Driver/Src/stm32n6xx_ll_sdmmc.c **** 
 2687              		.loc 1 1154 3 is_stmt 1 view .LVU802
1154:../../STM32Cube_FW_N6/Drivers/STM32N6xx_HAL_Driver/Src/stm32n6xx_ll_sdmmc.c **** 
 2688              		.loc 1 1154 16 is_stmt 0 view .LVU803
 2689 0022 41F28832 		movw	r2, #5000
 2690 0026 2946     		mov	r1, r5
 2691 0028 2046     		mov	r0, r4
1157:../../STM32Cube_FW_N6/Drivers/STM32N6xx_HAL_Driver/Src/stm32n6xx_ll_sdmmc.c **** 
 2692              		.loc 1 1157 1 view .LVU804
 2693 002a 07B0     		add	sp, sp, #28
 2694              		.cfi_def_cfa_offset 12
 2695              		@ sp needed
 2696 002c BDE83040 		pop	{r4, r5, lr}
 2697              		.cfi_restore 14
 2698              		.cfi_restore 5
 2699              		.cfi_restore 4
ARM GAS  C:\Users\Antonio\AppData\Local\Temp\cc9FRrj5.s 			page 95


 2700              		.cfi_def_cfa_offset 0
 2701              	.LVL179:
1154:../../STM32Cube_FW_N6/Drivers/STM32N6xx_HAL_Driver/Src/stm32n6xx_ll_sdmmc.c **** 
 2702              		.loc 1 1154 16 view .LVU805
 2703 0030 FFF7FEBF 		b	SDMMC_GetCmdResp1
 2704              	.LVL180:
1154:../../STM32Cube_FW_N6/Drivers/STM32N6xx_HAL_Driver/Src/stm32n6xx_ll_sdmmc.c **** 
 2705              		.loc 1 1154 16 view .LVU806
 2706              		.cfi_endproc
 2707              	.LFE876:
 2709              		.section	.text.SDMMC_CmdVoltageSwitch,"ax",%progbits
 2710              		.align	1
 2711              		.global	SDMMC_CmdVoltageSwitch
 2712              		.syntax unified
 2713              		.thumb
 2714              		.thumb_func
 2716              	SDMMC_CmdVoltageSwitch:
 2717              	.LVL181:
 2718              	.LFB879:
1217:../../STM32Cube_FW_N6/Drivers/STM32N6xx_HAL_Driver/Src/stm32n6xx_ll_sdmmc.c ****   SDMMC_CmdInitTypeDef  sdmmc_cmdinit;
 2719              		.loc 1 1217 1 is_stmt 1 view -0
 2720              		.cfi_startproc
 2721              		@ args = 0, pretend = 0, frame = 24
 2722              		@ frame_needed = 0, uses_anonymous_args = 0
1218:../../STM32Cube_FW_N6/Drivers/STM32N6xx_HAL_Driver/Src/stm32n6xx_ll_sdmmc.c ****   uint32_t errorstate;
 2723              		.loc 1 1218 3 view .LVU808
1219:../../STM32Cube_FW_N6/Drivers/STM32N6xx_HAL_Driver/Src/stm32n6xx_ll_sdmmc.c **** 
 2724              		.loc 1 1219 3 view .LVU809
1221:../../STM32Cube_FW_N6/Drivers/STM32N6xx_HAL_Driver/Src/stm32n6xx_ll_sdmmc.c ****   sdmmc_cmdinit.CmdIndex         = SDMMC_CMD_VOLTAGE_SWITCH;
 2725              		.loc 1 1221 3 view .LVU810
1217:../../STM32Cube_FW_N6/Drivers/STM32N6xx_HAL_Driver/Src/stm32n6xx_ll_sdmmc.c ****   SDMMC_CmdInitTypeDef  sdmmc_cmdinit;
 2726              		.loc 1 1217 1 is_stmt 0 view .LVU811
 2727 0000 30B5     		push	{r4, r5, lr}
 2728              		.cfi_def_cfa_offset 12
 2729              		.cfi_offset 4, -12
 2730              		.cfi_offset 5, -8
 2731              		.cfi_offset 14, -4
1222:../../STM32Cube_FW_N6/Drivers/STM32N6xx_HAL_Driver/Src/stm32n6xx_ll_sdmmc.c ****   sdmmc_cmdinit.Response         = SDMMC_RESPONSE_SHORT;
 2732              		.loc 1 1222 34 view .LVU812
 2733 0002 0023     		movs	r3, #0
 2734 0004 0B25     		movs	r5, #11
1223:../../STM32Cube_FW_N6/Drivers/STM32N6xx_HAL_Driver/Src/stm32n6xx_ll_sdmmc.c ****   sdmmc_cmdinit.WaitForInterrupt = SDMMC_WAIT_NO;
 2735              		.loc 1 1223 34 view .LVU813
 2736 0006 4FF48072 		mov	r2, #256
1217:../../STM32Cube_FW_N6/Drivers/STM32N6xx_HAL_Driver/Src/stm32n6xx_ll_sdmmc.c ****   SDMMC_CmdInitTypeDef  sdmmc_cmdinit;
 2737              		.loc 1 1217 1 view .LVU814
 2738 000a 87B0     		sub	sp, sp, #28
 2739              		.cfi_def_cfa_offset 40
1224:../../STM32Cube_FW_N6/Drivers/STM32N6xx_HAL_Driver/Src/stm32n6xx_ll_sdmmc.c ****   sdmmc_cmdinit.CPSM             = SDMMC_CPSM_ENABLE;
 2740              		.loc 1 1224 34 view .LVU815
 2741 000c CDE90323 		strd	r2, r3, [sp, #12]
1217:../../STM32Cube_FW_N6/Drivers/STM32N6xx_HAL_Driver/Src/stm32n6xx_ll_sdmmc.c ****   SDMMC_CmdInitTypeDef  sdmmc_cmdinit;
 2742              		.loc 1 1217 1 view .LVU816
 2743 0010 0446     		mov	r4, r0
1222:../../STM32Cube_FW_N6/Drivers/STM32N6xx_HAL_Driver/Src/stm32n6xx_ll_sdmmc.c ****   sdmmc_cmdinit.Response         = SDMMC_RESPONSE_SHORT;
 2744              		.loc 1 1222 34 view .LVU817
 2745 0012 CDE90135 		strd	r3, r5, [sp, #4]
ARM GAS  C:\Users\Antonio\AppData\Local\Temp\cc9FRrj5.s 			page 96


1223:../../STM32Cube_FW_N6/Drivers/STM32N6xx_HAL_Driver/Src/stm32n6xx_ll_sdmmc.c ****   sdmmc_cmdinit.WaitForInterrupt = SDMMC_WAIT_NO;
 2746              		.loc 1 1223 3 is_stmt 1 view .LVU818
1225:../../STM32Cube_FW_N6/Drivers/STM32N6xx_HAL_Driver/Src/stm32n6xx_ll_sdmmc.c ****   (void)SDMMC_SendCommand(SDMMCx, &sdmmc_cmdinit);
 2747              		.loc 1 1225 3 view .LVU819
1225:../../STM32Cube_FW_N6/Drivers/STM32N6xx_HAL_Driver/Src/stm32n6xx_ll_sdmmc.c ****   (void)SDMMC_SendCommand(SDMMCx, &sdmmc_cmdinit);
 2748              		.loc 1 1225 34 is_stmt 0 view .LVU820
 2749 0016 4FF48053 		mov	r3, #4096
1226:../../STM32Cube_FW_N6/Drivers/STM32N6xx_HAL_Driver/Src/stm32n6xx_ll_sdmmc.c **** 
 2750              		.loc 1 1226 9 view .LVU821
 2751 001a 01A9     		add	r1, sp, #4
1225:../../STM32Cube_FW_N6/Drivers/STM32N6xx_HAL_Driver/Src/stm32n6xx_ll_sdmmc.c ****   (void)SDMMC_SendCommand(SDMMCx, &sdmmc_cmdinit);
 2752              		.loc 1 1225 34 view .LVU822
 2753 001c 0593     		str	r3, [sp, #20]
1226:../../STM32Cube_FW_N6/Drivers/STM32N6xx_HAL_Driver/Src/stm32n6xx_ll_sdmmc.c **** 
 2754              		.loc 1 1226 3 is_stmt 1 view .LVU823
1226:../../STM32Cube_FW_N6/Drivers/STM32N6xx_HAL_Driver/Src/stm32n6xx_ll_sdmmc.c **** 
 2755              		.loc 1 1226 9 is_stmt 0 view .LVU824
 2756 001e FFF7FEFF 		bl	SDMMC_SendCommand
 2757              	.LVL182:
1229:../../STM32Cube_FW_N6/Drivers/STM32N6xx_HAL_Driver/Src/stm32n6xx_ll_sdmmc.c **** 
 2758              		.loc 1 1229 3 is_stmt 1 view .LVU825
1229:../../STM32Cube_FW_N6/Drivers/STM32N6xx_HAL_Driver/Src/stm32n6xx_ll_sdmmc.c **** 
 2759              		.loc 1 1229 16 is_stmt 0 view .LVU826
 2760 0022 41F28832 		movw	r2, #5000
 2761 0026 2946     		mov	r1, r5
 2762 0028 2046     		mov	r0, r4
1232:../../STM32Cube_FW_N6/Drivers/STM32N6xx_HAL_Driver/Src/stm32n6xx_ll_sdmmc.c **** 
 2763              		.loc 1 1232 1 view .LVU827
 2764 002a 07B0     		add	sp, sp, #28
 2765              		.cfi_def_cfa_offset 12
 2766              		@ sp needed
 2767 002c BDE83040 		pop	{r4, r5, lr}
 2768              		.cfi_restore 14
 2769              		.cfi_restore 5
 2770              		.cfi_restore 4
 2771              		.cfi_def_cfa_offset 0
 2772              	.LVL183:
1229:../../STM32Cube_FW_N6/Drivers/STM32N6xx_HAL_Driver/Src/stm32n6xx_ll_sdmmc.c **** 
 2773              		.loc 1 1229 16 view .LVU828
 2774 0030 FFF7FEBF 		b	SDMMC_GetCmdResp1
 2775              	.LVL184:
1229:../../STM32Cube_FW_N6/Drivers/STM32N6xx_HAL_Driver/Src/stm32n6xx_ll_sdmmc.c **** 
 2776              		.loc 1 1229 16 view .LVU829
 2777              		.cfi_endproc
 2778              	.LFE879:
 2780              		.section	.text.SDMMC_CmdSendEXTCSD,"ax",%progbits
 2781              		.align	1
 2782              		.global	SDMMC_CmdSendEXTCSD
 2783              		.syntax unified
 2784              		.thumb
 2785              		.thumb_func
 2787              	SDMMC_CmdSendEXTCSD:
 2788              	.LVL185:
 2789              	.LFB880:
1241:../../STM32Cube_FW_N6/Drivers/STM32N6xx_HAL_Driver/Src/stm32n6xx_ll_sdmmc.c ****   SDMMC_CmdInitTypeDef  sdmmc_cmdinit;
 2790              		.loc 1 1241 1 is_stmt 1 view -0
 2791              		.cfi_startproc
ARM GAS  C:\Users\Antonio\AppData\Local\Temp\cc9FRrj5.s 			page 97


 2792              		@ args = 0, pretend = 0, frame = 24
 2793              		@ frame_needed = 0, uses_anonymous_args = 0
1242:../../STM32Cube_FW_N6/Drivers/STM32N6xx_HAL_Driver/Src/stm32n6xx_ll_sdmmc.c ****   uint32_t errorstate;
 2794              		.loc 1 1242 3 view .LVU831
1243:../../STM32Cube_FW_N6/Drivers/STM32N6xx_HAL_Driver/Src/stm32n6xx_ll_sdmmc.c **** 
 2795              		.loc 1 1243 3 view .LVU832
1246:../../STM32Cube_FW_N6/Drivers/STM32N6xx_HAL_Driver/Src/stm32n6xx_ll_sdmmc.c ****   sdmmc_cmdinit.CmdIndex         = SDMMC_CMD_HS_SEND_EXT_CSD;
 2796              		.loc 1 1246 3 view .LVU833
1241:../../STM32Cube_FW_N6/Drivers/STM32N6xx_HAL_Driver/Src/stm32n6xx_ll_sdmmc.c ****   SDMMC_CmdInitTypeDef  sdmmc_cmdinit;
 2797              		.loc 1 1241 1 is_stmt 0 view .LVU834
 2798 0000 30B5     		push	{r4, r5, lr}
 2799              		.cfi_def_cfa_offset 12
 2800              		.cfi_offset 4, -12
 2801              		.cfi_offset 5, -8
 2802              		.cfi_offset 14, -4
1248:../../STM32Cube_FW_N6/Drivers/STM32N6xx_HAL_Driver/Src/stm32n6xx_ll_sdmmc.c ****   sdmmc_cmdinit.WaitForInterrupt = SDMMC_WAIT_NO;
 2803              		.loc 1 1248 34 view .LVU835
 2804 0002 4FF48073 		mov	r3, #256
 2805 0006 0825     		movs	r5, #8
1241:../../STM32Cube_FW_N6/Drivers/STM32N6xx_HAL_Driver/Src/stm32n6xx_ll_sdmmc.c ****   SDMMC_CmdInitTypeDef  sdmmc_cmdinit;
 2806              		.loc 1 1241 1 view .LVU836
 2807 0008 87B0     		sub	sp, sp, #28
 2808              		.cfi_def_cfa_offset 40
1241:../../STM32Cube_FW_N6/Drivers/STM32N6xx_HAL_Driver/Src/stm32n6xx_ll_sdmmc.c ****   SDMMC_CmdInitTypeDef  sdmmc_cmdinit;
 2809              		.loc 1 1241 1 view .LVU837
 2810 000a 0446     		mov	r4, r0
1250:../../STM32Cube_FW_N6/Drivers/STM32N6xx_HAL_Driver/Src/stm32n6xx_ll_sdmmc.c ****   (void)SDMMC_SendCommand(SDMMCx, &sdmmc_cmdinit);
 2811              		.loc 1 1250 34 view .LVU838
 2812 000c 0022     		movs	r2, #0
1248:../../STM32Cube_FW_N6/Drivers/STM32N6xx_HAL_Driver/Src/stm32n6xx_ll_sdmmc.c ****   sdmmc_cmdinit.WaitForInterrupt = SDMMC_WAIT_NO;
 2813              		.loc 1 1248 34 view .LVU839
 2814 000e CDE90253 		strd	r5, r3, [sp, #8]
1250:../../STM32Cube_FW_N6/Drivers/STM32N6xx_HAL_Driver/Src/stm32n6xx_ll_sdmmc.c ****   (void)SDMMC_SendCommand(SDMMCx, &sdmmc_cmdinit);
 2815              		.loc 1 1250 34 view .LVU840
 2816 0012 4FF48053 		mov	r3, #4096
1246:../../STM32Cube_FW_N6/Drivers/STM32N6xx_HAL_Driver/Src/stm32n6xx_ll_sdmmc.c ****   sdmmc_cmdinit.CmdIndex         = SDMMC_CMD_HS_SEND_EXT_CSD;
 2817              		.loc 1 1246 34 view .LVU841
 2818 0016 0191     		str	r1, [sp, #4]
1247:../../STM32Cube_FW_N6/Drivers/STM32N6xx_HAL_Driver/Src/stm32n6xx_ll_sdmmc.c ****   sdmmc_cmdinit.Response         = SDMMC_RESPONSE_SHORT;
 2819              		.loc 1 1247 3 is_stmt 1 view .LVU842
1249:../../STM32Cube_FW_N6/Drivers/STM32N6xx_HAL_Driver/Src/stm32n6xx_ll_sdmmc.c ****   sdmmc_cmdinit.CPSM             = SDMMC_CPSM_ENABLE;
 2820              		.loc 1 1249 3 view .LVU843
1251:../../STM32Cube_FW_N6/Drivers/STM32N6xx_HAL_Driver/Src/stm32n6xx_ll_sdmmc.c **** 
 2821              		.loc 1 1251 9 is_stmt 0 view .LVU844
 2822 0018 01A9     		add	r1, sp, #4
 2823              	.LVL186:
1250:../../STM32Cube_FW_N6/Drivers/STM32N6xx_HAL_Driver/Src/stm32n6xx_ll_sdmmc.c ****   (void)SDMMC_SendCommand(SDMMCx, &sdmmc_cmdinit);
 2824              		.loc 1 1250 34 view .LVU845
 2825 001a CDE90423 		strd	r2, r3, [sp, #16]
1251:../../STM32Cube_FW_N6/Drivers/STM32N6xx_HAL_Driver/Src/stm32n6xx_ll_sdmmc.c **** 
 2826              		.loc 1 1251 3 is_stmt 1 view .LVU846
1251:../../STM32Cube_FW_N6/Drivers/STM32N6xx_HAL_Driver/Src/stm32n6xx_ll_sdmmc.c **** 
 2827              		.loc 1 1251 9 is_stmt 0 view .LVU847
 2828 001e FFF7FEFF 		bl	SDMMC_SendCommand
 2829              	.LVL187:
1254:../../STM32Cube_FW_N6/Drivers/STM32N6xx_HAL_Driver/Src/stm32n6xx_ll_sdmmc.c **** 
 2830              		.loc 1 1254 3 is_stmt 1 view .LVU848
ARM GAS  C:\Users\Antonio\AppData\Local\Temp\cc9FRrj5.s 			page 98


1254:../../STM32Cube_FW_N6/Drivers/STM32N6xx_HAL_Driver/Src/stm32n6xx_ll_sdmmc.c **** 
 2831              		.loc 1 1254 16 is_stmt 0 view .LVU849
 2832 0022 41F28832 		movw	r2, #5000
 2833 0026 2946     		mov	r1, r5
 2834 0028 2046     		mov	r0, r4
1257:../../STM32Cube_FW_N6/Drivers/STM32N6xx_HAL_Driver/Src/stm32n6xx_ll_sdmmc.c **** 
 2835              		.loc 1 1257 1 view .LVU850
 2836 002a 07B0     		add	sp, sp, #28
 2837              		.cfi_def_cfa_offset 12
 2838              		@ sp needed
 2839 002c BDE83040 		pop	{r4, r5, lr}
 2840              		.cfi_restore 14
 2841              		.cfi_restore 5
 2842              		.cfi_restore 4
 2843              		.cfi_def_cfa_offset 0
 2844              	.LVL188:
1254:../../STM32Cube_FW_N6/Drivers/STM32N6xx_HAL_Driver/Src/stm32n6xx_ll_sdmmc.c **** 
 2845              		.loc 1 1254 16 view .LVU851
 2846 0030 FFF7FEBF 		b	SDMMC_GetCmdResp1
 2847              	.LVL189:
1254:../../STM32Cube_FW_N6/Drivers/STM32N6xx_HAL_Driver/Src/stm32n6xx_ll_sdmmc.c **** 
 2848              		.loc 1 1254 16 view .LVU852
 2849              		.cfi_endproc
 2850              	.LFE880:
 2852              		.section	.text.SDMMC_GetCmdResp2,"ax",%progbits
 2853              		.align	1
 2854              		.global	SDMMC_GetCmdResp2
 2855              		.syntax unified
 2856              		.thumb
 2857              		.thumb_func
 2859              	SDMMC_GetCmdResp2:
 2860              	.LVL190:
 2861              	.LFB885:
1491:../../STM32Cube_FW_N6/Drivers/STM32N6xx_HAL_Driver/Src/stm32n6xx_ll_sdmmc.c ****   uint32_t sta_reg;
 2862              		.loc 1 1491 1 is_stmt 1 view -0
 2863              		.cfi_startproc
 2864              		@ args = 0, pretend = 0, frame = 0
 2865              		@ frame_needed = 0, uses_anonymous_args = 0
 2866              		@ link register save eliminated.
1492:../../STM32Cube_FW_N6/Drivers/STM32N6xx_HAL_Driver/Src/stm32n6xx_ll_sdmmc.c ****   /* 8 is the number of required instructions cycles for the below loop statement.
 2867              		.loc 1 1492 3 view .LVU854
1495:../../STM32Cube_FW_N6/Drivers/STM32N6xx_HAL_Driver/Src/stm32n6xx_ll_sdmmc.c **** 
 2868              		.loc 1 1495 3 view .LVU855
1495:../../STM32Cube_FW_N6/Drivers/STM32N6xx_HAL_Driver/Src/stm32n6xx_ll_sdmmc.c **** 
 2869              		.loc 1 1495 61 is_stmt 0 view .LVU856
 2870 0000 4FF4FA51 		mov	r1, #8000
 2871 0004 104B     		ldr	r3, .L187
1491:../../STM32Cube_FW_N6/Drivers/STM32N6xx_HAL_Driver/Src/stm32n6xx_ll_sdmmc.c ****   uint32_t sta_reg;
 2872              		.loc 1 1491 1 view .LVU857
 2873 0006 0246     		mov	r2, r0
1495:../../STM32Cube_FW_N6/Drivers/STM32N6xx_HAL_Driver/Src/stm32n6xx_ll_sdmmc.c **** 
 2874              		.loc 1 1495 61 view .LVU858
 2875 0008 1B68     		ldr	r3, [r3]
 2876 000a B3FBF1F3 		udiv	r3, r3, r1
1495:../../STM32Cube_FW_N6/Drivers/STM32N6xx_HAL_Driver/Src/stm32n6xx_ll_sdmmc.c **** 
 2877              		.loc 1 1495 12 view .LVU859
 2878 000e 41F28831 		movw	r1, #5000
ARM GAS  C:\Users\Antonio\AppData\Local\Temp\cc9FRrj5.s 			page 99


 2879 0012 4B43     		muls	r3, r1, r3
 2880              	.LVL191:
1495:../../STM32Cube_FW_N6/Drivers/STM32N6xx_HAL_Driver/Src/stm32n6xx_ll_sdmmc.c **** 
 2881              		.loc 1 1495 12 view .LVU860
 2882 0014 0133     		adds	r3, r3, #1
 2883              	.LVL192:
 2884              	.L175:
1497:../../STM32Cube_FW_N6/Drivers/STM32N6xx_HAL_Driver/Src/stm32n6xx_ll_sdmmc.c ****   {
 2885              		.loc 1 1497 3 is_stmt 1 view .LVU861
1499:../../STM32Cube_FW_N6/Drivers/STM32N6xx_HAL_Driver/Src/stm32n6xx_ll_sdmmc.c ****     {
 2886              		.loc 1 1499 5 view .LVU862
1499:../../STM32Cube_FW_N6/Drivers/STM32N6xx_HAL_Driver/Src/stm32n6xx_ll_sdmmc.c ****     {
 2887              		.loc 1 1499 8 is_stmt 0 view .LVU863
 2888 0016 013B     		subs	r3, r3, #1
 2889 0018 13D0     		beq	.L185
1503:../../STM32Cube_FW_N6/Drivers/STM32N6xx_HAL_Driver/Src/stm32n6xx_ll_sdmmc.c ****   } while (((sta_reg & (SDMMC_FLAG_CCRCFAIL | SDMMC_FLAG_CMDREND | SDMMC_FLAG_CTIMEOUT)) == 0U) ||
 2890              		.loc 1 1503 5 is_stmt 1 view .LVU864
1503:../../STM32Cube_FW_N6/Drivers/STM32N6xx_HAL_Driver/Src/stm32n6xx_ll_sdmmc.c ****   } while (((sta_reg & (SDMMC_FLAG_CCRCFAIL | SDMMC_FLAG_CMDREND | SDMMC_FLAG_CTIMEOUT)) == 0U) ||
 2891              		.loc 1 1503 13 is_stmt 0 view .LVU865
 2892 001a 516B     		ldr	r1, [r2, #52]
 2893              	.LVL193:
1504:../../STM32Cube_FW_N6/Drivers/STM32N6xx_HAL_Driver/Src/stm32n6xx_ll_sdmmc.c ****            ((sta_reg & SDMMC_FLAG_CMDACT) != 0U));
 2894              		.loc 1 1504 97 is_stmt 1 view .LVU866
 2895 001c 11F0450F 		tst	r1, #69
 2896 0020 F9D0     		beq	.L175
1504:../../STM32Cube_FW_N6/Drivers/STM32N6xx_HAL_Driver/Src/stm32n6xx_ll_sdmmc.c ****            ((sta_reg & SDMMC_FLAG_CMDACT) != 0U));
 2897              		.loc 1 1504 97 is_stmt 0 discriminator 1 view .LVU867
 2898 0022 8904     		lsls	r1, r1, #18
 2899              	.LVL194:
1504:../../STM32Cube_FW_N6/Drivers/STM32N6xx_HAL_Driver/Src/stm32n6xx_ll_sdmmc.c ****            ((sta_reg & SDMMC_FLAG_CMDACT) != 0U));
 2900              		.loc 1 1504 97 discriminator 1 view .LVU868
 2901 0024 F7D4     		bmi	.L175
1507:../../STM32Cube_FW_N6/Drivers/STM32N6xx_HAL_Driver/Src/stm32n6xx_ll_sdmmc.c ****   {
 2902              		.loc 1 1507 3 is_stmt 1 view .LVU869
1507:../../STM32Cube_FW_N6/Drivers/STM32N6xx_HAL_Driver/Src/stm32n6xx_ll_sdmmc.c ****   {
 2903              		.loc 1 1507 7 is_stmt 0 view .LVU870
 2904 0026 536B     		ldr	r3, [r2, #52]
1507:../../STM32Cube_FW_N6/Drivers/STM32N6xx_HAL_Driver/Src/stm32n6xx_ll_sdmmc.c ****   {
 2905              		.loc 1 1507 6 view .LVU871
 2906 0028 5B07     		lsls	r3, r3, #29
 2907 002a 02D5     		bpl	.L178
1509:../../STM32Cube_FW_N6/Drivers/STM32N6xx_HAL_Driver/Src/stm32n6xx_ll_sdmmc.c **** 
 2908              		.loc 1 1509 5 is_stmt 1 view .LVU872
 2909 002c 0420     		movs	r0, #4
 2910              	.LVL195:
1509:../../STM32Cube_FW_N6/Drivers/STM32N6xx_HAL_Driver/Src/stm32n6xx_ll_sdmmc.c **** 
 2911              		.loc 1 1509 5 is_stmt 0 view .LVU873
 2912 002e 9063     		str	r0, [r2, #56]
1511:../../STM32Cube_FW_N6/Drivers/STM32N6xx_HAL_Driver/Src/stm32n6xx_ll_sdmmc.c ****   }
 2913              		.loc 1 1511 5 is_stmt 1 view .LVU874
1511:../../STM32Cube_FW_N6/Drivers/STM32N6xx_HAL_Driver/Src/stm32n6xx_ll_sdmmc.c ****   }
 2914              		.loc 1 1511 12 is_stmt 0 view .LVU875
 2915 0030 7047     		bx	lr
 2916              	.LVL196:
 2917              	.L178:
 2918              	.LBB52:
 2919              	.LBI52:
ARM GAS  C:\Users\Antonio\AppData\Local\Temp\cc9FRrj5.s 			page 100


1490:../../STM32Cube_FW_N6/Drivers/STM32N6xx_HAL_Driver/Src/stm32n6xx_ll_sdmmc.c **** {
 2920              		.loc 1 1490 10 is_stmt 1 view .LVU876
 2921              	.LBB53:
1513:../../STM32Cube_FW_N6/Drivers/STM32N6xx_HAL_Driver/Src/stm32n6xx_ll_sdmmc.c ****   {
 2922              		.loc 1 1513 8 view .LVU877
1513:../../STM32Cube_FW_N6/Drivers/STM32N6xx_HAL_Driver/Src/stm32n6xx_ll_sdmmc.c ****   {
 2923              		.loc 1 1513 12 is_stmt 0 view .LVU878
 2924 0032 506B     		ldr	r0, [r2, #52]
 2925              	.LVL197:
1513:../../STM32Cube_FW_N6/Drivers/STM32N6xx_HAL_Driver/Src/stm32n6xx_ll_sdmmc.c ****   {
 2926              		.loc 1 1513 11 view .LVU879
 2927 0034 10F00100 		ands	r0, r0, #1
1515:../../STM32Cube_FW_N6/Drivers/STM32N6xx_HAL_Driver/Src/stm32n6xx_ll_sdmmc.c **** 
 2928              		.loc 1 1515 5 is_stmt 1 view .LVU880
 2929 0038 14BF     		ite	ne
 2930 003a 0123     		movne	r3, #1
1523:../../STM32Cube_FW_N6/Drivers/STM32N6xx_HAL_Driver/Src/stm32n6xx_ll_sdmmc.c ****   }
 2931              		.loc 1 1523 5 view .LVU881
 2932 003c 034B     		ldreq	r3, .L187+4
 2933 003e 9363     		str	r3, [r2, #56]
1526:../../STM32Cube_FW_N6/Drivers/STM32N6xx_HAL_Driver/Src/stm32n6xx_ll_sdmmc.c **** }
 2934              		.loc 1 1526 3 view .LVU882
1526:../../STM32Cube_FW_N6/Drivers/STM32N6xx_HAL_Driver/Src/stm32n6xx_ll_sdmmc.c **** }
 2935              		.loc 1 1526 10 is_stmt 0 view .LVU883
 2936 0040 7047     		bx	lr
 2937              	.LVL198:
 2938              	.L185:
1526:../../STM32Cube_FW_N6/Drivers/STM32N6xx_HAL_Driver/Src/stm32n6xx_ll_sdmmc.c **** }
 2939              		.loc 1 1526 10 view .LVU884
 2940              	.LBE53:
 2941              	.LBE52:
1501:../../STM32Cube_FW_N6/Drivers/STM32N6xx_HAL_Driver/Src/stm32n6xx_ll_sdmmc.c ****     }
 2942              		.loc 1 1501 14 view .LVU885
 2943 0042 4FF00040 		mov	r0, #-2147483648
 2944              	.LVL199:
1527:../../STM32Cube_FW_N6/Drivers/STM32N6xx_HAL_Driver/Src/stm32n6xx_ll_sdmmc.c **** 
 2945              		.loc 1 1527 1 view .LVU886
 2946 0046 7047     		bx	lr
 2947              	.L188:
 2948              		.align	2
 2949              	.L187:
 2950 0048 00000000 		.word	SystemCoreClock
 2951 004c C5002000 		.word	2097349
 2952              		.cfi_endproc
 2953              	.LFE885:
 2955              		.section	.text.SDMMC_CmdSendCID,"ax",%progbits
 2956              		.align	1
 2957              		.global	SDMMC_CmdSendCID
 2958              		.syntax unified
 2959              		.thumb
 2960              		.thumb_func
 2962              	SDMMC_CmdSendCID:
 2963              	.LVL200:
 2964              	.LFB870:
 994:../../STM32Cube_FW_N6/Drivers/STM32N6xx_HAL_Driver/Src/stm32n6xx_ll_sdmmc.c ****   SDMMC_CmdInitTypeDef  sdmmc_cmdinit;
 2965              		.loc 1 994 1 is_stmt 1 view -0
 2966              		.cfi_startproc
ARM GAS  C:\Users\Antonio\AppData\Local\Temp\cc9FRrj5.s 			page 101


 2967              		@ args = 0, pretend = 0, frame = 24
 2968              		@ frame_needed = 0, uses_anonymous_args = 0
 995:../../STM32Cube_FW_N6/Drivers/STM32N6xx_HAL_Driver/Src/stm32n6xx_ll_sdmmc.c ****   uint32_t errorstate;
 2969              		.loc 1 995 3 view .LVU888
 996:../../STM32Cube_FW_N6/Drivers/STM32N6xx_HAL_Driver/Src/stm32n6xx_ll_sdmmc.c **** 
 2970              		.loc 1 996 3 view .LVU889
 999:../../STM32Cube_FW_N6/Drivers/STM32N6xx_HAL_Driver/Src/stm32n6xx_ll_sdmmc.c ****   sdmmc_cmdinit.CmdIndex         = SDMMC_CMD_ALL_SEND_CID;
 2971              		.loc 1 999 3 view .LVU890
1000:../../STM32Cube_FW_N6/Drivers/STM32N6xx_HAL_Driver/Src/stm32n6xx_ll_sdmmc.c ****   sdmmc_cmdinit.Response         = SDMMC_RESPONSE_LONG;
 2972              		.loc 1 1000 34 is_stmt 0 view .LVU891
 2973 0000 0023     		movs	r3, #0
 2974 0002 0222     		movs	r2, #2
 994:../../STM32Cube_FW_N6/Drivers/STM32N6xx_HAL_Driver/Src/stm32n6xx_ll_sdmmc.c ****   SDMMC_CmdInitTypeDef  sdmmc_cmdinit;
 2975              		.loc 1 994 1 view .LVU892
 2976 0004 10B5     		push	{r4, lr}
 2977              		.cfi_def_cfa_offset 8
 2978              		.cfi_offset 4, -8
 2979              		.cfi_offset 14, -4
 2980 0006 86B0     		sub	sp, sp, #24
 2981              		.cfi_def_cfa_offset 32
1000:../../STM32Cube_FW_N6/Drivers/STM32N6xx_HAL_Driver/Src/stm32n6xx_ll_sdmmc.c ****   sdmmc_cmdinit.Response         = SDMMC_RESPONSE_LONG;
 2982              		.loc 1 1000 34 view .LVU893
 2983 0008 CDE90132 		strd	r3, r2, [sp, #4]
1001:../../STM32Cube_FW_N6/Drivers/STM32N6xx_HAL_Driver/Src/stm32n6xx_ll_sdmmc.c ****   sdmmc_cmdinit.WaitForInterrupt = SDMMC_WAIT_NO;
 2984              		.loc 1 1001 3 is_stmt 1 view .LVU894
1001:../../STM32Cube_FW_N6/Drivers/STM32N6xx_HAL_Driver/Src/stm32n6xx_ll_sdmmc.c ****   sdmmc_cmdinit.WaitForInterrupt = SDMMC_WAIT_NO;
 2985              		.loc 1 1001 34 is_stmt 0 view .LVU895
 2986 000c 4FF44072 		mov	r2, #768
 994:../../STM32Cube_FW_N6/Drivers/STM32N6xx_HAL_Driver/Src/stm32n6xx_ll_sdmmc.c ****   SDMMC_CmdInitTypeDef  sdmmc_cmdinit;
 2987              		.loc 1 994 1 view .LVU896
 2988 0010 0446     		mov	r4, r0
1002:../../STM32Cube_FW_N6/Drivers/STM32N6xx_HAL_Driver/Src/stm32n6xx_ll_sdmmc.c ****   sdmmc_cmdinit.CPSM             = SDMMC_CPSM_ENABLE;
 2989              		.loc 1 1002 34 view .LVU897
 2990 0012 CDE90323 		strd	r2, r3, [sp, #12]
1003:../../STM32Cube_FW_N6/Drivers/STM32N6xx_HAL_Driver/Src/stm32n6xx_ll_sdmmc.c ****   (void)SDMMC_SendCommand(SDMMCx, &sdmmc_cmdinit);
 2991              		.loc 1 1003 3 is_stmt 1 view .LVU898
1003:../../STM32Cube_FW_N6/Drivers/STM32N6xx_HAL_Driver/Src/stm32n6xx_ll_sdmmc.c ****   (void)SDMMC_SendCommand(SDMMCx, &sdmmc_cmdinit);
 2992              		.loc 1 1003 34 is_stmt 0 view .LVU899
 2993 0016 4FF48053 		mov	r3, #4096
1004:../../STM32Cube_FW_N6/Drivers/STM32N6xx_HAL_Driver/Src/stm32n6xx_ll_sdmmc.c **** 
 2994              		.loc 1 1004 9 view .LVU900
 2995 001a 01A9     		add	r1, sp, #4
1003:../../STM32Cube_FW_N6/Drivers/STM32N6xx_HAL_Driver/Src/stm32n6xx_ll_sdmmc.c ****   (void)SDMMC_SendCommand(SDMMCx, &sdmmc_cmdinit);
 2996              		.loc 1 1003 34 view .LVU901
 2997 001c 0593     		str	r3, [sp, #20]
1004:../../STM32Cube_FW_N6/Drivers/STM32N6xx_HAL_Driver/Src/stm32n6xx_ll_sdmmc.c **** 
 2998              		.loc 1 1004 3 is_stmt 1 view .LVU902
1004:../../STM32Cube_FW_N6/Drivers/STM32N6xx_HAL_Driver/Src/stm32n6xx_ll_sdmmc.c **** 
 2999              		.loc 1 1004 9 is_stmt 0 view .LVU903
 3000 001e FFF7FEFF 		bl	SDMMC_SendCommand
 3001              	.LVL201:
1007:../../STM32Cube_FW_N6/Drivers/STM32N6xx_HAL_Driver/Src/stm32n6xx_ll_sdmmc.c **** 
 3002              		.loc 1 1007 3 is_stmt 1 view .LVU904
1007:../../STM32Cube_FW_N6/Drivers/STM32N6xx_HAL_Driver/Src/stm32n6xx_ll_sdmmc.c **** 
 3003              		.loc 1 1007 16 is_stmt 0 view .LVU905
 3004 0022 2046     		mov	r0, r4
1010:../../STM32Cube_FW_N6/Drivers/STM32N6xx_HAL_Driver/Src/stm32n6xx_ll_sdmmc.c **** 
ARM GAS  C:\Users\Antonio\AppData\Local\Temp\cc9FRrj5.s 			page 102


 3005              		.loc 1 1010 1 view .LVU906
 3006 0024 06B0     		add	sp, sp, #24
 3007              		.cfi_def_cfa_offset 8
 3008              		@ sp needed
 3009 0026 BDE81040 		pop	{r4, lr}
 3010              		.cfi_restore 14
 3011              		.cfi_restore 4
 3012              		.cfi_def_cfa_offset 0
 3013              	.LVL202:
1007:../../STM32Cube_FW_N6/Drivers/STM32N6xx_HAL_Driver/Src/stm32n6xx_ll_sdmmc.c **** 
 3014              		.loc 1 1007 16 view .LVU907
 3015 002a FFF7FEBF 		b	SDMMC_GetCmdResp2
 3016              	.LVL203:
1007:../../STM32Cube_FW_N6/Drivers/STM32N6xx_HAL_Driver/Src/stm32n6xx_ll_sdmmc.c **** 
 3017              		.loc 1 1007 16 view .LVU908
 3018              		.cfi_endproc
 3019              	.LFE870:
 3021              		.section	.text.SDMMC_CmdSendCSD,"ax",%progbits
 3022              		.align	1
 3023              		.global	SDMMC_CmdSendCSD
 3024              		.syntax unified
 3025              		.thumb
 3026              		.thumb_func
 3028              	SDMMC_CmdSendCSD:
 3029              	.LVL204:
 3030              	.LFB871:
1019:../../STM32Cube_FW_N6/Drivers/STM32N6xx_HAL_Driver/Src/stm32n6xx_ll_sdmmc.c ****   SDMMC_CmdInitTypeDef  sdmmc_cmdinit;
 3031              		.loc 1 1019 1 is_stmt 1 view -0
 3032              		.cfi_startproc
 3033              		@ args = 0, pretend = 0, frame = 24
 3034              		@ frame_needed = 0, uses_anonymous_args = 0
1020:../../STM32Cube_FW_N6/Drivers/STM32N6xx_HAL_Driver/Src/stm32n6xx_ll_sdmmc.c ****   uint32_t errorstate;
 3035              		.loc 1 1020 3 view .LVU910
1021:../../STM32Cube_FW_N6/Drivers/STM32N6xx_HAL_Driver/Src/stm32n6xx_ll_sdmmc.c **** 
 3036              		.loc 1 1021 3 view .LVU911
1024:../../STM32Cube_FW_N6/Drivers/STM32N6xx_HAL_Driver/Src/stm32n6xx_ll_sdmmc.c ****   sdmmc_cmdinit.CmdIndex         = SDMMC_CMD_SEND_CSD;
 3037              		.loc 1 1024 3 view .LVU912
1026:../../STM32Cube_FW_N6/Drivers/STM32N6xx_HAL_Driver/Src/stm32n6xx_ll_sdmmc.c ****   sdmmc_cmdinit.WaitForInterrupt = SDMMC_WAIT_NO;
 3038              		.loc 1 1026 34 is_stmt 0 view .LVU913
 3039 0000 0922     		movs	r2, #9
 3040 0002 4FF44073 		mov	r3, #768
1019:../../STM32Cube_FW_N6/Drivers/STM32N6xx_HAL_Driver/Src/stm32n6xx_ll_sdmmc.c ****   SDMMC_CmdInitTypeDef  sdmmc_cmdinit;
 3041              		.loc 1 1019 1 view .LVU914
 3042 0006 10B5     		push	{r4, lr}
 3043              		.cfi_def_cfa_offset 8
 3044              		.cfi_offset 4, -8
 3045              		.cfi_offset 14, -4
 3046 0008 86B0     		sub	sp, sp, #24
 3047              		.cfi_def_cfa_offset 32
1026:../../STM32Cube_FW_N6/Drivers/STM32N6xx_HAL_Driver/Src/stm32n6xx_ll_sdmmc.c ****   sdmmc_cmdinit.WaitForInterrupt = SDMMC_WAIT_NO;
 3048              		.loc 1 1026 34 view .LVU915
 3049 000a CDE90223 		strd	r2, r3, [sp, #8]
1024:../../STM32Cube_FW_N6/Drivers/STM32N6xx_HAL_Driver/Src/stm32n6xx_ll_sdmmc.c ****   sdmmc_cmdinit.CmdIndex         = SDMMC_CMD_SEND_CSD;
 3050              		.loc 1 1024 34 view .LVU916
 3051 000e 0191     		str	r1, [sp, #4]
1025:../../STM32Cube_FW_N6/Drivers/STM32N6xx_HAL_Driver/Src/stm32n6xx_ll_sdmmc.c ****   sdmmc_cmdinit.Response         = SDMMC_RESPONSE_LONG;
 3052              		.loc 1 1025 3 is_stmt 1 view .LVU917
ARM GAS  C:\Users\Antonio\AppData\Local\Temp\cc9FRrj5.s 			page 103


1027:../../STM32Cube_FW_N6/Drivers/STM32N6xx_HAL_Driver/Src/stm32n6xx_ll_sdmmc.c ****   sdmmc_cmdinit.CPSM             = SDMMC_CPSM_ENABLE;
 3053              		.loc 1 1027 3 view .LVU918
1028:../../STM32Cube_FW_N6/Drivers/STM32N6xx_HAL_Driver/Src/stm32n6xx_ll_sdmmc.c ****   (void)SDMMC_SendCommand(SDMMCx, &sdmmc_cmdinit);
 3054              		.loc 1 1028 34 is_stmt 0 view .LVU919
 3055 0010 4FF48053 		mov	r3, #4096
 3056 0014 0021     		movs	r1, #0
 3057              	.LVL205:
1019:../../STM32Cube_FW_N6/Drivers/STM32N6xx_HAL_Driver/Src/stm32n6xx_ll_sdmmc.c ****   SDMMC_CmdInitTypeDef  sdmmc_cmdinit;
 3058              		.loc 1 1019 1 view .LVU920
 3059 0016 0446     		mov	r4, r0
1028:../../STM32Cube_FW_N6/Drivers/STM32N6xx_HAL_Driver/Src/stm32n6xx_ll_sdmmc.c ****   (void)SDMMC_SendCommand(SDMMCx, &sdmmc_cmdinit);
 3060              		.loc 1 1028 34 view .LVU921
 3061 0018 CDE90413 		strd	r1, r3, [sp, #16]
1029:../../STM32Cube_FW_N6/Drivers/STM32N6xx_HAL_Driver/Src/stm32n6xx_ll_sdmmc.c **** 
 3062              		.loc 1 1029 3 is_stmt 1 view .LVU922
1029:../../STM32Cube_FW_N6/Drivers/STM32N6xx_HAL_Driver/Src/stm32n6xx_ll_sdmmc.c **** 
 3063              		.loc 1 1029 9 is_stmt 0 view .LVU923
 3064 001c 01A9     		add	r1, sp, #4
 3065              	.LVL206:
1029:../../STM32Cube_FW_N6/Drivers/STM32N6xx_HAL_Driver/Src/stm32n6xx_ll_sdmmc.c **** 
 3066              		.loc 1 1029 9 view .LVU924
 3067 001e FFF7FEFF 		bl	SDMMC_SendCommand
 3068              	.LVL207:
1032:../../STM32Cube_FW_N6/Drivers/STM32N6xx_HAL_Driver/Src/stm32n6xx_ll_sdmmc.c **** 
 3069              		.loc 1 1032 3 is_stmt 1 view .LVU925
1032:../../STM32Cube_FW_N6/Drivers/STM32N6xx_HAL_Driver/Src/stm32n6xx_ll_sdmmc.c **** 
 3070              		.loc 1 1032 16 is_stmt 0 view .LVU926
 3071 0022 2046     		mov	r0, r4
1035:../../STM32Cube_FW_N6/Drivers/STM32N6xx_HAL_Driver/Src/stm32n6xx_ll_sdmmc.c **** 
 3072              		.loc 1 1035 1 view .LVU927
 3073 0024 06B0     		add	sp, sp, #24
 3074              		.cfi_def_cfa_offset 8
 3075              		@ sp needed
 3076 0026 BDE81040 		pop	{r4, lr}
 3077              		.cfi_restore 14
 3078              		.cfi_restore 4
 3079              		.cfi_def_cfa_offset 0
 3080              	.LVL208:
1032:../../STM32Cube_FW_N6/Drivers/STM32N6xx_HAL_Driver/Src/stm32n6xx_ll_sdmmc.c **** 
 3081              		.loc 1 1032 16 view .LVU928
 3082 002a FFF7FEBF 		b	SDMMC_GetCmdResp2
 3083              	.LVL209:
1032:../../STM32Cube_FW_N6/Drivers/STM32N6xx_HAL_Driver/Src/stm32n6xx_ll_sdmmc.c **** 
 3084              		.loc 1 1032 16 view .LVU929
 3085              		.cfi_endproc
 3086              	.LFE871:
 3088              		.section	.text.SDMMC_GetCmdResp3,"ax",%progbits
 3089              		.align	1
 3090              		.global	SDMMC_GetCmdResp3
 3091              		.syntax unified
 3092              		.thumb
 3093              		.thumb_func
 3095              	SDMMC_GetCmdResp3:
 3096              	.LVL210:
 3097              	.LFB886:
1535:../../STM32Cube_FW_N6/Drivers/STM32N6xx_HAL_Driver/Src/stm32n6xx_ll_sdmmc.c ****   uint32_t sta_reg;
 3098              		.loc 1 1535 1 is_stmt 1 view -0
ARM GAS  C:\Users\Antonio\AppData\Local\Temp\cc9FRrj5.s 			page 104


 3099              		.cfi_startproc
 3100              		@ args = 0, pretend = 0, frame = 0
 3101              		@ frame_needed = 0, uses_anonymous_args = 0
 3102              		@ link register save eliminated.
1536:../../STM32Cube_FW_N6/Drivers/STM32N6xx_HAL_Driver/Src/stm32n6xx_ll_sdmmc.c ****   /* 8 is the number of required instructions cycles for the below loop statement.
 3103              		.loc 1 1536 3 view .LVU931
1539:../../STM32Cube_FW_N6/Drivers/STM32N6xx_HAL_Driver/Src/stm32n6xx_ll_sdmmc.c **** 
 3104              		.loc 1 1539 3 view .LVU932
1539:../../STM32Cube_FW_N6/Drivers/STM32N6xx_HAL_Driver/Src/stm32n6xx_ll_sdmmc.c **** 
 3105              		.loc 1 1539 61 is_stmt 0 view .LVU933
 3106 0000 4FF4FA51 		mov	r1, #8000
 3107 0004 0E4B     		ldr	r3, .L202
1535:../../STM32Cube_FW_N6/Drivers/STM32N6xx_HAL_Driver/Src/stm32n6xx_ll_sdmmc.c ****   uint32_t sta_reg;
 3108              		.loc 1 1535 1 view .LVU934
 3109 0006 0246     		mov	r2, r0
1539:../../STM32Cube_FW_N6/Drivers/STM32N6xx_HAL_Driver/Src/stm32n6xx_ll_sdmmc.c **** 
 3110              		.loc 1 1539 61 view .LVU935
 3111 0008 1B68     		ldr	r3, [r3]
 3112 000a B3FBF1F3 		udiv	r3, r3, r1
1539:../../STM32Cube_FW_N6/Drivers/STM32N6xx_HAL_Driver/Src/stm32n6xx_ll_sdmmc.c **** 
 3113              		.loc 1 1539 12 view .LVU936
 3114 000e 41F28831 		movw	r1, #5000
 3115 0012 4B43     		muls	r3, r1, r3
 3116              	.LVL211:
1539:../../STM32Cube_FW_N6/Drivers/STM32N6xx_HAL_Driver/Src/stm32n6xx_ll_sdmmc.c **** 
 3117              		.loc 1 1539 12 view .LVU937
 3118 0014 0133     		adds	r3, r3, #1
 3119              	.LVL212:
 3120              	.L192:
1541:../../STM32Cube_FW_N6/Drivers/STM32N6xx_HAL_Driver/Src/stm32n6xx_ll_sdmmc.c ****   {
 3121              		.loc 1 1541 3 is_stmt 1 view .LVU938
1543:../../STM32Cube_FW_N6/Drivers/STM32N6xx_HAL_Driver/Src/stm32n6xx_ll_sdmmc.c ****     {
 3122              		.loc 1 1543 5 view .LVU939
1543:../../STM32Cube_FW_N6/Drivers/STM32N6xx_HAL_Driver/Src/stm32n6xx_ll_sdmmc.c ****     {
 3123              		.loc 1 1543 8 is_stmt 0 view .LVU940
 3124 0016 013B     		subs	r3, r3, #1
 3125 0018 0ED0     		beq	.L201
1547:../../STM32Cube_FW_N6/Drivers/STM32N6xx_HAL_Driver/Src/stm32n6xx_ll_sdmmc.c ****   } while (((sta_reg & (SDMMC_FLAG_CCRCFAIL | SDMMC_FLAG_CMDREND | SDMMC_FLAG_CTIMEOUT)) == 0U) ||
 3126              		.loc 1 1547 5 is_stmt 1 view .LVU941
1547:../../STM32Cube_FW_N6/Drivers/STM32N6xx_HAL_Driver/Src/stm32n6xx_ll_sdmmc.c ****   } while (((sta_reg & (SDMMC_FLAG_CCRCFAIL | SDMMC_FLAG_CMDREND | SDMMC_FLAG_CTIMEOUT)) == 0U) ||
 3127              		.loc 1 1547 13 is_stmt 0 view .LVU942
 3128 001a 516B     		ldr	r1, [r2, #52]
 3129              	.LVL213:
1548:../../STM32Cube_FW_N6/Drivers/STM32N6xx_HAL_Driver/Src/stm32n6xx_ll_sdmmc.c ****            ((sta_reg & SDMMC_FLAG_CMDACT) != 0U));
 3130              		.loc 1 1548 97 is_stmt 1 view .LVU943
 3131 001c 11F0450F 		tst	r1, #69
 3132 0020 F9D0     		beq	.L192
1548:../../STM32Cube_FW_N6/Drivers/STM32N6xx_HAL_Driver/Src/stm32n6xx_ll_sdmmc.c ****            ((sta_reg & SDMMC_FLAG_CMDACT) != 0U));
 3133              		.loc 1 1548 97 is_stmt 0 discriminator 1 view .LVU944
 3134 0022 8904     		lsls	r1, r1, #18
 3135              	.LVL214:
1548:../../STM32Cube_FW_N6/Drivers/STM32N6xx_HAL_Driver/Src/stm32n6xx_ll_sdmmc.c ****            ((sta_reg & SDMMC_FLAG_CMDACT) != 0U));
 3136              		.loc 1 1548 97 discriminator 1 view .LVU945
 3137 0024 F7D4     		bmi	.L192
 3138              	.LVL215:
 3139              	.LBB56:
 3140              	.LBI56:
ARM GAS  C:\Users\Antonio\AppData\Local\Temp\cc9FRrj5.s 			page 105


1534:../../STM32Cube_FW_N6/Drivers/STM32N6xx_HAL_Driver/Src/stm32n6xx_ll_sdmmc.c **** {
 3141              		.loc 1 1534 10 is_stmt 1 view .LVU946
 3142              	.LBB57:
1551:../../STM32Cube_FW_N6/Drivers/STM32N6xx_HAL_Driver/Src/stm32n6xx_ll_sdmmc.c ****   {
 3143              		.loc 1 1551 3 view .LVU947
1551:../../STM32Cube_FW_N6/Drivers/STM32N6xx_HAL_Driver/Src/stm32n6xx_ll_sdmmc.c ****   {
 3144              		.loc 1 1551 7 is_stmt 0 view .LVU948
 3145 0026 506B     		ldr	r0, [r2, #52]
 3146              	.LVL216:
1551:../../STM32Cube_FW_N6/Drivers/STM32N6xx_HAL_Driver/Src/stm32n6xx_ll_sdmmc.c ****   {
 3147              		.loc 1 1551 6 view .LVU949
 3148 0028 10F00400 		ands	r0, r0, #4
1553:../../STM32Cube_FW_N6/Drivers/STM32N6xx_HAL_Driver/Src/stm32n6xx_ll_sdmmc.c **** 
 3149              		.loc 1 1553 5 is_stmt 1 view .LVU950
 3150 002c 15BF     		itete	ne
 3151 002e 0420     		movne	r0, #4
1560:../../STM32Cube_FW_N6/Drivers/STM32N6xx_HAL_Driver/Src/stm32n6xx_ll_sdmmc.c ****   }
 3152              		.loc 1 1560 5 is_stmt 0 view .LVU951
 3153 0030 044B     		ldreq	r3, .L202+4
1553:../../STM32Cube_FW_N6/Drivers/STM32N6xx_HAL_Driver/Src/stm32n6xx_ll_sdmmc.c **** 
 3154              		.loc 1 1553 5 view .LVU952
 3155 0032 9063     		strne	r0, [r2, #56]
1555:../../STM32Cube_FW_N6/Drivers/STM32N6xx_HAL_Driver/Src/stm32n6xx_ll_sdmmc.c ****   }
 3156              		.loc 1 1555 5 is_stmt 1 view .LVU953
1560:../../STM32Cube_FW_N6/Drivers/STM32N6xx_HAL_Driver/Src/stm32n6xx_ll_sdmmc.c ****   }
 3157              		.loc 1 1560 5 view .LVU954
 3158 0034 9363     		streq	r3, [r2, #56]
1563:../../STM32Cube_FW_N6/Drivers/STM32N6xx_HAL_Driver/Src/stm32n6xx_ll_sdmmc.c **** }
 3159              		.loc 1 1563 3 view .LVU955
1563:../../STM32Cube_FW_N6/Drivers/STM32N6xx_HAL_Driver/Src/stm32n6xx_ll_sdmmc.c **** }
 3160              		.loc 1 1563 10 is_stmt 0 view .LVU956
 3161 0036 7047     		bx	lr
 3162              	.LVL217:
 3163              	.L201:
1563:../../STM32Cube_FW_N6/Drivers/STM32N6xx_HAL_Driver/Src/stm32n6xx_ll_sdmmc.c **** }
 3164              		.loc 1 1563 10 view .LVU957
 3165              	.LBE57:
 3166              	.LBE56:
1545:../../STM32Cube_FW_N6/Drivers/STM32N6xx_HAL_Driver/Src/stm32n6xx_ll_sdmmc.c ****     }
 3167              		.loc 1 1545 14 view .LVU958
 3168 0038 4FF00040 		mov	r0, #-2147483648
 3169              	.LVL218:
1564:../../STM32Cube_FW_N6/Drivers/STM32N6xx_HAL_Driver/Src/stm32n6xx_ll_sdmmc.c **** 
 3170              		.loc 1 1564 1 view .LVU959
 3171 003c 7047     		bx	lr
 3172              	.L203:
 3173 003e 00BF     		.align	2
 3174              	.L202:
 3175 0040 00000000 		.word	SystemCoreClock
 3176 0044 C5002000 		.word	2097349
 3177              		.cfi_endproc
 3178              	.LFE886:
 3180              		.section	.text.SDMMC_CmdAppOperCommand,"ax",%progbits
 3181              		.align	1
 3182              		.global	SDMMC_CmdAppOperCommand
 3183              		.syntax unified
 3184              		.thumb
ARM GAS  C:\Users\Antonio\AppData\Local\Temp\cc9FRrj5.s 			page 106


 3185              		.thumb_func
 3187              	SDMMC_CmdAppOperCommand:
 3188              	.LVL219:
 3189              	.LFB867:
 923:../../STM32Cube_FW_N6/Drivers/STM32N6xx_HAL_Driver/Src/stm32n6xx_ll_sdmmc.c ****   SDMMC_CmdInitTypeDef  sdmmc_cmdinit;
 3190              		.loc 1 923 1 is_stmt 1 view -0
 3191              		.cfi_startproc
 3192              		@ args = 0, pretend = 0, frame = 24
 3193              		@ frame_needed = 0, uses_anonymous_args = 0
 924:../../STM32Cube_FW_N6/Drivers/STM32N6xx_HAL_Driver/Src/stm32n6xx_ll_sdmmc.c ****   uint32_t errorstate;
 3194              		.loc 1 924 3 view .LVU961
 925:../../STM32Cube_FW_N6/Drivers/STM32N6xx_HAL_Driver/Src/stm32n6xx_ll_sdmmc.c **** 
 3195              		.loc 1 925 3 view .LVU962
 927:../../STM32Cube_FW_N6/Drivers/STM32N6xx_HAL_Driver/Src/stm32n6xx_ll_sdmmc.c ****   sdmmc_cmdinit.CmdIndex         = SDMMC_CMD_SD_APP_OP_COND;
 3196              		.loc 1 927 3 view .LVU963
 929:../../STM32Cube_FW_N6/Drivers/STM32N6xx_HAL_Driver/Src/stm32n6xx_ll_sdmmc.c ****   sdmmc_cmdinit.WaitForInterrupt = SDMMC_WAIT_NO;
 3197              		.loc 1 929 34 is_stmt 0 view .LVU964
 3198 0000 2922     		movs	r2, #41
 3199 0002 4FF48073 		mov	r3, #256
 923:../../STM32Cube_FW_N6/Drivers/STM32N6xx_HAL_Driver/Src/stm32n6xx_ll_sdmmc.c ****   SDMMC_CmdInitTypeDef  sdmmc_cmdinit;
 3200              		.loc 1 923 1 view .LVU965
 3201 0006 10B5     		push	{r4, lr}
 3202              		.cfi_def_cfa_offset 8
 3203              		.cfi_offset 4, -8
 3204              		.cfi_offset 14, -4
 3205 0008 86B0     		sub	sp, sp, #24
 3206              		.cfi_def_cfa_offset 32
 929:../../STM32Cube_FW_N6/Drivers/STM32N6xx_HAL_Driver/Src/stm32n6xx_ll_sdmmc.c ****   sdmmc_cmdinit.WaitForInterrupt = SDMMC_WAIT_NO;
 3207              		.loc 1 929 34 view .LVU966
 3208 000a CDE90223 		strd	r2, r3, [sp, #8]
 927:../../STM32Cube_FW_N6/Drivers/STM32N6xx_HAL_Driver/Src/stm32n6xx_ll_sdmmc.c ****   sdmmc_cmdinit.CmdIndex         = SDMMC_CMD_SD_APP_OP_COND;
 3209              		.loc 1 927 34 view .LVU967
 3210 000e 0191     		str	r1, [sp, #4]
 928:../../STM32Cube_FW_N6/Drivers/STM32N6xx_HAL_Driver/Src/stm32n6xx_ll_sdmmc.c ****   sdmmc_cmdinit.Response         = SDMMC_RESPONSE_SHORT;
 3211              		.loc 1 928 3 is_stmt 1 view .LVU968
 930:../../STM32Cube_FW_N6/Drivers/STM32N6xx_HAL_Driver/Src/stm32n6xx_ll_sdmmc.c ****   sdmmc_cmdinit.CPSM             = SDMMC_CPSM_ENABLE;
 3212              		.loc 1 930 3 view .LVU969
 931:../../STM32Cube_FW_N6/Drivers/STM32N6xx_HAL_Driver/Src/stm32n6xx_ll_sdmmc.c ****   (void)SDMMC_SendCommand(SDMMCx, &sdmmc_cmdinit);
 3213              		.loc 1 931 34 is_stmt 0 view .LVU970
 3214 0010 4FF48053 		mov	r3, #4096
 3215 0014 0021     		movs	r1, #0
 3216              	.LVL220:
 923:../../STM32Cube_FW_N6/Drivers/STM32N6xx_HAL_Driver/Src/stm32n6xx_ll_sdmmc.c ****   SDMMC_CmdInitTypeDef  sdmmc_cmdinit;
 3217              		.loc 1 923 1 view .LVU971
 3218 0016 0446     		mov	r4, r0
 931:../../STM32Cube_FW_N6/Drivers/STM32N6xx_HAL_Driver/Src/stm32n6xx_ll_sdmmc.c ****   (void)SDMMC_SendCommand(SDMMCx, &sdmmc_cmdinit);
 3219              		.loc 1 931 34 view .LVU972
 3220 0018 CDE90413 		strd	r1, r3, [sp, #16]
 932:../../STM32Cube_FW_N6/Drivers/STM32N6xx_HAL_Driver/Src/stm32n6xx_ll_sdmmc.c **** 
 3221              		.loc 1 932 3 is_stmt 1 view .LVU973
 932:../../STM32Cube_FW_N6/Drivers/STM32N6xx_HAL_Driver/Src/stm32n6xx_ll_sdmmc.c **** 
 3222              		.loc 1 932 9 is_stmt 0 view .LVU974
 3223 001c 01A9     		add	r1, sp, #4
 3224              	.LVL221:
 932:../../STM32Cube_FW_N6/Drivers/STM32N6xx_HAL_Driver/Src/stm32n6xx_ll_sdmmc.c **** 
 3225              		.loc 1 932 9 view .LVU975
 3226 001e FFF7FEFF 		bl	SDMMC_SendCommand
ARM GAS  C:\Users\Antonio\AppData\Local\Temp\cc9FRrj5.s 			page 107


 3227              	.LVL222:
 935:../../STM32Cube_FW_N6/Drivers/STM32N6xx_HAL_Driver/Src/stm32n6xx_ll_sdmmc.c **** 
 3228              		.loc 1 935 3 is_stmt 1 view .LVU976
 935:../../STM32Cube_FW_N6/Drivers/STM32N6xx_HAL_Driver/Src/stm32n6xx_ll_sdmmc.c **** 
 3229              		.loc 1 935 16 is_stmt 0 view .LVU977
 3230 0022 2046     		mov	r0, r4
 938:../../STM32Cube_FW_N6/Drivers/STM32N6xx_HAL_Driver/Src/stm32n6xx_ll_sdmmc.c **** 
 3231              		.loc 1 938 1 view .LVU978
 3232 0024 06B0     		add	sp, sp, #24
 3233              		.cfi_def_cfa_offset 8
 3234              		@ sp needed
 3235 0026 BDE81040 		pop	{r4, lr}
 3236              		.cfi_restore 14
 3237              		.cfi_restore 4
 3238              		.cfi_def_cfa_offset 0
 3239              	.LVL223:
 935:../../STM32Cube_FW_N6/Drivers/STM32N6xx_HAL_Driver/Src/stm32n6xx_ll_sdmmc.c **** 
 3240              		.loc 1 935 16 view .LVU979
 3241 002a FFF7FEBF 		b	SDMMC_GetCmdResp3
 3242              	.LVL224:
 935:../../STM32Cube_FW_N6/Drivers/STM32N6xx_HAL_Driver/Src/stm32n6xx_ll_sdmmc.c **** 
 3243              		.loc 1 935 16 view .LVU980
 3244              		.cfi_endproc
 3245              	.LFE867:
 3247              		.section	.text.SDMMC_CmdOpCondition,"ax",%progbits
 3248              		.align	1
 3249              		.global	SDMMC_CmdOpCondition
 3250              		.syntax unified
 3251              		.thumb
 3252              		.thumb_func
 3254              	SDMMC_CmdOpCondition:
 3255              	.LVL225:
 3256              	.LFB877:
1167:../../STM32Cube_FW_N6/Drivers/STM32N6xx_HAL_Driver/Src/stm32n6xx_ll_sdmmc.c ****   SDMMC_CmdInitTypeDef  sdmmc_cmdinit;
 3257              		.loc 1 1167 1 is_stmt 1 view -0
 3258              		.cfi_startproc
 3259              		@ args = 0, pretend = 0, frame = 24
 3260              		@ frame_needed = 0, uses_anonymous_args = 0
1168:../../STM32Cube_FW_N6/Drivers/STM32N6xx_HAL_Driver/Src/stm32n6xx_ll_sdmmc.c ****   uint32_t errorstate;
 3261              		.loc 1 1168 3 view .LVU982
1169:../../STM32Cube_FW_N6/Drivers/STM32N6xx_HAL_Driver/Src/stm32n6xx_ll_sdmmc.c **** 
 3262              		.loc 1 1169 3 view .LVU983
1171:../../STM32Cube_FW_N6/Drivers/STM32N6xx_HAL_Driver/Src/stm32n6xx_ll_sdmmc.c ****   sdmmc_cmdinit.CmdIndex         = SDMMC_CMD_SEND_OP_COND;
 3263              		.loc 1 1171 3 view .LVU984
1173:../../STM32Cube_FW_N6/Drivers/STM32N6xx_HAL_Driver/Src/stm32n6xx_ll_sdmmc.c ****   sdmmc_cmdinit.WaitForInterrupt = SDMMC_WAIT_NO;
 3264              		.loc 1 1173 34 is_stmt 0 view .LVU985
 3265 0000 0122     		movs	r2, #1
 3266 0002 4FF48073 		mov	r3, #256
1167:../../STM32Cube_FW_N6/Drivers/STM32N6xx_HAL_Driver/Src/stm32n6xx_ll_sdmmc.c ****   SDMMC_CmdInitTypeDef  sdmmc_cmdinit;
 3267              		.loc 1 1167 1 view .LVU986
 3268 0006 10B5     		push	{r4, lr}
 3269              		.cfi_def_cfa_offset 8
 3270              		.cfi_offset 4, -8
 3271              		.cfi_offset 14, -4
 3272 0008 86B0     		sub	sp, sp, #24
 3273              		.cfi_def_cfa_offset 32
1173:../../STM32Cube_FW_N6/Drivers/STM32N6xx_HAL_Driver/Src/stm32n6xx_ll_sdmmc.c ****   sdmmc_cmdinit.WaitForInterrupt = SDMMC_WAIT_NO;
ARM GAS  C:\Users\Antonio\AppData\Local\Temp\cc9FRrj5.s 			page 108


 3274              		.loc 1 1173 34 view .LVU987
 3275 000a CDE90223 		strd	r2, r3, [sp, #8]
1171:../../STM32Cube_FW_N6/Drivers/STM32N6xx_HAL_Driver/Src/stm32n6xx_ll_sdmmc.c ****   sdmmc_cmdinit.CmdIndex         = SDMMC_CMD_SEND_OP_COND;
 3276              		.loc 1 1171 34 view .LVU988
 3277 000e 0191     		str	r1, [sp, #4]
1172:../../STM32Cube_FW_N6/Drivers/STM32N6xx_HAL_Driver/Src/stm32n6xx_ll_sdmmc.c ****   sdmmc_cmdinit.Response         = SDMMC_RESPONSE_SHORT;
 3278              		.loc 1 1172 3 is_stmt 1 view .LVU989
1174:../../STM32Cube_FW_N6/Drivers/STM32N6xx_HAL_Driver/Src/stm32n6xx_ll_sdmmc.c ****   sdmmc_cmdinit.CPSM             = SDMMC_CPSM_ENABLE;
 3279              		.loc 1 1174 3 view .LVU990
1175:../../STM32Cube_FW_N6/Drivers/STM32N6xx_HAL_Driver/Src/stm32n6xx_ll_sdmmc.c ****   (void)SDMMC_SendCommand(SDMMCx, &sdmmc_cmdinit);
 3280              		.loc 1 1175 34 is_stmt 0 view .LVU991
 3281 0010 4FF48053 		mov	r3, #4096
 3282 0014 0021     		movs	r1, #0
 3283              	.LVL226:
1167:../../STM32Cube_FW_N6/Drivers/STM32N6xx_HAL_Driver/Src/stm32n6xx_ll_sdmmc.c ****   SDMMC_CmdInitTypeDef  sdmmc_cmdinit;
 3284              		.loc 1 1167 1 view .LVU992
 3285 0016 0446     		mov	r4, r0
1175:../../STM32Cube_FW_N6/Drivers/STM32N6xx_HAL_Driver/Src/stm32n6xx_ll_sdmmc.c ****   (void)SDMMC_SendCommand(SDMMCx, &sdmmc_cmdinit);
 3286              		.loc 1 1175 34 view .LVU993
 3287 0018 CDE90413 		strd	r1, r3, [sp, #16]
1176:../../STM32Cube_FW_N6/Drivers/STM32N6xx_HAL_Driver/Src/stm32n6xx_ll_sdmmc.c **** 
 3288              		.loc 1 1176 3 is_stmt 1 view .LVU994
1176:../../STM32Cube_FW_N6/Drivers/STM32N6xx_HAL_Driver/Src/stm32n6xx_ll_sdmmc.c **** 
 3289              		.loc 1 1176 9 is_stmt 0 view .LVU995
 3290 001c 01A9     		add	r1, sp, #4
 3291              	.LVL227:
1176:../../STM32Cube_FW_N6/Drivers/STM32N6xx_HAL_Driver/Src/stm32n6xx_ll_sdmmc.c **** 
 3292              		.loc 1 1176 9 view .LVU996
 3293 001e FFF7FEFF 		bl	SDMMC_SendCommand
 3294              	.LVL228:
1179:../../STM32Cube_FW_N6/Drivers/STM32N6xx_HAL_Driver/Src/stm32n6xx_ll_sdmmc.c **** 
 3295              		.loc 1 1179 3 is_stmt 1 view .LVU997
1179:../../STM32Cube_FW_N6/Drivers/STM32N6xx_HAL_Driver/Src/stm32n6xx_ll_sdmmc.c **** 
 3296              		.loc 1 1179 16 is_stmt 0 view .LVU998
 3297 0022 2046     		mov	r0, r4
1182:../../STM32Cube_FW_N6/Drivers/STM32N6xx_HAL_Driver/Src/stm32n6xx_ll_sdmmc.c **** 
 3298              		.loc 1 1182 1 view .LVU999
 3299 0024 06B0     		add	sp, sp, #24
 3300              		.cfi_def_cfa_offset 8
 3301              		@ sp needed
 3302 0026 BDE81040 		pop	{r4, lr}
 3303              		.cfi_restore 14
 3304              		.cfi_restore 4
 3305              		.cfi_def_cfa_offset 0
 3306              	.LVL229:
1179:../../STM32Cube_FW_N6/Drivers/STM32N6xx_HAL_Driver/Src/stm32n6xx_ll_sdmmc.c **** 
 3307              		.loc 1 1179 16 view .LVU1000
 3308 002a FFF7FEBF 		b	SDMMC_GetCmdResp3
 3309              	.LVL230:
1179:../../STM32Cube_FW_N6/Drivers/STM32N6xx_HAL_Driver/Src/stm32n6xx_ll_sdmmc.c **** 
 3310              		.loc 1 1179 16 view .LVU1001
 3311              		.cfi_endproc
 3312              	.LFE877:
 3314              		.section	.text.SDMMC_GetCmdResp4,"ax",%progbits
 3315              		.align	1
 3316              		.global	SDMMC_GetCmdResp4
 3317              		.syntax unified
ARM GAS  C:\Users\Antonio\AppData\Local\Temp\cc9FRrj5.s 			page 109


 3318              		.thumb
 3319              		.thumb_func
 3321              	SDMMC_GetCmdResp4:
 3322              	.LVL231:
 3323              	.LFB887:
1573:../../STM32Cube_FW_N6/Drivers/STM32N6xx_HAL_Driver/Src/stm32n6xx_ll_sdmmc.c ****   uint32_t sta_reg;
 3324              		.loc 1 1573 1 is_stmt 1 view -0
 3325              		.cfi_startproc
 3326              		@ args = 0, pretend = 0, frame = 0
 3327              		@ frame_needed = 0, uses_anonymous_args = 0
 3328              		@ link register save eliminated.
1574:../../STM32Cube_FW_N6/Drivers/STM32N6xx_HAL_Driver/Src/stm32n6xx_ll_sdmmc.c **** 
 3329              		.loc 1 1574 3 view .LVU1003
1578:../../STM32Cube_FW_N6/Drivers/STM32N6xx_HAL_Driver/Src/stm32n6xx_ll_sdmmc.c **** 
 3330              		.loc 1 1578 3 view .LVU1004
1573:../../STM32Cube_FW_N6/Drivers/STM32N6xx_HAL_Driver/Src/stm32n6xx_ll_sdmmc.c ****   uint32_t sta_reg;
 3331              		.loc 1 1573 1 is_stmt 0 view .LVU1005
 3332 0000 0246     		mov	r2, r0
1578:../../STM32Cube_FW_N6/Drivers/STM32N6xx_HAL_Driver/Src/stm32n6xx_ll_sdmmc.c **** 
 3333              		.loc 1 1578 61 view .LVU1006
 3334 0002 4FF4FA50 		mov	r0, #8000
 3335              	.LVL232:
1578:../../STM32Cube_FW_N6/Drivers/STM32N6xx_HAL_Driver/Src/stm32n6xx_ll_sdmmc.c **** 
 3336              		.loc 1 1578 61 view .LVU1007
 3337 0006 104B     		ldr	r3, .L217
 3338 0008 1B68     		ldr	r3, [r3]
 3339 000a B3FBF0F3 		udiv	r3, r3, r0
1578:../../STM32Cube_FW_N6/Drivers/STM32N6xx_HAL_Driver/Src/stm32n6xx_ll_sdmmc.c **** 
 3340              		.loc 1 1578 12 view .LVU1008
 3341 000e 41F28830 		movw	r0, #5000
 3342 0012 4343     		muls	r3, r0, r3
 3343              	.LVL233:
1578:../../STM32Cube_FW_N6/Drivers/STM32N6xx_HAL_Driver/Src/stm32n6xx_ll_sdmmc.c **** 
 3344              		.loc 1 1578 12 view .LVU1009
 3345 0014 0133     		adds	r3, r3, #1
 3346              	.LVL234:
 3347              	.L207:
1580:../../STM32Cube_FW_N6/Drivers/STM32N6xx_HAL_Driver/Src/stm32n6xx_ll_sdmmc.c ****   {
 3348              		.loc 1 1580 3 is_stmt 1 view .LVU1010
1582:../../STM32Cube_FW_N6/Drivers/STM32N6xx_HAL_Driver/Src/stm32n6xx_ll_sdmmc.c ****     {
 3349              		.loc 1 1582 5 view .LVU1011
1582:../../STM32Cube_FW_N6/Drivers/STM32N6xx_HAL_Driver/Src/stm32n6xx_ll_sdmmc.c ****     {
 3350              		.loc 1 1582 8 is_stmt 0 view .LVU1012
 3351 0016 013B     		subs	r3, r3, #1
 3352 0018 12D0     		beq	.L216
1586:../../STM32Cube_FW_N6/Drivers/STM32N6xx_HAL_Driver/Src/stm32n6xx_ll_sdmmc.c ****   } while (((sta_reg & (SDMMC_FLAG_CCRCFAIL | SDMMC_FLAG_CMDREND | SDMMC_FLAG_CTIMEOUT)) == 0U) ||
 3353              		.loc 1 1586 5 is_stmt 1 view .LVU1013
1586:../../STM32Cube_FW_N6/Drivers/STM32N6xx_HAL_Driver/Src/stm32n6xx_ll_sdmmc.c ****   } while (((sta_reg & (SDMMC_FLAG_CCRCFAIL | SDMMC_FLAG_CMDREND | SDMMC_FLAG_CTIMEOUT)) == 0U) ||
 3354              		.loc 1 1586 13 is_stmt 0 view .LVU1014
 3355 001a 506B     		ldr	r0, [r2, #52]
 3356              	.LVL235:
1587:../../STM32Cube_FW_N6/Drivers/STM32N6xx_HAL_Driver/Src/stm32n6xx_ll_sdmmc.c ****            ((sta_reg & SDMMC_FLAG_CMDACT) != 0U));
 3357              		.loc 1 1587 97 is_stmt 1 view .LVU1015
 3358 001c 10F0450F 		tst	r0, #69
 3359 0020 F9D0     		beq	.L207
1587:../../STM32Cube_FW_N6/Drivers/STM32N6xx_HAL_Driver/Src/stm32n6xx_ll_sdmmc.c ****            ((sta_reg & SDMMC_FLAG_CMDACT) != 0U));
 3360              		.loc 1 1587 97 is_stmt 0 discriminator 1 view .LVU1016
ARM GAS  C:\Users\Antonio\AppData\Local\Temp\cc9FRrj5.s 			page 110


 3361 0022 8004     		lsls	r0, r0, #18
 3362              	.LVL236:
1587:../../STM32Cube_FW_N6/Drivers/STM32N6xx_HAL_Driver/Src/stm32n6xx_ll_sdmmc.c ****            ((sta_reg & SDMMC_FLAG_CMDACT) != 0U));
 3363              		.loc 1 1587 97 discriminator 1 view .LVU1017
 3364 0024 F7D4     		bmi	.L207
 3365              	.LVL237:
 3366              	.LBB62:
 3367              	.LBI62:
1572:../../STM32Cube_FW_N6/Drivers/STM32N6xx_HAL_Driver/Src/stm32n6xx_ll_sdmmc.c **** {
 3368              		.loc 1 1572 10 is_stmt 1 view .LVU1018
 3369              	.LBB63:
1590:../../STM32Cube_FW_N6/Drivers/STM32N6xx_HAL_Driver/Src/stm32n6xx_ll_sdmmc.c ****   {
 3370              		.loc 1 1590 3 view .LVU1019
1590:../../STM32Cube_FW_N6/Drivers/STM32N6xx_HAL_Driver/Src/stm32n6xx_ll_sdmmc.c ****   {
 3371              		.loc 1 1590 7 is_stmt 0 view .LVU1020
 3372 0026 506B     		ldr	r0, [r2, #52]
1590:../../STM32Cube_FW_N6/Drivers/STM32N6xx_HAL_Driver/Src/stm32n6xx_ll_sdmmc.c ****   {
 3373              		.loc 1 1590 6 view .LVU1021
 3374 0028 10F00400 		ands	r0, r0, #4
1592:../../STM32Cube_FW_N6/Drivers/STM32N6xx_HAL_Driver/Src/stm32n6xx_ll_sdmmc.c **** 
 3375              		.loc 1 1592 5 is_stmt 1 view .LVU1022
 3376 002c 15BF     		itete	ne
 3377 002e 0420     		movne	r0, #4
1599:../../STM32Cube_FW_N6/Drivers/STM32N6xx_HAL_Driver/Src/stm32n6xx_ll_sdmmc.c ****   }
 3378              		.loc 1 1599 5 is_stmt 0 view .LVU1023
 3379 0030 064B     		ldreq	r3, .L217+4
1592:../../STM32Cube_FW_N6/Drivers/STM32N6xx_HAL_Driver/Src/stm32n6xx_ll_sdmmc.c **** 
 3380              		.loc 1 1592 5 view .LVU1024
 3381 0032 9063     		strne	r0, [r2, #56]
1594:../../STM32Cube_FW_N6/Drivers/STM32N6xx_HAL_Driver/Src/stm32n6xx_ll_sdmmc.c ****   }
 3382              		.loc 1 1594 5 is_stmt 1 view .LVU1025
1599:../../STM32Cube_FW_N6/Drivers/STM32N6xx_HAL_Driver/Src/stm32n6xx_ll_sdmmc.c ****   }
 3383              		.loc 1 1599 5 view .LVU1026
 3384 0034 9363     		streq	r3, [r2, #56]
1603:../../STM32Cube_FW_N6/Drivers/STM32N6xx_HAL_Driver/Src/stm32n6xx_ll_sdmmc.c **** 
 3385              		.loc 1 1603 3 view .LVU1027
 3386 0036 02BF     		ittt	eq
 3387 0038 9363     		streq	r3, [r2, #56]
1606:../../STM32Cube_FW_N6/Drivers/STM32N6xx_HAL_Driver/Src/stm32n6xx_ll_sdmmc.c **** 
 3388              		.loc 1 1606 3 view .LVU1028
 3389              	.LVL238:
 3390              	.LBB64:
 3391              	.LBI64:
 399:../../STM32Cube_FW_N6/Drivers/STM32N6xx_HAL_Driver/Src/stm32n6xx_ll_sdmmc.c **** {
 3392              		.loc 1 399 10 view .LVU1029
 3393              	.LBB65:
 401:../../STM32Cube_FW_N6/Drivers/STM32N6xx_HAL_Driver/Src/stm32n6xx_ll_sdmmc.c **** 
 3394              		.loc 1 401 3 view .LVU1030
 404:../../STM32Cube_FW_N6/Drivers/STM32N6xx_HAL_Driver/Src/stm32n6xx_ll_sdmmc.c **** 
 3395              		.loc 1 404 3 view .LVU1031
 407:../../STM32Cube_FW_N6/Drivers/STM32N6xx_HAL_Driver/Src/stm32n6xx_ll_sdmmc.c **** 
 3396              		.loc 1 407 3 view .LVU1032
 409:../../STM32Cube_FW_N6/Drivers/STM32N6xx_HAL_Driver/Src/stm32n6xx_ll_sdmmc.c **** }
 3397              		.loc 1 409 3 view .LVU1033
 409:../../STM32Cube_FW_N6/Drivers/STM32N6xx_HAL_Driver/Src/stm32n6xx_ll_sdmmc.c **** }
 3398              		.loc 1 409 11 is_stmt 0 view .LVU1034
 3399 003a 5369     		ldreq	r3, [r2, #20]
ARM GAS  C:\Users\Antonio\AppData\Local\Temp\cc9FRrj5.s 			page 111


 3400              	.LVL239:
 409:../../STM32Cube_FW_N6/Drivers/STM32N6xx_HAL_Driver/Src/stm32n6xx_ll_sdmmc.c **** }
 3401              		.loc 1 409 11 view .LVU1035
 3402              	.LBE65:
 3403              	.LBE64:
1606:../../STM32Cube_FW_N6/Drivers/STM32N6xx_HAL_Driver/Src/stm32n6xx_ll_sdmmc.c **** 
 3404              		.loc 1 1606 10 discriminator 1 view .LVU1036
 3405 003c 0B60     		streq	r3, [r1]
1608:../../STM32Cube_FW_N6/Drivers/STM32N6xx_HAL_Driver/Src/stm32n6xx_ll_sdmmc.c **** }
 3406              		.loc 1 1608 3 is_stmt 1 view .LVU1037
1608:../../STM32Cube_FW_N6/Drivers/STM32N6xx_HAL_Driver/Src/stm32n6xx_ll_sdmmc.c **** }
 3407              		.loc 1 1608 10 is_stmt 0 view .LVU1038
 3408 003e 7047     		bx	lr
 3409              	.LVL240:
 3410              	.L216:
1608:../../STM32Cube_FW_N6/Drivers/STM32N6xx_HAL_Driver/Src/stm32n6xx_ll_sdmmc.c **** }
 3411              		.loc 1 1608 10 view .LVU1039
 3412              	.LBE63:
 3413              	.LBE62:
1584:../../STM32Cube_FW_N6/Drivers/STM32N6xx_HAL_Driver/Src/stm32n6xx_ll_sdmmc.c ****     }
 3414              		.loc 1 1584 14 view .LVU1040
 3415 0040 4FF00040 		mov	r0, #-2147483648
1609:../../STM32Cube_FW_N6/Drivers/STM32N6xx_HAL_Driver/Src/stm32n6xx_ll_sdmmc.c **** 
 3416              		.loc 1 1609 1 view .LVU1041
 3417 0044 7047     		bx	lr
 3418              	.L218:
 3419 0046 00BF     		.align	2
 3420              	.L217:
 3421 0048 00000000 		.word	SystemCoreClock
 3422 004c C5002000 		.word	2097349
 3423              		.cfi_endproc
 3424              	.LFE887:
 3426              		.section	.text.SDMMC_CmdSendOperationcondition,"ax",%progbits
 3427              		.align	1
 3428              		.global	SDMMC_CmdSendOperationcondition
 3429              		.syntax unified
 3430              		.thumb
 3431              		.thumb_func
 3433              	SDMMC_CmdSendOperationcondition:
 3434              	.LVL241:
 3435              	.LFB883:
1315:../../STM32Cube_FW_N6/Drivers/STM32N6xx_HAL_Driver/Src/stm32n6xx_ll_sdmmc.c ****   SDMMC_CmdInitTypeDef sdmmc_cmdinit;
 3436              		.loc 1 1315 1 is_stmt 1 view -0
 3437              		.cfi_startproc
 3438              		@ args = 0, pretend = 0, frame = 24
 3439              		@ frame_needed = 0, uses_anonymous_args = 0
1316:../../STM32Cube_FW_N6/Drivers/STM32N6xx_HAL_Driver/Src/stm32n6xx_ll_sdmmc.c ****   uint32_t             errorstate;
 3440              		.loc 1 1316 3 view .LVU1043
1317:../../STM32Cube_FW_N6/Drivers/STM32N6xx_HAL_Driver/Src/stm32n6xx_ll_sdmmc.c **** 
 3441              		.loc 1 1317 3 view .LVU1044
1319:../../STM32Cube_FW_N6/Drivers/STM32N6xx_HAL_Driver/Src/stm32n6xx_ll_sdmmc.c ****   sdmmc_cmdinit.CmdIndex         = SDMMC_CMD_SDMMC_SEN_OP_COND;
 3442              		.loc 1 1319 3 view .LVU1045
1315:../../STM32Cube_FW_N6/Drivers/STM32N6xx_HAL_Driver/Src/stm32n6xx_ll_sdmmc.c ****   SDMMC_CmdInitTypeDef sdmmc_cmdinit;
 3443              		.loc 1 1315 1 is_stmt 0 view .LVU1046
 3444 0000 30B5     		push	{r4, r5, lr}
 3445              		.cfi_def_cfa_offset 12
 3446              		.cfi_offset 4, -12
ARM GAS  C:\Users\Antonio\AppData\Local\Temp\cc9FRrj5.s 			page 112


 3447              		.cfi_offset 5, -8
 3448              		.cfi_offset 14, -4
1321:../../STM32Cube_FW_N6/Drivers/STM32N6xx_HAL_Driver/Src/stm32n6xx_ll_sdmmc.c ****   sdmmc_cmdinit.WaitForInterrupt = SDMMC_WAIT_NO;
 3449              		.loc 1 1321 34 view .LVU1047
 3450 0002 4FF48073 		mov	r3, #256
1315:../../STM32Cube_FW_N6/Drivers/STM32N6xx_HAL_Driver/Src/stm32n6xx_ll_sdmmc.c ****   SDMMC_CmdInitTypeDef sdmmc_cmdinit;
 3451              		.loc 1 1315 1 view .LVU1048
 3452 0006 1546     		mov	r5, r2
1321:../../STM32Cube_FW_N6/Drivers/STM32N6xx_HAL_Driver/Src/stm32n6xx_ll_sdmmc.c ****   sdmmc_cmdinit.WaitForInterrupt = SDMMC_WAIT_NO;
 3453              		.loc 1 1321 34 view .LVU1049
 3454 0008 0522     		movs	r2, #5
 3455              	.LVL242:
1315:../../STM32Cube_FW_N6/Drivers/STM32N6xx_HAL_Driver/Src/stm32n6xx_ll_sdmmc.c ****   SDMMC_CmdInitTypeDef sdmmc_cmdinit;
 3456              		.loc 1 1315 1 view .LVU1050
 3457 000a 87B0     		sub	sp, sp, #28
 3458              		.cfi_def_cfa_offset 40
1321:../../STM32Cube_FW_N6/Drivers/STM32N6xx_HAL_Driver/Src/stm32n6xx_ll_sdmmc.c ****   sdmmc_cmdinit.WaitForInterrupt = SDMMC_WAIT_NO;
 3459              		.loc 1 1321 34 view .LVU1051
 3460 000c CDE90223 		strd	r2, r3, [sp, #8]
1319:../../STM32Cube_FW_N6/Drivers/STM32N6xx_HAL_Driver/Src/stm32n6xx_ll_sdmmc.c ****   sdmmc_cmdinit.CmdIndex         = SDMMC_CMD_SDMMC_SEN_OP_COND;
 3461              		.loc 1 1319 34 view .LVU1052
 3462 0010 0191     		str	r1, [sp, #4]
1320:../../STM32Cube_FW_N6/Drivers/STM32N6xx_HAL_Driver/Src/stm32n6xx_ll_sdmmc.c ****   sdmmc_cmdinit.Response         = SDMMC_RESPONSE_SHORT;
 3463              		.loc 1 1320 3 is_stmt 1 view .LVU1053
1322:../../STM32Cube_FW_N6/Drivers/STM32N6xx_HAL_Driver/Src/stm32n6xx_ll_sdmmc.c ****   sdmmc_cmdinit.CPSM             = SDMMC_CPSM_ENABLE;
 3464              		.loc 1 1322 3 view .LVU1054
1323:../../STM32Cube_FW_N6/Drivers/STM32N6xx_HAL_Driver/Src/stm32n6xx_ll_sdmmc.c ****   (void)SDMMC_SendCommand(SDMMCx, &sdmmc_cmdinit);
 3465              		.loc 1 1323 34 is_stmt 0 view .LVU1055
 3466 0012 4FF48053 		mov	r3, #4096
 3467 0016 0021     		movs	r1, #0
 3468              	.LVL243:
1315:../../STM32Cube_FW_N6/Drivers/STM32N6xx_HAL_Driver/Src/stm32n6xx_ll_sdmmc.c ****   SDMMC_CmdInitTypeDef sdmmc_cmdinit;
 3469              		.loc 1 1315 1 view .LVU1056
 3470 0018 0446     		mov	r4, r0
1323:../../STM32Cube_FW_N6/Drivers/STM32N6xx_HAL_Driver/Src/stm32n6xx_ll_sdmmc.c ****   (void)SDMMC_SendCommand(SDMMCx, &sdmmc_cmdinit);
 3471              		.loc 1 1323 34 view .LVU1057
 3472 001a CDE90413 		strd	r1, r3, [sp, #16]
1324:../../STM32Cube_FW_N6/Drivers/STM32N6xx_HAL_Driver/Src/stm32n6xx_ll_sdmmc.c **** 
 3473              		.loc 1 1324 3 is_stmt 1 view .LVU1058
1324:../../STM32Cube_FW_N6/Drivers/STM32N6xx_HAL_Driver/Src/stm32n6xx_ll_sdmmc.c **** 
 3474              		.loc 1 1324 9 is_stmt 0 view .LVU1059
 3475 001e 01A9     		add	r1, sp, #4
 3476              	.LVL244:
1324:../../STM32Cube_FW_N6/Drivers/STM32N6xx_HAL_Driver/Src/stm32n6xx_ll_sdmmc.c **** 
 3477              		.loc 1 1324 9 view .LVU1060
 3478 0020 FFF7FEFF 		bl	SDMMC_SendCommand
 3479              	.LVL245:
1327:../../STM32Cube_FW_N6/Drivers/STM32N6xx_HAL_Driver/Src/stm32n6xx_ll_sdmmc.c **** 
 3480              		.loc 1 1327 3 is_stmt 1 view .LVU1061
1327:../../STM32Cube_FW_N6/Drivers/STM32N6xx_HAL_Driver/Src/stm32n6xx_ll_sdmmc.c **** 
 3481              		.loc 1 1327 16 is_stmt 0 view .LVU1062
 3482 0024 2946     		mov	r1, r5
 3483 0026 2046     		mov	r0, r4
1330:../../STM32Cube_FW_N6/Drivers/STM32N6xx_HAL_Driver/Src/stm32n6xx_ll_sdmmc.c **** /**
 3484              		.loc 1 1330 1 view .LVU1063
 3485 0028 07B0     		add	sp, sp, #28
 3486              		.cfi_def_cfa_offset 12
ARM GAS  C:\Users\Antonio\AppData\Local\Temp\cc9FRrj5.s 			page 113


 3487              		@ sp needed
 3488 002a BDE83040 		pop	{r4, r5, lr}
 3489              		.cfi_restore 14
 3490              		.cfi_restore 5
 3491              		.cfi_restore 4
 3492              		.cfi_def_cfa_offset 0
 3493              	.LVL246:
1327:../../STM32Cube_FW_N6/Drivers/STM32N6xx_HAL_Driver/Src/stm32n6xx_ll_sdmmc.c **** 
 3494              		.loc 1 1327 16 view .LVU1064
 3495 002e FFF7FEBF 		b	SDMMC_GetCmdResp4
 3496              	.LVL247:
1327:../../STM32Cube_FW_N6/Drivers/STM32N6xx_HAL_Driver/Src/stm32n6xx_ll_sdmmc.c **** 
 3497              		.loc 1 1327 16 view .LVU1065
 3498              		.cfi_endproc
 3499              	.LFE883:
 3501              		.section	.text.SDMMC_GetCmdResp5,"ax",%progbits
 3502              		.align	1
 3503              		.global	SDMMC_GetCmdResp5
 3504              		.syntax unified
 3505              		.thumb
 3506              		.thumb_func
 3508              	SDMMC_GetCmdResp5:
 3509              	.LVL248:
 3510              	.LFB888:
1619:../../STM32Cube_FW_N6/Drivers/STM32N6xx_HAL_Driver/Src/stm32n6xx_ll_sdmmc.c ****   uint32_t response_r5;
 3511              		.loc 1 1619 1 is_stmt 1 view -0
 3512              		.cfi_startproc
 3513              		@ args = 0, pretend = 0, frame = 0
 3514              		@ frame_needed = 0, uses_anonymous_args = 0
1620:../../STM32Cube_FW_N6/Drivers/STM32N6xx_HAL_Driver/Src/stm32n6xx_ll_sdmmc.c ****   uint32_t sta_reg;
 3515              		.loc 1 1620 3 view .LVU1067
1621:../../STM32Cube_FW_N6/Drivers/STM32N6xx_HAL_Driver/Src/stm32n6xx_ll_sdmmc.c **** 
 3516              		.loc 1 1621 3 view .LVU1068
1625:../../STM32Cube_FW_N6/Drivers/STM32N6xx_HAL_Driver/Src/stm32n6xx_ll_sdmmc.c **** 
 3517              		.loc 1 1625 3 view .LVU1069
1619:../../STM32Cube_FW_N6/Drivers/STM32N6xx_HAL_Driver/Src/stm32n6xx_ll_sdmmc.c ****   uint32_t response_r5;
 3518              		.loc 1 1619 1 is_stmt 0 view .LVU1070
 3519 0000 10B5     		push	{r4, lr}
 3520              		.cfi_def_cfa_offset 8
 3521              		.cfi_offset 4, -8
 3522              		.cfi_offset 14, -4
1625:../../STM32Cube_FW_N6/Drivers/STM32N6xx_HAL_Driver/Src/stm32n6xx_ll_sdmmc.c **** 
 3523              		.loc 1 1625 61 view .LVU1071
 3524 0002 4FF4FA54 		mov	r4, #8000
1619:../../STM32Cube_FW_N6/Drivers/STM32N6xx_HAL_Driver/Src/stm32n6xx_ll_sdmmc.c ****   uint32_t response_r5;
 3525              		.loc 1 1619 1 view .LVU1072
 3526 0006 0346     		mov	r3, r0
1625:../../STM32Cube_FW_N6/Drivers/STM32N6xx_HAL_Driver/Src/stm32n6xx_ll_sdmmc.c **** 
 3527              		.loc 1 1625 61 view .LVU1073
 3528 0008 2248     		ldr	r0, .L243
 3529              	.LVL249:
1625:../../STM32Cube_FW_N6/Drivers/STM32N6xx_HAL_Driver/Src/stm32n6xx_ll_sdmmc.c **** 
 3530              		.loc 1 1625 61 view .LVU1074
 3531 000a 0068     		ldr	r0, [r0]
 3532 000c B0FBF4F0 		udiv	r0, r0, r4
1625:../../STM32Cube_FW_N6/Drivers/STM32N6xx_HAL_Driver/Src/stm32n6xx_ll_sdmmc.c **** 
 3533              		.loc 1 1625 12 view .LVU1075
ARM GAS  C:\Users\Antonio\AppData\Local\Temp\cc9FRrj5.s 			page 114


 3534 0010 41F28834 		movw	r4, #5000
 3535 0014 6043     		muls	r0, r4, r0
 3536              	.LVL250:
1625:../../STM32Cube_FW_N6/Drivers/STM32N6xx_HAL_Driver/Src/stm32n6xx_ll_sdmmc.c **** 
 3537              		.loc 1 1625 12 view .LVU1076
 3538 0016 0130     		adds	r0, r0, #1
 3539              	.LVL251:
 3540              	.L221:
1627:../../STM32Cube_FW_N6/Drivers/STM32N6xx_HAL_Driver/Src/stm32n6xx_ll_sdmmc.c ****   {
 3541              		.loc 1 1627 3 is_stmt 1 view .LVU1077
1629:../../STM32Cube_FW_N6/Drivers/STM32N6xx_HAL_Driver/Src/stm32n6xx_ll_sdmmc.c ****     {
 3542              		.loc 1 1629 5 view .LVU1078
1629:../../STM32Cube_FW_N6/Drivers/STM32N6xx_HAL_Driver/Src/stm32n6xx_ll_sdmmc.c ****     {
 3543              		.loc 1 1629 8 is_stmt 0 view .LVU1079
 3544 0018 0138     		subs	r0, r0, #1
 3545 001a 2ED0     		beq	.L242
1633:../../STM32Cube_FW_N6/Drivers/STM32N6xx_HAL_Driver/Src/stm32n6xx_ll_sdmmc.c ****   } while (((sta_reg & (SDMMC_FLAG_CCRCFAIL | SDMMC_FLAG_CMDREND | SDMMC_FLAG_CTIMEOUT)) == 0U) ||
 3546              		.loc 1 1633 5 is_stmt 1 view .LVU1080
1633:../../STM32Cube_FW_N6/Drivers/STM32N6xx_HAL_Driver/Src/stm32n6xx_ll_sdmmc.c ****   } while (((sta_reg & (SDMMC_FLAG_CCRCFAIL | SDMMC_FLAG_CMDREND | SDMMC_FLAG_CTIMEOUT)) == 0U) ||
 3547              		.loc 1 1633 13 is_stmt 0 view .LVU1081
 3548 001c 5C6B     		ldr	r4, [r3, #52]
 3549              	.LVL252:
1634:../../STM32Cube_FW_N6/Drivers/STM32N6xx_HAL_Driver/Src/stm32n6xx_ll_sdmmc.c ****            ((sta_reg & SDMMC_FLAG_CMDACT) != 0U));
 3550              		.loc 1 1634 97 is_stmt 1 view .LVU1082
 3551 001e 14F0450F 		tst	r4, #69
 3552 0022 F9D0     		beq	.L221
1634:../../STM32Cube_FW_N6/Drivers/STM32N6xx_HAL_Driver/Src/stm32n6xx_ll_sdmmc.c ****            ((sta_reg & SDMMC_FLAG_CMDACT) != 0U));
 3553              		.loc 1 1634 97 is_stmt 0 discriminator 1 view .LVU1083
 3554 0024 A404     		lsls	r4, r4, #18
 3555              	.LVL253:
1634:../../STM32Cube_FW_N6/Drivers/STM32N6xx_HAL_Driver/Src/stm32n6xx_ll_sdmmc.c ****            ((sta_reg & SDMMC_FLAG_CMDACT) != 0U));
 3556              		.loc 1 1634 97 discriminator 1 view .LVU1084
 3557 0026 F7D4     		bmi	.L221
1637:../../STM32Cube_FW_N6/Drivers/STM32N6xx_HAL_Driver/Src/stm32n6xx_ll_sdmmc.c ****   {
 3558              		.loc 1 1637 3 is_stmt 1 view .LVU1085
1637:../../STM32Cube_FW_N6/Drivers/STM32N6xx_HAL_Driver/Src/stm32n6xx_ll_sdmmc.c ****   {
 3559              		.loc 1 1637 7 is_stmt 0 view .LVU1086
 3560 0028 586B     		ldr	r0, [r3, #52]
1637:../../STM32Cube_FW_N6/Drivers/STM32N6xx_HAL_Driver/Src/stm32n6xx_ll_sdmmc.c ****   {
 3561              		.loc 1 1637 6 view .LVU1087
 3562 002a 4407     		lsls	r4, r0, #29
 3563 002c 02D5     		bpl	.L224
1639:../../STM32Cube_FW_N6/Drivers/STM32N6xx_HAL_Driver/Src/stm32n6xx_ll_sdmmc.c **** 
 3564              		.loc 1 1639 5 is_stmt 1 view .LVU1088
 3565 002e 0420     		movs	r0, #4
 3566 0030 9863     		str	r0, [r3, #56]
1641:../../STM32Cube_FW_N6/Drivers/STM32N6xx_HAL_Driver/Src/stm32n6xx_ll_sdmmc.c ****   }
 3567              		.loc 1 1641 5 view .LVU1089
 3568              	.LVL254:
 3569              	.L220:
1696:../../STM32Cube_FW_N6/Drivers/STM32N6xx_HAL_Driver/Src/stm32n6xx_ll_sdmmc.c **** 
 3570              		.loc 1 1696 1 is_stmt 0 view .LVU1090
 3571 0032 10BD     		pop	{r4, pc}
 3572              	.LVL255:
 3573              	.L224:
 3574              	.LBB72:
 3575              	.LBI72:
ARM GAS  C:\Users\Antonio\AppData\Local\Temp\cc9FRrj5.s 			page 115


1618:../../STM32Cube_FW_N6/Drivers/STM32N6xx_HAL_Driver/Src/stm32n6xx_ll_sdmmc.c **** {
 3576              		.loc 1 1618 10 is_stmt 1 view .LVU1091
 3577              	.LBB73:
1643:../../STM32Cube_FW_N6/Drivers/STM32N6xx_HAL_Driver/Src/stm32n6xx_ll_sdmmc.c ****   {
 3578              		.loc 1 1643 8 view .LVU1092
1643:../../STM32Cube_FW_N6/Drivers/STM32N6xx_HAL_Driver/Src/stm32n6xx_ll_sdmmc.c ****   {
 3579              		.loc 1 1643 12 is_stmt 0 view .LVU1093
 3580 0034 586B     		ldr	r0, [r3, #52]
1643:../../STM32Cube_FW_N6/Drivers/STM32N6xx_HAL_Driver/Src/stm32n6xx_ll_sdmmc.c ****   {
 3581              		.loc 1 1643 11 view .LVU1094
 3582 0036 C007     		lsls	r0, r0, #31
 3583 0038 03D5     		bpl	.L225
1645:../../STM32Cube_FW_N6/Drivers/STM32N6xx_HAL_Driver/Src/stm32n6xx_ll_sdmmc.c **** 
 3584              		.loc 1 1645 5 is_stmt 1 view .LVU1095
 3585 003a 0122     		movs	r2, #1
 3586              	.LVL256:
1645:../../STM32Cube_FW_N6/Drivers/STM32N6xx_HAL_Driver/Src/stm32n6xx_ll_sdmmc.c **** 
 3587              		.loc 1 1645 5 is_stmt 0 view .LVU1096
 3588 003c 9A63     		str	r2, [r3, #56]
1647:../../STM32Cube_FW_N6/Drivers/STM32N6xx_HAL_Driver/Src/stm32n6xx_ll_sdmmc.c ****   }
 3589              		.loc 1 1647 5 is_stmt 1 view .LVU1097
 3590              	.L226:
1647:../../STM32Cube_FW_N6/Drivers/STM32N6xx_HAL_Driver/Src/stm32n6xx_ll_sdmmc.c ****   }
 3591              		.loc 1 1647 12 is_stmt 0 view .LVU1098
 3592 003e 0120     		movs	r0, #1
 3593 0040 F7E7     		b	.L220
 3594              	.LVL257:
 3595              	.L225:
1652:../../STM32Cube_FW_N6/Drivers/STM32N6xx_HAL_Driver/Src/stm32n6xx_ll_sdmmc.c **** 
 3596              		.loc 1 1652 3 is_stmt 1 view .LVU1099
1655:../../STM32Cube_FW_N6/Drivers/STM32N6xx_HAL_Driver/Src/stm32n6xx_ll_sdmmc.c ****   {
 3597              		.loc 1 1655 3 view .LVU1100
 3598              	.LBB74:
 3599              	.LBI74:
 382:../../STM32Cube_FW_N6/Drivers/STM32N6xx_HAL_Driver/Src/stm32n6xx_ll_sdmmc.c **** {
 3600              		.loc 1 382 9 view .LVU1101
 3601              	.LBB75:
 384:../../STM32Cube_FW_N6/Drivers/STM32N6xx_HAL_Driver/Src/stm32n6xx_ll_sdmmc.c **** }
 3602              		.loc 1 384 3 view .LVU1102
 384:../../STM32Cube_FW_N6/Drivers/STM32N6xx_HAL_Driver/Src/stm32n6xx_ll_sdmmc.c **** }
 3603              		.loc 1 384 26 is_stmt 0 view .LVU1103
 3604 0042 1869     		ldr	r0, [r3, #16]
 3605              	.LVL258:
 384:../../STM32Cube_FW_N6/Drivers/STM32N6xx_HAL_Driver/Src/stm32n6xx_ll_sdmmc.c **** }
 3606              		.loc 1 384 26 view .LVU1104
 3607              	.LBE75:
 3608              	.LBE74:
1655:../../STM32Cube_FW_N6/Drivers/STM32N6xx_HAL_Driver/Src/stm32n6xx_ll_sdmmc.c ****   {
 3609              		.loc 1 1655 6 discriminator 1 view .LVU1105
 3610 0044 C0B2     		uxtb	r0, r0
 3611 0046 8142     		cmp	r1, r0
 3612 0048 F9D1     		bne	.L226
1661:../../STM32Cube_FW_N6/Drivers/STM32N6xx_HAL_Driver/Src/stm32n6xx_ll_sdmmc.c **** 
 3613              		.loc 1 1661 3 is_stmt 1 view .LVU1106
 3614 004a 1349     		ldr	r1, .L243+4
 3615              	.LVL259:
1661:../../STM32Cube_FW_N6/Drivers/STM32N6xx_HAL_Driver/Src/stm32n6xx_ll_sdmmc.c **** 
ARM GAS  C:\Users\Antonio\AppData\Local\Temp\cc9FRrj5.s 			page 116


 3616              		.loc 1 1661 3 is_stmt 0 view .LVU1107
 3617 004c 9963     		str	r1, [r3, #56]
1664:../../STM32Cube_FW_N6/Drivers/STM32N6xx_HAL_Driver/Src/stm32n6xx_ll_sdmmc.c **** 
 3618              		.loc 1 1664 3 is_stmt 1 view .LVU1108
 3619              	.LVL260:
 3620              	.LBB76:
 3621              	.LBI76:
 399:../../STM32Cube_FW_N6/Drivers/STM32N6xx_HAL_Driver/Src/stm32n6xx_ll_sdmmc.c **** {
 3622              		.loc 1 399 10 view .LVU1109
 3623              	.LBB77:
 401:../../STM32Cube_FW_N6/Drivers/STM32N6xx_HAL_Driver/Src/stm32n6xx_ll_sdmmc.c **** 
 3624              		.loc 1 401 3 view .LVU1110
 404:../../STM32Cube_FW_N6/Drivers/STM32N6xx_HAL_Driver/Src/stm32n6xx_ll_sdmmc.c **** 
 3625              		.loc 1 404 3 view .LVU1111
 407:../../STM32Cube_FW_N6/Drivers/STM32N6xx_HAL_Driver/Src/stm32n6xx_ll_sdmmc.c **** 
 3626              		.loc 1 407 3 view .LVU1112
 409:../../STM32Cube_FW_N6/Drivers/STM32N6xx_HAL_Driver/Src/stm32n6xx_ll_sdmmc.c **** }
 3627              		.loc 1 409 3 view .LVU1113
 409:../../STM32Cube_FW_N6/Drivers/STM32N6xx_HAL_Driver/Src/stm32n6xx_ll_sdmmc.c **** }
 3628              		.loc 1 409 11 is_stmt 0 view .LVU1114
 3629 004e 5B69     		ldr	r3, [r3, #20]
 3630              	.LVL261:
 409:../../STM32Cube_FW_N6/Drivers/STM32N6xx_HAL_Driver/Src/stm32n6xx_ll_sdmmc.c **** }
 3631              		.loc 1 409 11 view .LVU1115
 3632              	.LBE77:
 3633              	.LBE76:
1666:../../STM32Cube_FW_N6/Drivers/STM32N6xx_HAL_Driver/Src/stm32n6xx_ll_sdmmc.c ****   {
 3634              		.loc 1 1666 3 is_stmt 1 view .LVU1116
1666:../../STM32Cube_FW_N6/Drivers/STM32N6xx_HAL_Driver/Src/stm32n6xx_ll_sdmmc.c ****   {
 3635              		.loc 1 1666 6 is_stmt 0 view .LVU1117
 3636 0050 13F44B40 		ands	r0, r3, #51968
 3637 0054 03D1     		bne	.L228
1669:../../STM32Cube_FW_N6/Drivers/STM32N6xx_HAL_Driver/Src/stm32n6xx_ll_sdmmc.c ****     {
 3638              		.loc 1 1669 5 is_stmt 1 view .LVU1118
1669:../../STM32Cube_FW_N6/Drivers/STM32N6xx_HAL_Driver/Src/stm32n6xx_ll_sdmmc.c ****     {
 3639              		.loc 1 1669 8 is_stmt 0 view .LVU1119
 3640 0056 002A     		cmp	r2, #0
 3641 0058 EBD0     		beq	.L220
1671:../../STM32Cube_FW_N6/Drivers/STM32N6xx_HAL_Driver/Src/stm32n6xx_ll_sdmmc.c ****     }
 3642              		.loc 1 1671 7 is_stmt 1 view .LVU1120
1671:../../STM32Cube_FW_N6/Drivers/STM32N6xx_HAL_Driver/Src/stm32n6xx_ll_sdmmc.c ****     }
 3643              		.loc 1 1671 16 is_stmt 0 view .LVU1121
 3644 005a 1370     		strb	r3, [r2]
 3645 005c E9E7     		b	.L220
 3646              	.L228:
1676:../../STM32Cube_FW_N6/Drivers/STM32N6xx_HAL_Driver/Src/stm32n6xx_ll_sdmmc.c ****   {
 3647              		.loc 1 1676 8 is_stmt 1 view .LVU1122
1676:../../STM32Cube_FW_N6/Drivers/STM32N6xx_HAL_Driver/Src/stm32n6xx_ll_sdmmc.c ****   {
 3648              		.loc 1 1676 11 is_stmt 0 view .LVU1123
 3649 005e DC05     		lsls	r4, r3, #23
 3650 0060 0ED4     		bmi	.L231
1680:../../STM32Cube_FW_N6/Drivers/STM32N6xx_HAL_Driver/Src/stm32n6xx_ll_sdmmc.c ****   {
 3651              		.loc 1 1680 8 is_stmt 1 view .LVU1124
1680:../../STM32Cube_FW_N6/Drivers/STM32N6xx_HAL_Driver/Src/stm32n6xx_ll_sdmmc.c ****   {
 3652              		.loc 1 1680 11 is_stmt 0 view .LVU1125
 3653 0062 9905     		lsls	r1, r3, #22
 3654 0064 0FD4     		bmi	.L232
ARM GAS  C:\Users\Antonio\AppData\Local\Temp\cc9FRrj5.s 			page 117


1684:../../STM32Cube_FW_N6/Drivers/STM32N6xx_HAL_Driver/Src/stm32n6xx_ll_sdmmc.c ****   {
 3655              		.loc 1 1684 8 is_stmt 1 view .LVU1126
1684:../../STM32Cube_FW_N6/Drivers/STM32N6xx_HAL_Driver/Src/stm32n6xx_ll_sdmmc.c ****   {
 3656              		.loc 1 1684 11 is_stmt 0 view .LVU1127
 3657 0066 5A04     		lsls	r2, r3, #17
 3658              	.LVL262:
1684:../../STM32Cube_FW_N6/Drivers/STM32N6xx_HAL_Driver/Src/stm32n6xx_ll_sdmmc.c ****   {
 3659              		.loc 1 1684 11 view .LVU1128
 3660 0068 10D4     		bmi	.L233
1688:../../STM32Cube_FW_N6/Drivers/STM32N6xx_HAL_Driver/Src/stm32n6xx_ll_sdmmc.c ****   {
 3661              		.loc 1 1688 8 is_stmt 1 view .LVU1129
1690:../../STM32Cube_FW_N6/Drivers/STM32N6xx_HAL_Driver/Src/stm32n6xx_ll_sdmmc.c ****   }
 3662              		.loc 1 1690 12 is_stmt 0 view .LVU1130
 3663 006a 13F4004F 		tst	r3, #32768
 3664 006e 0CBF     		ite	eq
 3665 0070 4FF48030 		moveq	r0, #65536
 3666 0074 4FF48050 		movne	r0, #4096
 3667 0078 DBE7     		b	.L220
 3668              	.LVL263:
 3669              	.L242:
1690:../../STM32Cube_FW_N6/Drivers/STM32N6xx_HAL_Driver/Src/stm32n6xx_ll_sdmmc.c ****   }
 3670              		.loc 1 1690 12 view .LVU1131
 3671              	.LBE73:
 3672              	.LBE72:
1631:../../STM32Cube_FW_N6/Drivers/STM32N6xx_HAL_Driver/Src/stm32n6xx_ll_sdmmc.c ****     }
 3673              		.loc 1 1631 14 view .LVU1132
 3674 007a 4FF00040 		mov	r0, #-2147483648
 3675 007e D8E7     		b	.L220
 3676              	.LVL264:
 3677              	.L231:
 3678              	.LBB79:
 3679              	.LBB78:
1678:../../STM32Cube_FW_N6/Drivers/STM32N6xx_HAL_Driver/Src/stm32n6xx_ll_sdmmc.c ****   }
 3680              		.loc 1 1678 12 view .LVU1133
 3681 0080 4FF00070 		mov	r0, #33554432
 3682 0084 D5E7     		b	.L220
 3683              	.L232:
1682:../../STM32Cube_FW_N6/Drivers/STM32N6xx_HAL_Driver/Src/stm32n6xx_ll_sdmmc.c ****   }
 3684              		.loc 1 1682 12 view .LVU1134
 3685 0086 4FF00060 		mov	r0, #134217728
 3686 008a D2E7     		b	.L220
 3687              	.LVL265:
 3688              	.L233:
1686:../../STM32Cube_FW_N6/Drivers/STM32N6xx_HAL_Driver/Src/stm32n6xx_ll_sdmmc.c ****   }
 3689              		.loc 1 1686 12 view .LVU1135
 3690 008c 4FF40050 		mov	r0, #8192
 3691 0090 CFE7     		b	.L220
 3692              	.L244:
 3693 0092 00BF     		.align	2
 3694              	.L243:
 3695 0094 00000000 		.word	SystemCoreClock
 3696 0098 C5002000 		.word	2097349
 3697              	.LBE78:
 3698              	.LBE79:
 3699              		.cfi_endproc
 3700              	.LFE888:
 3702              		.section	.text.SDMMC_SDIO_CmdReadWriteDirect,"ax",%progbits
ARM GAS  C:\Users\Antonio\AppData\Local\Temp\cc9FRrj5.s 			page 118


 3703              		.align	1
 3704              		.global	SDMMC_SDIO_CmdReadWriteDirect
 3705              		.syntax unified
 3706              		.thumb
 3707              		.thumb_func
 3709              	SDMMC_SDIO_CmdReadWriteDirect:
 3710              	.LVL266:
 3711              	.LFB881:
1267:../../STM32Cube_FW_N6/Drivers/STM32N6xx_HAL_Driver/Src/stm32n6xx_ll_sdmmc.c ****   SDMMC_CmdInitTypeDef  sdmmc_cmdinit;
 3712              		.loc 1 1267 1 is_stmt 1 view -0
 3713              		.cfi_startproc
 3714              		@ args = 0, pretend = 0, frame = 24
 3715              		@ frame_needed = 0, uses_anonymous_args = 0
1268:../../STM32Cube_FW_N6/Drivers/STM32N6xx_HAL_Driver/Src/stm32n6xx_ll_sdmmc.c ****   uint32_t errorstate;
 3716              		.loc 1 1268 3 view .LVU1137
1269:../../STM32Cube_FW_N6/Drivers/STM32N6xx_HAL_Driver/Src/stm32n6xx_ll_sdmmc.c **** 
 3717              		.loc 1 1269 3 view .LVU1138
1271:../../STM32Cube_FW_N6/Drivers/STM32N6xx_HAL_Driver/Src/stm32n6xx_ll_sdmmc.c ****   sdmmc_cmdinit.CmdIndex         = SDMMC_CMD_SDMMC_RW_DIRECT;
 3718              		.loc 1 1271 3 view .LVU1139
1267:../../STM32Cube_FW_N6/Drivers/STM32N6xx_HAL_Driver/Src/stm32n6xx_ll_sdmmc.c ****   SDMMC_CmdInitTypeDef  sdmmc_cmdinit;
 3719              		.loc 1 1267 1 is_stmt 0 view .LVU1140
 3720 0000 70B5     		push	{r4, r5, r6, lr}
 3721              		.cfi_def_cfa_offset 16
 3722              		.cfi_offset 4, -16
 3723              		.cfi_offset 5, -12
 3724              		.cfi_offset 6, -8
 3725              		.cfi_offset 14, -4
1273:../../STM32Cube_FW_N6/Drivers/STM32N6xx_HAL_Driver/Src/stm32n6xx_ll_sdmmc.c ****   sdmmc_cmdinit.WaitForInterrupt = SDMMC_WAIT_NO;
 3726              		.loc 1 1273 34 view .LVU1141
 3727 0002 4FF48073 		mov	r3, #256
 3728 0006 3426     		movs	r6, #52
1267:../../STM32Cube_FW_N6/Drivers/STM32N6xx_HAL_Driver/Src/stm32n6xx_ll_sdmmc.c ****   SDMMC_CmdInitTypeDef  sdmmc_cmdinit;
 3729              		.loc 1 1267 1 view .LVU1142
 3730 0008 86B0     		sub	sp, sp, #24
 3731              		.cfi_def_cfa_offset 40
1267:../../STM32Cube_FW_N6/Drivers/STM32N6xx_HAL_Driver/Src/stm32n6xx_ll_sdmmc.c ****   SDMMC_CmdInitTypeDef  sdmmc_cmdinit;
 3732              		.loc 1 1267 1 view .LVU1143
 3733 000a 0446     		mov	r4, r0
 3734 000c 1546     		mov	r5, r2
1273:../../STM32Cube_FW_N6/Drivers/STM32N6xx_HAL_Driver/Src/stm32n6xx_ll_sdmmc.c ****   sdmmc_cmdinit.WaitForInterrupt = SDMMC_WAIT_NO;
 3735              		.loc 1 1273 34 view .LVU1144
 3736 000e CDE90263 		strd	r6, r3, [sp, #8]
1275:../../STM32Cube_FW_N6/Drivers/STM32N6xx_HAL_Driver/Src/stm32n6xx_ll_sdmmc.c ****   (void)SDMMC_SendCommand(SDMMCx, &sdmmc_cmdinit);
 3737              		.loc 1 1275 34 view .LVU1145
 3738 0012 0022     		movs	r2, #0
 3739              	.LVL267:
1275:../../STM32Cube_FW_N6/Drivers/STM32N6xx_HAL_Driver/Src/stm32n6xx_ll_sdmmc.c ****   (void)SDMMC_SendCommand(SDMMCx, &sdmmc_cmdinit);
 3740              		.loc 1 1275 34 view .LVU1146
 3741 0014 4FF48053 		mov	r3, #4096
1271:../../STM32Cube_FW_N6/Drivers/STM32N6xx_HAL_Driver/Src/stm32n6xx_ll_sdmmc.c ****   sdmmc_cmdinit.CmdIndex         = SDMMC_CMD_SDMMC_RW_DIRECT;
 3742              		.loc 1 1271 34 view .LVU1147
 3743 0018 0191     		str	r1, [sp, #4]
1272:../../STM32Cube_FW_N6/Drivers/STM32N6xx_HAL_Driver/Src/stm32n6xx_ll_sdmmc.c ****   sdmmc_cmdinit.Response         = SDMMC_RESPONSE_SHORT;
 3744              		.loc 1 1272 3 is_stmt 1 view .LVU1148
1274:../../STM32Cube_FW_N6/Drivers/STM32N6xx_HAL_Driver/Src/stm32n6xx_ll_sdmmc.c ****   sdmmc_cmdinit.CPSM             = SDMMC_CPSM_ENABLE;
 3745              		.loc 1 1274 3 view .LVU1149
1276:../../STM32Cube_FW_N6/Drivers/STM32N6xx_HAL_Driver/Src/stm32n6xx_ll_sdmmc.c **** 
ARM GAS  C:\Users\Antonio\AppData\Local\Temp\cc9FRrj5.s 			page 119


 3746              		.loc 1 1276 9 is_stmt 0 view .LVU1150
 3747 001a 01A9     		add	r1, sp, #4
 3748              	.LVL268:
1275:../../STM32Cube_FW_N6/Drivers/STM32N6xx_HAL_Driver/Src/stm32n6xx_ll_sdmmc.c ****   (void)SDMMC_SendCommand(SDMMCx, &sdmmc_cmdinit);
 3749              		.loc 1 1275 34 view .LVU1151
 3750 001c CDE90423 		strd	r2, r3, [sp, #16]
1276:../../STM32Cube_FW_N6/Drivers/STM32N6xx_HAL_Driver/Src/stm32n6xx_ll_sdmmc.c **** 
 3751              		.loc 1 1276 3 is_stmt 1 view .LVU1152
1276:../../STM32Cube_FW_N6/Drivers/STM32N6xx_HAL_Driver/Src/stm32n6xx_ll_sdmmc.c **** 
 3752              		.loc 1 1276 9 is_stmt 0 view .LVU1153
 3753 0020 FFF7FEFF 		bl	SDMMC_SendCommand
 3754              	.LVL269:
1279:../../STM32Cube_FW_N6/Drivers/STM32N6xx_HAL_Driver/Src/stm32n6xx_ll_sdmmc.c **** 
 3755              		.loc 1 1279 3 is_stmt 1 view .LVU1154
1279:../../STM32Cube_FW_N6/Drivers/STM32N6xx_HAL_Driver/Src/stm32n6xx_ll_sdmmc.c **** 
 3756              		.loc 1 1279 16 is_stmt 0 view .LVU1155
 3757 0024 2A46     		mov	r2, r5
 3758 0026 3146     		mov	r1, r6
 3759 0028 2046     		mov	r0, r4
1282:../../STM32Cube_FW_N6/Drivers/STM32N6xx_HAL_Driver/Src/stm32n6xx_ll_sdmmc.c **** 
 3760              		.loc 1 1282 1 view .LVU1156
 3761 002a 06B0     		add	sp, sp, #24
 3762              		.cfi_def_cfa_offset 16
 3763              		@ sp needed
 3764 002c BDE87040 		pop	{r4, r5, r6, lr}
 3765              		.cfi_restore 14
 3766              		.cfi_restore 6
 3767              		.cfi_restore 5
 3768              		.cfi_restore 4
 3769              		.cfi_def_cfa_offset 0
 3770              	.LVL270:
1279:../../STM32Cube_FW_N6/Drivers/STM32N6xx_HAL_Driver/Src/stm32n6xx_ll_sdmmc.c **** 
 3771              		.loc 1 1279 16 view .LVU1157
 3772 0030 FFF7FEBF 		b	SDMMC_GetCmdResp5
 3773              	.LVL271:
1279:../../STM32Cube_FW_N6/Drivers/STM32N6xx_HAL_Driver/Src/stm32n6xx_ll_sdmmc.c **** 
 3774              		.loc 1 1279 16 view .LVU1158
 3775              		.cfi_endproc
 3776              	.LFE881:
 3778              		.section	.text.SDMMC_SDIO_CmdReadWriteExtended,"ax",%progbits
 3779              		.align	1
 3780              		.global	SDMMC_SDIO_CmdReadWriteExtended
 3781              		.syntax unified
 3782              		.thumb
 3783              		.thumb_func
 3785              	SDMMC_SDIO_CmdReadWriteExtended:
 3786              	.LVL272:
 3787              	.LFB882:
1291:../../STM32Cube_FW_N6/Drivers/STM32N6xx_HAL_Driver/Src/stm32n6xx_ll_sdmmc.c ****   SDMMC_CmdInitTypeDef  sdmmc_cmdinit;
 3788              		.loc 1 1291 1 is_stmt 1 view -0
 3789              		.cfi_startproc
 3790              		@ args = 0, pretend = 0, frame = 24
 3791              		@ frame_needed = 0, uses_anonymous_args = 0
1292:../../STM32Cube_FW_N6/Drivers/STM32N6xx_HAL_Driver/Src/stm32n6xx_ll_sdmmc.c ****   uint32_t errorstate;
 3792              		.loc 1 1292 3 view .LVU1160
1293:../../STM32Cube_FW_N6/Drivers/STM32N6xx_HAL_Driver/Src/stm32n6xx_ll_sdmmc.c **** 
 3793              		.loc 1 1293 3 view .LVU1161
ARM GAS  C:\Users\Antonio\AppData\Local\Temp\cc9FRrj5.s 			page 120


1295:../../STM32Cube_FW_N6/Drivers/STM32N6xx_HAL_Driver/Src/stm32n6xx_ll_sdmmc.c ****   sdmmc_cmdinit.CmdIndex         = SDMMC_CMD_SDMMC_RW_EXTENDED;
 3794              		.loc 1 1295 3 view .LVU1162
1291:../../STM32Cube_FW_N6/Drivers/STM32N6xx_HAL_Driver/Src/stm32n6xx_ll_sdmmc.c ****   SDMMC_CmdInitTypeDef  sdmmc_cmdinit;
 3795              		.loc 1 1291 1 is_stmt 0 view .LVU1163
 3796 0000 70B5     		push	{r4, r5, r6, lr}
 3797              		.cfi_def_cfa_offset 16
 3798              		.cfi_offset 4, -16
 3799              		.cfi_offset 5, -12
 3800              		.cfi_offset 6, -8
 3801              		.cfi_offset 14, -4
1297:../../STM32Cube_FW_N6/Drivers/STM32N6xx_HAL_Driver/Src/stm32n6xx_ll_sdmmc.c ****   sdmmc_cmdinit.WaitForInterrupt = SDMMC_WAIT_NO;
 3802              		.loc 1 1297 34 view .LVU1164
 3803 0002 4FF48073 		mov	r3, #256
 3804 0006 3525     		movs	r5, #53
1291:../../STM32Cube_FW_N6/Drivers/STM32N6xx_HAL_Driver/Src/stm32n6xx_ll_sdmmc.c ****   SDMMC_CmdInitTypeDef  sdmmc_cmdinit;
 3805              		.loc 1 1291 1 view .LVU1165
 3806 0008 86B0     		sub	sp, sp, #24
 3807              		.cfi_def_cfa_offset 40
1291:../../STM32Cube_FW_N6/Drivers/STM32N6xx_HAL_Driver/Src/stm32n6xx_ll_sdmmc.c ****   SDMMC_CmdInitTypeDef  sdmmc_cmdinit;
 3808              		.loc 1 1291 1 view .LVU1166
 3809 000a 0446     		mov	r4, r0
1299:../../STM32Cube_FW_N6/Drivers/STM32N6xx_HAL_Driver/Src/stm32n6xx_ll_sdmmc.c ****   (void)SDMMC_SendCommand(SDMMCx, &sdmmc_cmdinit);
 3810              		.loc 1 1299 34 view .LVU1167
 3811 000c 0026     		movs	r6, #0
1297:../../STM32Cube_FW_N6/Drivers/STM32N6xx_HAL_Driver/Src/stm32n6xx_ll_sdmmc.c ****   sdmmc_cmdinit.WaitForInterrupt = SDMMC_WAIT_NO;
 3812              		.loc 1 1297 34 view .LVU1168
 3813 000e CDE90253 		strd	r5, r3, [sp, #8]
1299:../../STM32Cube_FW_N6/Drivers/STM32N6xx_HAL_Driver/Src/stm32n6xx_ll_sdmmc.c ****   (void)SDMMC_SendCommand(SDMMCx, &sdmmc_cmdinit);
 3814              		.loc 1 1299 34 view .LVU1169
 3815 0012 4FF48053 		mov	r3, #4096
1295:../../STM32Cube_FW_N6/Drivers/STM32N6xx_HAL_Driver/Src/stm32n6xx_ll_sdmmc.c ****   sdmmc_cmdinit.CmdIndex         = SDMMC_CMD_SDMMC_RW_EXTENDED;
 3816              		.loc 1 1295 34 view .LVU1170
 3817 0016 0191     		str	r1, [sp, #4]
1296:../../STM32Cube_FW_N6/Drivers/STM32N6xx_HAL_Driver/Src/stm32n6xx_ll_sdmmc.c ****   sdmmc_cmdinit.Response         = SDMMC_RESPONSE_SHORT;
 3818              		.loc 1 1296 3 is_stmt 1 view .LVU1171
1298:../../STM32Cube_FW_N6/Drivers/STM32N6xx_HAL_Driver/Src/stm32n6xx_ll_sdmmc.c ****   sdmmc_cmdinit.CPSM             = SDMMC_CPSM_ENABLE;
 3819              		.loc 1 1298 3 view .LVU1172
1300:../../STM32Cube_FW_N6/Drivers/STM32N6xx_HAL_Driver/Src/stm32n6xx_ll_sdmmc.c **** 
 3820              		.loc 1 1300 9 is_stmt 0 view .LVU1173
 3821 0018 01A9     		add	r1, sp, #4
 3822              	.LVL273:
1299:../../STM32Cube_FW_N6/Drivers/STM32N6xx_HAL_Driver/Src/stm32n6xx_ll_sdmmc.c ****   (void)SDMMC_SendCommand(SDMMCx, &sdmmc_cmdinit);
 3823              		.loc 1 1299 34 view .LVU1174
 3824 001a CDE90463 		strd	r6, r3, [sp, #16]
1300:../../STM32Cube_FW_N6/Drivers/STM32N6xx_HAL_Driver/Src/stm32n6xx_ll_sdmmc.c **** 
 3825              		.loc 1 1300 3 is_stmt 1 view .LVU1175
1300:../../STM32Cube_FW_N6/Drivers/STM32N6xx_HAL_Driver/Src/stm32n6xx_ll_sdmmc.c **** 
 3826              		.loc 1 1300 9 is_stmt 0 view .LVU1176
 3827 001e FFF7FEFF 		bl	SDMMC_SendCommand
 3828              	.LVL274:
1303:../../STM32Cube_FW_N6/Drivers/STM32N6xx_HAL_Driver/Src/stm32n6xx_ll_sdmmc.c **** 
 3829              		.loc 1 1303 3 is_stmt 1 view .LVU1177
1303:../../STM32Cube_FW_N6/Drivers/STM32N6xx_HAL_Driver/Src/stm32n6xx_ll_sdmmc.c **** 
 3830              		.loc 1 1303 16 is_stmt 0 view .LVU1178
 3831 0022 3246     		mov	r2, r6
 3832 0024 2946     		mov	r1, r5
 3833 0026 2046     		mov	r0, r4
ARM GAS  C:\Users\Antonio\AppData\Local\Temp\cc9FRrj5.s 			page 121


1306:../../STM32Cube_FW_N6/Drivers/STM32N6xx_HAL_Driver/Src/stm32n6xx_ll_sdmmc.c **** 
 3834              		.loc 1 1306 1 view .LVU1179
 3835 0028 06B0     		add	sp, sp, #24
 3836              		.cfi_def_cfa_offset 16
 3837              		@ sp needed
 3838 002a BDE87040 		pop	{r4, r5, r6, lr}
 3839              		.cfi_restore 14
 3840              		.cfi_restore 6
 3841              		.cfi_restore 5
 3842              		.cfi_restore 4
 3843              		.cfi_def_cfa_offset 0
 3844              	.LVL275:
1303:../../STM32Cube_FW_N6/Drivers/STM32N6xx_HAL_Driver/Src/stm32n6xx_ll_sdmmc.c **** 
 3845              		.loc 1 1303 16 view .LVU1180
 3846 002e FFF7FEBF 		b	SDMMC_GetCmdResp5
 3847              	.LVL276:
1303:../../STM32Cube_FW_N6/Drivers/STM32N6xx_HAL_Driver/Src/stm32n6xx_ll_sdmmc.c **** 
 3848              		.loc 1 1303 16 view .LVU1181
 3849              		.cfi_endproc
 3850              	.LFE882:
 3852              		.section	.text.SDMMC_GetCmdResp6,"ax",%progbits
 3853              		.align	1
 3854              		.global	SDMMC_GetCmdResp6
 3855              		.syntax unified
 3856              		.thumb
 3857              		.thumb_func
 3859              	SDMMC_GetCmdResp6:
 3860              	.LVL277:
 3861              	.LFB889:
1707:../../STM32Cube_FW_N6/Drivers/STM32N6xx_HAL_Driver/Src/stm32n6xx_ll_sdmmc.c ****   uint32_t response_r1;
 3862              		.loc 1 1707 1 is_stmt 1 view -0
 3863              		.cfi_startproc
 3864              		@ args = 0, pretend = 0, frame = 0
 3865              		@ frame_needed = 0, uses_anonymous_args = 0
1708:../../STM32Cube_FW_N6/Drivers/STM32N6xx_HAL_Driver/Src/stm32n6xx_ll_sdmmc.c ****   uint32_t sta_reg;
 3866              		.loc 1 1708 3 view .LVU1183
1709:../../STM32Cube_FW_N6/Drivers/STM32N6xx_HAL_Driver/Src/stm32n6xx_ll_sdmmc.c **** 
 3867              		.loc 1 1709 3 view .LVU1184
1713:../../STM32Cube_FW_N6/Drivers/STM32N6xx_HAL_Driver/Src/stm32n6xx_ll_sdmmc.c **** 
 3868              		.loc 1 1713 3 view .LVU1185
1707:../../STM32Cube_FW_N6/Drivers/STM32N6xx_HAL_Driver/Src/stm32n6xx_ll_sdmmc.c ****   uint32_t response_r1;
 3869              		.loc 1 1707 1 is_stmt 0 view .LVU1186
 3870 0000 10B5     		push	{r4, lr}
 3871              		.cfi_def_cfa_offset 8
 3872              		.cfi_offset 4, -8
 3873              		.cfi_offset 14, -4
1713:../../STM32Cube_FW_N6/Drivers/STM32N6xx_HAL_Driver/Src/stm32n6xx_ll_sdmmc.c **** 
 3874              		.loc 1 1713 61 view .LVU1187
 3875 0002 4FF4FA54 		mov	r4, #8000
1707:../../STM32Cube_FW_N6/Drivers/STM32N6xx_HAL_Driver/Src/stm32n6xx_ll_sdmmc.c ****   uint32_t response_r1;
 3876              		.loc 1 1707 1 view .LVU1188
 3877 0006 0346     		mov	r3, r0
1713:../../STM32Cube_FW_N6/Drivers/STM32N6xx_HAL_Driver/Src/stm32n6xx_ll_sdmmc.c **** 
 3878              		.loc 1 1713 61 view .LVU1189
 3879 0008 1C48     		ldr	r0, .L264
 3880              	.LVL278:
1713:../../STM32Cube_FW_N6/Drivers/STM32N6xx_HAL_Driver/Src/stm32n6xx_ll_sdmmc.c **** 
ARM GAS  C:\Users\Antonio\AppData\Local\Temp\cc9FRrj5.s 			page 122


 3881              		.loc 1 1713 61 view .LVU1190
 3882 000a 0068     		ldr	r0, [r0]
 3883 000c B0FBF4F0 		udiv	r0, r0, r4
1713:../../STM32Cube_FW_N6/Drivers/STM32N6xx_HAL_Driver/Src/stm32n6xx_ll_sdmmc.c **** 
 3884              		.loc 1 1713 12 view .LVU1191
 3885 0010 41F28834 		movw	r4, #5000
 3886 0014 6043     		muls	r0, r4, r0
 3887              	.LVL279:
1713:../../STM32Cube_FW_N6/Drivers/STM32N6xx_HAL_Driver/Src/stm32n6xx_ll_sdmmc.c **** 
 3888              		.loc 1 1713 12 view .LVU1192
 3889 0016 0130     		adds	r0, r0, #1
 3890              	.LVL280:
 3891              	.L248:
1715:../../STM32Cube_FW_N6/Drivers/STM32N6xx_HAL_Driver/Src/stm32n6xx_ll_sdmmc.c ****   {
 3892              		.loc 1 1715 3 is_stmt 1 view .LVU1193
1717:../../STM32Cube_FW_N6/Drivers/STM32N6xx_HAL_Driver/Src/stm32n6xx_ll_sdmmc.c ****     {
 3893              		.loc 1 1717 5 view .LVU1194
1717:../../STM32Cube_FW_N6/Drivers/STM32N6xx_HAL_Driver/Src/stm32n6xx_ll_sdmmc.c ****     {
 3894              		.loc 1 1717 8 is_stmt 0 view .LVU1195
 3895 0018 0138     		subs	r0, r0, #1
 3896 001a 29D0     		beq	.L263
1721:../../STM32Cube_FW_N6/Drivers/STM32N6xx_HAL_Driver/Src/stm32n6xx_ll_sdmmc.c ****   } while (((sta_reg & (SDMMC_FLAG_CCRCFAIL | SDMMC_FLAG_CMDREND | SDMMC_FLAG_CTIMEOUT)) == 0U) ||
 3897              		.loc 1 1721 5 is_stmt 1 view .LVU1196
1721:../../STM32Cube_FW_N6/Drivers/STM32N6xx_HAL_Driver/Src/stm32n6xx_ll_sdmmc.c ****   } while (((sta_reg & (SDMMC_FLAG_CCRCFAIL | SDMMC_FLAG_CMDREND | SDMMC_FLAG_CTIMEOUT)) == 0U) ||
 3898              		.loc 1 1721 13 is_stmt 0 view .LVU1197
 3899 001c 5C6B     		ldr	r4, [r3, #52]
 3900              	.LVL281:
1722:../../STM32Cube_FW_N6/Drivers/STM32N6xx_HAL_Driver/Src/stm32n6xx_ll_sdmmc.c ****            ((sta_reg & SDMMC_FLAG_CMDACT) != 0U));
 3901              		.loc 1 1722 97 is_stmt 1 view .LVU1198
 3902 001e 14F0450F 		tst	r4, #69
 3903 0022 F9D0     		beq	.L248
1722:../../STM32Cube_FW_N6/Drivers/STM32N6xx_HAL_Driver/Src/stm32n6xx_ll_sdmmc.c ****            ((sta_reg & SDMMC_FLAG_CMDACT) != 0U));
 3904              		.loc 1 1722 97 is_stmt 0 discriminator 1 view .LVU1199
 3905 0024 A404     		lsls	r4, r4, #18
 3906              	.LVL282:
1722:../../STM32Cube_FW_N6/Drivers/STM32N6xx_HAL_Driver/Src/stm32n6xx_ll_sdmmc.c ****            ((sta_reg & SDMMC_FLAG_CMDACT) != 0U));
 3907              		.loc 1 1722 97 discriminator 1 view .LVU1200
 3908 0026 F7D4     		bmi	.L248
1725:../../STM32Cube_FW_N6/Drivers/STM32N6xx_HAL_Driver/Src/stm32n6xx_ll_sdmmc.c ****   {
 3909              		.loc 1 1725 3 is_stmt 1 view .LVU1201
1725:../../STM32Cube_FW_N6/Drivers/STM32N6xx_HAL_Driver/Src/stm32n6xx_ll_sdmmc.c ****   {
 3910              		.loc 1 1725 7 is_stmt 0 view .LVU1202
 3911 0028 586B     		ldr	r0, [r3, #52]
1725:../../STM32Cube_FW_N6/Drivers/STM32N6xx_HAL_Driver/Src/stm32n6xx_ll_sdmmc.c ****   {
 3912              		.loc 1 1725 6 view .LVU1203
 3913 002a 4407     		lsls	r4, r0, #29
 3914 002c 02D5     		bpl	.L251
1727:../../STM32Cube_FW_N6/Drivers/STM32N6xx_HAL_Driver/Src/stm32n6xx_ll_sdmmc.c **** 
 3915              		.loc 1 1727 5 is_stmt 1 view .LVU1204
 3916 002e 0420     		movs	r0, #4
 3917 0030 9863     		str	r0, [r3, #56]
1729:../../STM32Cube_FW_N6/Drivers/STM32N6xx_HAL_Driver/Src/stm32n6xx_ll_sdmmc.c ****   }
 3918              		.loc 1 1729 5 view .LVU1205
 3919              	.LVL283:
 3920              	.L247:
1773:../../STM32Cube_FW_N6/Drivers/STM32N6xx_HAL_Driver/Src/stm32n6xx_ll_sdmmc.c **** 
 3921              		.loc 1 1773 1 is_stmt 0 view .LVU1206
ARM GAS  C:\Users\Antonio\AppData\Local\Temp\cc9FRrj5.s 			page 123


 3922 0032 10BD     		pop	{r4, pc}
 3923              	.LVL284:
 3924              	.L251:
 3925              	.LBB86:
 3926              	.LBI86:
1706:../../STM32Cube_FW_N6/Drivers/STM32N6xx_HAL_Driver/Src/stm32n6xx_ll_sdmmc.c **** {
 3927              		.loc 1 1706 10 is_stmt 1 view .LVU1207
 3928              	.LBB87:
1731:../../STM32Cube_FW_N6/Drivers/STM32N6xx_HAL_Driver/Src/stm32n6xx_ll_sdmmc.c ****   {
 3929              		.loc 1 1731 8 view .LVU1208
1731:../../STM32Cube_FW_N6/Drivers/STM32N6xx_HAL_Driver/Src/stm32n6xx_ll_sdmmc.c ****   {
 3930              		.loc 1 1731 12 is_stmt 0 view .LVU1209
 3931 0034 586B     		ldr	r0, [r3, #52]
1731:../../STM32Cube_FW_N6/Drivers/STM32N6xx_HAL_Driver/Src/stm32n6xx_ll_sdmmc.c ****   {
 3932              		.loc 1 1731 11 view .LVU1210
 3933 0036 C007     		lsls	r0, r0, #31
 3934 0038 03D5     		bpl	.L252
1733:../../STM32Cube_FW_N6/Drivers/STM32N6xx_HAL_Driver/Src/stm32n6xx_ll_sdmmc.c **** 
 3935              		.loc 1 1733 5 is_stmt 1 view .LVU1211
 3936 003a 0122     		movs	r2, #1
 3937              	.LVL285:
1733:../../STM32Cube_FW_N6/Drivers/STM32N6xx_HAL_Driver/Src/stm32n6xx_ll_sdmmc.c **** 
 3938              		.loc 1 1733 5 is_stmt 0 view .LVU1212
 3939 003c 9A63     		str	r2, [r3, #56]
1735:../../STM32Cube_FW_N6/Drivers/STM32N6xx_HAL_Driver/Src/stm32n6xx_ll_sdmmc.c ****   }
 3940              		.loc 1 1735 5 is_stmt 1 view .LVU1213
 3941              	.L253:
1735:../../STM32Cube_FW_N6/Drivers/STM32N6xx_HAL_Driver/Src/stm32n6xx_ll_sdmmc.c ****   }
 3942              		.loc 1 1735 12 is_stmt 0 view .LVU1214
 3943 003e 0120     		movs	r0, #1
 3944 0040 F7E7     		b	.L247
 3945              	.LVL286:
 3946              	.L252:
1740:../../STM32Cube_FW_N6/Drivers/STM32N6xx_HAL_Driver/Src/stm32n6xx_ll_sdmmc.c **** 
 3947              		.loc 1 1740 3 is_stmt 1 view .LVU1215
1743:../../STM32Cube_FW_N6/Drivers/STM32N6xx_HAL_Driver/Src/stm32n6xx_ll_sdmmc.c ****   {
 3948              		.loc 1 1743 3 view .LVU1216
 3949              	.LBB88:
 3950              	.LBI88:
 382:../../STM32Cube_FW_N6/Drivers/STM32N6xx_HAL_Driver/Src/stm32n6xx_ll_sdmmc.c **** {
 3951              		.loc 1 382 9 view .LVU1217
 3952              	.LBB89:
 384:../../STM32Cube_FW_N6/Drivers/STM32N6xx_HAL_Driver/Src/stm32n6xx_ll_sdmmc.c **** }
 3953              		.loc 1 384 3 view .LVU1218
 384:../../STM32Cube_FW_N6/Drivers/STM32N6xx_HAL_Driver/Src/stm32n6xx_ll_sdmmc.c **** }
 3954              		.loc 1 384 26 is_stmt 0 view .LVU1219
 3955 0042 1869     		ldr	r0, [r3, #16]
 3956              	.LVL287:
 384:../../STM32Cube_FW_N6/Drivers/STM32N6xx_HAL_Driver/Src/stm32n6xx_ll_sdmmc.c **** }
 3957              		.loc 1 384 26 view .LVU1220
 3958              	.LBE89:
 3959              	.LBE88:
1743:../../STM32Cube_FW_N6/Drivers/STM32N6xx_HAL_Driver/Src/stm32n6xx_ll_sdmmc.c ****   {
 3960              		.loc 1 1743 6 discriminator 1 view .LVU1221
 3961 0044 C0B2     		uxtb	r0, r0
 3962 0046 8142     		cmp	r1, r0
 3963 0048 F9D1     		bne	.L253
ARM GAS  C:\Users\Antonio\AppData\Local\Temp\cc9FRrj5.s 			page 124


1749:../../STM32Cube_FW_N6/Drivers/STM32N6xx_HAL_Driver/Src/stm32n6xx_ll_sdmmc.c **** 
 3964              		.loc 1 1749 3 is_stmt 1 view .LVU1222
 3965 004a 0D49     		ldr	r1, .L264+4
 3966              	.LVL288:
1749:../../STM32Cube_FW_N6/Drivers/STM32N6xx_HAL_Driver/Src/stm32n6xx_ll_sdmmc.c **** 
 3967              		.loc 1 1749 3 is_stmt 0 view .LVU1223
 3968 004c 9963     		str	r1, [r3, #56]
1752:../../STM32Cube_FW_N6/Drivers/STM32N6xx_HAL_Driver/Src/stm32n6xx_ll_sdmmc.c **** 
 3969              		.loc 1 1752 3 is_stmt 1 view .LVU1224
 3970              	.LVL289:
 3971              	.LBB90:
 3972              	.LBI90:
 399:../../STM32Cube_FW_N6/Drivers/STM32N6xx_HAL_Driver/Src/stm32n6xx_ll_sdmmc.c **** {
 3973              		.loc 1 399 10 view .LVU1225
 3974              	.LBB91:
 401:../../STM32Cube_FW_N6/Drivers/STM32N6xx_HAL_Driver/Src/stm32n6xx_ll_sdmmc.c **** 
 3975              		.loc 1 401 3 view .LVU1226
 404:../../STM32Cube_FW_N6/Drivers/STM32N6xx_HAL_Driver/Src/stm32n6xx_ll_sdmmc.c **** 
 3976              		.loc 1 404 3 view .LVU1227
 407:../../STM32Cube_FW_N6/Drivers/STM32N6xx_HAL_Driver/Src/stm32n6xx_ll_sdmmc.c **** 
 3977              		.loc 1 407 3 view .LVU1228
 409:../../STM32Cube_FW_N6/Drivers/STM32N6xx_HAL_Driver/Src/stm32n6xx_ll_sdmmc.c **** }
 3978              		.loc 1 409 3 view .LVU1229
 409:../../STM32Cube_FW_N6/Drivers/STM32N6xx_HAL_Driver/Src/stm32n6xx_ll_sdmmc.c **** }
 3979              		.loc 1 409 11 is_stmt 0 view .LVU1230
 3980 004e 5B69     		ldr	r3, [r3, #20]
 3981              	.LVL290:
 409:../../STM32Cube_FW_N6/Drivers/STM32N6xx_HAL_Driver/Src/stm32n6xx_ll_sdmmc.c **** }
 3982              		.loc 1 409 11 view .LVU1231
 3983              	.LBE91:
 3984              	.LBE90:
1754:../../STM32Cube_FW_N6/Drivers/STM32N6xx_HAL_Driver/Src/stm32n6xx_ll_sdmmc.c ****                       SDMMC_R6_COM_CRC_FAILED)) == SDMMC_ALLZERO)
 3985              		.loc 1 1754 3 is_stmt 1 view .LVU1232
1754:../../STM32Cube_FW_N6/Drivers/STM32N6xx_HAL_Driver/Src/stm32n6xx_ll_sdmmc.c ****                       SDMMC_R6_COM_CRC_FAILED)) == SDMMC_ALLZERO)
 3986              		.loc 1 1754 6 is_stmt 0 view .LVU1233
 3987 0050 13F46040 		ands	r0, r3, #57344
 3988 0054 02D1     		bne	.L255
1757:../../STM32Cube_FW_N6/Drivers/STM32N6xx_HAL_Driver/Src/stm32n6xx_ll_sdmmc.c **** 
 3989              		.loc 1 1757 5 is_stmt 1 view .LVU1234
1757:../../STM32Cube_FW_N6/Drivers/STM32N6xx_HAL_Driver/Src/stm32n6xx_ll_sdmmc.c **** 
 3990              		.loc 1 1757 36 is_stmt 0 view .LVU1235
 3991 0056 1B0C     		lsrs	r3, r3, #16
 3992              	.LVL291:
1757:../../STM32Cube_FW_N6/Drivers/STM32N6xx_HAL_Driver/Src/stm32n6xx_ll_sdmmc.c **** 
 3993              		.loc 1 1757 13 view .LVU1236
 3994 0058 1380     		strh	r3, [r2]	@ movhi
1759:../../STM32Cube_FW_N6/Drivers/STM32N6xx_HAL_Driver/Src/stm32n6xx_ll_sdmmc.c ****   }
 3995              		.loc 1 1759 5 is_stmt 1 view .LVU1237
1759:../../STM32Cube_FW_N6/Drivers/STM32N6xx_HAL_Driver/Src/stm32n6xx_ll_sdmmc.c ****   }
 3996              		.loc 1 1759 12 is_stmt 0 view .LVU1238
 3997 005a EAE7     		b	.L247
 3998              	.LVL292:
 3999              	.L255:
1761:../../STM32Cube_FW_N6/Drivers/STM32N6xx_HAL_Driver/Src/stm32n6xx_ll_sdmmc.c ****   {
 4000              		.loc 1 1761 8 is_stmt 1 view .LVU1239
1761:../../STM32Cube_FW_N6/Drivers/STM32N6xx_HAL_Driver/Src/stm32n6xx_ll_sdmmc.c ****   {
 4001              		.loc 1 1761 11 is_stmt 0 view .LVU1240
ARM GAS  C:\Users\Antonio\AppData\Local\Temp\cc9FRrj5.s 			page 125


 4002 005c 5A04     		lsls	r2, r3, #17
 4003              	.LVL293:
1761:../../STM32Cube_FW_N6/Drivers/STM32N6xx_HAL_Driver/Src/stm32n6xx_ll_sdmmc.c ****   {
 4004              		.loc 1 1761 11 view .LVU1241
 4005 005e 0AD4     		bmi	.L257
1765:../../STM32Cube_FW_N6/Drivers/STM32N6xx_HAL_Driver/Src/stm32n6xx_ll_sdmmc.c ****   {
 4006              		.loc 1 1765 8 is_stmt 1 view .LVU1242
1767:../../STM32Cube_FW_N6/Drivers/STM32N6xx_HAL_Driver/Src/stm32n6xx_ll_sdmmc.c ****   }
 4007              		.loc 1 1767 12 is_stmt 0 view .LVU1243
 4008 0060 13F4004F 		tst	r3, #32768
 4009 0064 0CBF     		ite	eq
 4010 0066 4FF48030 		moveq	r0, #65536
 4011 006a 4FF48050 		movne	r0, #4096
 4012 006e E0E7     		b	.L247
 4013              	.LVL294:
 4014              	.L263:
1767:../../STM32Cube_FW_N6/Drivers/STM32N6xx_HAL_Driver/Src/stm32n6xx_ll_sdmmc.c ****   }
 4015              		.loc 1 1767 12 view .LVU1244
 4016              	.LBE87:
 4017              	.LBE86:
1719:../../STM32Cube_FW_N6/Drivers/STM32N6xx_HAL_Driver/Src/stm32n6xx_ll_sdmmc.c ****     }
 4018              		.loc 1 1719 14 view .LVU1245
 4019 0070 4FF00040 		mov	r0, #-2147483648
 4020 0074 DDE7     		b	.L247
 4021              	.LVL295:
 4022              	.L257:
 4023              	.LBB93:
 4024              	.LBB92:
1763:../../STM32Cube_FW_N6/Drivers/STM32N6xx_HAL_Driver/Src/stm32n6xx_ll_sdmmc.c ****   }
 4025              		.loc 1 1763 12 view .LVU1246
 4026 0076 4FF40050 		mov	r0, #8192
 4027 007a DAE7     		b	.L247
 4028              	.L265:
 4029              		.align	2
 4030              	.L264:
 4031 007c 00000000 		.word	SystemCoreClock
 4032 0080 C5002000 		.word	2097349
 4033              	.LBE92:
 4034              	.LBE93:
 4035              		.cfi_endproc
 4036              	.LFE889:
 4038              		.section	.text.SDMMC_CmdSetRelAdd,"ax",%progbits
 4039              		.align	1
 4040              		.global	SDMMC_CmdSetRelAdd
 4041              		.syntax unified
 4042              		.thumb
 4043              		.thumb_func
 4045              	SDMMC_CmdSetRelAdd:
 4046              	.LVL296:
 4047              	.LFB872:
1044:../../STM32Cube_FW_N6/Drivers/STM32N6xx_HAL_Driver/Src/stm32n6xx_ll_sdmmc.c ****   SDMMC_CmdInitTypeDef  sdmmc_cmdinit;
 4048              		.loc 1 1044 1 is_stmt 1 view -0
 4049              		.cfi_startproc
 4050              		@ args = 0, pretend = 0, frame = 24
 4051              		@ frame_needed = 0, uses_anonymous_args = 0
1045:../../STM32Cube_FW_N6/Drivers/STM32N6xx_HAL_Driver/Src/stm32n6xx_ll_sdmmc.c ****   uint32_t errorstate;
 4052              		.loc 1 1045 3 view .LVU1248
ARM GAS  C:\Users\Antonio\AppData\Local\Temp\cc9FRrj5.s 			page 126


1046:../../STM32Cube_FW_N6/Drivers/STM32N6xx_HAL_Driver/Src/stm32n6xx_ll_sdmmc.c **** 
 4053              		.loc 1 1046 3 view .LVU1249
1049:../../STM32Cube_FW_N6/Drivers/STM32N6xx_HAL_Driver/Src/stm32n6xx_ll_sdmmc.c ****   sdmmc_cmdinit.CmdIndex         = SDMMC_CMD_SET_REL_ADDR;
 4054              		.loc 1 1049 3 view .LVU1250
1044:../../STM32Cube_FW_N6/Drivers/STM32N6xx_HAL_Driver/Src/stm32n6xx_ll_sdmmc.c ****   SDMMC_CmdInitTypeDef  sdmmc_cmdinit;
 4055              		.loc 1 1044 1 is_stmt 0 view .LVU1251
 4056 0000 70B5     		push	{r4, r5, r6, lr}
 4057              		.cfi_def_cfa_offset 16
 4058              		.cfi_offset 4, -16
 4059              		.cfi_offset 5, -12
 4060              		.cfi_offset 6, -8
 4061              		.cfi_offset 14, -4
1050:../../STM32Cube_FW_N6/Drivers/STM32N6xx_HAL_Driver/Src/stm32n6xx_ll_sdmmc.c ****   sdmmc_cmdinit.Response         = SDMMC_RESPONSE_SHORT;
 4062              		.loc 1 1050 34 view .LVU1252
 4063 0002 0023     		movs	r3, #0
 4064 0004 0326     		movs	r6, #3
1051:../../STM32Cube_FW_N6/Drivers/STM32N6xx_HAL_Driver/Src/stm32n6xx_ll_sdmmc.c ****   sdmmc_cmdinit.WaitForInterrupt = SDMMC_WAIT_NO;
 4065              		.loc 1 1051 34 view .LVU1253
 4066 0006 4FF48072 		mov	r2, #256
1044:../../STM32Cube_FW_N6/Drivers/STM32N6xx_HAL_Driver/Src/stm32n6xx_ll_sdmmc.c ****   SDMMC_CmdInitTypeDef  sdmmc_cmdinit;
 4067              		.loc 1 1044 1 view .LVU1254
 4068 000a 86B0     		sub	sp, sp, #24
 4069              		.cfi_def_cfa_offset 40
1052:../../STM32Cube_FW_N6/Drivers/STM32N6xx_HAL_Driver/Src/stm32n6xx_ll_sdmmc.c ****   sdmmc_cmdinit.CPSM             = SDMMC_CPSM_ENABLE;
 4070              		.loc 1 1052 34 view .LVU1255
 4071 000c CDE90323 		strd	r2, r3, [sp, #12]
1044:../../STM32Cube_FW_N6/Drivers/STM32N6xx_HAL_Driver/Src/stm32n6xx_ll_sdmmc.c ****   SDMMC_CmdInitTypeDef  sdmmc_cmdinit;
 4072              		.loc 1 1044 1 view .LVU1256
 4073 0010 0446     		mov	r4, r0
 4074 0012 0D46     		mov	r5, r1
1050:../../STM32Cube_FW_N6/Drivers/STM32N6xx_HAL_Driver/Src/stm32n6xx_ll_sdmmc.c ****   sdmmc_cmdinit.Response         = SDMMC_RESPONSE_SHORT;
 4075              		.loc 1 1050 34 view .LVU1257
 4076 0014 CDE90136 		strd	r3, r6, [sp, #4]
1051:../../STM32Cube_FW_N6/Drivers/STM32N6xx_HAL_Driver/Src/stm32n6xx_ll_sdmmc.c ****   sdmmc_cmdinit.WaitForInterrupt = SDMMC_WAIT_NO;
 4077              		.loc 1 1051 3 is_stmt 1 view .LVU1258
1053:../../STM32Cube_FW_N6/Drivers/STM32N6xx_HAL_Driver/Src/stm32n6xx_ll_sdmmc.c ****   (void)SDMMC_SendCommand(SDMMCx, &sdmmc_cmdinit);
 4078              		.loc 1 1053 3 view .LVU1259
1053:../../STM32Cube_FW_N6/Drivers/STM32N6xx_HAL_Driver/Src/stm32n6xx_ll_sdmmc.c ****   (void)SDMMC_SendCommand(SDMMCx, &sdmmc_cmdinit);
 4079              		.loc 1 1053 34 is_stmt 0 view .LVU1260
 4080 0018 4FF48053 		mov	r3, #4096
1054:../../STM32Cube_FW_N6/Drivers/STM32N6xx_HAL_Driver/Src/stm32n6xx_ll_sdmmc.c **** 
 4081              		.loc 1 1054 9 view .LVU1261
 4082 001c 01A9     		add	r1, sp, #4
 4083              	.LVL297:
1053:../../STM32Cube_FW_N6/Drivers/STM32N6xx_HAL_Driver/Src/stm32n6xx_ll_sdmmc.c ****   (void)SDMMC_SendCommand(SDMMCx, &sdmmc_cmdinit);
 4084              		.loc 1 1053 34 view .LVU1262
 4085 001e 0593     		str	r3, [sp, #20]
1054:../../STM32Cube_FW_N6/Drivers/STM32N6xx_HAL_Driver/Src/stm32n6xx_ll_sdmmc.c **** 
 4086              		.loc 1 1054 3 is_stmt 1 view .LVU1263
1054:../../STM32Cube_FW_N6/Drivers/STM32N6xx_HAL_Driver/Src/stm32n6xx_ll_sdmmc.c **** 
 4087              		.loc 1 1054 9 is_stmt 0 view .LVU1264
 4088 0020 FFF7FEFF 		bl	SDMMC_SendCommand
 4089              	.LVL298:
1057:../../STM32Cube_FW_N6/Drivers/STM32N6xx_HAL_Driver/Src/stm32n6xx_ll_sdmmc.c **** 
 4090              		.loc 1 1057 3 is_stmt 1 view .LVU1265
1057:../../STM32Cube_FW_N6/Drivers/STM32N6xx_HAL_Driver/Src/stm32n6xx_ll_sdmmc.c **** 
 4091              		.loc 1 1057 16 is_stmt 0 view .LVU1266
ARM GAS  C:\Users\Antonio\AppData\Local\Temp\cc9FRrj5.s 			page 127


 4092 0024 2A46     		mov	r2, r5
 4093 0026 3146     		mov	r1, r6
 4094 0028 2046     		mov	r0, r4
1060:../../STM32Cube_FW_N6/Drivers/STM32N6xx_HAL_Driver/Src/stm32n6xx_ll_sdmmc.c **** 
 4095              		.loc 1 1060 1 view .LVU1267
 4096 002a 06B0     		add	sp, sp, #24
 4097              		.cfi_def_cfa_offset 16
 4098              		@ sp needed
 4099 002c BDE87040 		pop	{r4, r5, r6, lr}
 4100              		.cfi_restore 14
 4101              		.cfi_restore 6
 4102              		.cfi_restore 5
 4103              		.cfi_restore 4
 4104              		.cfi_def_cfa_offset 0
 4105              	.LVL299:
1057:../../STM32Cube_FW_N6/Drivers/STM32N6xx_HAL_Driver/Src/stm32n6xx_ll_sdmmc.c **** 
 4106              		.loc 1 1057 16 view .LVU1268
 4107 0030 FFF7FEBF 		b	SDMMC_GetCmdResp6
 4108              	.LVL300:
1057:../../STM32Cube_FW_N6/Drivers/STM32N6xx_HAL_Driver/Src/stm32n6xx_ll_sdmmc.c **** 
 4109              		.loc 1 1057 16 view .LVU1269
 4110              		.cfi_endproc
 4111              	.LFE872:
 4113              		.section	.text.SDMMC_GetCmdResp7,"ax",%progbits
 4114              		.align	1
 4115              		.global	SDMMC_GetCmdResp7
 4116              		.syntax unified
 4117              		.thumb
 4118              		.thumb_func
 4120              	SDMMC_GetCmdResp7:
 4121              	.LVL301:
 4122              	.LFB890:
1781:../../STM32Cube_FW_N6/Drivers/STM32N6xx_HAL_Driver/Src/stm32n6xx_ll_sdmmc.c ****   uint32_t sta_reg;
 4123              		.loc 1 1781 1 is_stmt 1 view -0
 4124              		.cfi_startproc
 4125              		@ args = 0, pretend = 0, frame = 0
 4126              		@ frame_needed = 0, uses_anonymous_args = 0
 4127              		@ link register save eliminated.
1782:../../STM32Cube_FW_N6/Drivers/STM32N6xx_HAL_Driver/Src/stm32n6xx_ll_sdmmc.c ****   /* 8 is the number of required instructions cycles for the below loop statement.
 4128              		.loc 1 1782 3 view .LVU1271
1785:../../STM32Cube_FW_N6/Drivers/STM32N6xx_HAL_Driver/Src/stm32n6xx_ll_sdmmc.c **** 
 4129              		.loc 1 1785 3 view .LVU1272
1785:../../STM32Cube_FW_N6/Drivers/STM32N6xx_HAL_Driver/Src/stm32n6xx_ll_sdmmc.c **** 
 4130              		.loc 1 1785 61 is_stmt 0 view .LVU1273
 4131 0000 4FF4FA51 		mov	r1, #8000
 4132 0004 124B     		ldr	r3, .L284
1781:../../STM32Cube_FW_N6/Drivers/STM32N6xx_HAL_Driver/Src/stm32n6xx_ll_sdmmc.c ****   uint32_t sta_reg;
 4133              		.loc 1 1781 1 view .LVU1274
 4134 0006 0246     		mov	r2, r0
1785:../../STM32Cube_FW_N6/Drivers/STM32N6xx_HAL_Driver/Src/stm32n6xx_ll_sdmmc.c **** 
 4135              		.loc 1 1785 61 view .LVU1275
 4136 0008 1B68     		ldr	r3, [r3]
 4137 000a B3FBF1F3 		udiv	r3, r3, r1
1785:../../STM32Cube_FW_N6/Drivers/STM32N6xx_HAL_Driver/Src/stm32n6xx_ll_sdmmc.c **** 
 4138              		.loc 1 1785 12 view .LVU1276
 4139 000e 41F28831 		movw	r1, #5000
 4140 0012 4B43     		muls	r3, r1, r3
ARM GAS  C:\Users\Antonio\AppData\Local\Temp\cc9FRrj5.s 			page 128


 4141              	.LVL302:
1785:../../STM32Cube_FW_N6/Drivers/STM32N6xx_HAL_Driver/Src/stm32n6xx_ll_sdmmc.c **** 
 4142              		.loc 1 1785 12 view .LVU1277
 4143 0014 0133     		adds	r3, r3, #1
 4144              	.LVL303:
 4145              	.L268:
1787:../../STM32Cube_FW_N6/Drivers/STM32N6xx_HAL_Driver/Src/stm32n6xx_ll_sdmmc.c ****   {
 4146              		.loc 1 1787 3 is_stmt 1 view .LVU1278
1789:../../STM32Cube_FW_N6/Drivers/STM32N6xx_HAL_Driver/Src/stm32n6xx_ll_sdmmc.c ****     {
 4147              		.loc 1 1789 5 view .LVU1279
1789:../../STM32Cube_FW_N6/Drivers/STM32N6xx_HAL_Driver/Src/stm32n6xx_ll_sdmmc.c ****     {
 4148              		.loc 1 1789 8 is_stmt 0 view .LVU1280
 4149 0016 013B     		subs	r3, r3, #1
 4150 0018 17D0     		beq	.L282
1793:../../STM32Cube_FW_N6/Drivers/STM32N6xx_HAL_Driver/Src/stm32n6xx_ll_sdmmc.c ****   } while (((sta_reg & (SDMMC_FLAG_CCRCFAIL | SDMMC_FLAG_CMDREND | SDMMC_FLAG_CTIMEOUT)) == 0U) ||
 4151              		.loc 1 1793 5 is_stmt 1 view .LVU1281
1793:../../STM32Cube_FW_N6/Drivers/STM32N6xx_HAL_Driver/Src/stm32n6xx_ll_sdmmc.c ****   } while (((sta_reg & (SDMMC_FLAG_CCRCFAIL | SDMMC_FLAG_CMDREND | SDMMC_FLAG_CTIMEOUT)) == 0U) ||
 4152              		.loc 1 1793 13 is_stmt 0 view .LVU1282
 4153 001a 516B     		ldr	r1, [r2, #52]
 4154              	.LVL304:
1794:../../STM32Cube_FW_N6/Drivers/STM32N6xx_HAL_Driver/Src/stm32n6xx_ll_sdmmc.c ****            ((sta_reg & SDMMC_FLAG_CMDACT) != 0U));
 4155              		.loc 1 1794 97 is_stmt 1 view .LVU1283
 4156 001c 11F0450F 		tst	r1, #69
 4157 0020 F9D0     		beq	.L268
1794:../../STM32Cube_FW_N6/Drivers/STM32N6xx_HAL_Driver/Src/stm32n6xx_ll_sdmmc.c ****            ((sta_reg & SDMMC_FLAG_CMDACT) != 0U));
 4158              		.loc 1 1794 97 is_stmt 0 discriminator 1 view .LVU1284
 4159 0022 8804     		lsls	r0, r1, #18
 4160 0024 F7D4     		bmi	.L268
1797:../../STM32Cube_FW_N6/Drivers/STM32N6xx_HAL_Driver/Src/stm32n6xx_ll_sdmmc.c ****   {
 4161              		.loc 1 1797 3 is_stmt 1 view .LVU1285
1797:../../STM32Cube_FW_N6/Drivers/STM32N6xx_HAL_Driver/Src/stm32n6xx_ll_sdmmc.c ****   {
 4162              		.loc 1 1797 7 is_stmt 0 view .LVU1286
 4163 0026 536B     		ldr	r3, [r2, #52]
1797:../../STM32Cube_FW_N6/Drivers/STM32N6xx_HAL_Driver/Src/stm32n6xx_ll_sdmmc.c ****   {
 4164              		.loc 1 1797 6 view .LVU1287
 4165 0028 5907     		lsls	r1, r3, #29
 4166              	.LVL305:
1797:../../STM32Cube_FW_N6/Drivers/STM32N6xx_HAL_Driver/Src/stm32n6xx_ll_sdmmc.c ****   {
 4167              		.loc 1 1797 6 view .LVU1288
 4168 002a 02D5     		bpl	.L271
1800:../../STM32Cube_FW_N6/Drivers/STM32N6xx_HAL_Driver/Src/stm32n6xx_ll_sdmmc.c **** 
 4169              		.loc 1 1800 5 is_stmt 1 view .LVU1289
 4170 002c 0420     		movs	r0, #4
 4171 002e 9063     		str	r0, [r2, #56]
1802:../../STM32Cube_FW_N6/Drivers/STM32N6xx_HAL_Driver/Src/stm32n6xx_ll_sdmmc.c ****   }
 4172              		.loc 1 1802 5 view .LVU1290
1802:../../STM32Cube_FW_N6/Drivers/STM32N6xx_HAL_Driver/Src/stm32n6xx_ll_sdmmc.c ****   }
 4173              		.loc 1 1802 12 is_stmt 0 view .LVU1291
 4174 0030 7047     		bx	lr
 4175              	.L271:
 4176              	.LVL306:
 4177              	.LBB96:
 4178              	.LBI96:
1780:../../STM32Cube_FW_N6/Drivers/STM32N6xx_HAL_Driver/Src/stm32n6xx_ll_sdmmc.c **** {
 4179              		.loc 1 1780 10 is_stmt 1 view .LVU1292
 4180              	.LBB97:
1805:../../STM32Cube_FW_N6/Drivers/STM32N6xx_HAL_Driver/Src/stm32n6xx_ll_sdmmc.c ****   {
ARM GAS  C:\Users\Antonio\AppData\Local\Temp\cc9FRrj5.s 			page 129


 4181              		.loc 1 1805 8 view .LVU1293
1805:../../STM32Cube_FW_N6/Drivers/STM32N6xx_HAL_Driver/Src/stm32n6xx_ll_sdmmc.c ****   {
 4182              		.loc 1 1805 12 is_stmt 0 view .LVU1294
 4183 0032 506B     		ldr	r0, [r2, #52]
1805:../../STM32Cube_FW_N6/Drivers/STM32N6xx_HAL_Driver/Src/stm32n6xx_ll_sdmmc.c ****   {
 4184              		.loc 1 1805 11 view .LVU1295
 4185 0034 10F00100 		ands	r0, r0, #1
 4186 0038 02D0     		beq	.L272
1808:../../STM32Cube_FW_N6/Drivers/STM32N6xx_HAL_Driver/Src/stm32n6xx_ll_sdmmc.c **** 
 4187              		.loc 1 1808 5 is_stmt 1 view .LVU1296
 4188 003a 0123     		movs	r3, #1
 4189              	.L283:
1820:../../STM32Cube_FW_N6/Drivers/STM32N6xx_HAL_Driver/Src/stm32n6xx_ll_sdmmc.c ****   }
 4190              		.loc 1 1820 5 is_stmt 0 view .LVU1297
 4191 003c 9363     		str	r3, [r2, #56]
 4192 003e 7047     		bx	lr
 4193              	.L272:
1815:../../STM32Cube_FW_N6/Drivers/STM32N6xx_HAL_Driver/Src/stm32n6xx_ll_sdmmc.c **** 
 4194              		.loc 1 1815 3 is_stmt 1 view .LVU1298
1817:../../STM32Cube_FW_N6/Drivers/STM32N6xx_HAL_Driver/Src/stm32n6xx_ll_sdmmc.c ****   {
 4195              		.loc 1 1817 3 view .LVU1299
1817:../../STM32Cube_FW_N6/Drivers/STM32N6xx_HAL_Driver/Src/stm32n6xx_ll_sdmmc.c ****   {
 4196              		.loc 1 1817 7 is_stmt 0 view .LVU1300
 4197 0040 536B     		ldr	r3, [r2, #52]
1817:../../STM32Cube_FW_N6/Drivers/STM32N6xx_HAL_Driver/Src/stm32n6xx_ll_sdmmc.c ****   {
 4198              		.loc 1 1817 6 view .LVU1301
 4199 0042 5B06     		lsls	r3, r3, #25
 4200 0044 03D5     		bpl	.L267
1820:../../STM32Cube_FW_N6/Drivers/STM32N6xx_HAL_Driver/Src/stm32n6xx_ll_sdmmc.c ****   }
 4201              		.loc 1 1820 5 is_stmt 1 view .LVU1302
 4202 0046 4023     		movs	r3, #64
 4203 0048 F8E7     		b	.L283
 4204              	.LVL307:
 4205              	.L282:
1820:../../STM32Cube_FW_N6/Drivers/STM32N6xx_HAL_Driver/Src/stm32n6xx_ll_sdmmc.c ****   }
 4206              		.loc 1 1820 5 is_stmt 0 view .LVU1303
 4207              	.LBE97:
 4208              	.LBE96:
1791:../../STM32Cube_FW_N6/Drivers/STM32N6xx_HAL_Driver/Src/stm32n6xx_ll_sdmmc.c ****     }
 4209              		.loc 1 1791 14 view .LVU1304
 4210 004a 4FF00040 		mov	r0, #-2147483648
 4211              	.L267:
1825:../../STM32Cube_FW_N6/Drivers/STM32N6xx_HAL_Driver/Src/stm32n6xx_ll_sdmmc.c **** 
 4212              		.loc 1 1825 1 view .LVU1305
 4213 004e 7047     		bx	lr
 4214              	.L285:
 4215              		.align	2
 4216              	.L284:
 4217 0050 00000000 		.word	SystemCoreClock
 4218              		.cfi_endproc
 4219              	.LFE890:
 4221              		.section	.text.SDMMC_CmdOperCond,"ax",%progbits
 4222              		.align	1
 4223              		.global	SDMMC_CmdOperCond
 4224              		.syntax unified
 4225              		.thumb
 4226              		.thumb_func
ARM GAS  C:\Users\Antonio\AppData\Local\Temp\cc9FRrj5.s 			page 130


 4228              	SDMMC_CmdOperCond:
 4229              	.LVL308:
 4230              	.LFB865:
 864:../../STM32Cube_FW_N6/Drivers/STM32N6xx_HAL_Driver/Src/stm32n6xx_ll_sdmmc.c ****   SDMMC_CmdInitTypeDef  sdmmc_cmdinit;
 4231              		.loc 1 864 1 is_stmt 1 view -0
 4232              		.cfi_startproc
 4233              		@ args = 0, pretend = 0, frame = 24
 4234              		@ frame_needed = 0, uses_anonymous_args = 0
 865:../../STM32Cube_FW_N6/Drivers/STM32N6xx_HAL_Driver/Src/stm32n6xx_ll_sdmmc.c ****   uint32_t errorstate;
 4235              		.loc 1 865 3 view .LVU1307
 866:../../STM32Cube_FW_N6/Drivers/STM32N6xx_HAL_Driver/Src/stm32n6xx_ll_sdmmc.c **** 
 4236              		.loc 1 866 3 view .LVU1308
 873:../../STM32Cube_FW_N6/Drivers/STM32N6xx_HAL_Driver/Src/stm32n6xx_ll_sdmmc.c ****   sdmmc_cmdinit.CmdIndex         = SDMMC_CMD_HS_SEND_EXT_CSD;
 4237              		.loc 1 873 3 view .LVU1309
 874:../../STM32Cube_FW_N6/Drivers/STM32N6xx_HAL_Driver/Src/stm32n6xx_ll_sdmmc.c ****   sdmmc_cmdinit.Response         = SDMMC_RESPONSE_SHORT;
 4238              		.loc 1 874 34 is_stmt 0 view .LVU1310
 4239 0000 4FF4D572 		mov	r2, #426
 4240 0004 0823     		movs	r3, #8
 864:../../STM32Cube_FW_N6/Drivers/STM32N6xx_HAL_Driver/Src/stm32n6xx_ll_sdmmc.c ****   SDMMC_CmdInitTypeDef  sdmmc_cmdinit;
 4241              		.loc 1 864 1 view .LVU1311
 4242 0006 10B5     		push	{r4, lr}
 4243              		.cfi_def_cfa_offset 8
 4244              		.cfi_offset 4, -8
 4245              		.cfi_offset 14, -4
 4246 0008 86B0     		sub	sp, sp, #24
 4247              		.cfi_def_cfa_offset 32
 874:../../STM32Cube_FW_N6/Drivers/STM32N6xx_HAL_Driver/Src/stm32n6xx_ll_sdmmc.c ****   sdmmc_cmdinit.Response         = SDMMC_RESPONSE_SHORT;
 4248              		.loc 1 874 34 view .LVU1312
 4249 000a CDE90123 		strd	r2, r3, [sp, #4]
 875:../../STM32Cube_FW_N6/Drivers/STM32N6xx_HAL_Driver/Src/stm32n6xx_ll_sdmmc.c ****   sdmmc_cmdinit.WaitForInterrupt = SDMMC_WAIT_NO;
 4250              		.loc 1 875 3 is_stmt 1 view .LVU1313
 876:../../STM32Cube_FW_N6/Drivers/STM32N6xx_HAL_Driver/Src/stm32n6xx_ll_sdmmc.c ****   sdmmc_cmdinit.CPSM             = SDMMC_CPSM_ENABLE;
 4251              		.loc 1 876 34 is_stmt 0 view .LVU1314
 4252 000e 4FF48071 		mov	r1, #256
 4253 0012 0023     		movs	r3, #0
 864:../../STM32Cube_FW_N6/Drivers/STM32N6xx_HAL_Driver/Src/stm32n6xx_ll_sdmmc.c ****   SDMMC_CmdInitTypeDef  sdmmc_cmdinit;
 4254              		.loc 1 864 1 view .LVU1315
 4255 0014 0446     		mov	r4, r0
 876:../../STM32Cube_FW_N6/Drivers/STM32N6xx_HAL_Driver/Src/stm32n6xx_ll_sdmmc.c ****   sdmmc_cmdinit.CPSM             = SDMMC_CPSM_ENABLE;
 4256              		.loc 1 876 34 view .LVU1316
 4257 0016 CDE90313 		strd	r1, r3, [sp, #12]
 877:../../STM32Cube_FW_N6/Drivers/STM32N6xx_HAL_Driver/Src/stm32n6xx_ll_sdmmc.c ****   (void)SDMMC_SendCommand(SDMMCx, &sdmmc_cmdinit);
 4258              		.loc 1 877 3 is_stmt 1 view .LVU1317
 877:../../STM32Cube_FW_N6/Drivers/STM32N6xx_HAL_Driver/Src/stm32n6xx_ll_sdmmc.c ****   (void)SDMMC_SendCommand(SDMMCx, &sdmmc_cmdinit);
 4259              		.loc 1 877 34 is_stmt 0 view .LVU1318
 4260 001a 4FF48053 		mov	r3, #4096
 878:../../STM32Cube_FW_N6/Drivers/STM32N6xx_HAL_Driver/Src/stm32n6xx_ll_sdmmc.c **** 
 4261              		.loc 1 878 9 view .LVU1319
 4262 001e 01A9     		add	r1, sp, #4
 877:../../STM32Cube_FW_N6/Drivers/STM32N6xx_HAL_Driver/Src/stm32n6xx_ll_sdmmc.c ****   (void)SDMMC_SendCommand(SDMMCx, &sdmmc_cmdinit);
 4263              		.loc 1 877 34 view .LVU1320
 4264 0020 0593     		str	r3, [sp, #20]
 878:../../STM32Cube_FW_N6/Drivers/STM32N6xx_HAL_Driver/Src/stm32n6xx_ll_sdmmc.c **** 
 4265              		.loc 1 878 3 is_stmt 1 view .LVU1321
 878:../../STM32Cube_FW_N6/Drivers/STM32N6xx_HAL_Driver/Src/stm32n6xx_ll_sdmmc.c **** 
 4266              		.loc 1 878 9 is_stmt 0 view .LVU1322
 4267 0022 FFF7FEFF 		bl	SDMMC_SendCommand
ARM GAS  C:\Users\Antonio\AppData\Local\Temp\cc9FRrj5.s 			page 131


 4268              	.LVL309:
 881:../../STM32Cube_FW_N6/Drivers/STM32N6xx_HAL_Driver/Src/stm32n6xx_ll_sdmmc.c **** 
 4269              		.loc 1 881 3 is_stmt 1 view .LVU1323
 881:../../STM32Cube_FW_N6/Drivers/STM32N6xx_HAL_Driver/Src/stm32n6xx_ll_sdmmc.c **** 
 4270              		.loc 1 881 16 is_stmt 0 view .LVU1324
 4271 0026 2046     		mov	r0, r4
 884:../../STM32Cube_FW_N6/Drivers/STM32N6xx_HAL_Driver/Src/stm32n6xx_ll_sdmmc.c **** 
 4272              		.loc 1 884 1 view .LVU1325
 4273 0028 06B0     		add	sp, sp, #24
 4274              		.cfi_def_cfa_offset 8
 4275              		@ sp needed
 4276 002a BDE81040 		pop	{r4, lr}
 4277              		.cfi_restore 14
 4278              		.cfi_restore 4
 4279              		.cfi_def_cfa_offset 0
 4280              	.LVL310:
 881:../../STM32Cube_FW_N6/Drivers/STM32N6xx_HAL_Driver/Src/stm32n6xx_ll_sdmmc.c **** 
 4281              		.loc 1 881 16 view .LVU1326
 4282 002e FFF7FEBF 		b	SDMMC_GetCmdResp7
 4283              	.LVL311:
 881:../../STM32Cube_FW_N6/Drivers/STM32N6xx_HAL_Driver/Src/stm32n6xx_ll_sdmmc.c **** 
 4284              		.loc 1 881 16 view .LVU1327
 4285              		.cfi_endproc
 4286              	.LFE865:
 4288              		.section	.text.SDMMC_DMALinkedList_BuildNode,"ax",%progbits
 4289              		.align	1
 4290              		.global	SDMMC_DMALinkedList_BuildNode
 4291              		.syntax unified
 4292              		.thumb
 4293              		.thumb_func
 4295              	SDMMC_DMALinkedList_BuildNode:
 4296              	.LVL312:
 4297              	.LFB891:
1853:../../STM32Cube_FW_N6/Drivers/STM32N6xx_HAL_Driver/Src/stm32n6xx_ll_sdmmc.c **** 
 4298              		.loc 1 1853 1 is_stmt 1 view -0
 4299              		.cfi_startproc
 4300              		@ args = 0, pretend = 0, frame = 0
 4301              		@ frame_needed = 0, uses_anonymous_args = 0
 4302              		@ link register save eliminated.
1855:../../STM32Cube_FW_N6/Drivers/STM32N6xx_HAL_Driver/Src/stm32n6xx_ll_sdmmc.c ****   {
 4303              		.loc 1 1855 3 view .LVU1329
1855:../../STM32Cube_FW_N6/Drivers/STM32N6xx_HAL_Driver/Src/stm32n6xx_ll_sdmmc.c ****   {
 4304              		.loc 1 1855 6 is_stmt 0 view .LVU1330
 4305 0000 48B1     		cbz	r0, .L290
1855:../../STM32Cube_FW_N6/Drivers/STM32N6xx_HAL_Driver/Src/stm32n6xx_ll_sdmmc.c ****   {
 4306              		.loc 1 1855 23 discriminator 1 view .LVU1331
 4307 0002 41B1     		cbz	r1, .L290
1860:../../STM32Cube_FW_N6/Drivers/STM32N6xx_HAL_Driver/Src/stm32n6xx_ll_sdmmc.c ****   pNode->IDMABSIZE = pNodeConf->BufferSize;
 4308              		.loc 1 1860 3 is_stmt 1 view .LVU1332
1860:../../STM32Cube_FW_N6/Drivers/STM32N6xx_HAL_Driver/Src/stm32n6xx_ll_sdmmc.c ****   pNode->IDMABSIZE = pNodeConf->BufferSize;
 4309              		.loc 1 1860 31 is_stmt 0 view .LVU1333
 4310 0004 0B68     		ldr	r3, [r1]
1860:../../STM32Cube_FW_N6/Drivers/STM32N6xx_HAL_Driver/Src/stm32n6xx_ll_sdmmc.c ****   pNode->IDMABSIZE = pNodeConf->BufferSize;
 4311              		.loc 1 1860 20 view .LVU1334
 4312 0006 4360     		str	r3, [r0, #4]
1861:../../STM32Cube_FW_N6/Drivers/STM32N6xx_HAL_Driver/Src/stm32n6xx_ll_sdmmc.c ****   pNode->IDMALAR   = SDMMC_IDMALAR_ULS | SDMMC_IDMALAR_ABR;
 4313              		.loc 1 1861 3 is_stmt 1 view .LVU1335
ARM GAS  C:\Users\Antonio\AppData\Local\Temp\cc9FRrj5.s 			page 132


1861:../../STM32Cube_FW_N6/Drivers/STM32N6xx_HAL_Driver/Src/stm32n6xx_ll_sdmmc.c ****   pNode->IDMALAR   = SDMMC_IDMALAR_ULS | SDMMC_IDMALAR_ABR;
 4314              		.loc 1 1861 31 is_stmt 0 view .LVU1336
 4315 0008 4B68     		ldr	r3, [r1, #4]
1861:../../STM32Cube_FW_N6/Drivers/STM32N6xx_HAL_Driver/Src/stm32n6xx_ll_sdmmc.c ****   pNode->IDMALAR   = SDMMC_IDMALAR_ULS | SDMMC_IDMALAR_ABR;
 4316              		.loc 1 1861 20 view .LVU1337
 4317 000a 8360     		str	r3, [r0, #8]
1862:../../STM32Cube_FW_N6/Drivers/STM32N6xx_HAL_Driver/Src/stm32n6xx_ll_sdmmc.c **** 
 4318              		.loc 1 1862 3 is_stmt 1 view .LVU1338
1862:../../STM32Cube_FW_N6/Drivers/STM32N6xx_HAL_Driver/Src/stm32n6xx_ll_sdmmc.c **** 
 4319              		.loc 1 1862 20 is_stmt 0 view .LVU1339
 4320 000c 4FF0C043 		mov	r3, #1610612736
 4321 0010 0360     		str	r3, [r0]
1864:../../STM32Cube_FW_N6/Drivers/STM32N6xx_HAL_Driver/Src/stm32n6xx_ll_sdmmc.c **** }
 4322              		.loc 1 1864 3 is_stmt 1 view .LVU1340
1864:../../STM32Cube_FW_N6/Drivers/STM32N6xx_HAL_Driver/Src/stm32n6xx_ll_sdmmc.c **** }
 4323              		.loc 1 1864 10 is_stmt 0 view .LVU1341
 4324 0012 0020     		movs	r0, #0
 4325              	.LVL313:
1864:../../STM32Cube_FW_N6/Drivers/STM32N6xx_HAL_Driver/Src/stm32n6xx_ll_sdmmc.c **** }
 4326              		.loc 1 1864 10 view .LVU1342
 4327 0014 7047     		bx	lr
 4328              	.LVL314:
 4329              	.L290:
1857:../../STM32Cube_FW_N6/Drivers/STM32N6xx_HAL_Driver/Src/stm32n6xx_ll_sdmmc.c ****   }
 4330              		.loc 1 1857 12 view .LVU1343
 4331 0016 4FF00060 		mov	r0, #134217728
 4332              	.LVL315:
1865:../../STM32Cube_FW_N6/Drivers/STM32N6xx_HAL_Driver/Src/stm32n6xx_ll_sdmmc.c **** 
 4333              		.loc 1 1865 1 view .LVU1344
 4334 001a 7047     		bx	lr
 4335              		.cfi_endproc
 4336              	.LFE891:
 4338              		.section	.text.SDMMC_DMALinkedList_InsertNode,"ax",%progbits
 4339              		.align	1
 4340              		.global	SDMMC_DMALinkedList_InsertNode
 4341              		.syntax unified
 4342              		.thumb
 4343              		.thumb_func
 4345              	SDMMC_DMALinkedList_InsertNode:
 4346              	.LVL316:
 4347              	.LFB892:
1876:../../STM32Cube_FW_N6/Drivers/STM32N6xx_HAL_Driver/Src/stm32n6xx_ll_sdmmc.c ****   uint32_t link_list_offset;
 4348              		.loc 1 1876 1 is_stmt 1 view -0
 4349              		.cfi_startproc
 4350              		@ args = 0, pretend = 0, frame = 0
 4351              		@ frame_needed = 0, uses_anonymous_args = 0
1877:../../STM32Cube_FW_N6/Drivers/STM32N6xx_HAL_Driver/Src/stm32n6xx_ll_sdmmc.c ****   uint32_t node_address = (uint32_t) pNode;
 4352              		.loc 1 1877 3 view .LVU1346
1878:../../STM32Cube_FW_N6/Drivers/STM32N6xx_HAL_Driver/Src/stm32n6xx_ll_sdmmc.c **** 
 4353              		.loc 1 1878 3 view .LVU1347
1881:../../STM32Cube_FW_N6/Drivers/STM32N6xx_HAL_Driver/Src/stm32n6xx_ll_sdmmc.c ****   {
 4354              		.loc 1 1881 3 view .LVU1348
1881:../../STM32Cube_FW_N6/Drivers/STM32N6xx_HAL_Driver/Src/stm32n6xx_ll_sdmmc.c ****   {
 4355              		.loc 1 1881 18 is_stmt 0 view .LVU1349
 4356 0000 8368     		ldr	r3, [r0, #8]
1876:../../STM32Cube_FW_N6/Drivers/STM32N6xx_HAL_Driver/Src/stm32n6xx_ll_sdmmc.c ****   uint32_t link_list_offset;
 4357              		.loc 1 1876 1 view .LVU1350
ARM GAS  C:\Users\Antonio\AppData\Local\Temp\cc9FRrj5.s 			page 133


 4358 0002 F0B5     		push	{r4, r5, r6, r7, lr}
 4359              		.cfi_def_cfa_offset 20
 4360              		.cfi_offset 4, -20
 4361              		.cfi_offset 5, -16
 4362              		.cfi_offset 6, -12
 4363              		.cfi_offset 7, -8
 4364              		.cfi_offset 14, -4
1881:../../STM32Cube_FW_N6/Drivers/STM32N6xx_HAL_Driver/Src/stm32n6xx_ll_sdmmc.c ****   {
 4365              		.loc 1 1881 6 view .LVU1351
 4366 0004 23B9     		cbnz	r3, .L292
1884:../../STM32Cube_FW_N6/Drivers/STM32N6xx_HAL_Driver/Src/stm32n6xx_ll_sdmmc.c ****     pLinkedList->pTailNode = pNode;
 4367              		.loc 1 1884 5 is_stmt 1 view .LVU1352
1886:../../STM32Cube_FW_N6/Drivers/STM32N6xx_HAL_Driver/Src/stm32n6xx_ll_sdmmc.c **** 
 4368              		.loc 1 1886 31 is_stmt 0 view .LVU1353
 4369 0006 0123     		movs	r3, #1
1885:../../STM32Cube_FW_N6/Drivers/STM32N6xx_HAL_Driver/Src/stm32n6xx_ll_sdmmc.c ****     pLinkedList->NodesCounter = 1U;
 4370              		.loc 1 1885 28 view .LVU1354
 4371 0008 C0E90022 		strd	r2, r2, [r0]
1886:../../STM32Cube_FW_N6/Drivers/STM32N6xx_HAL_Driver/Src/stm32n6xx_ll_sdmmc.c **** 
 4372              		.loc 1 1886 5 is_stmt 1 view .LVU1355
 4373              	.LVL317:
 4374              	.L298:
1925:../../STM32Cube_FW_N6/Drivers/STM32N6xx_HAL_Driver/Src/stm32n6xx_ll_sdmmc.c **** 
 4375              		.loc 1 1925 31 is_stmt 0 view .LVU1356
 4376 000c 8360     		str	r3, [r0, #8]
 4377 000e 16E0     		b	.L293
 4378              	.LVL318:
 4379              	.L292:
1889:../../STM32Cube_FW_N6/Drivers/STM32N6xx_HAL_Driver/Src/stm32n6xx_ll_sdmmc.c ****   {
 4380              		.loc 1 1889 8 is_stmt 1 view .LVU1357
1889:../../STM32Cube_FW_N6/Drivers/STM32N6xx_HAL_Driver/Src/stm32n6xx_ll_sdmmc.c ****   {
 4381              		.loc 1 1889 11 is_stmt 0 view .LVU1358
 4382 0010 D0E90054 		ldrd	r5, r4, [r0]
 4383 0014 8C42     		cmp	r4, r1
 4384 0016 14D1     		bne	.L294
1891:../../STM32Cube_FW_N6/Drivers/STM32N6xx_HAL_Driver/Src/stm32n6xx_ll_sdmmc.c ****     {
 4385              		.loc 1 1891 5 is_stmt 1 view .LVU1359
1891:../../STM32Cube_FW_N6/Drivers/STM32N6xx_HAL_Driver/Src/stm32n6xx_ll_sdmmc.c ****     {
 4386              		.loc 1 1891 8 is_stmt 0 view .LVU1360
 4387 0018 9542     		cmp	r5, r2
 4388 001a 25D2     		bcs	.L297
1898:../../STM32Cube_FW_N6/Drivers/STM32N6xx_HAL_Driver/Src/stm32n6xx_ll_sdmmc.c **** 
 4389              		.loc 1 1898 5 is_stmt 1 view .LVU1361
 4390 001c 2168     		ldr	r1, [r4]
 4391              	.LVL319:
1902:../../STM32Cube_FW_N6/Drivers/STM32N6xx_HAL_Driver/Src/stm32n6xx_ll_sdmmc.c **** 
 4392              		.loc 1 1902 5 is_stmt 0 view .LVU1362
 4393 001e 551B     		subs	r5, r2, r5
1898:../../STM32Cube_FW_N6/Drivers/STM32N6xx_HAL_Driver/Src/stm32n6xx_ll_sdmmc.c **** 
 4394              		.loc 1 1898 5 view .LVU1363
 4395 0020 21F00041 		bic	r1, r1, #-2147483648
 4396 0024 2160     		str	r1, [r4]
1901:../../STM32Cube_FW_N6/Drivers/STM32N6xx_HAL_Driver/Src/stm32n6xx_ll_sdmmc.c ****     MODIFY_REG(pPrevNode->IDMALAR, SDMMC_IDMALAR_IDMALA, (node_address - (uint32_t)pLinkedList->pHe
 4397              		.loc 1 1901 5 is_stmt 1 view .LVU1364
 4398 0026 2168     		ldr	r1, [r4]
1904:../../STM32Cube_FW_N6/Drivers/STM32N6xx_HAL_Driver/Src/stm32n6xx_ll_sdmmc.c ****     pLinkedList->pTailNode = pNode;
 4399              		.loc 1 1904 31 is_stmt 0 view .LVU1365
ARM GAS  C:\Users\Antonio\AppData\Local\Temp\cc9FRrj5.s 			page 134


 4400 0028 0133     		adds	r3, r3, #1
1901:../../STM32Cube_FW_N6/Drivers/STM32N6xx_HAL_Driver/Src/stm32n6xx_ll_sdmmc.c ****     MODIFY_REG(pPrevNode->IDMALAR, SDMMC_IDMALAR_IDMALA, (node_address - (uint32_t)pLinkedList->pHe
 4401              		.loc 1 1901 5 view .LVU1366
 4402 002a 41F00041 		orr	r1, r1, #-2147483648
 4403 002e 2160     		str	r1, [r4]
1902:../../STM32Cube_FW_N6/Drivers/STM32N6xx_HAL_Driver/Src/stm32n6xx_ll_sdmmc.c **** 
 4404              		.loc 1 1902 5 is_stmt 1 view .LVU1367
 4405 0030 2168     		ldr	r1, [r4]
 4406 0032 6FF30D01 		bfc	r1, #0, #14
 4407 0036 0D43     		orrs	r5, r5, r1
 4408 0038 2560     		str	r5, [r4]
1904:../../STM32Cube_FW_N6/Drivers/STM32N6xx_HAL_Driver/Src/stm32n6xx_ll_sdmmc.c ****     pLinkedList->pTailNode = pNode;
 4409              		.loc 1 1904 5 view .LVU1368
1905:../../STM32Cube_FW_N6/Drivers/STM32N6xx_HAL_Driver/Src/stm32n6xx_ll_sdmmc.c **** 
 4410              		.loc 1 1905 28 is_stmt 0 view .LVU1369
 4411 003a C0E90123 		strd	r2, r3, [r0, #4]
 4412              	.LVL320:
 4413              	.L293:
1928:../../STM32Cube_FW_N6/Drivers/STM32N6xx_HAL_Driver/Src/stm32n6xx_ll_sdmmc.c **** }
 4414              		.loc 1 1928 10 view .LVU1370
 4415 003e 0020     		movs	r0, #0
 4416              	.LVL321:
 4417              	.L291:
1929:../../STM32Cube_FW_N6/Drivers/STM32N6xx_HAL_Driver/Src/stm32n6xx_ll_sdmmc.c **** 
 4418              		.loc 1 1929 1 view .LVU1371
 4419 0040 F0BD     		pop	{r4, r5, r6, r7, pc}
 4420              	.LVL322:
 4421              	.L294:
1911:../../STM32Cube_FW_N6/Drivers/STM32N6xx_HAL_Driver/Src/stm32n6xx_ll_sdmmc.c ****     {
 4422              		.loc 1 1911 5 is_stmt 1 view .LVU1372
1911:../../STM32Cube_FW_N6/Drivers/STM32N6xx_HAL_Driver/Src/stm32n6xx_ll_sdmmc.c ****     {
 4423              		.loc 1 1911 8 is_stmt 0 view .LVU1373
 4424 0042 9542     		cmp	r5, r2
 4425 0044 10D2     		bcs	.L297
1918:../../STM32Cube_FW_N6/Drivers/STM32N6xx_HAL_Driver/Src/stm32n6xx_ll_sdmmc.c ****     MODIFY_REG(pPrevNode->IDMALAR, SDMMC_IDMALAR_IDMALA, link_list_offset);
 4426              		.loc 1 1918 5 is_stmt 1 view .LVU1374
1918:../../STM32Cube_FW_N6/Drivers/STM32N6xx_HAL_Driver/Src/stm32n6xx_ll_sdmmc.c ****     MODIFY_REG(pPrevNode->IDMALAR, SDMMC_IDMALAR_IDMALA, link_list_offset);
 4427              		.loc 1 1918 22 is_stmt 0 view .LVU1375
 4428 0046 1768     		ldr	r7, [r2]
 4429              	.LVL323:
1919:../../STM32Cube_FW_N6/Drivers/STM32N6xx_HAL_Driver/Src/stm32n6xx_ll_sdmmc.c **** 
 4430              		.loc 1 1919 5 is_stmt 1 view .LVU1376
 4431 0048 094E     		ldr	r6, .L299
 4432 004a 0C68     		ldr	r4, [r1]
1923:../../STM32Cube_FW_N6/Drivers/STM32N6xx_HAL_Driver/Src/stm32n6xx_ll_sdmmc.c **** 
 4433              		.loc 1 1923 5 is_stmt 0 view .LVU1377
 4434 004c 521B     		subs	r2, r2, r5
 4435              	.LVL324:
1919:../../STM32Cube_FW_N6/Drivers/STM32N6xx_HAL_Driver/Src/stm32n6xx_ll_sdmmc.c **** 
 4436              		.loc 1 1919 5 view .LVU1378
 4437 004e 3440     		ands	r4, r4, r6
 4438 0050 3C43     		orrs	r4, r4, r7
 4439 0052 0C60     		str	r4, [r1]
1922:../../STM32Cube_FW_N6/Drivers/STM32N6xx_HAL_Driver/Src/stm32n6xx_ll_sdmmc.c ****     MODIFY_REG(pPrevNode->IDMALAR, SDMMC_IDMALAR_IDMALA, (node_address - (uint32_t)pLinkedList->pHe
 4440              		.loc 1 1922 5 is_stmt 1 view .LVU1379
 4441 0054 0C68     		ldr	r4, [r1]
1925:../../STM32Cube_FW_N6/Drivers/STM32N6xx_HAL_Driver/Src/stm32n6xx_ll_sdmmc.c **** 
ARM GAS  C:\Users\Antonio\AppData\Local\Temp\cc9FRrj5.s 			page 135


 4442              		.loc 1 1925 31 is_stmt 0 view .LVU1380
 4443 0056 0133     		adds	r3, r3, #1
1922:../../STM32Cube_FW_N6/Drivers/STM32N6xx_HAL_Driver/Src/stm32n6xx_ll_sdmmc.c ****     MODIFY_REG(pPrevNode->IDMALAR, SDMMC_IDMALAR_IDMALA, (node_address - (uint32_t)pLinkedList->pHe
 4444              		.loc 1 1922 5 view .LVU1381
 4445 0058 44F00044 		orr	r4, r4, #-2147483648
 4446 005c 0C60     		str	r4, [r1]
1923:../../STM32Cube_FW_N6/Drivers/STM32N6xx_HAL_Driver/Src/stm32n6xx_ll_sdmmc.c **** 
 4447              		.loc 1 1923 5 is_stmt 1 view .LVU1382
 4448 005e 0C68     		ldr	r4, [r1]
 4449 0060 3440     		ands	r4, r4, r6
 4450 0062 2243     		orrs	r2, r2, r4
 4451 0064 0A60     		str	r2, [r1]
1925:../../STM32Cube_FW_N6/Drivers/STM32N6xx_HAL_Driver/Src/stm32n6xx_ll_sdmmc.c **** 
 4452              		.loc 1 1925 5 view .LVU1383
 4453 0066 D1E7     		b	.L298
 4454              	.LVL325:
 4455              	.L297:
1894:../../STM32Cube_FW_N6/Drivers/STM32N6xx_HAL_Driver/Src/stm32n6xx_ll_sdmmc.c ****     }
 4456              		.loc 1 1894 14 is_stmt 0 view .LVU1384
 4457 0068 4FF00060 		mov	r0, #134217728
 4458              	.LVL326:
1894:../../STM32Cube_FW_N6/Drivers/STM32N6xx_HAL_Driver/Src/stm32n6xx_ll_sdmmc.c ****     }
 4459              		.loc 1 1894 14 view .LVU1385
 4460 006c E8E7     		b	.L291
 4461              	.L300:
 4462 006e 00BF     		.align	2
 4463              	.L299:
 4464 0070 00C0FFFF 		.word	-16384
 4465              		.cfi_endproc
 4466              	.LFE892:
 4468              		.section	.text.SDMMC_DMALinkedList_RemoveNode,"ax",%progbits
 4469              		.align	1
 4470              		.global	SDMMC_DMALinkedList_RemoveNode
 4471              		.syntax unified
 4472              		.thumb
 4473              		.thumb_func
 4475              	SDMMC_DMALinkedList_RemoveNode:
 4476              	.LVL327:
 4477              	.LFB893:
1938:../../STM32Cube_FW_N6/Drivers/STM32N6xx_HAL_Driver/Src/stm32n6xx_ll_sdmmc.c ****   uint32_t count = 0U;
 4478              		.loc 1 1938 1 is_stmt 1 view -0
 4479              		.cfi_startproc
 4480              		@ args = 0, pretend = 0, frame = 0
 4481              		@ frame_needed = 0, uses_anonymous_args = 0
1939:../../STM32Cube_FW_N6/Drivers/STM32N6xx_HAL_Driver/Src/stm32n6xx_ll_sdmmc.c ****   uint32_t linked_list_offset;
 4482              		.loc 1 1939 3 view .LVU1387
1940:../../STM32Cube_FW_N6/Drivers/STM32N6xx_HAL_Driver/Src/stm32n6xx_ll_sdmmc.c ****   SDMMC_DMALinkNodeTypeDef *prev_node = NULL;
 4483              		.loc 1 1940 3 view .LVU1388
1941:../../STM32Cube_FW_N6/Drivers/STM32N6xx_HAL_Driver/Src/stm32n6xx_ll_sdmmc.c ****   SDMMC_DMALinkNodeTypeDef *curr_node ;
 4484              		.loc 1 1941 3 view .LVU1389
1942:../../STM32Cube_FW_N6/Drivers/STM32N6xx_HAL_Driver/Src/stm32n6xx_ll_sdmmc.c **** 
 4485              		.loc 1 1942 3 view .LVU1390
1945:../../STM32Cube_FW_N6/Drivers/STM32N6xx_HAL_Driver/Src/stm32n6xx_ll_sdmmc.c ****   {
 4486              		.loc 1 1945 3 view .LVU1391
1945:../../STM32Cube_FW_N6/Drivers/STM32N6xx_HAL_Driver/Src/stm32n6xx_ll_sdmmc.c ****   {
 4487              		.loc 1 1945 18 is_stmt 0 view .LVU1392
 4488 0000 8368     		ldr	r3, [r0, #8]
ARM GAS  C:\Users\Antonio\AppData\Local\Temp\cc9FRrj5.s 			page 136


1938:../../STM32Cube_FW_N6/Drivers/STM32N6xx_HAL_Driver/Src/stm32n6xx_ll_sdmmc.c ****   uint32_t count = 0U;
 4489              		.loc 1 1938 1 view .LVU1393
 4490 0002 F0B5     		push	{r4, r5, r6, r7, lr}
 4491              		.cfi_def_cfa_offset 20
 4492              		.cfi_offset 4, -20
 4493              		.cfi_offset 5, -16
 4494              		.cfi_offset 6, -12
 4495              		.cfi_offset 7, -8
 4496              		.cfi_offset 14, -4
1945:../../STM32Cube_FW_N6/Drivers/STM32N6xx_HAL_Driver/Src/stm32n6xx_ll_sdmmc.c ****   {
 4497              		.loc 1 1945 6 view .LVU1394
 4498 0004 CBB1     		cbz	r3, .L311
1952:../../STM32Cube_FW_N6/Drivers/STM32N6xx_HAL_Driver/Src/stm32n6xx_ll_sdmmc.c ****     while ((curr_node != pNode) && (count <= pLinkedList->NodesCounter))
 4499              		.loc 1 1952 5 is_stmt 1 view .LVU1395
1941:../../STM32Cube_FW_N6/Drivers/STM32N6xx_HAL_Driver/Src/stm32n6xx_ll_sdmmc.c ****   SDMMC_DMALinkNodeTypeDef *curr_node ;
 4500              		.loc 1 1941 29 is_stmt 0 view .LVU1396
 4501 0006 0024     		movs	r4, #0
1952:../../STM32Cube_FW_N6/Drivers/STM32N6xx_HAL_Driver/Src/stm32n6xx_ll_sdmmc.c ****     while ((curr_node != pNode) && (count <= pLinkedList->NodesCounter))
 4502              		.loc 1 1952 15 view .LVU1397
 4503 0008 0768     		ldr	r7, [r0]
 4504              	.LVL328:
1953:../../STM32Cube_FW_N6/Drivers/STM32N6xx_HAL_Driver/Src/stm32n6xx_ll_sdmmc.c ****     {
 4505              		.loc 1 1953 5 is_stmt 1 view .LVU1398
1939:../../STM32Cube_FW_N6/Drivers/STM32N6xx_HAL_Driver/Src/stm32n6xx_ll_sdmmc.c ****   uint32_t linked_list_offset;
 4506              		.loc 1 1939 12 is_stmt 0 view .LVU1399
 4507 000a 2546     		mov	r5, r4
1952:../../STM32Cube_FW_N6/Drivers/STM32N6xx_HAL_Driver/Src/stm32n6xx_ll_sdmmc.c ****     while ((curr_node != pNode) && (count <= pLinkedList->NodesCounter))
 4508              		.loc 1 1952 15 view .LVU1400
 4509 000c 3A46     		mov	r2, r7
 4510              	.LVL329:
 4511              	.L303:
1953:../../STM32Cube_FW_N6/Drivers/STM32N6xx_HAL_Driver/Src/stm32n6xx_ll_sdmmc.c ****     {
 4512              		.loc 1 1953 33 is_stmt 1 view .LVU1401
 4513 000e 8A42     		cmp	r2, r1
 4514 0010 11D1     		bne	.L304
1961:../../STM32Cube_FW_N6/Drivers/STM32N6xx_HAL_Driver/Src/stm32n6xx_ll_sdmmc.c ****     {
 4515              		.loc 1 1961 5 view .LVU1402
1961:../../STM32Cube_FW_N6/Drivers/STM32N6xx_HAL_Driver/Src/stm32n6xx_ll_sdmmc.c ****     {
 4516              		.loc 1 1961 8 is_stmt 0 view .LVU1403
 4517 0012 95B1     		cbz	r5, .L311
1961:../../STM32Cube_FW_N6/Drivers/STM32N6xx_HAL_Driver/Src/stm32n6xx_ll_sdmmc.c ****     {
 4518              		.loc 1 1961 23 discriminator 1 view .LVU1404
 4519 0014 AB42     		cmp	r3, r5
 4520 0016 10D3     		bcc	.L311
1967:../../STM32Cube_FW_N6/Drivers/STM32N6xx_HAL_Driver/Src/stm32n6xx_ll_sdmmc.c **** 
 4521              		.loc 1 1967 5 is_stmt 1 view .LVU1405
1967:../../STM32Cube_FW_N6/Drivers/STM32N6xx_HAL_Driver/Src/stm32n6xx_ll_sdmmc.c **** 
 4522              		.loc 1 1967 30 is_stmt 0 view .LVU1406
 4523 0018 013B     		subs	r3, r3, #1
 4524 001a 8360     		str	r3, [r0, #8]
1969:../../STM32Cube_FW_N6/Drivers/STM32N6xx_HAL_Driver/Src/stm32n6xx_ll_sdmmc.c ****     {
 4525              		.loc 1 1969 5 is_stmt 1 view .LVU1407
1969:../../STM32Cube_FW_N6/Drivers/STM32N6xx_HAL_Driver/Src/stm32n6xx_ll_sdmmc.c ****     {
 4526              		.loc 1 1969 8 is_stmt 0 view .LVU1408
 4527 001c 83B9     		cbnz	r3, .L307
1971:../../STM32Cube_FW_N6/Drivers/STM32N6xx_HAL_Driver/Src/stm32n6xx_ll_sdmmc.c ****       pLinkedList->pTailNode = 0U;
 4528              		.loc 1 1971 7 is_stmt 1 view .LVU1409
ARM GAS  C:\Users\Antonio\AppData\Local\Temp\cc9FRrj5.s 			page 137


 4529 001e 1C46     		mov	r4, r3
1971:../../STM32Cube_FW_N6/Drivers/STM32N6xx_HAL_Driver/Src/stm32n6xx_ll_sdmmc.c ****       pLinkedList->pTailNode = 0U;
 4530              		.loc 1 1971 30 is_stmt 0 view .LVU1410
 4531 0020 0360     		str	r3, [r0]
1972:../../STM32Cube_FW_N6/Drivers/STM32N6xx_HAL_Driver/Src/stm32n6xx_ll_sdmmc.c ****     }
 4532              		.loc 1 1972 7 is_stmt 1 view .LVU1411
 4533              	.LVL330:
 4534              	.L308:
1982:../../STM32Cube_FW_N6/Drivers/STM32N6xx_HAL_Driver/Src/stm32n6xx_ll_sdmmc.c ****     }
 4535              		.loc 1 1982 30 is_stmt 0 view .LVU1412
 4536 0022 4460     		str	r4, [r0, #4]
1985:../../STM32Cube_FW_N6/Drivers/STM32N6xx_HAL_Driver/Src/stm32n6xx_ll_sdmmc.c **** }
 4537              		.loc 1 1985 10 view .LVU1413
 4538 0024 0020     		movs	r0, #0
 4539              	.LVL331:
 4540              	.L301:
1986:../../STM32Cube_FW_N6/Drivers/STM32N6xx_HAL_Driver/Src/stm32n6xx_ll_sdmmc.c **** 
 4541              		.loc 1 1986 1 view .LVU1414
 4542 0026 F0BD     		pop	{r4, r5, r6, r7, pc}
 4543              	.LVL332:
 4544              	.L306:
1955:../../STM32Cube_FW_N6/Drivers/STM32N6xx_HAL_Driver/Src/stm32n6xx_ll_sdmmc.c ****       curr_node = (SDMMC_DMALinkNodeTypeDef *)((prev_node->IDMALAR & SDMMC_IDMALAR_IDMALA) +
 4545              		.loc 1 1955 7 is_stmt 1 view .LVU1415
1956:../../STM32Cube_FW_N6/Drivers/STM32N6xx_HAL_Driver/Src/stm32n6xx_ll_sdmmc.c ****                                                (uint32_t)pLinkedList->pHeadNode);
 4546              		.loc 1 1956 7 view .LVU1416
1956:../../STM32Cube_FW_N6/Drivers/STM32N6xx_HAL_Driver/Src/stm32n6xx_ll_sdmmc.c ****                                                (uint32_t)pLinkedList->pHeadNode);
 4547              		.loc 1 1956 58 is_stmt 0 view .LVU1417
 4548 0028 1668     		ldr	r6, [r2]
1955:../../STM32Cube_FW_N6/Drivers/STM32N6xx_HAL_Driver/Src/stm32n6xx_ll_sdmmc.c ****       curr_node = (SDMMC_DMALinkNodeTypeDef *)((prev_node->IDMALAR & SDMMC_IDMALAR_IDMALA) +
 4549              		.loc 1 1955 17 view .LVU1418
 4550 002a 1446     		mov	r4, r2
1956:../../STM32Cube_FW_N6/Drivers/STM32N6xx_HAL_Driver/Src/stm32n6xx_ll_sdmmc.c ****                                                (uint32_t)pLinkedList->pHeadNode);
 4551              		.loc 1 1956 68 view .LVU1419
 4552 002c C6F30D06 		ubfx	r6, r6, #0, #14
 4553              	.LVL333:
1958:../../STM32Cube_FW_N6/Drivers/STM32N6xx_HAL_Driver/Src/stm32n6xx_ll_sdmmc.c ****     }
 4554              		.loc 1 1958 7 is_stmt 1 view .LVU1420
1958:../../STM32Cube_FW_N6/Drivers/STM32N6xx_HAL_Driver/Src/stm32n6xx_ll_sdmmc.c ****     }
 4555              		.loc 1 1958 12 is_stmt 0 view .LVU1421
 4556 0030 0135     		adds	r5, r5, #1
 4557              	.LVL334:
1956:../../STM32Cube_FW_N6/Drivers/STM32N6xx_HAL_Driver/Src/stm32n6xx_ll_sdmmc.c ****                                                (uint32_t)pLinkedList->pHeadNode);
 4558              		.loc 1 1956 17 view .LVU1422
 4559 0032 BA19     		adds	r2, r7, r6
 4560              	.LVL335:
1956:../../STM32Cube_FW_N6/Drivers/STM32N6xx_HAL_Driver/Src/stm32n6xx_ll_sdmmc.c ****                                                (uint32_t)pLinkedList->pHeadNode);
 4561              		.loc 1 1956 17 view .LVU1423
 4562 0034 EBE7     		b	.L303
 4563              	.LVL336:
 4564              	.L304:
1953:../../STM32Cube_FW_N6/Drivers/STM32N6xx_HAL_Driver/Src/stm32n6xx_ll_sdmmc.c ****     {
 4565              		.loc 1 1953 33 discriminator 1 view .LVU1424
 4566 0036 AB42     		cmp	r3, r5
 4567 0038 F6D2     		bcs	.L306
 4568              	.LVL337:
 4569              	.L311:
1948:../../STM32Cube_FW_N6/Drivers/STM32N6xx_HAL_Driver/Src/stm32n6xx_ll_sdmmc.c ****   }
ARM GAS  C:\Users\Antonio\AppData\Local\Temp\cc9FRrj5.s 			page 138


 4570              		.loc 1 1948 12 view .LVU1425
 4571 003a 4FF00060 		mov	r0, #134217728
 4572              	.LVL338:
1948:../../STM32Cube_FW_N6/Drivers/STM32N6xx_HAL_Driver/Src/stm32n6xx_ll_sdmmc.c ****   }
 4573              		.loc 1 1948 12 view .LVU1426
 4574 003e F2E7     		b	.L301
 4575              	.LVL339:
 4576              	.L307:
1977:../../STM32Cube_FW_N6/Drivers/STM32N6xx_HAL_Driver/Src/stm32n6xx_ll_sdmmc.c ****       MODIFY_REG(prev_node->IDMALAR, SDMMC_IDMALAR_IDMALA, linked_list_offset);
 4577              		.loc 1 1977 7 is_stmt 1 view .LVU1427
1977:../../STM32Cube_FW_N6/Drivers/STM32N6xx_HAL_Driver/Src/stm32n6xx_ll_sdmmc.c ****       MODIFY_REG(prev_node->IDMALAR, SDMMC_IDMALAR_IDMALA, linked_list_offset);
 4578              		.loc 1 1977 26 is_stmt 0 view .LVU1428
 4579 0040 1168     		ldr	r1, [r2]
 4580              	.LVL340:
1978:../../STM32Cube_FW_N6/Drivers/STM32N6xx_HAL_Driver/Src/stm32n6xx_ll_sdmmc.c ****       /* Configure the new Link Node registers*/
 4581              		.loc 1 1978 7 is_stmt 1 view .LVU1429
 4582 0042 2368     		ldr	r3, [r4]
 4583 0044 6FF30D03 		bfc	r3, #0, #14
 4584 0048 0B43     		orrs	r3, r3, r1
 4585 004a 2360     		str	r3, [r4]
1980:../../STM32Cube_FW_N6/Drivers/STM32N6xx_HAL_Driver/Src/stm32n6xx_ll_sdmmc.c **** 
 4586              		.loc 1 1980 7 view .LVU1430
1980:../../STM32Cube_FW_N6/Drivers/STM32N6xx_HAL_Driver/Src/stm32n6xx_ll_sdmmc.c **** 
 4587              		.loc 1 1980 12 is_stmt 0 view .LVU1431
 4588 004c 1368     		ldr	r3, [r2]
1980:../../STM32Cube_FW_N6/Drivers/STM32N6xx_HAL_Driver/Src/stm32n6xx_ll_sdmmc.c **** 
 4589              		.loc 1 1980 25 view .LVU1432
 4590 004e 0B43     		orrs	r3, r3, r1
 4591 0050 1360     		str	r3, [r2]
1982:../../STM32Cube_FW_N6/Drivers/STM32N6xx_HAL_Driver/Src/stm32n6xx_ll_sdmmc.c ****     }
 4592              		.loc 1 1982 7 is_stmt 1 view .LVU1433
 4593 0052 E6E7     		b	.L308
 4594              		.cfi_endproc
 4595              	.LFE893:
 4597              		.section	.text.SDMMC_DMALinkedList_LockNode,"ax",%progbits
 4598              		.align	1
 4599              		.global	SDMMC_DMALinkedList_LockNode
 4600              		.syntax unified
 4601              		.thumb
 4602              		.thumb_func
 4604              	SDMMC_DMALinkedList_LockNode:
 4605              	.LVL341:
 4606              	.LFB894:
1995:../../STM32Cube_FW_N6/Drivers/STM32N6xx_HAL_Driver/Src/stm32n6xx_ll_sdmmc.c **** 
 4607              		.loc 1 1995 1 view -0
 4608              		.cfi_startproc
 4609              		@ args = 0, pretend = 0, frame = 0
 4610              		@ frame_needed = 0, uses_anonymous_args = 0
 4611              		@ link register save eliminated.
1997:../../STM32Cube_FW_N6/Drivers/STM32N6xx_HAL_Driver/Src/stm32n6xx_ll_sdmmc.c ****   {
 4612              		.loc 1 1997 3 view .LVU1435
1997:../../STM32Cube_FW_N6/Drivers/STM32N6xx_HAL_Driver/Src/stm32n6xx_ll_sdmmc.c ****   {
 4613              		.loc 1 1997 6 is_stmt 0 view .LVU1436
 4614 0000 28B1     		cbz	r0, .L315
2002:../../STM32Cube_FW_N6/Drivers/STM32N6xx_HAL_Driver/Src/stm32n6xx_ll_sdmmc.c **** 
 4615              		.loc 1 2002 3 is_stmt 1 view .LVU1437
 4616 0002 0368     		ldr	r3, [r0]
ARM GAS  C:\Users\Antonio\AppData\Local\Temp\cc9FRrj5.s 			page 139


 4617 0004 23F00053 		bic	r3, r3, #536870912
 4618 0008 0360     		str	r3, [r0]
2004:../../STM32Cube_FW_N6/Drivers/STM32N6xx_HAL_Driver/Src/stm32n6xx_ll_sdmmc.c **** }
 4619              		.loc 1 2004 3 view .LVU1438
2004:../../STM32Cube_FW_N6/Drivers/STM32N6xx_HAL_Driver/Src/stm32n6xx_ll_sdmmc.c **** }
 4620              		.loc 1 2004 10 is_stmt 0 view .LVU1439
 4621 000a 0020     		movs	r0, #0
 4622              	.LVL342:
2004:../../STM32Cube_FW_N6/Drivers/STM32N6xx_HAL_Driver/Src/stm32n6xx_ll_sdmmc.c **** }
 4623              		.loc 1 2004 10 view .LVU1440
 4624 000c 7047     		bx	lr
 4625              	.LVL343:
 4626              	.L315:
1999:../../STM32Cube_FW_N6/Drivers/STM32N6xx_HAL_Driver/Src/stm32n6xx_ll_sdmmc.c ****   }
 4627              		.loc 1 1999 12 view .LVU1441
 4628 000e 4FF00060 		mov	r0, #134217728
 4629              	.LVL344:
2005:../../STM32Cube_FW_N6/Drivers/STM32N6xx_HAL_Driver/Src/stm32n6xx_ll_sdmmc.c **** 
 4630              		.loc 1 2005 1 view .LVU1442
 4631 0012 7047     		bx	lr
 4632              		.cfi_endproc
 4633              	.LFE894:
 4635              		.section	.text.SDMMC_DMALinkedList_UnlockNode,"ax",%progbits
 4636              		.align	1
 4637              		.global	SDMMC_DMALinkedList_UnlockNode
 4638              		.syntax unified
 4639              		.thumb
 4640              		.thumb_func
 4642              	SDMMC_DMALinkedList_UnlockNode:
 4643              	.LVL345:
 4644              	.LFB895:
2014:../../STM32Cube_FW_N6/Drivers/STM32N6xx_HAL_Driver/Src/stm32n6xx_ll_sdmmc.c **** 
 4645              		.loc 1 2014 1 is_stmt 1 view -0
 4646              		.cfi_startproc
 4647              		@ args = 0, pretend = 0, frame = 0
 4648              		@ frame_needed = 0, uses_anonymous_args = 0
 4649              		@ link register save eliminated.
2016:../../STM32Cube_FW_N6/Drivers/STM32N6xx_HAL_Driver/Src/stm32n6xx_ll_sdmmc.c ****   {
 4650              		.loc 1 2016 3 view .LVU1444
2016:../../STM32Cube_FW_N6/Drivers/STM32N6xx_HAL_Driver/Src/stm32n6xx_ll_sdmmc.c ****   {
 4651              		.loc 1 2016 6 is_stmt 0 view .LVU1445
 4652 0000 28B1     		cbz	r0, .L318
2021:../../STM32Cube_FW_N6/Drivers/STM32N6xx_HAL_Driver/Src/stm32n6xx_ll_sdmmc.c **** 
 4653              		.loc 1 2021 3 is_stmt 1 view .LVU1446
 4654 0002 0368     		ldr	r3, [r0]
 4655 0004 43F00053 		orr	r3, r3, #536870912
 4656 0008 0360     		str	r3, [r0]
2023:../../STM32Cube_FW_N6/Drivers/STM32N6xx_HAL_Driver/Src/stm32n6xx_ll_sdmmc.c **** }
 4657              		.loc 1 2023 3 view .LVU1447
2023:../../STM32Cube_FW_N6/Drivers/STM32N6xx_HAL_Driver/Src/stm32n6xx_ll_sdmmc.c **** }
 4658              		.loc 1 2023 10 is_stmt 0 view .LVU1448
 4659 000a 0020     		movs	r0, #0
 4660              	.LVL346:
2023:../../STM32Cube_FW_N6/Drivers/STM32N6xx_HAL_Driver/Src/stm32n6xx_ll_sdmmc.c **** }
 4661              		.loc 1 2023 10 view .LVU1449
 4662 000c 7047     		bx	lr
 4663              	.LVL347:
ARM GAS  C:\Users\Antonio\AppData\Local\Temp\cc9FRrj5.s 			page 140


 4664              	.L318:
2018:../../STM32Cube_FW_N6/Drivers/STM32N6xx_HAL_Driver/Src/stm32n6xx_ll_sdmmc.c ****   }
 4665              		.loc 1 2018 12 view .LVU1450
 4666 000e 4FF00060 		mov	r0, #134217728
 4667              	.LVL348:
2024:../../STM32Cube_FW_N6/Drivers/STM32N6xx_HAL_Driver/Src/stm32n6xx_ll_sdmmc.c **** 
 4668              		.loc 1 2024 1 view .LVU1451
 4669 0012 7047     		bx	lr
 4670              		.cfi_endproc
 4671              	.LFE895:
 4673              		.section	.text.SDMMC_DMALinkedList_EnableCircularMode,"ax",%progbits
 4674              		.align	1
 4675              		.global	SDMMC_DMALinkedList_EnableCircularMode
 4676              		.syntax unified
 4677              		.thumb
 4678              		.thumb_func
 4680              	SDMMC_DMALinkedList_EnableCircularMode:
 4681              	.LVL349:
 4682              	.LFB896:
2033:../../STM32Cube_FW_N6/Drivers/STM32N6xx_HAL_Driver/Src/stm32n6xx_ll_sdmmc.c **** 
 4683              		.loc 1 2033 1 is_stmt 1 view -0
 4684              		.cfi_startproc
 4685              		@ args = 0, pretend = 0, frame = 0
 4686              		@ frame_needed = 0, uses_anonymous_args = 0
 4687              		@ link register save eliminated.
2035:../../STM32Cube_FW_N6/Drivers/STM32N6xx_HAL_Driver/Src/stm32n6xx_ll_sdmmc.c ****   {
 4688              		.loc 1 2035 3 view .LVU1453
2035:../../STM32Cube_FW_N6/Drivers/STM32N6xx_HAL_Driver/Src/stm32n6xx_ll_sdmmc.c ****   {
 4689              		.loc 1 2035 6 is_stmt 0 view .LVU1454
 4690 0000 40B1     		cbz	r0, .L321
2040:../../STM32Cube_FW_N6/Drivers/STM32N6xx_HAL_Driver/Src/stm32n6xx_ll_sdmmc.c **** 
 4691              		.loc 1 2040 3 is_stmt 1 view .LVU1455
 4692 0002 4268     		ldr	r2, [r0, #4]
 4693 0004 054B     		ldr	r3, .L322
 4694 0006 1168     		ldr	r1, [r2]
2042:../../STM32Cube_FW_N6/Drivers/STM32N6xx_HAL_Driver/Src/stm32n6xx_ll_sdmmc.c **** }
 4695              		.loc 1 2042 10 is_stmt 0 view .LVU1456
 4696 0008 0020     		movs	r0, #0
 4697              	.LVL350:
2040:../../STM32Cube_FW_N6/Drivers/STM32N6xx_HAL_Driver/Src/stm32n6xx_ll_sdmmc.c **** 
 4698              		.loc 1 2040 3 view .LVU1457
 4699 000a 0B40     		ands	r3, r3, r1
 4700 000c 43F00043 		orr	r3, r3, #-2147483648
 4701 0010 1360     		str	r3, [r2]
2042:../../STM32Cube_FW_N6/Drivers/STM32N6xx_HAL_Driver/Src/stm32n6xx_ll_sdmmc.c **** }
 4702              		.loc 1 2042 3 is_stmt 1 view .LVU1458
2042:../../STM32Cube_FW_N6/Drivers/STM32N6xx_HAL_Driver/Src/stm32n6xx_ll_sdmmc.c **** }
 4703              		.loc 1 2042 10 is_stmt 0 view .LVU1459
 4704 0012 7047     		bx	lr
 4705              	.LVL351:
 4706              	.L321:
2037:../../STM32Cube_FW_N6/Drivers/STM32N6xx_HAL_Driver/Src/stm32n6xx_ll_sdmmc.c ****   }
 4707              		.loc 1 2037 12 view .LVU1460
 4708 0014 4FF00060 		mov	r0, #134217728
 4709              	.LVL352:
2043:../../STM32Cube_FW_N6/Drivers/STM32N6xx_HAL_Driver/Src/stm32n6xx_ll_sdmmc.c **** 
 4710              		.loc 1 2043 1 view .LVU1461
ARM GAS  C:\Users\Antonio\AppData\Local\Temp\cc9FRrj5.s 			page 141


 4711 0018 7047     		bx	lr
 4712              	.L323:
 4713 001a 00BF     		.align	2
 4714              	.L322:
 4715 001c 00C0FF7F 		.word	2147467264
 4716              		.cfi_endproc
 4717              	.LFE896:
 4719              		.section	.text.SDMMC_DMALinkedList_DisableCircularMode,"ax",%progbits
 4720              		.align	1
 4721              		.global	SDMMC_DMALinkedList_DisableCircularMode
 4722              		.syntax unified
 4723              		.thumb
 4724              		.thumb_func
 4726              	SDMMC_DMALinkedList_DisableCircularMode:
 4727              	.LVL353:
 4728              	.LFB897:
2051:../../STM32Cube_FW_N6/Drivers/STM32N6xx_HAL_Driver/Src/stm32n6xx_ll_sdmmc.c **** 
 4729              		.loc 1 2051 1 is_stmt 1 view -0
 4730              		.cfi_startproc
 4731              		@ args = 0, pretend = 0, frame = 0
 4732              		@ frame_needed = 0, uses_anonymous_args = 0
 4733              		@ link register save eliminated.
2053:../../STM32Cube_FW_N6/Drivers/STM32N6xx_HAL_Driver/Src/stm32n6xx_ll_sdmmc.c ****   {
 4734              		.loc 1 2053 3 view .LVU1463
2053:../../STM32Cube_FW_N6/Drivers/STM32N6xx_HAL_Driver/Src/stm32n6xx_ll_sdmmc.c ****   {
 4735              		.loc 1 2053 6 is_stmt 0 view .LVU1464
 4736 0000 30B1     		cbz	r0, .L326
2058:../../STM32Cube_FW_N6/Drivers/STM32N6xx_HAL_Driver/Src/stm32n6xx_ll_sdmmc.c **** 
 4737              		.loc 1 2058 3 is_stmt 1 view .LVU1465
 4738 0002 4268     		ldr	r2, [r0, #4]
2060:../../STM32Cube_FW_N6/Drivers/STM32N6xx_HAL_Driver/Src/stm32n6xx_ll_sdmmc.c **** }
 4739              		.loc 1 2060 10 is_stmt 0 view .LVU1466
 4740 0004 0020     		movs	r0, #0
 4741              	.LVL354:
2058:../../STM32Cube_FW_N6/Drivers/STM32N6xx_HAL_Driver/Src/stm32n6xx_ll_sdmmc.c **** 
 4742              		.loc 1 2058 3 view .LVU1467
 4743 0006 1368     		ldr	r3, [r2]
 4744 0008 23F00043 		bic	r3, r3, #-2147483648
 4745 000c 1360     		str	r3, [r2]
2060:../../STM32Cube_FW_N6/Drivers/STM32N6xx_HAL_Driver/Src/stm32n6xx_ll_sdmmc.c **** }
 4746              		.loc 1 2060 3 is_stmt 1 view .LVU1468
2060:../../STM32Cube_FW_N6/Drivers/STM32N6xx_HAL_Driver/Src/stm32n6xx_ll_sdmmc.c **** }
 4747              		.loc 1 2060 10 is_stmt 0 view .LVU1469
 4748 000e 7047     		bx	lr
 4749              	.LVL355:
 4750              	.L326:
2055:../../STM32Cube_FW_N6/Drivers/STM32N6xx_HAL_Driver/Src/stm32n6xx_ll_sdmmc.c ****   }
 4751              		.loc 1 2055 12 view .LVU1470
 4752 0010 4FF00060 		mov	r0, #134217728
 4753              	.LVL356:
2061:../../STM32Cube_FW_N6/Drivers/STM32N6xx_HAL_Driver/Src/stm32n6xx_ll_sdmmc.c **** 
 4754              		.loc 1 2061 1 view .LVU1471
 4755 0014 7047     		bx	lr
 4756              		.cfi_endproc
 4757              	.LFE897:
 4759              		.text
 4760              	.Letext0:
ARM GAS  C:\Users\Antonio\AppData\Local\Temp\cc9FRrj5.s 			page 142


 4761              		.file 2 "C:\\ST\\STM32CubeIDE_1.19.0\\STM32CubeIDE\\plugins\\com.st.stm32cube.ide.mcu.externaltool
 4762              		.file 3 "C:\\ST\\STM32CubeIDE_1.19.0\\STM32CubeIDE\\plugins\\com.st.stm32cube.ide.mcu.externaltool
 4763              		.file 4 "../../STM32Cube_FW_N6/Drivers/CMSIS/Device/ST/STM32N6xx/Include/stm32n657xx.h"
 4764              		.file 5 "../../STM32Cube_FW_N6/Drivers/STM32N6xx_HAL_Driver/Inc/stm32n6xx_hal_def.h"
 4765              		.file 6 "../../STM32Cube_FW_N6/Drivers/STM32N6xx_HAL_Driver/Inc/stm32n6xx_ll_sdmmc.h"
 4766              		.file 7 "../../STM32Cube_FW_N6/Drivers/CMSIS/Device/ST/STM32N6xx/Include/system_stm32n6xx.h"
 4767              		.file 8 "Inc/stm32n6xx_hal_conf.h"
ARM GAS  C:\Users\Antonio\AppData\Local\Temp\cc9FRrj5.s 			page 143


DEFINED SYMBOLS
                            *ABS*:00000000 stm32n6xx_ll_sdmmc.c
C:\Users\Antonio\AppData\Local\Temp\cc9FRrj5.s:30     .text.SDMMC_Init:00000000 $t
C:\Users\Antonio\AppData\Local\Temp\cc9FRrj5.s:36     .text.SDMMC_Init:00000000 SDMMC_Init
C:\Users\Antonio\AppData\Local\Temp\cc9FRrj5.s:186    .text.SDMMC_Init:000000a8 $d
C:\Users\Antonio\AppData\Local\Temp\cc9FRrj5.s:194    .text.SDMMC_ReadFIFO:00000000 $t
C:\Users\Antonio\AppData\Local\Temp\cc9FRrj5.s:200    .text.SDMMC_ReadFIFO:00000000 SDMMC_ReadFIFO
C:\Users\Antonio\AppData\Local\Temp\cc9FRrj5.s:218    .text.SDMMC_WriteFIFO:00000000 $t
C:\Users\Antonio\AppData\Local\Temp\cc9FRrj5.s:224    .text.SDMMC_WriteFIFO:00000000 SDMMC_WriteFIFO
C:\Users\Antonio\AppData\Local\Temp\cc9FRrj5.s:247    .text.SDMMC_PowerState_ON:00000000 $t
C:\Users\Antonio\AppData\Local\Temp\cc9FRrj5.s:253    .text.SDMMC_PowerState_ON:00000000 SDMMC_PowerState_ON
C:\Users\Antonio\AppData\Local\Temp\cc9FRrj5.s:277    .text.SDMMC_PowerState_Cycle:00000000 $t
C:\Users\Antonio\AppData\Local\Temp\cc9FRrj5.s:283    .text.SDMMC_PowerState_Cycle:00000000 SDMMC_PowerState_Cycle
C:\Users\Antonio\AppData\Local\Temp\cc9FRrj5.s:307    .text.SDMMC_PowerState_OFF:00000000 $t
C:\Users\Antonio\AppData\Local\Temp\cc9FRrj5.s:313    .text.SDMMC_PowerState_OFF:00000000 SDMMC_PowerState_OFF
C:\Users\Antonio\AppData\Local\Temp\cc9FRrj5.s:337    .text.SDMMC_GetPowerState:00000000 $t
C:\Users\Antonio\AppData\Local\Temp\cc9FRrj5.s:343    .text.SDMMC_GetPowerState:00000000 SDMMC_GetPowerState
C:\Users\Antonio\AppData\Local\Temp\cc9FRrj5.s:362    .text.SDMMC_SendCommand:00000000 $t
C:\Users\Antonio\AppData\Local\Temp\cc9FRrj5.s:368    .text.SDMMC_SendCommand:00000000 SDMMC_SendCommand
C:\Users\Antonio\AppData\Local\Temp\cc9FRrj5.s:475    .text.SDMMC_SendCommand:00000078 $d
C:\Users\Antonio\AppData\Local\Temp\cc9FRrj5.s:481    .text.SDMMC_GetCommandResponse:00000000 $t
C:\Users\Antonio\AppData\Local\Temp\cc9FRrj5.s:487    .text.SDMMC_GetCommandResponse:00000000 SDMMC_GetCommandResponse
C:\Users\Antonio\AppData\Local\Temp\cc9FRrj5.s:506    .text.SDMMC_GetResponse:00000000 $t
C:\Users\Antonio\AppData\Local\Temp\cc9FRrj5.s:512    .text.SDMMC_GetResponse:00000000 SDMMC_GetResponse
C:\Users\Antonio\AppData\Local\Temp\cc9FRrj5.s:562    .text.SDMMC_GetResponse:00000024 $d
C:\Users\Antonio\AppData\Local\Temp\cc9FRrj5.s:567    .text.SDMMC_ConfigData:00000000 $t
C:\Users\Antonio\AppData\Local\Temp\cc9FRrj5.s:573    .text.SDMMC_ConfigData:00000000 SDMMC_ConfigData
C:\Users\Antonio\AppData\Local\Temp\cc9FRrj5.s:707    .text.SDMMC_ConfigData:0000009c $d
C:\Users\Antonio\AppData\Local\Temp\cc9FRrj5.s:712    .text.SDMMC_GetDataCounter:00000000 $t
C:\Users\Antonio\AppData\Local\Temp\cc9FRrj5.s:718    .text.SDMMC_GetDataCounter:00000000 SDMMC_GetDataCounter
C:\Users\Antonio\AppData\Local\Temp\cc9FRrj5.s:736    .text.SDMMC_GetFIFOCount:00000000 $t
C:\Users\Antonio\AppData\Local\Temp\cc9FRrj5.s:742    .text.SDMMC_GetFIFOCount:00000000 SDMMC_GetFIFOCount
C:\Users\Antonio\AppData\Local\Temp\cc9FRrj5.s:755    .text.SDMMC_SetSDMMCReadWaitMode:00000000 $t
C:\Users\Antonio\AppData\Local\Temp\cc9FRrj5.s:761    .text.SDMMC_SetSDMMCReadWaitMode:00000000 SDMMC_SetSDMMCReadWaitMode
C:\Users\Antonio\AppData\Local\Temp\cc9FRrj5.s:809    .text.SDMMC_SetSDMMCReadWaitMode:00000024 $d
C:\Users\Antonio\AppData\Local\Temp\cc9FRrj5.s:814    .text.SDMMC_CmdGoIdleState:00000000 $t
C:\Users\Antonio\AppData\Local\Temp\cc9FRrj5.s:820    .text.SDMMC_CmdGoIdleState:00000000 SDMMC_CmdGoIdleState
C:\Users\Antonio\AppData\Local\Temp\cc9FRrj5.s:922    .text.SDMMC_CmdGoIdleState:0000004c $d
C:\Users\Antonio\AppData\Local\Temp\cc9FRrj5.s:928    .text.SDMMC_GetCmdResp1:00000000 $t
C:\Users\Antonio\AppData\Local\Temp\cc9FRrj5.s:934    .text.SDMMC_GetCmdResp1:00000000 SDMMC_GetCmdResp1
C:\Users\Antonio\AppData\Local\Temp\cc9FRrj5.s:1223   .text.SDMMC_GetCmdResp1:00000110 $d
C:\Users\Antonio\AppData\Local\Temp\cc9FRrj5.s:1233   .text.SDMMC_CmdBlockLength:00000000 $t
C:\Users\Antonio\AppData\Local\Temp\cc9FRrj5.s:1239   .text.SDMMC_CmdBlockLength:00000000 SDMMC_CmdBlockLength
C:\Users\Antonio\AppData\Local\Temp\cc9FRrj5.s:1305   .text.SDMMC_CmdBlockCount:00000000 $t
C:\Users\Antonio\AppData\Local\Temp\cc9FRrj5.s:1311   .text.SDMMC_CmdBlockCount:00000000 SDMMC_CmdBlockCount
C:\Users\Antonio\AppData\Local\Temp\cc9FRrj5.s:1377   .text.SDMMC_CmdReadSingleBlock:00000000 $t
C:\Users\Antonio\AppData\Local\Temp\cc9FRrj5.s:1383   .text.SDMMC_CmdReadSingleBlock:00000000 SDMMC_CmdReadSingleBlock
C:\Users\Antonio\AppData\Local\Temp\cc9FRrj5.s:1449   .text.SDMMC_CmdReadMultiBlock:00000000 $t
C:\Users\Antonio\AppData\Local\Temp\cc9FRrj5.s:1455   .text.SDMMC_CmdReadMultiBlock:00000000 SDMMC_CmdReadMultiBlock
C:\Users\Antonio\AppData\Local\Temp\cc9FRrj5.s:1521   .text.SDMMC_CmdWriteSingleBlock:00000000 $t
C:\Users\Antonio\AppData\Local\Temp\cc9FRrj5.s:1527   .text.SDMMC_CmdWriteSingleBlock:00000000 SDMMC_CmdWriteSingleBlock
C:\Users\Antonio\AppData\Local\Temp\cc9FRrj5.s:1593   .text.SDMMC_CmdWriteMultiBlock:00000000 $t
C:\Users\Antonio\AppData\Local\Temp\cc9FRrj5.s:1599   .text.SDMMC_CmdWriteMultiBlock:00000000 SDMMC_CmdWriteMultiBlock
C:\Users\Antonio\AppData\Local\Temp\cc9FRrj5.s:1665   .text.SDMMC_CmdSDEraseStartAdd:00000000 $t
C:\Users\Antonio\AppData\Local\Temp\cc9FRrj5.s:1671   .text.SDMMC_CmdSDEraseStartAdd:00000000 SDMMC_CmdSDEraseStartAdd
C:\Users\Antonio\AppData\Local\Temp\cc9FRrj5.s:1737   .text.SDMMC_CmdSDEraseEndAdd:00000000 $t
C:\Users\Antonio\AppData\Local\Temp\cc9FRrj5.s:1743   .text.SDMMC_CmdSDEraseEndAdd:00000000 SDMMC_CmdSDEraseEndAdd
ARM GAS  C:\Users\Antonio\AppData\Local\Temp\cc9FRrj5.s 			page 144


C:\Users\Antonio\AppData\Local\Temp\cc9FRrj5.s:1809   .text.SDMMC_CmdEraseStartAdd:00000000 $t
C:\Users\Antonio\AppData\Local\Temp\cc9FRrj5.s:1815   .text.SDMMC_CmdEraseStartAdd:00000000 SDMMC_CmdEraseStartAdd
C:\Users\Antonio\AppData\Local\Temp\cc9FRrj5.s:1881   .text.SDMMC_CmdEraseEndAdd:00000000 $t
C:\Users\Antonio\AppData\Local\Temp\cc9FRrj5.s:1887   .text.SDMMC_CmdEraseEndAdd:00000000 SDMMC_CmdEraseEndAdd
C:\Users\Antonio\AppData\Local\Temp\cc9FRrj5.s:1953   .text.SDMMC_CmdErase:00000000 $t
C:\Users\Antonio\AppData\Local\Temp\cc9FRrj5.s:1959   .text.SDMMC_CmdErase:00000000 SDMMC_CmdErase
C:\Users\Antonio\AppData\Local\Temp\cc9FRrj5.s:2025   .text.SDMMC_CmdStopTransfer:00000000 $t
C:\Users\Antonio\AppData\Local\Temp\cc9FRrj5.s:2031   .text.SDMMC_CmdStopTransfer:00000000 SDMMC_CmdStopTransfer
C:\Users\Antonio\AppData\Local\Temp\cc9FRrj5.s:2111   .text.SDMMC_CmdStopTransfer:00000050 $d
C:\Users\Antonio\AppData\Local\Temp\cc9FRrj5.s:2116   .text.SDMMC_CmdSelDesel:00000000 $t
C:\Users\Antonio\AppData\Local\Temp\cc9FRrj5.s:2122   .text.SDMMC_CmdSelDesel:00000000 SDMMC_CmdSelDesel
C:\Users\Antonio\AppData\Local\Temp\cc9FRrj5.s:2188   .text.SDMMC_CmdAppCommand:00000000 $t
C:\Users\Antonio\AppData\Local\Temp\cc9FRrj5.s:2194   .text.SDMMC_CmdAppCommand:00000000 SDMMC_CmdAppCommand
C:\Users\Antonio\AppData\Local\Temp\cc9FRrj5.s:2260   .text.SDMMC_CmdBusWidth:00000000 $t
C:\Users\Antonio\AppData\Local\Temp\cc9FRrj5.s:2266   .text.SDMMC_CmdBusWidth:00000000 SDMMC_CmdBusWidth
C:\Users\Antonio\AppData\Local\Temp\cc9FRrj5.s:2332   .text.SDMMC_CmdSwitch:00000000 $t
C:\Users\Antonio\AppData\Local\Temp\cc9FRrj5.s:2338   .text.SDMMC_CmdSwitch:00000000 SDMMC_CmdSwitch
C:\Users\Antonio\AppData\Local\Temp\cc9FRrj5.s:2350   .text.SDMMC_CmdSendSCR:00000000 $t
C:\Users\Antonio\AppData\Local\Temp\cc9FRrj5.s:2356   .text.SDMMC_CmdSendSCR:00000000 SDMMC_CmdSendSCR
C:\Users\Antonio\AppData\Local\Temp\cc9FRrj5.s:2421   .text.SDMMC_CmdSetRelAddMmc:00000000 $t
C:\Users\Antonio\AppData\Local\Temp\cc9FRrj5.s:2427   .text.SDMMC_CmdSetRelAddMmc:00000000 SDMMC_CmdSetRelAddMmc
C:\Users\Antonio\AppData\Local\Temp\cc9FRrj5.s:2495   .text.SDMMC_CmdSleepMmc:00000000 $t
C:\Users\Antonio\AppData\Local\Temp\cc9FRrj5.s:2501   .text.SDMMC_CmdSleepMmc:00000000 SDMMC_CmdSleepMmc
C:\Users\Antonio\AppData\Local\Temp\cc9FRrj5.s:2567   .text.SDMMC_CmdSendStatus:00000000 $t
C:\Users\Antonio\AppData\Local\Temp\cc9FRrj5.s:2573   .text.SDMMC_CmdSendStatus:00000000 SDMMC_CmdSendStatus
C:\Users\Antonio\AppData\Local\Temp\cc9FRrj5.s:2639   .text.SDMMC_CmdStatusRegister:00000000 $t
C:\Users\Antonio\AppData\Local\Temp\cc9FRrj5.s:2645   .text.SDMMC_CmdStatusRegister:00000000 SDMMC_CmdStatusRegister
C:\Users\Antonio\AppData\Local\Temp\cc9FRrj5.s:2710   .text.SDMMC_CmdVoltageSwitch:00000000 $t
C:\Users\Antonio\AppData\Local\Temp\cc9FRrj5.s:2716   .text.SDMMC_CmdVoltageSwitch:00000000 SDMMC_CmdVoltageSwitch
C:\Users\Antonio\AppData\Local\Temp\cc9FRrj5.s:2781   .text.SDMMC_CmdSendEXTCSD:00000000 $t
C:\Users\Antonio\AppData\Local\Temp\cc9FRrj5.s:2787   .text.SDMMC_CmdSendEXTCSD:00000000 SDMMC_CmdSendEXTCSD
C:\Users\Antonio\AppData\Local\Temp\cc9FRrj5.s:2853   .text.SDMMC_GetCmdResp2:00000000 $t
C:\Users\Antonio\AppData\Local\Temp\cc9FRrj5.s:2859   .text.SDMMC_GetCmdResp2:00000000 SDMMC_GetCmdResp2
C:\Users\Antonio\AppData\Local\Temp\cc9FRrj5.s:2950   .text.SDMMC_GetCmdResp2:00000048 $d
C:\Users\Antonio\AppData\Local\Temp\cc9FRrj5.s:2956   .text.SDMMC_CmdSendCID:00000000 $t
C:\Users\Antonio\AppData\Local\Temp\cc9FRrj5.s:2962   .text.SDMMC_CmdSendCID:00000000 SDMMC_CmdSendCID
C:\Users\Antonio\AppData\Local\Temp\cc9FRrj5.s:3022   .text.SDMMC_CmdSendCSD:00000000 $t
C:\Users\Antonio\AppData\Local\Temp\cc9FRrj5.s:3028   .text.SDMMC_CmdSendCSD:00000000 SDMMC_CmdSendCSD
C:\Users\Antonio\AppData\Local\Temp\cc9FRrj5.s:3089   .text.SDMMC_GetCmdResp3:00000000 $t
C:\Users\Antonio\AppData\Local\Temp\cc9FRrj5.s:3095   .text.SDMMC_GetCmdResp3:00000000 SDMMC_GetCmdResp3
C:\Users\Antonio\AppData\Local\Temp\cc9FRrj5.s:3175   .text.SDMMC_GetCmdResp3:00000040 $d
C:\Users\Antonio\AppData\Local\Temp\cc9FRrj5.s:3181   .text.SDMMC_CmdAppOperCommand:00000000 $t
C:\Users\Antonio\AppData\Local\Temp\cc9FRrj5.s:3187   .text.SDMMC_CmdAppOperCommand:00000000 SDMMC_CmdAppOperCommand
C:\Users\Antonio\AppData\Local\Temp\cc9FRrj5.s:3248   .text.SDMMC_CmdOpCondition:00000000 $t
C:\Users\Antonio\AppData\Local\Temp\cc9FRrj5.s:3254   .text.SDMMC_CmdOpCondition:00000000 SDMMC_CmdOpCondition
C:\Users\Antonio\AppData\Local\Temp\cc9FRrj5.s:3315   .text.SDMMC_GetCmdResp4:00000000 $t
C:\Users\Antonio\AppData\Local\Temp\cc9FRrj5.s:3321   .text.SDMMC_GetCmdResp4:00000000 SDMMC_GetCmdResp4
C:\Users\Antonio\AppData\Local\Temp\cc9FRrj5.s:3421   .text.SDMMC_GetCmdResp4:00000048 $d
C:\Users\Antonio\AppData\Local\Temp\cc9FRrj5.s:3427   .text.SDMMC_CmdSendOperationcondition:00000000 $t
C:\Users\Antonio\AppData\Local\Temp\cc9FRrj5.s:3433   .text.SDMMC_CmdSendOperationcondition:00000000 SDMMC_CmdSendOperationcondition
C:\Users\Antonio\AppData\Local\Temp\cc9FRrj5.s:3502   .text.SDMMC_GetCmdResp5:00000000 $t
C:\Users\Antonio\AppData\Local\Temp\cc9FRrj5.s:3508   .text.SDMMC_GetCmdResp5:00000000 SDMMC_GetCmdResp5
C:\Users\Antonio\AppData\Local\Temp\cc9FRrj5.s:3695   .text.SDMMC_GetCmdResp5:00000094 $d
C:\Users\Antonio\AppData\Local\Temp\cc9FRrj5.s:3703   .text.SDMMC_SDIO_CmdReadWriteDirect:00000000 $t
C:\Users\Antonio\AppData\Local\Temp\cc9FRrj5.s:3709   .text.SDMMC_SDIO_CmdReadWriteDirect:00000000 SDMMC_SDIO_CmdReadWriteDirect
C:\Users\Antonio\AppData\Local\Temp\cc9FRrj5.s:3779   .text.SDMMC_SDIO_CmdReadWriteExtended:00000000 $t
C:\Users\Antonio\AppData\Local\Temp\cc9FRrj5.s:3785   .text.SDMMC_SDIO_CmdReadWriteExtended:00000000 SDMMC_SDIO_CmdReadWriteExtended
ARM GAS  C:\Users\Antonio\AppData\Local\Temp\cc9FRrj5.s 			page 145


C:\Users\Antonio\AppData\Local\Temp\cc9FRrj5.s:3853   .text.SDMMC_GetCmdResp6:00000000 $t
C:\Users\Antonio\AppData\Local\Temp\cc9FRrj5.s:3859   .text.SDMMC_GetCmdResp6:00000000 SDMMC_GetCmdResp6
C:\Users\Antonio\AppData\Local\Temp\cc9FRrj5.s:4031   .text.SDMMC_GetCmdResp6:0000007c $d
C:\Users\Antonio\AppData\Local\Temp\cc9FRrj5.s:4039   .text.SDMMC_CmdSetRelAdd:00000000 $t
C:\Users\Antonio\AppData\Local\Temp\cc9FRrj5.s:4045   .text.SDMMC_CmdSetRelAdd:00000000 SDMMC_CmdSetRelAdd
C:\Users\Antonio\AppData\Local\Temp\cc9FRrj5.s:4114   .text.SDMMC_GetCmdResp7:00000000 $t
C:\Users\Antonio\AppData\Local\Temp\cc9FRrj5.s:4120   .text.SDMMC_GetCmdResp7:00000000 SDMMC_GetCmdResp7
C:\Users\Antonio\AppData\Local\Temp\cc9FRrj5.s:4217   .text.SDMMC_GetCmdResp7:00000050 $d
C:\Users\Antonio\AppData\Local\Temp\cc9FRrj5.s:4222   .text.SDMMC_CmdOperCond:00000000 $t
C:\Users\Antonio\AppData\Local\Temp\cc9FRrj5.s:4228   .text.SDMMC_CmdOperCond:00000000 SDMMC_CmdOperCond
C:\Users\Antonio\AppData\Local\Temp\cc9FRrj5.s:4289   .text.SDMMC_DMALinkedList_BuildNode:00000000 $t
C:\Users\Antonio\AppData\Local\Temp\cc9FRrj5.s:4295   .text.SDMMC_DMALinkedList_BuildNode:00000000 SDMMC_DMALinkedList_BuildNode
C:\Users\Antonio\AppData\Local\Temp\cc9FRrj5.s:4339   .text.SDMMC_DMALinkedList_InsertNode:00000000 $t
C:\Users\Antonio\AppData\Local\Temp\cc9FRrj5.s:4345   .text.SDMMC_DMALinkedList_InsertNode:00000000 SDMMC_DMALinkedList_InsertNode
C:\Users\Antonio\AppData\Local\Temp\cc9FRrj5.s:4464   .text.SDMMC_DMALinkedList_InsertNode:00000070 $d
C:\Users\Antonio\AppData\Local\Temp\cc9FRrj5.s:4469   .text.SDMMC_DMALinkedList_RemoveNode:00000000 $t
C:\Users\Antonio\AppData\Local\Temp\cc9FRrj5.s:4475   .text.SDMMC_DMALinkedList_RemoveNode:00000000 SDMMC_DMALinkedList_RemoveNode
C:\Users\Antonio\AppData\Local\Temp\cc9FRrj5.s:4598   .text.SDMMC_DMALinkedList_LockNode:00000000 $t
C:\Users\Antonio\AppData\Local\Temp\cc9FRrj5.s:4604   .text.SDMMC_DMALinkedList_LockNode:00000000 SDMMC_DMALinkedList_LockNode
C:\Users\Antonio\AppData\Local\Temp\cc9FRrj5.s:4636   .text.SDMMC_DMALinkedList_UnlockNode:00000000 $t
C:\Users\Antonio\AppData\Local\Temp\cc9FRrj5.s:4642   .text.SDMMC_DMALinkedList_UnlockNode:00000000 SDMMC_DMALinkedList_UnlockNode
C:\Users\Antonio\AppData\Local\Temp\cc9FRrj5.s:4674   .text.SDMMC_DMALinkedList_EnableCircularMode:00000000 $t
C:\Users\Antonio\AppData\Local\Temp\cc9FRrj5.s:4680   .text.SDMMC_DMALinkedList_EnableCircularMode:00000000 SDMMC_DMALinkedList_EnableCircularMode
C:\Users\Antonio\AppData\Local\Temp\cc9FRrj5.s:4715   .text.SDMMC_DMALinkedList_EnableCircularMode:0000001c $d
C:\Users\Antonio\AppData\Local\Temp\cc9FRrj5.s:4720   .text.SDMMC_DMALinkedList_DisableCircularMode:00000000 $t
C:\Users\Antonio\AppData\Local\Temp\cc9FRrj5.s:4726   .text.SDMMC_DMALinkedList_DisableCircularMode:00000000 SDMMC_DMALinkedList_DisableCircularMode
                           .group:00000000 wm4.0.edffc6ad2f5eb1e671bbefdf8c481eb3
                           .group:00000000 wm4.stm32n6xx_hal_conf.h.21.e108a0e1f8e9094b9ec5c3fbf543a831
                           .group:00000000 wm4.stddef.h.39.0dc9006b34572d4d9cae4c8b422c4971
                           .group:00000000 wm4.arm_cmse.h.103.a0d15a79c4c9a67da8d5831704d7248e
                           .group:00000000 wm4.stm32n6xx.h.34.80585dd08aa426c932f6311fdb7386da
                           .group:00000000 wm4.stm32n657xx.h.26.acd272cb67318cc1a4791ce2f0720ca6
                           .group:00000000 wm4._newlib_version.h.4.411db44ea2338a62eca2f0777f81481b
                           .group:00000000 wm4.features.h.33.e0c9f337c65cb9f22ed5f23d082bc78b
                           .group:00000000 wm4._default_types.h.15.247e5cd201eca3442cbf5404108c4935
                           .group:00000000 wm4._intsup.h.10.48bafbb683905c4daa4565a85aeeb264
                           .group:00000000 wm4._stdint.h.10.c24fa3af3bc1706662bb5593a907e841
                           .group:00000000 wm4.stdint.h.23.d53047a68f4a85177f80b422d52785ed
                           .group:00000000 wm4.cmsis_version.h.32.0ac195c83bb4537824e6ad1c47474b79
                           .group:00000000 wm4.core_cm55.h.68.832d5cf835639cc0d28219c3d2867330
                           .group:00000000 wm4.cmsis_gcc.h.26.7a5fd1a99dbedde687044a4433ab3e15
                           .group:00000000 wm4.core_cm55.h.196.52e437a270752da561676e507b35baeb
                           .group:00000000 wm4.mpu_armv8.h.32.9d72426c8e2b47753456dcb84802c5b3
                           .group:00000000 wm4.pmu_armv8.h.32.eaa95f88a71b29390b135fd81c071b6b
                           .group:00000000 wm4.core_cm55.h.4411.860dad8650880893dd57b815844f7186
                           .group:00000000 wm4.cachel1_armv7.h.32.abd77761a989e008b0c60891114a33c7
                           .group:00000000 wm4.stm32n657xx.h.575.1c2a5e6bedffc6f9083dcc857bc6d09d
                           .group:00000000 wm4.stm32n6xx.h.114.5cf793d8af485e14f110e3e24bde1aa5
                           .group:00000000 wm4.stm32_hal_legacy.h.22.87fb12bf5a1a1e00fc134f22bc9aa8c4
                           .group:00000000 wm4.newlib.h.7.a37ffbe9e5aff74303f4e60b1cc1c01b
                           .group:00000000 wm4.ieeefp.h.77.bd5feb87d9990dd328793ced294f6a87
                           .group:00000000 wm4.config.h.224.10ee1ad185d877c6e334e6581faab44d
                           .group:00000000 wm4._ansi.h.31.de524f58584151836e90d8620a16f8e8
                           .group:00000000 wm4.cdefs.h.49.70fc7af612f78ddcace70fdd90b5623b
                           .group:00000000 wm4._types.h.20.dd0d04dca3800a0d2a6129b87f3adbb2
                           .group:00000000 wm4.stddef.h.158.6f8e08a347b1cff664332fa350bfceb3
                           .group:00000000 wm4._types.h.127.3bdfe3ff8ea2d0985b03d9cbe93480e3
ARM GAS  C:\Users\Antonio\AppData\Local\Temp\cc9FRrj5.s 			page 146


                           .group:00000000 wm4.reent.h.18.25503cdc8b7e55dd0d6ea7b3e5af7a03
                           .group:00000000 wm4.lock.h.2.1461d1fff82dffe8bfddc23307f6484f
                           .group:00000000 wm4.reent.h.78.6b87466b04591b1f1cb88c14fdf2ba9e
                           .group:00000000 wm4.math.h.13.47cfc34cae8a1153323939c4d32cf7c2
                           .group:00000000 wm4.stm32n6xx_hal_def.h.63.3a8f01490e8852464e9fcb69092e9c75
                           .group:00000000 wm4.stm32n6xx_ll_bus.h.38.2366a295ee4cdb04833997d3787fcd2d
                           .group:00000000 wm4.stm32n6xx_ll_rcc.h.21.002e22a16fd7f67dde6dce41e8ba9620
                           .group:00000000 wm4.stm32n6xx_hal_rcc.h.194.1cb1283e40f9bebcd3fba2a9a961838e
                           .group:00000000 wm4.stm32n6xx_hal_rcc_ex.h.21.79aa32178dfef625fbd20d362449acfa
                           .group:00000000 wm4.stm32n6xx_hal_rcc.h.4359.3f0b7ad33826d95438602c9aebc08af9
                           .group:00000000 wm4.stm32n6xx_hal_gpio.h.21.89d54af663b98eb8fc098192053f7eeb
                           .group:00000000 wm4.stm32n6xx_hal_gpio_ex.h.22.4acb2e3511a98bb48b81cfc8e09fd59e
                           .group:00000000 wm4.stm32n6xx_hal_rif.h.21.424d0bafb874a777dee3742a22e13037
                           .group:00000000 wm4.stm32n6xx_hal_dma.h.21.61e48c5c2e8d25d22177834b232fe45c
                           .group:00000000 wm4.stm32n6xx_hal_dma_ex.h.21.66e597beb090a165329d6ccf665e41bc
                           .group:00000000 wm4.stm32n6xx_hal_dma.h.1020.87e2180c009560b617c1f8208140c950
                           .group:00000000 wm4.stm32n6xx_hal_cortex.h.21.f493623cc58f9454ab4eae41e395c5cc
                           .group:00000000 wm4.stm32n6xx_hal_bsec.h.21.61b309e67dd810e28897a01b1b21a97f
                           .group:00000000 wm4.stm32n6xx_hal_dcmipp.h.21.f538bfd785c6469670251ac9bc7af55d
                           .group:00000000 wm4.stm32n6xx_hal_dma2d.h.21.75c8d46cdbb72970123b3f34ae2043d7
                           .group:00000000 wm4.stm32n6xx_hal_exti.h.21.fda87e715ea6b98239ec30171d1df594
                           .group:00000000 wm4.stm32n6xx_hal_i2c.h.21.3f483626ff64c5bf027265bb2e1d1331
                           .group:00000000 wm4.stm32n6xx_hal_i2c_ex.h.21.79e9196c22282cdaf6b4047893638c45
                           .group:00000000 wm4.stm32n6xx_hal_i2c.h.741.1084702632703acc669e4282b3043372
                           .group:00000000 wm4.stm32n6xx_hal_ltdc.h.21.ae1eb09930e7e550e48e418ac5849e4d
                           .group:00000000 wm4.stm32n6xx_hal_ltdc.h.1002.b13ede7fc94ed5ad1c6768a157d2149a
                           .group:00000000 wm4.stm32n6xx_hal_mdf.h.21.6eb130451a4e0db5b8befb63f326c92c
                           .group:00000000 wm4.stm32n6xx_hal_pwr.h.21.cdb73e4869c3fed3fc84f901ec0e5f0a
                           .group:00000000 wm4.stm32n6xx_hal_pwr_ex.h.21.1a673224a58b0c1e5fad8eeda6514208
                           .group:00000000 wm4.stm32n6xx_hal_ramcfg.h.21.a62dfbb4d2c14e9a8c634a215e37bd3d
                           .group:00000000 wm4.stm32n6xx_hal_sai.h.21.d6c5e096d8c222239b66c09476942511
                           .group:00000000 wm4.stm32n6xx_hal_sai_ex.h.21.98cc4c637392fcbacd0a3564bad4bba3
                           .group:00000000 wm4.stm32n6xx_hal_sai.h.825.fc46628357edde5e604f90f7e222e919
                           .group:00000000 wm4.stm32n6xx_ll_sdmmc.h.21.a8483ddbe319d8ff397cbc0087d2c233
                           .group:00000000 wm4.stm32n6xx_ll_dlyb.h.21.05e6efa24db86ad89cfd13eda5cfcd3e
                           .group:00000000 wm4.stm32n6xx_hal_sd.h.71.b83d10af03e36c820c893444588bae05
                           .group:00000000 wm4.stm32n6xx_hal_sd_ex.h.21.0294125df092827b72ace449508982b9
                           .group:00000000 wm4.stm32n6xx_hal_uart.h.21.230f549bfa0d5ebfd77bfb311b2aca15
                           .group:00000000 wm4.stm32n6xx_hal_uart_ex.h.21.a0d5511e1d0703b7b5278c8f5472b96d
                           .group:00000000 wm4.stm32n6xx_hal_xspi.h.21.e17898be2073b6b6b19faf30b4e304e9
                           .group:00000000 wm4.stm32n6xx_hal_cacheaxi.h.21.7c3375b7903ec42376e4883320997f74
                           .group:00000000 wm4.stm32n6xx_hal.h.81.5e59143eba07faca3e9aeaa5470826c8

UNDEFINED SYMBOLS
assert_failed
SystemCoreClock
