ARM GAS  C:\Users\Antonio\AppData\Local\Temp\ccSzblGd.s 			page 1


   1              		.arch armv8.1-m.main
   2              		.fpu fpv5-d16
   3              		.arch_extension dsp
   4              		.arch_extension fp
   5              		.arch_extension fp.dp
   6              		.arch_extension mve
   7              		.arch_extension mve.fp
   8              		.eabi_attribute 5, "cortex-m55"
   9              		.eabi_attribute 28, 1
  10              		.eabi_attribute 20, 1
  11              		.eabi_attribute 21, 1
  12              		.eabi_attribute 23, 3
  13              		.eabi_attribute 24, 1
  14              		.eabi_attribute 25, 1
  15              		.eabi_attribute 26, 1
  16              		.eabi_attribute 30, 4
  17              		.eabi_attribute 34, 1
  18              		.eabi_attribute 38, 1
  19              		.eabi_attribute 18, 4
  20              		.file	"wm8904.c"
  21              		.text
  22              	.Ltext0:
  23              		.cfi_sections	.debug_frame
  24              		.file 1 "Src/wm8904.c"
  25              		.section	.text.WM8904_SetOutputMode,"ax",%progbits
  26              		.align	1
  27              		.global	WM8904_SetOutputMode
  28              		.syntax unified
  29              		.thumb
  30              		.thumb_func
  32              	WM8904_SetOutputMode:
  33              	.LVL0:
  34              	.LFB10:
   1:Src/wm8904.c  **** /**
   2:Src/wm8904.c  ****   ******************************************************************************
   3:Src/wm8904.c  ****   * @file    wm8904.c
   4:Src/wm8904.c  ****   * @author  MCD Application Team
   5:Src/wm8904.c  ****   * @brief   This file provides the WM8904 Audio Codec driver.
   6:Src/wm8904.c  ****   ******************************************************************************
   7:Src/wm8904.c  ****   * @attention
   8:Src/wm8904.c  ****   *
   9:Src/wm8904.c  ****   * Copyright (c) 2023 STMicroelectronics.
  10:Src/wm8904.c  ****   * All rights reserved.
  11:Src/wm8904.c  ****   *
  12:Src/wm8904.c  ****   * This software is licensed under terms that can be found in the LICENSE file
  13:Src/wm8904.c  ****   * in the root directory of this software component.
  14:Src/wm8904.c  ****   * If no LICENSE file comes with this software, it is provided AS-IS.
  15:Src/wm8904.c  ****   *
  16:Src/wm8904.c  ****   ******************************************************************************
  17:Src/wm8904.c  ****   */
  18:Src/wm8904.c  **** 
  19:Src/wm8904.c  **** /* Includes ------------------------------------------------------------------*/
  20:Src/wm8904.c  **** #include "wm8904.h"
  21:Src/wm8904.c  **** 
  22:Src/wm8904.c  **** /** @addtogroup BSP
  23:Src/wm8904.c  ****   * @{
  24:Src/wm8904.c  ****   */
ARM GAS  C:\Users\Antonio\AppData\Local\Temp\ccSzblGd.s 			page 2


  25:Src/wm8904.c  **** 
  26:Src/wm8904.c  **** /** @addtogroup Components
  27:Src/wm8904.c  ****   * @{
  28:Src/wm8904.c  ****   */
  29:Src/wm8904.c  **** 
  30:Src/wm8904.c  **** /** @defgroup WM8904 WM8904
  31:Src/wm8904.c  ****   * @brief     This file provides a set of functions needed to drive the
  32:Src/wm8904.c  ****   *            WM8904 audio codec.
  33:Src/wm8904.c  ****   * @{
  34:Src/wm8904.c  ****   */
  35:Src/wm8904.c  **** 
  36:Src/wm8904.c  **** /** @defgroup WM8904_Exported_Variables Exported Variables
  37:Src/wm8904.c  ****   * @{
  38:Src/wm8904.c  ****   */
  39:Src/wm8904.c  **** /* Audio codec driver structure initialization */
  40:Src/wm8904.c  **** WM8904_Drv_t WM8904_Driver =
  41:Src/wm8904.c  **** {
  42:Src/wm8904.c  ****   WM8904_Init,
  43:Src/wm8904.c  ****   WM8904_DeInit,
  44:Src/wm8904.c  ****   WM8904_ReadID,
  45:Src/wm8904.c  ****   WM8904_Play,
  46:Src/wm8904.c  ****   WM8904_Pause,
  47:Src/wm8904.c  ****   WM8904_Resume,
  48:Src/wm8904.c  ****   WM8904_Stop,
  49:Src/wm8904.c  ****   WM8904_SetFrequency,
  50:Src/wm8904.c  ****   WM8904_GetFrequency,
  51:Src/wm8904.c  ****   WM8904_SetVolume,
  52:Src/wm8904.c  ****   WM8904_GetVolume,
  53:Src/wm8904.c  ****   WM8904_SetMute,
  54:Src/wm8904.c  ****   WM8904_SetOutputMode,
  55:Src/wm8904.c  ****   WM8904_SetResolution,
  56:Src/wm8904.c  ****   WM8904_GetResolution,
  57:Src/wm8904.c  ****   WM8904_SetProtocol,
  58:Src/wm8904.c  ****   WM8904_GetProtocol,
  59:Src/wm8904.c  ****   WM8904_Reset
  60:Src/wm8904.c  **** };
  61:Src/wm8904.c  **** /**
  62:Src/wm8904.c  ****   * @}
  63:Src/wm8904.c  ****   */
  64:Src/wm8904.c  **** 
  65:Src/wm8904.c  **** /** @defgroup WM8904_Private_Macros Private Macros
  66:Src/wm8904.c  ****   * @{
  67:Src/wm8904.c  ****   */
  68:Src/wm8904.c  **** #define VOLUME_OUT_CONVERT(Volume)     (((Volume) >= 100U) ? 63U : ((uint8_t)((((Volume) / 2U) + 13
  69:Src/wm8904.c  **** #define VOLUME_OUT_INVERT(Volume)      ((uint8_t)(((Volume) - 13U) * 2U))
  70:Src/wm8904.c  **** /**
  71:Src/wm8904.c  ****   * @}
  72:Src/wm8904.c  ****   */
  73:Src/wm8904.c  **** 
  74:Src/wm8904.c  **** /** @defgroup WM8904_Private_Variables Private Variables
  75:Src/wm8904.c  ****   * @{
  76:Src/wm8904.c  ****   */
  77:Src/wm8904.c  **** static uint32_t WM8904_CurrentDevices = WM8904_OUT_NONE;
  78:Src/wm8904.c  **** /**
  79:Src/wm8904.c  ****   * @}
  80:Src/wm8904.c  ****   */
  81:Src/wm8904.c  **** 
ARM GAS  C:\Users\Antonio\AppData\Local\Temp\ccSzblGd.s 			page 3


  82:Src/wm8904.c  **** /** @defgroup WM8904_Private_Functions Private Functions
  83:Src/wm8904.c  ****   * @{
  84:Src/wm8904.c  ****   */
  85:Src/wm8904.c  **** static int32_t WM8904_ReadRegWrap(void *handle, uint16_t Reg, uint8_t* Data, uint16_t Length);
  86:Src/wm8904.c  **** static int32_t WM8904_WriteRegWrap(void *handle, uint16_t Reg, uint8_t* Data, uint16_t Length);
  87:Src/wm8904.c  **** static void    WM8904_Delay(const WM8904_Object_t *pObj, uint32_t Delay);
  88:Src/wm8904.c  **** /**
  89:Src/wm8904.c  ****   * @}
  90:Src/wm8904.c  ****   */
  91:Src/wm8904.c  **** 
  92:Src/wm8904.c  **** /** @defgroup WM8904_Exported_Functions Exported Functions
  93:Src/wm8904.c  ****   * @{
  94:Src/wm8904.c  ****   */
  95:Src/wm8904.c  **** /**
  96:Src/wm8904.c  ****   * @brief Initializes the audio codec and the control interface.
  97:Src/wm8904.c  ****   * @param pObj pointer to component object
  98:Src/wm8904.c  ****   * @param pInit pointer de component init structure
  99:Src/wm8904.c  ****   * @retval 0 if correct communication, else wrong communication
 100:Src/wm8904.c  ****   */
 101:Src/wm8904.c  **** int32_t WM8904_Init(WM8904_Object_t *pObj, WM8904_Init_t *pInit)
 102:Src/wm8904.c  **** {
 103:Src/wm8904.c  ****   int32_t ret = WM8904_OK;
 104:Src/wm8904.c  ****   uint16_t tmp;
 105:Src/wm8904.c  **** 
 106:Src/wm8904.c  ****   if (pObj->IsInitialized == 1U)
 107:Src/wm8904.c  ****   {
 108:Src/wm8904.c  ****     ret += WM8904_DeInit(pObj);
 109:Src/wm8904.c  ****   }
 110:Src/wm8904.c  **** 
 111:Src/wm8904.c  ****   /*********/
 112:Src/wm8904.c  ****   /* Reset */
 113:Src/wm8904.c  ****   /*********/
 114:Src/wm8904.c  **** 
 115:Src/wm8904.c  ****   tmp = 0x0U; /* Reset registers */
 116:Src/wm8904.c  ****   ret += wm8904_write_reg(&pObj->Ctx, WM8904_SW_RESET, &tmp, 2U);
 117:Src/wm8904.c  **** 
 118:Src/wm8904.c  ****   /**************/
 119:Src/wm8904.c  ****   /* Clock rate */
 120:Src/wm8904.c  ****   /**************/
 121:Src/wm8904.c  **** 
 122:Src/wm8904.c  ****   tmp = 0x0004U; /* CLK_SYS_ENA = 1 */
 123:Src/wm8904.c  ****   ret += wm8904_write_reg(&pObj->Ctx, WM8904_CLOCK_RATES2, &tmp, 2U);
 124:Src/wm8904.c  **** 
 125:Src/wm8904.c  ****   /**************************************/
 126:Src/wm8904.c  ****   /* Reference voltages and master bias */
 127:Src/wm8904.c  ****   /**************************************/
 128:Src/wm8904.c  **** 
 129:Src/wm8904.c  ****   tmp = 0x0018U; /* ISEL[1:0] = 10b, BIAS_EN = 0 */
 130:Src/wm8904.c  ****   ret += wm8904_write_reg(&pObj->Ctx, WM8904_BIAS_CONTROL0, &tmp, 2U);
 131:Src/wm8904.c  **** 
 132:Src/wm8904.c  ****   tmp = 0x0047U; /* VMID_BUF_ENA = 1, VMID_RES[1:0] = 11b, VMID_ENA = 1 */
 133:Src/wm8904.c  ****   ret += wm8904_write_reg(&pObj->Ctx, WM8904_VMID_CONTROL0, &tmp, 2U);
 134:Src/wm8904.c  ****   WM8904_Delay(pObj, 100U);
 135:Src/wm8904.c  **** 
 136:Src/wm8904.c  ****   tmp = 0x0043U; /* VMID_BUF_ENA = 1, VMID_RES[1:0] = 01b, VMID_ENA = 1 */
 137:Src/wm8904.c  ****   ret += wm8904_write_reg(&pObj->Ctx, WM8904_VMID_CONTROL0, &tmp, 2U);
 138:Src/wm8904.c  **** 
ARM GAS  C:\Users\Antonio\AppData\Local\Temp\ccSzblGd.s 			page 4


 139:Src/wm8904.c  ****   tmp = 0x0019U; /* ISEL[1:0] = 10b, BIAS_EN = 1 */
 140:Src/wm8904.c  ****   ret += wm8904_write_reg(&pObj->Ctx, WM8904_BIAS_CONTROL0, &tmp, 2U);
 141:Src/wm8904.c  **** 
 142:Src/wm8904.c  ****   /********************/
 143:Src/wm8904.c  ****   /* Mic BIAS control */
 144:Src/wm8904.c  ****   /********************/
 145:Src/wm8904.c  **** 
 146:Src/wm8904.c  ****   tmp = 0x0001U; /* MICBIAS_ENA = 1 */
 147:Src/wm8904.c  ****   ret += wm8904_write_reg(&pObj->Ctx, WM8904_MIC_BIAS_CONTROL0, &tmp, 2U);
 148:Src/wm8904.c  **** 
 149:Src/wm8904.c  ****   /**********************/
 150:Src/wm8904.c  ****   /* Power management   */
 151:Src/wm8904.c  ****   /**********************/
 152:Src/wm8904.c  **** 
 153:Src/wm8904.c  ****   if (pInit->InputDevice == WM8904_IN_LINE2)
 154:Src/wm8904.c  ****   {
 155:Src/wm8904.c  ****     tmp = 0x0003U; /* INL_ENA = INR_ENA = 1 */
 156:Src/wm8904.c  ****   }
 157:Src/wm8904.c  ****   else if (pInit->InputDevice == WM8904_IN_MIC1)
 158:Src/wm8904.c  ****   {
 159:Src/wm8904.c  ****     tmp = 0x0002U; /* INL_ENA = 1 */
 160:Src/wm8904.c  ****   }
 161:Src/wm8904.c  ****   else /* WM8904_IN_DIGITAL_MIC2 */
 162:Src/wm8904.c  ****   {
 163:Src/wm8904.c  ****     tmp = 0x0000U; /* INx_ENA = 0 */
 164:Src/wm8904.c  ****   }
 165:Src/wm8904.c  ****   ret += wm8904_write_reg(&pObj->Ctx, WM8904_PWR_MANAGEMENT0, &tmp, 2U);
 166:Src/wm8904.c  **** 
 167:Src/wm8904.c  ****   tmp = 0x0003U; /* HPL_PGA_ENA = HPR_PGA_ENA = 1 */
 168:Src/wm8904.c  ****   ret += wm8904_write_reg(&pObj->Ctx, WM8904_PWR_MANAGEMENT2, &tmp, 2U);
 169:Src/wm8904.c  **** 
 170:Src/wm8904.c  ****   /**************/
 171:Src/wm8904.c  ****   /* Clock rate */
 172:Src/wm8904.c  ****   /**************/
 173:Src/wm8904.c  **** 
 174:Src/wm8904.c  ****   tmp = 0x0006U; /* CLK_DSP_ENA = CLK_SYS_ENA = 1 */
 175:Src/wm8904.c  ****   ret += wm8904_write_reg(&pObj->Ctx, WM8904_CLOCK_RATES2, &tmp, 2U);
 176:Src/wm8904.c  **** 
 177:Src/wm8904.c  ****   /**************/
 178:Src/wm8904.c  ****   /* DAC and ADC*/
 179:Src/wm8904.c  ****   /**************/
 180:Src/wm8904.c  **** 
 181:Src/wm8904.c  ****   if (pInit->InputDevice == WM8904_IN_LINE2)
 182:Src/wm8904.c  ****   {
 183:Src/wm8904.c  ****     tmp = 0x000FU; /* ADCR_ENA = ADCL_ENA = DACL_ENA = DACR_ENA = 1 */
 184:Src/wm8904.c  ****   }
 185:Src/wm8904.c  ****   else if (pInit->InputDevice == WM8904_IN_MIC1)
 186:Src/wm8904.c  ****   {
 187:Src/wm8904.c  ****     tmp = 0x000EU; /* ADCL_ENA = DACL_ENA = DACR_ENA = 1, ADCR_ENA = 0 */
 188:Src/wm8904.c  ****   }
 189:Src/wm8904.c  ****   else /* WM8904_IN_DIGITAL_MIC2 */
 190:Src/wm8904.c  ****   {
 191:Src/wm8904.c  ****     tmp = 0x000EU; /* ADCL_ENA = DACL_ENA = DACR_ENA = 1, ADCR_ENA = 0 */
 192:Src/wm8904.c  ****   }
 193:Src/wm8904.c  ****   ret += wm8904_write_reg(&pObj->Ctx, WM8904_PWR_MANAGEMENT6, &tmp, 2U);
 194:Src/wm8904.c  **** 
 195:Src/wm8904.c  ****   if (pInit->InputDevice == WM8904_IN_DIGITAL_MIC2)
ARM GAS  C:\Users\Antonio\AppData\Local\Temp\ccSzblGd.s 			page 5


 196:Src/wm8904.c  ****   {
 197:Src/wm8904.c  ****     tmp = 0x1800U; /* DMIC_ENA = 1, DMIC_SRC = IN1R/DMICDAT2 */
 198:Src/wm8904.c  ****     ret += wm8904_write_reg(&pObj->Ctx, WM8904_DIGITAL_MICROPHONE0, &tmp, 2U);
 199:Src/wm8904.c  **** 
 200:Src/wm8904.c  ****     tmp = 0x0008U; /* GPIO1_PU = GPIO1_PD = 0, GPIO1_SEL = 8 (DMIC clock out) */
 201:Src/wm8904.c  ****     ret += wm8904_write_reg(&pObj->Ctx, WM8904_GPIO_CONTROL1, &tmp, 2U);
 202:Src/wm8904.c  **** 
 203:Src/wm8904.c  ****     tmp = 0x81AFU; /* DRC_ENA = 1, DRC_DAC_PATH = ADC */
 204:Src/wm8904.c  ****     ret += wm8904_write_reg(&pObj->Ctx, WM8904_DRC0, &tmp, 2U);
 205:Src/wm8904.c  **** 
 206:Src/wm8904.c  ****     tmp = 0x32C1U; /* DRC_MINGAIN = 0dB, DRC_MAXGAIN = 18dB */
 207:Src/wm8904.c  ****     ret += wm8904_write_reg(&pObj->Ctx, WM8904_DRC1, &tmp, 2U);
 208:Src/wm8904.c  **** 
 209:Src/wm8904.c  ****     tmp = 0x002CU; /* DRC_HIGH_COMP = DRC_LO_COMP = 0 */
 210:Src/wm8904.c  ****     ret += wm8904_write_reg(&pObj->Ctx, WM8904_DRC2, &tmp, 2U);
 211:Src/wm8904.c  **** 
 212:Src/wm8904.c  ****     if (pInit->Frequency >= WM8904_FREQUENCY_32K)
 213:Src/wm8904.c  ****     {
 214:Src/wm8904.c  ****       tmp = 0x0000U; /* ADC_OSR128 = 0 (64xfs) */
 215:Src/wm8904.c  ****     }
 216:Src/wm8904.c  ****     else
 217:Src/wm8904.c  ****     {
 218:Src/wm8904.c  ****       tmp = 0x0001U; /* ADC_OSR128 = 1 (128xfs) */
 219:Src/wm8904.c  ****     }
 220:Src/wm8904.c  ****     ret += wm8904_write_reg(&pObj->Ctx, WM8904_ANALOG_ADC0, &tmp, 2U);
 221:Src/wm8904.c  ****   }
 222:Src/wm8904.c  ****   else
 223:Src/wm8904.c  ****   {
 224:Src/wm8904.c  ****     tmp = 0x0000U; /* DMIC_ENA = 0 */
 225:Src/wm8904.c  ****     ret += wm8904_write_reg(&pObj->Ctx, WM8904_DIGITAL_MICROPHONE0, &tmp, 2U);
 226:Src/wm8904.c  **** 
 227:Src/wm8904.c  ****     tmp = 0x0014U; /* GPIO1_PU = GPIO1_PD = 1, GPIO1_SEL = 4 (IRQ, default value) */
 228:Src/wm8904.c  ****     ret += wm8904_write_reg(&pObj->Ctx, WM8904_GPIO_CONTROL1, &tmp, 2U);
 229:Src/wm8904.c  **** 
 230:Src/wm8904.c  ****     tmp = 0x01AFU; /* DRC_ENA = 0, DRC_DAC_PATH = ADC */
 231:Src/wm8904.c  ****     ret += wm8904_write_reg(&pObj->Ctx, WM8904_DRC0, &tmp, 2U);
 232:Src/wm8904.c  **** 
 233:Src/wm8904.c  ****     tmp = 0x0001U; /* ADC_OSR128 = 1 (128xfs) */
 234:Src/wm8904.c  ****     ret += wm8904_write_reg(&pObj->Ctx, WM8904_ANALOG_ADC0, &tmp, 2U);
 235:Src/wm8904.c  ****   }
 236:Src/wm8904.c  **** 
 237:Src/wm8904.c  ****   tmp = 0x0648U; /* DAC_MUTERATE = DAC_UNMUTE_RAMP = DAC_OSR128 = DAC_MUTE = 1 */
 238:Src/wm8904.c  ****   ret += wm8904_write_reg(&pObj->Ctx, WM8904_DAC_DIGITAL1, &tmp, 2U);
 239:Src/wm8904.c  **** 
 240:Src/wm8904.c  ****   if (pInit->InputDevice == WM8904_IN_LINE2)
 241:Src/wm8904.c  ****   {
 242:Src/wm8904.c  ****     tmp = 0x0050U; /* AIFADCL_SRC = 0 (Left), AIFADCR_SRC = 1 (Right) */
 243:Src/wm8904.c  ****   }
 244:Src/wm8904.c  ****   else if (pInit->InputDevice == WM8904_IN_MIC1)
 245:Src/wm8904.c  ****   {
 246:Src/wm8904.c  ****     tmp = 0x0010U; /* AIFADCL_SRC = 0 (Left), AIFADCR_SRC = 0 (left) */
 247:Src/wm8904.c  ****   }
 248:Src/wm8904.c  ****   else /* WM8904_IN_DIGITAL_MIC2 */
 249:Src/wm8904.c  ****   {
 250:Src/wm8904.c  ****     tmp = 0x0010U; /* AIFADCL_SRC = 0 (Left), AIFADCR_SRC = 0 (Left) */
 251:Src/wm8904.c  ****   }
 252:Src/wm8904.c  ****   ret += wm8904_write_reg(&pObj->Ctx, WM8904_AUDIO_INTERFACE0, &tmp, 2U);
ARM GAS  C:\Users\Antonio\AppData\Local\Temp\ccSzblGd.s 			page 6


 253:Src/wm8904.c  **** 
 254:Src/wm8904.c  ****   /**********************************************/
 255:Src/wm8904.c  ****   /* Resolution, protocol, frequency and volume */
 256:Src/wm8904.c  ****   /**********************************************/
 257:Src/wm8904.c  **** 
 258:Src/wm8904.c  ****   tmp = 0x0002U; /* Set resolution to 16B and protocol to I2S*/
 259:Src/wm8904.c  ****   ret +=  wm8904_write_reg(&pObj->Ctx, WM8904_AUDIO_INTERFACE1, &tmp, 2U);
 260:Src/wm8904.c  **** 
 261:Src/wm8904.c  ****   ret += WM8904_SetFrequency(pObj, pInit->Frequency);
 262:Src/wm8904.c  **** 
 263:Src/wm8904.c  ****   if ((WM8904_CurrentDevices & WM8904_OUT_HEADPHONE) == WM8904_OUT_HEADPHONE)
 264:Src/wm8904.c  ****   {
 265:Src/wm8904.c  ****     ret += WM8904_SetVolume(pObj, VOLUME_OUTPUT, (uint8_t)pInit->Volume);
 266:Src/wm8904.c  ****   }
 267:Src/wm8904.c  **** 
 268:Src/wm8904.c  ****   if (pInit->InputDevice == WM8904_IN_LINE2)
 269:Src/wm8904.c  ****   {
 270:Src/wm8904.c  ****     tmp = 0x01C0U; /* ADC_VU = 1, ADC_VOL = +0dB */
 271:Src/wm8904.c  ****     ret +=  wm8904_write_reg(&pObj->Ctx, WM8904_ADC_DIGITAL_VOL_LEFT, &tmp, 2U);
 272:Src/wm8904.c  **** 
 273:Src/wm8904.c  ****     tmp = 0x01C0U; /* ADC_VU = 1, ADC_VOL = +0dB */
 274:Src/wm8904.c  ****     ret +=  wm8904_write_reg(&pObj->Ctx, WM8904_ADC_DIGITAL_VOL_RIGHT, &tmp, 2U);
 275:Src/wm8904.c  **** 
 276:Src/wm8904.c  ****     tmp = 0x0080U; /* LINMUTE = 1, LIN_VOL = -1.5dB */
 277:Src/wm8904.c  ****     ret +=  wm8904_write_reg(&pObj->Ctx, WM8904_ANALOG_LEFT_INPUT0, &tmp, 2U);
 278:Src/wm8904.c  **** 
 279:Src/wm8904.c  ****     tmp = 0x0080U; /* LINMUTE = 1, LIN_VOL = -1.5dB */
 280:Src/wm8904.c  ****     ret +=  wm8904_write_reg(&pObj->Ctx, WM8904_ANALOG_RIGHT_INPUT0, &tmp, 2U);
 281:Src/wm8904.c  **** 
 282:Src/wm8904.c  ****     tmp = 0x0014U; /* INL_CM_ENA = 0, L_IP_SEL_N[1:0] = IN2L (01b) */
 283:Src/wm8904.c  ****     ret +=  wm8904_write_reg(&pObj->Ctx, WM8904_ANALOG_LEFT_INPUT1, &tmp, 2U);
 284:Src/wm8904.c  **** 
 285:Src/wm8904.c  ****     tmp = 0x0014U; /* INR_CM_ENA = 0, R_IP_SEL_N[1:0] = IN2R (01b) */
 286:Src/wm8904.c  ****     ret +=  wm8904_write_reg(&pObj->Ctx, WM8904_ANALOG_RIGHT_INPUT1, &tmp, 2U);
 287:Src/wm8904.c  ****   }
 288:Src/wm8904.c  ****   else if (pInit->InputDevice == WM8904_IN_MIC1)
 289:Src/wm8904.c  ****   {
 290:Src/wm8904.c  ****     tmp = 0x01FFU; /* ADC_VU = 1, ADC_VOL = +17dB */
 291:Src/wm8904.c  ****     ret +=  wm8904_write_reg(&pObj->Ctx, WM8904_ADC_DIGITAL_VOL_LEFT, &tmp, 2U);
 292:Src/wm8904.c  **** 
 293:Src/wm8904.c  ****     tmp = 0x009AU; /* LINMUTE = 1, LIN_VOL = +14dB */
 294:Src/wm8904.c  ****     ret +=  wm8904_write_reg(&pObj->Ctx, WM8904_ANALOG_LEFT_INPUT0, &tmp, 2U);
 295:Src/wm8904.c  **** 
 296:Src/wm8904.c  ****     tmp = 0x0044U; /* INL_CM_ENA = 1, L_IP_SEL_N[1:0] = IN1L (00b) */
 297:Src/wm8904.c  ****     ret +=  wm8904_write_reg(&pObj->Ctx, WM8904_ANALOG_LEFT_INPUT1, &tmp, 2U);
 298:Src/wm8904.c  ****   }
 299:Src/wm8904.c  ****   else /* WM8904_IN_DIGITAL_MIC2 */
 300:Src/wm8904.c  ****   {
 301:Src/wm8904.c  ****     tmp = 0x0100U; /* ADC_VU = 1, ADC_VOL = Mute */
 302:Src/wm8904.c  ****     ret +=  wm8904_write_reg(&pObj->Ctx, WM8904_ADC_DIGITAL_VOL_LEFT, &tmp, 2U);
 303:Src/wm8904.c  ****   }
 304:Src/wm8904.c  **** 
 305:Src/wm8904.c  ****   /***************/
 306:Src/wm8904.c  ****   /* Charge pump */
 307:Src/wm8904.c  ****   /***************/
 308:Src/wm8904.c  **** 
 309:Src/wm8904.c  ****   tmp = 0x0001U; /* CP_ENA = 1  */
ARM GAS  C:\Users\Antonio\AppData\Local\Temp\ccSzblGd.s 			page 7


 310:Src/wm8904.c  ****   ret += wm8904_write_reg(&pObj->Ctx, WM8904_CHARGE_PUMP0, &tmp, 2U);
 311:Src/wm8904.c  **** 
 312:Src/wm8904.c  ****   /**********************/
 313:Src/wm8904.c  ****   /* Output signal path */
 314:Src/wm8904.c  ****   /**********************/
 315:Src/wm8904.c  **** 
 316:Src/wm8904.c  ****   tmp = 0x0011U; /* HPL_ENA = HPR_ENA = 1 */
 317:Src/wm8904.c  ****   ret += wm8904_write_reg(&pObj->Ctx, WM8904_ANALOG_HP0, &tmp, 2U);
 318:Src/wm8904.c  **** 
 319:Src/wm8904.c  ****   tmp = 0x0033U; /* HPL_ENA_DLY = HPR_ENA_DLY = HPL_ENA = HPR_ENA = 1 */
 320:Src/wm8904.c  ****   ret += wm8904_write_reg(&pObj->Ctx, WM8904_ANALOG_HP0, &tmp, 2U);
 321:Src/wm8904.c  **** 
 322:Src/wm8904.c  ****   /************/
 323:Src/wm8904.c  ****   /* DC Servo */
 324:Src/wm8904.c  ****   /************/
 325:Src/wm8904.c  **** 
 326:Src/wm8904.c  ****   tmp = 0x0003U; /* Enable channels 0 and 1 */
 327:Src/wm8904.c  ****   ret += wm8904_write_reg(&pObj->Ctx, WM8904_DC_SERVO0, &tmp, 2U);
 328:Src/wm8904.c  **** 
 329:Src/wm8904.c  ****   tmp = 0x0030U; /* Startup 0 and 1 */
 330:Src/wm8904.c  ****   ret += wm8904_write_reg(&pObj->Ctx, WM8904_DC_SERVO1, &tmp, 2U);
 331:Src/wm8904.c  ****   WM8904_Delay(pObj, 300U);
 332:Src/wm8904.c  **** 
 333:Src/wm8904.c  ****   /**********************/
 334:Src/wm8904.c  ****   /* Output signal path */
 335:Src/wm8904.c  ****   /**********************/
 336:Src/wm8904.c  **** 
 337:Src/wm8904.c  ****   tmp = 0x0077U; /* HPL_ENA_OUTP= HPL_ENA_OUTR = HPL_ENA_DLY = HPR_ENA_DLY = HPL_ENA = HPR_ENA = 1 
 338:Src/wm8904.c  ****   ret += wm8904_write_reg(&pObj->Ctx, WM8904_ANALOG_HP0, &tmp, 2U);
 339:Src/wm8904.c  **** 
 340:Src/wm8904.c  ****   tmp = 0x00FFU; /* HPL_RMV_SHORT = HPR_RMV_SHORT = HPL_ENA_OUTP= HPL_ENA_OUTR = HPL_ENA_DLY = HPR_
 341:Src/wm8904.c  ****   ret += wm8904_write_reg(&pObj->Ctx, WM8904_ANALOG_HP0, &tmp, 2U);
 342:Src/wm8904.c  **** 
 343:Src/wm8904.c  ****   /***************/
 344:Src/wm8904.c  ****   /* Charge pump */
 345:Src/wm8904.c  ****   /***************/
 346:Src/wm8904.c  **** 
 347:Src/wm8904.c  ****   tmp = 0x01U; /* CP_DYN_PWR = 1 */
 348:Src/wm8904.c  ****   ret += wm8904_write_reg(&pObj->Ctx, WM8904_CLASS_W0, &tmp, 2U);
 349:Src/wm8904.c  **** 
 350:Src/wm8904.c  ****   /* Store current devices */
 351:Src/wm8904.c  ****   WM8904_CurrentDevices = (pInit->OutputDevice | pInit->InputDevice);
 352:Src/wm8904.c  **** 
 353:Src/wm8904.c  ****   pObj->IsInitialized = 1U;
 354:Src/wm8904.c  **** 
 355:Src/wm8904.c  ****   return ret;
 356:Src/wm8904.c  **** }
 357:Src/wm8904.c  **** 
 358:Src/wm8904.c  **** /**
 359:Src/wm8904.c  ****   * @brief  Deinitializes the audio codec.
 360:Src/wm8904.c  ****   * @param  pObj pointer to component object
 361:Src/wm8904.c  ****   * @retval Component status
 362:Src/wm8904.c  ****   */
 363:Src/wm8904.c  **** int32_t WM8904_DeInit(WM8904_Object_t *pObj)
 364:Src/wm8904.c  **** {
 365:Src/wm8904.c  ****   int32_t ret;
 366:Src/wm8904.c  ****   uint16_t tmp;
ARM GAS  C:\Users\Antonio\AppData\Local\Temp\ccSzblGd.s 			page 8


 367:Src/wm8904.c  **** 
 368:Src/wm8904.c  ****   /**********************/
 369:Src/wm8904.c  ****   /* Output signal path */
 370:Src/wm8904.c  ****   /**********************/
 371:Src/wm8904.c  **** 
 372:Src/wm8904.c  ****   tmp = 0x0077U; /* HPL_RMV_SHORT = HPR_RMV_SHORT = 0 */
 373:Src/wm8904.c  ****   ret = wm8904_write_reg(&pObj->Ctx, WM8904_ANALOG_HP0, &tmp, 2U);
 374:Src/wm8904.c  **** 
 375:Src/wm8904.c  ****   tmp = 0x0000U; /* HPL_ENA_OUTP= HPL_ENA_OUTR = HPL_ENA_DLY = HPR_ENA_DLY = HPL_ENA = HPR_ENA = 0 
 376:Src/wm8904.c  ****   ret += wm8904_write_reg(&pObj->Ctx, WM8904_ANALOG_HP0, &tmp, 2U);
 377:Src/wm8904.c  **** 
 378:Src/wm8904.c  ****   /************/
 379:Src/wm8904.c  ****   /* DC Servo */
 380:Src/wm8904.c  ****   /************/
 381:Src/wm8904.c  **** 
 382:Src/wm8904.c  ****   tmp = 0x0000U; /* Disable channels 0 and 1 */
 383:Src/wm8904.c  ****   ret += wm8904_write_reg(&pObj->Ctx, WM8904_DC_SERVO0, &tmp, 2U);
 384:Src/wm8904.c  **** 
 385:Src/wm8904.c  ****   /***************/
 386:Src/wm8904.c  ****   /* Charge pump */
 387:Src/wm8904.c  ****   /***************/
 388:Src/wm8904.c  **** 
 389:Src/wm8904.c  ****   tmp = 0x0000U; /* CP_ENA = 0  */
 390:Src/wm8904.c  ****   ret += wm8904_write_reg(&pObj->Ctx, WM8904_CHARGE_PUMP0, &tmp, 2U);
 391:Src/wm8904.c  **** 
 392:Src/wm8904.c  ****   /*******/
 393:Src/wm8904.c  ****   /* DAC */
 394:Src/wm8904.c  ****   /*******/
 395:Src/wm8904.c  **** 
 396:Src/wm8904.c  ****   tmp = 0x0000U; /* ADCL_ENA = DACL_ENA = DACR_ENA = 0 */
 397:Src/wm8904.c  ****   ret += wm8904_write_reg(&pObj->Ctx, WM8904_PWR_MANAGEMENT6, &tmp, 2U);
 398:Src/wm8904.c  **** 
 399:Src/wm8904.c  ****   /**************/
 400:Src/wm8904.c  ****   /* Clock rate */
 401:Src/wm8904.c  ****   /**************/
 402:Src/wm8904.c  **** 
 403:Src/wm8904.c  ****   tmp = 0x0004U; /* CLK_DSP_ENA = 0, CLK_SYS_ENA = 1 */
 404:Src/wm8904.c  ****   ret += wm8904_write_reg(&pObj->Ctx, WM8904_CLOCK_RATES2, &tmp, 2U);
 405:Src/wm8904.c  **** 
 406:Src/wm8904.c  ****   /**********************/
 407:Src/wm8904.c  ****   /* Output signal path */
 408:Src/wm8904.c  ****   /**********************/
 409:Src/wm8904.c  **** 
 410:Src/wm8904.c  ****   tmp = 0x0000U; /* HPL_PGA_ENA = HPR_PGA_ENA = 0 */
 411:Src/wm8904.c  ****   ret += wm8904_write_reg(&pObj->Ctx, WM8904_PWR_MANAGEMENT2, &tmp, 2U);
 412:Src/wm8904.c  **** 
 413:Src/wm8904.c  ****   tmp = 0x0000U; /* INL_ENA = 0 */
 414:Src/wm8904.c  ****   ret += wm8904_write_reg(&pObj->Ctx, WM8904_PWR_MANAGEMENT0, &tmp, 2U);
 415:Src/wm8904.c  **** 
 416:Src/wm8904.c  ****   /********************/
 417:Src/wm8904.c  ****   /* Mic BIAS control */
 418:Src/wm8904.c  ****   /********************/
 419:Src/wm8904.c  **** 
 420:Src/wm8904.c  ****   tmp = 0x0000U; /* MICBIAS_ENA = 0 */
 421:Src/wm8904.c  ****   ret += wm8904_write_reg(&pObj->Ctx, WM8904_MIC_BIAS_CONTROL0, &tmp, 2U);
 422:Src/wm8904.c  **** 
 423:Src/wm8904.c  ****   /**************************************/
ARM GAS  C:\Users\Antonio\AppData\Local\Temp\ccSzblGd.s 			page 9


 424:Src/wm8904.c  ****   /* Reference voltages and master bias */
 425:Src/wm8904.c  ****   /**************************************/
 426:Src/wm8904.c  **** 
 427:Src/wm8904.c  ****   tmp = 0x0018U; /* ISEL[1:0] = 10b, BIAS_EN = 0 */
 428:Src/wm8904.c  ****   ret += wm8904_write_reg(&pObj->Ctx, WM8904_BIAS_CONTROL0, &tmp, 2U);
 429:Src/wm8904.c  **** 
 430:Src/wm8904.c  ****   tmp = 0x0042U; /* VMID_BUF_ENA = 1, VMID_RES[1:0] = 01b, VMID_ENA = 0 */
 431:Src/wm8904.c  ****   ret += wm8904_write_reg(&pObj->Ctx, WM8904_VMID_CONTROL0, &tmp, 2U);
 432:Src/wm8904.c  ****   WM8904_Delay(pObj, 300U);
 433:Src/wm8904.c  **** 
 434:Src/wm8904.c  ****   tmp = 0x0042U; /* VMID_BUF_ENA = 1, VMID_RES[1:0] = 01b, VMID_ENA = 0 */
 435:Src/wm8904.c  ****   ret += wm8904_write_reg(&pObj->Ctx, WM8904_VMID_CONTROL0, &tmp, 2U);
 436:Src/wm8904.c  **** 
 437:Src/wm8904.c  ****   tmp = 0x0000U; /* VMID_BUF_ENA = 0, VMID_RES[1:0] = 00b, VMID_ENA = 0 */
 438:Src/wm8904.c  ****   ret += wm8904_write_reg(&pObj->Ctx, WM8904_VMID_CONTROL0, &tmp, 2U);
 439:Src/wm8904.c  **** 
 440:Src/wm8904.c  ****   tmp = 0x0018U; /* ISEL[1:0] = 10b,  BIAS_EN = 0 */
 441:Src/wm8904.c  ****   ret += wm8904_write_reg(&pObj->Ctx, WM8904_BIAS_CONTROL0, &tmp, 2U);
 442:Src/wm8904.c  **** 
 443:Src/wm8904.c  ****   /**************/
 444:Src/wm8904.c  ****   /* Clock rate */
 445:Src/wm8904.c  ****   /**************/
 446:Src/wm8904.c  **** 
 447:Src/wm8904.c  ****   tmp = 0x0000U; /* CLK_SYS_ENA = 0 */
 448:Src/wm8904.c  ****   ret += wm8904_write_reg(&pObj->Ctx, WM8904_CLOCK_RATES2, &tmp, 2U);
 449:Src/wm8904.c  **** 
 450:Src/wm8904.c  ****   if (pObj->IsInitialized == 1U)
 451:Src/wm8904.c  ****   {
 452:Src/wm8904.c  ****     pObj->IsInitialized = 0U;
 453:Src/wm8904.c  ****   }
 454:Src/wm8904.c  **** 
 455:Src/wm8904.c  ****   return ret;
 456:Src/wm8904.c  **** }
 457:Src/wm8904.c  **** 
 458:Src/wm8904.c  **** /**
 459:Src/wm8904.c  ****   * @brief  Get the WM8904 ID.
 460:Src/wm8904.c  ****   * @param  pObj pointer to component object
 461:Src/wm8904.c  ****   * @param  Id component ID
 462:Src/wm8904.c  ****   * @retval Component status
 463:Src/wm8904.c  ****   */
 464:Src/wm8904.c  **** int32_t WM8904_ReadID(WM8904_Object_t *pObj, uint32_t *Id)
 465:Src/wm8904.c  **** {
 466:Src/wm8904.c  ****   int32_t ret;
 467:Src/wm8904.c  ****   uint16_t wm8904_id;
 468:Src/wm8904.c  **** 
 469:Src/wm8904.c  ****   /* Initialize the Control interface of the Audio Codec */
 470:Src/wm8904.c  ****   pObj->IO.Init();
 471:Src/wm8904.c  **** 
 472:Src/wm8904.c  ****   /* Get ID from component */
 473:Src/wm8904.c  ****   ret = wm8904_read_reg(&pObj->Ctx, WM8904_SW_RESET, &wm8904_id, 2U);
 474:Src/wm8904.c  **** 
 475:Src/wm8904.c  ****   *Id = wm8904_id;
 476:Src/wm8904.c  **** 
 477:Src/wm8904.c  ****   return ret;
 478:Src/wm8904.c  **** }
 479:Src/wm8904.c  **** 
 480:Src/wm8904.c  **** /**
ARM GAS  C:\Users\Antonio\AppData\Local\Temp\ccSzblGd.s 			page 10


 481:Src/wm8904.c  ****   * @brief Start the audio Codec play feature.
 482:Src/wm8904.c  ****   * @note For this codec no Play options are required.
 483:Src/wm8904.c  ****   * @param  pObj pointer to component object
 484:Src/wm8904.c  ****   * @retval Component status
 485:Src/wm8904.c  ****   */
 486:Src/wm8904.c  **** int32_t WM8904_Play(WM8904_Object_t *pObj)
 487:Src/wm8904.c  **** {
 488:Src/wm8904.c  ****   int32_t ret = WM8904_OK;
 489:Src/wm8904.c  ****   uint16_t tmp;
 490:Src/wm8904.c  **** 
 491:Src/wm8904.c  ****   if ((WM8904_CurrentDevices & WM8904_OUT_HEADPHONE) == WM8904_OUT_HEADPHONE)
 492:Src/wm8904.c  ****   {
 493:Src/wm8904.c  ****     tmp = 0x0640U; /* DAC_MUTE= 0 */
 494:Src/wm8904.c  ****     ret += wm8904_write_reg(&pObj->Ctx, WM8904_DAC_DIGITAL1, &tmp, 2U);
 495:Src/wm8904.c  ****   }
 496:Src/wm8904.c  **** 
 497:Src/wm8904.c  **** 
 498:Src/wm8904.c  ****   if ((WM8904_CurrentDevices & WM8904_IN_MIC1) == WM8904_IN_MIC1)
 499:Src/wm8904.c  ****   {
 500:Src/wm8904.c  ****     tmp = 0x001AU; /* LINMUTE = 0 */
 501:Src/wm8904.c  ****     ret += wm8904_write_reg(&pObj->Ctx, WM8904_ANALOG_LEFT_INPUT0, &tmp, 2U);
 502:Src/wm8904.c  ****   }
 503:Src/wm8904.c  **** 
 504:Src/wm8904.c  ****   if ((WM8904_CurrentDevices & WM8904_IN_LINE2) == WM8904_IN_LINE2)
 505:Src/wm8904.c  ****   {
 506:Src/wm8904.c  ****     tmp = 0x0000U; /* LINMUTE = 0 */
 507:Src/wm8904.c  ****     ret += wm8904_write_reg(&pObj->Ctx, WM8904_ANALOG_LEFT_INPUT0, &tmp, 2U);
 508:Src/wm8904.c  **** 
 509:Src/wm8904.c  ****     tmp = 0x0000U; /* LINMUTE = 0 */
 510:Src/wm8904.c  ****     ret += wm8904_write_reg(&pObj->Ctx, WM8904_ANALOG_RIGHT_INPUT0, &tmp, 2U);
 511:Src/wm8904.c  ****   }
 512:Src/wm8904.c  **** 
 513:Src/wm8904.c  ****   if ((WM8904_CurrentDevices & WM8904_IN_DIGITAL_MIC2) == WM8904_IN_DIGITAL_MIC2)
 514:Src/wm8904.c  ****   {
 515:Src/wm8904.c  ****     tmp = 0x01F0U; /* ADC_VU = 1, ADC_VOL = +17,6dB */
 516:Src/wm8904.c  ****     ret +=  wm8904_write_reg(&pObj->Ctx, WM8904_ADC_DIGITAL_VOL_LEFT, &tmp, 2U);
 517:Src/wm8904.c  ****   }
 518:Src/wm8904.c  **** 
 519:Src/wm8904.c  ****   return ret;
 520:Src/wm8904.c  **** }
 521:Src/wm8904.c  **** 
 522:Src/wm8904.c  **** /**
 523:Src/wm8904.c  ****   * @brief Pauses playing on the audio codec.
 524:Src/wm8904.c  ****   * @param  pObj pointer to component object
 525:Src/wm8904.c  ****   * @retval Component status
 526:Src/wm8904.c  ****   */
 527:Src/wm8904.c  **** int32_t WM8904_Pause(WM8904_Object_t *pObj)
 528:Src/wm8904.c  **** {
 529:Src/wm8904.c  ****   /* Pause the audio file playing */
 530:Src/wm8904.c  ****   return WM8904_SetMute(pObj, WM8904_MUTE_ON);
 531:Src/wm8904.c  **** }
 532:Src/wm8904.c  **** 
 533:Src/wm8904.c  **** /**
 534:Src/wm8904.c  ****   * @brief Resumes playing on the audio codec.
 535:Src/wm8904.c  ****   * @param  pObj pointer to component object
 536:Src/wm8904.c  ****   * @retval Component status
 537:Src/wm8904.c  ****   */
ARM GAS  C:\Users\Antonio\AppData\Local\Temp\ccSzblGd.s 			page 11


 538:Src/wm8904.c  **** int32_t WM8904_Resume(WM8904_Object_t *pObj)
 539:Src/wm8904.c  **** {
 540:Src/wm8904.c  ****   /* Resumes the audio file playing */
 541:Src/wm8904.c  ****   return WM8904_SetMute(pObj, WM8904_MUTE_OFF);
 542:Src/wm8904.c  **** }
 543:Src/wm8904.c  **** 
 544:Src/wm8904.c  **** /**
 545:Src/wm8904.c  ****   * @brief Stops audio Codec playing. It powers down the codec.
 546:Src/wm8904.c  ****   * @param  pObj pointer to component object
 547:Src/wm8904.c  ****   * @param CodecPdwnMode  selects the  power down mode.
 548:Src/wm8904.c  ****   *          - WM8904_PDWN_SW: only mutes the audio codec. When resuming from this
 549:Src/wm8904.c  ****   *                           mode the codec keeps the previous initialization
 550:Src/wm8904.c  ****   *                           (no need to re-Initialize the codec registers).
 551:Src/wm8904.c  ****   *          - WM8904_PDWN_HW: Physically power down the codec. When resuming from this
 552:Src/wm8904.c  ****   *                           mode, the codec is set to default configuration
 553:Src/wm8904.c  ****   *                           (user should re-Initialize the codec in order to
 554:Src/wm8904.c  ****   *                            play again the audio stream).
 555:Src/wm8904.c  ****   * @retval 0 if correct communication, else wrong communication
 556:Src/wm8904.c  ****   */
 557:Src/wm8904.c  **** int32_t WM8904_Stop(WM8904_Object_t *pObj, uint32_t CodecPdwnMode)
 558:Src/wm8904.c  **** {
 559:Src/wm8904.c  ****   int32_t ret;
 560:Src/wm8904.c  **** 
 561:Src/wm8904.c  ****   /* Mute the output */
 562:Src/wm8904.c  ****   ret = WM8904_SetMute(pObj, WM8904_MUTE_ON);
 563:Src/wm8904.c  **** 
 564:Src/wm8904.c  ****   if (CodecPdwnMode == WM8904_PDWN_HW)
 565:Src/wm8904.c  ****   {
 566:Src/wm8904.c  ****     ret += WM8904_DeInit(pObj);
 567:Src/wm8904.c  ****   }
 568:Src/wm8904.c  **** 
 569:Src/wm8904.c  ****   return ret;
 570:Src/wm8904.c  **** }
 571:Src/wm8904.c  **** 
 572:Src/wm8904.c  **** /**
 573:Src/wm8904.c  ****   * @brief Set higher or lower the codec volume level.
 574:Src/wm8904.c  ****   * @param  pObj pointer to component object
 575:Src/wm8904.c  ****   * @param  InputOutput Input or Output volume
 576:Src/wm8904.c  ****   * @param  Volume  a byte value from 0 to 100.
 577:Src/wm8904.c  ****   *         (refer to codec registers description for more details).
 578:Src/wm8904.c  ****   * @retval Component status
 579:Src/wm8904.c  ****   */
 580:Src/wm8904.c  **** int32_t WM8904_SetVolume(WM8904_Object_t *pObj, uint32_t InputOutput, uint8_t Volume)
 581:Src/wm8904.c  **** {
 582:Src/wm8904.c  ****   uint8_t  convertedvol;
 583:Src/wm8904.c  ****   int32_t  ret;
 584:Src/wm8904.c  ****   uint16_t tmp;
 585:Src/wm8904.c  **** 
 586:Src/wm8904.c  ****   /* Only output volume supported */
 587:Src/wm8904.c  ****   if (InputOutput == VOLUME_OUTPUT)
 588:Src/wm8904.c  ****   {
 589:Src/wm8904.c  ****     convertedvol = VOLUME_OUT_CONVERT(Volume);
 590:Src/wm8904.c  **** 
 591:Src/wm8904.c  ****     tmp = (uint16_t) convertedvol;
 592:Src/wm8904.c  **** 
 593:Src/wm8904.c  ****     /* Left Headphone Volume */
 594:Src/wm8904.c  ****     ret = wm8904_write_reg(&pObj->Ctx, WM8904_ANALOG_OUTPUT1_LEFT, &tmp, 2U);
ARM GAS  C:\Users\Antonio\AppData\Local\Temp\ccSzblGd.s 			page 12


 595:Src/wm8904.c  ****     /* Right Headphone Volume */
 596:Src/wm8904.c  ****     tmp |= 0x80U; /* Volume update */
 597:Src/wm8904.c  ****     ret += wm8904_write_reg(&pObj->Ctx, WM8904_ANALOG_OUTPUT1_RIGHT, &tmp, 2U);
 598:Src/wm8904.c  ****   }
 599:Src/wm8904.c  ****   else /* Input volume */
 600:Src/wm8904.c  ****   {
 601:Src/wm8904.c  ****     ret = WM8904_ERROR;
 602:Src/wm8904.c  ****   }
 603:Src/wm8904.c  **** 
 604:Src/wm8904.c  ****   return ret;
 605:Src/wm8904.c  **** }
 606:Src/wm8904.c  **** 
 607:Src/wm8904.c  **** /**
 608:Src/wm8904.c  ****   * @brief Get higher or lower the codec volume level.
 609:Src/wm8904.c  ****   * @param  pObj pointer to component object
 610:Src/wm8904.c  ****   * @param  InputOutput Input or Output volume
 611:Src/wm8904.c  ****   * @param  Volume audio volume
 612:Src/wm8904.c  ****   * @retval Component status
 613:Src/wm8904.c  ****   */
 614:Src/wm8904.c  **** int32_t WM8904_GetVolume(WM8904_Object_t *pObj, uint32_t InputOutput, uint8_t *Volume)
 615:Src/wm8904.c  **** {
 616:Src/wm8904.c  ****   int32_t  ret;
 617:Src/wm8904.c  ****   uint16_t tmp;
 618:Src/wm8904.c  **** 
 619:Src/wm8904.c  ****   /* only output volume supported */
 620:Src/wm8904.c  ****   if (InputOutput == VOLUME_OUTPUT)
 621:Src/wm8904.c  ****   {
 622:Src/wm8904.c  ****     /* Left Headphone Volume */
 623:Src/wm8904.c  ****     ret = wm8904_read_reg(&pObj->Ctx, WM8904_ANALOG_OUTPUT1_LEFT, &tmp, 2U);
 624:Src/wm8904.c  ****     tmp &= 0x3FU;
 625:Src/wm8904.c  **** 
 626:Src/wm8904.c  ****     if (ret == WM8904_OK)
 627:Src/wm8904.c  ****     {
 628:Src/wm8904.c  ****       *Volume = (uint8_t) VOLUME_OUT_INVERT(tmp);
 629:Src/wm8904.c  ****     }
 630:Src/wm8904.c  ****   }
 631:Src/wm8904.c  ****   else /* Input volume */
 632:Src/wm8904.c  ****   {
 633:Src/wm8904.c  ****     ret = WM8904_ERROR;
 634:Src/wm8904.c  ****   }
 635:Src/wm8904.c  **** 
 636:Src/wm8904.c  ****   return ret;
 637:Src/wm8904.c  **** }
 638:Src/wm8904.c  **** 
 639:Src/wm8904.c  **** /**
 640:Src/wm8904.c  ****   * @brief Enables or disables the mute feature on the audio codec.
 641:Src/wm8904.c  ****   * @param  pObj pointer to component object
 642:Src/wm8904.c  ****   * @param Cmd  WM8904_MUTE_ON to enable the mute or WM8904_MUTE_OFF to disable the
 643:Src/wm8904.c  ****   *             mute mode.
 644:Src/wm8904.c  ****   * @retval 0 if correct communication, else wrong communication
 645:Src/wm8904.c  ****   */
 646:Src/wm8904.c  **** int32_t WM8904_SetMute(WM8904_Object_t *pObj, uint32_t Cmd)
 647:Src/wm8904.c  **** {
 648:Src/wm8904.c  ****   int32_t ret = WM8904_OK;
 649:Src/wm8904.c  ****   uint16_t tmp;
 650:Src/wm8904.c  **** 
 651:Src/wm8904.c  ****   if ((WM8904_CurrentDevices & WM8904_OUT_HEADPHONE) == WM8904_OUT_HEADPHONE)
ARM GAS  C:\Users\Antonio\AppData\Local\Temp\ccSzblGd.s 			page 13


 652:Src/wm8904.c  ****   {
 653:Src/wm8904.c  ****     /* Read DAC digital 1 */
 654:Src/wm8904.c  ****     ret += wm8904_read_reg(&pObj->Ctx, WM8904_DAC_DIGITAL1, &tmp, 2U);
 655:Src/wm8904.c  **** 
 656:Src/wm8904.c  ****     if(Cmd == WM8904_MUTE_ON)
 657:Src/wm8904.c  ****     {
 658:Src/wm8904.c  ****       /* Mute the DAC Digital 1 */
 659:Src/wm8904.c  ****       tmp |= 0x0008U;
 660:Src/wm8904.c  ****     }
 661:Src/wm8904.c  ****     else
 662:Src/wm8904.c  ****     {
 663:Src/wm8904.c  ****       /* Unmute the the DAC Digital 1 */
 664:Src/wm8904.c  ****       tmp &= ~(0x0008U);
 665:Src/wm8904.c  ****     }
 666:Src/wm8904.c  ****     ret += wm8904_write_reg(&pObj->Ctx, WM8904_DAC_DIGITAL1, &tmp, 2U);
 667:Src/wm8904.c  ****   }
 668:Src/wm8904.c  **** 
 669:Src/wm8904.c  ****   if ((WM8904_CurrentDevices & WM8904_IN_MIC1) == WM8904_IN_MIC1)
 670:Src/wm8904.c  ****   {
 671:Src/wm8904.c  ****     if(Cmd == WM8904_MUTE_ON)
 672:Src/wm8904.c  ****     {
 673:Src/wm8904.c  ****       tmp = 0x009AU; /* LINMUTE = 1 */
 674:Src/wm8904.c  ****     }
 675:Src/wm8904.c  ****     else
 676:Src/wm8904.c  ****     {
 677:Src/wm8904.c  ****       tmp = 0x001AU; /* LINMUTE = 0 */
 678:Src/wm8904.c  ****     }
 679:Src/wm8904.c  ****     ret +=  wm8904_write_reg(&pObj->Ctx, WM8904_ANALOG_LEFT_INPUT0, &tmp, 2U);
 680:Src/wm8904.c  ****   }
 681:Src/wm8904.c  **** 
 682:Src/wm8904.c  ****   if ((WM8904_CurrentDevices & WM8904_IN_LINE2) == WM8904_IN_LINE2)
 683:Src/wm8904.c  ****   {
 684:Src/wm8904.c  ****     if(Cmd == WM8904_MUTE_ON)
 685:Src/wm8904.c  ****     {
 686:Src/wm8904.c  ****       tmp = 0x0080U; /* LINMUTE = 1 */
 687:Src/wm8904.c  ****     }
 688:Src/wm8904.c  ****     else
 689:Src/wm8904.c  ****     {
 690:Src/wm8904.c  ****       tmp = 0x0000U; /* LINMUTE = 0 */
 691:Src/wm8904.c  ****     }
 692:Src/wm8904.c  ****     ret +=  wm8904_write_reg(&pObj->Ctx, WM8904_ANALOG_LEFT_INPUT0, &tmp, 2U);
 693:Src/wm8904.c  ****     ret +=  wm8904_write_reg(&pObj->Ctx, WM8904_ANALOG_RIGHT_INPUT0, &tmp, 2U);
 694:Src/wm8904.c  ****   }
 695:Src/wm8904.c  **** 
 696:Src/wm8904.c  ****   if ((WM8904_CurrentDevices & WM8904_IN_DIGITAL_MIC2) == WM8904_IN_DIGITAL_MIC2)
 697:Src/wm8904.c  ****   {
 698:Src/wm8904.c  ****     if(Cmd == WM8904_MUTE_ON)
 699:Src/wm8904.c  ****     {
 700:Src/wm8904.c  ****       tmp = 0x0100U; /* ADC_VU = 1, ADC_VOL = Mute */
 701:Src/wm8904.c  ****     }
 702:Src/wm8904.c  ****     else
 703:Src/wm8904.c  ****     {
 704:Src/wm8904.c  ****       tmp = 0x01F0U; /* ADC_VU = 1, ADC_VOL = +17,6dB */
 705:Src/wm8904.c  ****     }
 706:Src/wm8904.c  ****     ret +=  wm8904_write_reg(&pObj->Ctx, WM8904_ADC_DIGITAL_VOL_RIGHT, &tmp, 2U);
 707:Src/wm8904.c  ****   }
 708:Src/wm8904.c  **** 
ARM GAS  C:\Users\Antonio\AppData\Local\Temp\ccSzblGd.s 			page 14


 709:Src/wm8904.c  ****   return ret;
 710:Src/wm8904.c  **** }
 711:Src/wm8904.c  **** 
 712:Src/wm8904.c  **** /**
 713:Src/wm8904.c  ****   * @brief Switch dynamically (while audio file is played) the output target
 714:Src/wm8904.c  ****   *         (speaker or headphone).
 715:Src/wm8904.c  ****   * @param  pObj pointer to component object
 716:Src/wm8904.c  ****   * @param Output  specifies the audio output target: WM8904_OUT_HEADPHONE,
 717:Src/wm8904.c  ****   *         WM8904_OUT_LINE or WM8904_OUT_BOTH.
 718:Src/wm8904.c  ****   * @retval 0 if correct communication, else wrong communication
 719:Src/wm8904.c  ****   */
 720:Src/wm8904.c  **** int32_t WM8904_SetOutputMode(WM8904_Object_t *pObj, uint32_t Output)
 721:Src/wm8904.c  **** {
  35              		.loc 1 721 1 view -0
  36              		.cfi_startproc
  37              		@ args = 0, pretend = 0, frame = 0
  38              		@ frame_needed = 0, uses_anonymous_args = 0
  39              		@ link register save eliminated.
 722:Src/wm8904.c  ****   (void)(pObj);
  40              		.loc 1 722 3 view .LVU1
 723:Src/wm8904.c  ****   (void)(Output);
  41              		.loc 1 723 3 view .LVU2
 724:Src/wm8904.c  **** 
 725:Src/wm8904.c  ****   /* This feature is currently not supported */
 726:Src/wm8904.c  ****   return WM8904_ERROR;
  42              		.loc 1 726 3 view .LVU3
 727:Src/wm8904.c  **** }
  43              		.loc 1 727 1 is_stmt 0 view .LVU4
  44 0000 4FF0FF30 		mov	r0, #-1
  45              	.LVL1:
  46              		.loc 1 727 1 view .LVU5
  47 0004 7047     		bx	lr
  48              		.cfi_endproc
  49              	.LFE10:
  51              		.section	.text.WM8904_Delay,"ax",%progbits
  52              		.align	1
  53              		.syntax unified
  54              		.thumb
  55              		.thumb_func
  57              	WM8904_Delay:
  58              	.LVL2:
  59              	.LFB19:
 728:Src/wm8904.c  **** 
 729:Src/wm8904.c  **** /**
 730:Src/wm8904.c  ****   * @brief Set Audio resolution.
 731:Src/wm8904.c  ****   * @param pObj pointer to component object
 732:Src/wm8904.c  ****   * @param Resolution  Audio resolution. Can be:
 733:Src/wm8904.c  ****   *                    WM8904_RESOLUTION_16b, WM8904_RESOLUTION_20b,
 734:Src/wm8904.c  ****   *                    WM8904_RESOLUTION_24b or WM8904_RESOLUTION_32b
 735:Src/wm8904.c  ****   * @retval Component status
 736:Src/wm8904.c  ****   */
 737:Src/wm8904.c  **** int32_t WM8904_SetResolution(WM8904_Object_t *pObj, uint32_t Resolution)
 738:Src/wm8904.c  **** {
 739:Src/wm8904.c  ****   (void)(pObj);
 740:Src/wm8904.c  ****   (void)(Resolution);
 741:Src/wm8904.c  **** 
 742:Src/wm8904.c  ****   /* This feature is currently not supported */
ARM GAS  C:\Users\Antonio\AppData\Local\Temp\ccSzblGd.s 			page 15


 743:Src/wm8904.c  ****   return WM8904_ERROR;
 744:Src/wm8904.c  **** }
 745:Src/wm8904.c  **** 
 746:Src/wm8904.c  **** /**
 747:Src/wm8904.c  ****   * @brief Get Audio resolution.
 748:Src/wm8904.c  ****   * @param pObj pointer to component object
 749:Src/wm8904.c  ****   * @retval Audio resolution
 750:Src/wm8904.c  ****   */
 751:Src/wm8904.c  **** int32_t WM8904_GetResolution(WM8904_Object_t *pObj, uint32_t *Resolution)
 752:Src/wm8904.c  **** {
 753:Src/wm8904.c  ****   int32_t  ret;
 754:Src/wm8904.c  ****   uint16_t tmp;
 755:Src/wm8904.c  **** 
 756:Src/wm8904.c  ****   ret = wm8904_read_reg(&pObj->Ctx, WM8904_AUDIO_INTERFACE1, &tmp, 2U);
 757:Src/wm8904.c  **** 
 758:Src/wm8904.c  ****   switch((tmp >> 2U) & 0x0003U)
 759:Src/wm8904.c  ****   {
 760:Src/wm8904.c  ****     case 1:
 761:Src/wm8904.c  ****       *Resolution = WM8904_RESOLUTION_20B;
 762:Src/wm8904.c  ****       break;
 763:Src/wm8904.c  ****     case 2:
 764:Src/wm8904.c  ****       *Resolution = WM8904_RESOLUTION_24B;
 765:Src/wm8904.c  ****       break;
 766:Src/wm8904.c  ****     case 3:
 767:Src/wm8904.c  ****       *Resolution = WM8904_RESOLUTION_32B;
 768:Src/wm8904.c  ****       break;
 769:Src/wm8904.c  ****     case 0:
 770:Src/wm8904.c  ****     default:
 771:Src/wm8904.c  ****       *Resolution = WM8904_RESOLUTION_16B;
 772:Src/wm8904.c  ****       break;
 773:Src/wm8904.c  ****   }
 774:Src/wm8904.c  **** 
 775:Src/wm8904.c  ****   return ret;
 776:Src/wm8904.c  **** }
 777:Src/wm8904.c  **** 
 778:Src/wm8904.c  **** /**
 779:Src/wm8904.c  ****   * @brief Set Audio Protocol.
 780:Src/wm8904.c  ****   * @param pObj pointer to component object
 781:Src/wm8904.c  ****   * @param Protocol Audio Protocol. Can be:
 782:Src/wm8904.c  ****   *                  WM8904_PROTOCOL_R_JUSTIFIED, WM8904_PROTOCOL_L_JUSTIFIED,
 783:Src/wm8904.c  ****   *                  WM8904_PROTOCOL_I2S or WM8904_PROTOCOL_DSP
 784:Src/wm8904.c  ****   * @retval Component status
 785:Src/wm8904.c  ****   */
 786:Src/wm8904.c  **** int32_t WM8904_SetProtocol(WM8904_Object_t *pObj, uint32_t Protocol)
 787:Src/wm8904.c  **** {
 788:Src/wm8904.c  ****   (void)(pObj);
 789:Src/wm8904.c  ****   (void)(Protocol);
 790:Src/wm8904.c  **** 
 791:Src/wm8904.c  ****   /* This feature is currently not supported */
 792:Src/wm8904.c  ****   return WM8904_ERROR;
 793:Src/wm8904.c  **** }
 794:Src/wm8904.c  **** 
 795:Src/wm8904.c  **** /**
 796:Src/wm8904.c  ****   * @brief Get Audio Protocol.
 797:Src/wm8904.c  ****   * @param pObj pointer to component object
 798:Src/wm8904.c  ****   * @retval Component status
 799:Src/wm8904.c  ****   */
ARM GAS  C:\Users\Antonio\AppData\Local\Temp\ccSzblGd.s 			page 16


 800:Src/wm8904.c  **** int32_t WM8904_GetProtocol(WM8904_Object_t *pObj, uint32_t *Protocol)
 801:Src/wm8904.c  **** {
 802:Src/wm8904.c  ****   int32_t  ret;
 803:Src/wm8904.c  ****   uint16_t tmp;
 804:Src/wm8904.c  **** 
 805:Src/wm8904.c  ****   ret = wm8904_read_reg(&pObj->Ctx, WM8904_AUDIO_INTERFACE1, &tmp, 2U);
 806:Src/wm8904.c  **** 
 807:Src/wm8904.c  ****   *Protocol = (((uint32_t) tmp) & 0x0003U);
 808:Src/wm8904.c  **** 
 809:Src/wm8904.c  ****   return ret;
 810:Src/wm8904.c  **** }
 811:Src/wm8904.c  **** 
 812:Src/wm8904.c  **** /**
 813:Src/wm8904.c  ****   * @brief Sets new frequency.
 814:Src/wm8904.c  ****   * @param pObj pointer to component object
 815:Src/wm8904.c  ****   * @param AudioFreq Audio frequency
 816:Src/wm8904.c  ****   * @retval Component status
 817:Src/wm8904.c  ****   */
 818:Src/wm8904.c  **** int32_t WM8904_SetFrequency(WM8904_Object_t *pObj, uint32_t AudioFreq)
 819:Src/wm8904.c  **** {
 820:Src/wm8904.c  ****   int32_t ret;
 821:Src/wm8904.c  ****   uint16_t tmp;
 822:Src/wm8904.c  **** 
 823:Src/wm8904.c  ****   switch (AudioFreq)
 824:Src/wm8904.c  ****   {
 825:Src/wm8904.c  ****   case  WM8904_FREQUENCY_8K:
 826:Src/wm8904.c  ****     /* Sample Rate = 8 (kHz), ratio=256 */
 827:Src/wm8904.c  ****     tmp = 0x0C00U;
 828:Src/wm8904.c  ****     ret = wm8904_write_reg(&pObj->Ctx, WM8904_CLOCK_RATES1, &tmp, 2U);
 829:Src/wm8904.c  ****     break;
 830:Src/wm8904.c  **** 
 831:Src/wm8904.c  ****   case  WM8904_FREQUENCY_11K:
 832:Src/wm8904.c  ****     /* Sample Rate = 11.025 (kHz), ratio=256 */
 833:Src/wm8904.c  ****     tmp = 0x0C01U;
 834:Src/wm8904.c  ****     ret = wm8904_write_reg(&pObj->Ctx, WM8904_CLOCK_RATES1, &tmp, 2U);
 835:Src/wm8904.c  ****     break;
 836:Src/wm8904.c  **** 
 837:Src/wm8904.c  ****   case  WM8904_FREQUENCY_16K:
 838:Src/wm8904.c  ****     /* Sample Rate = 16 (kHz), ratio=256 */
 839:Src/wm8904.c  ****     tmp = 0x0C02U;
 840:Src/wm8904.c  ****     ret = wm8904_write_reg(&pObj->Ctx, WM8904_CLOCK_RATES1, &tmp, 2U);
 841:Src/wm8904.c  ****     break;
 842:Src/wm8904.c  **** 
 843:Src/wm8904.c  ****   case  WM8904_FREQUENCY_22K:
 844:Src/wm8904.c  ****   case  WM8904_FREQUENCY_24K:
 845:Src/wm8904.c  ****     /* Sample Rate = 22.050 (kHz) or 24 (kHz), ratio=256 */
 846:Src/wm8904.c  ****     tmp = 0x0C03U;
 847:Src/wm8904.c  ****     ret = wm8904_write_reg(&pObj->Ctx, WM8904_CLOCK_RATES1, &tmp, 2U);
 848:Src/wm8904.c  ****     break;
 849:Src/wm8904.c  **** 
 850:Src/wm8904.c  ****   case  WM8904_FREQUENCY_32K:
 851:Src/wm8904.c  ****     /* Sample Rate = 32 (kHz), ratio=256 */
 852:Src/wm8904.c  ****     tmp = 0x0C04U;
 853:Src/wm8904.c  ****     ret = wm8904_write_reg(&pObj->Ctx, WM8904_CLOCK_RATES1, &tmp, 2U);
 854:Src/wm8904.c  ****     break;
 855:Src/wm8904.c  **** 
 856:Src/wm8904.c  ****   case  WM8904_FREQUENCY_44K:
ARM GAS  C:\Users\Antonio\AppData\Local\Temp\ccSzblGd.s 			page 17


 857:Src/wm8904.c  ****   case  WM8904_FREQUENCY_48K:
 858:Src/wm8904.c  ****     /* Sample Rate = 44.1 (kHz) or 48 (kHz), ratio=256 */
 859:Src/wm8904.c  ****     tmp = 0x0C05U;
 860:Src/wm8904.c  ****     ret = wm8904_write_reg(&pObj->Ctx, WM8904_CLOCK_RATES1, &tmp, 2U);
 861:Src/wm8904.c  ****     break;
 862:Src/wm8904.c  **** 
 863:Src/wm8904.c  ****   default:
 864:Src/wm8904.c  ****     ret = WM8904_ERROR;
 865:Src/wm8904.c  ****     break;
 866:Src/wm8904.c  ****   }
 867:Src/wm8904.c  **** 
 868:Src/wm8904.c  ****   return ret;
 869:Src/wm8904.c  **** }
 870:Src/wm8904.c  **** 
 871:Src/wm8904.c  **** /**
 872:Src/wm8904.c  ****   * @brief Get frequency.
 873:Src/wm8904.c  ****   * @param pObj pointer to component object
 874:Src/wm8904.c  ****   * @param AudioFreq Audio frequency
 875:Src/wm8904.c  ****   * @retval Component status
 876:Src/wm8904.c  ****   */
 877:Src/wm8904.c  **** int32_t WM8904_GetFrequency(WM8904_Object_t *pObj, uint32_t *AudioFreq)
 878:Src/wm8904.c  **** {
 879:Src/wm8904.c  ****   int32_t  ret;
 880:Src/wm8904.c  ****   uint16_t tmp;
 881:Src/wm8904.c  **** 
 882:Src/wm8904.c  ****   ret = wm8904_read_reg(&pObj->Ctx, WM8904_CLOCK_RATES1, &tmp, 2U);
 883:Src/wm8904.c  **** 
 884:Src/wm8904.c  ****   switch(tmp & 0x0007U)
 885:Src/wm8904.c  ****   {
 886:Src/wm8904.c  ****   case 0:
 887:Src/wm8904.c  ****     *AudioFreq = WM8904_FREQUENCY_8K;
 888:Src/wm8904.c  ****     break;
 889:Src/wm8904.c  ****   case 1:
 890:Src/wm8904.c  ****     /* 11.025k or 12k */
 891:Src/wm8904.c  ****     *AudioFreq = WM8904_FREQUENCY_11K;
 892:Src/wm8904.c  ****     break;
 893:Src/wm8904.c  ****   case 2:
 894:Src/wm8904.c  ****     *AudioFreq = WM8904_FREQUENCY_16K;
 895:Src/wm8904.c  ****     break;
 896:Src/wm8904.c  ****   case 3:
 897:Src/wm8904.c  ****     /* 22.05k or 24k */
 898:Src/wm8904.c  ****     *AudioFreq = WM8904_FREQUENCY_22K;
 899:Src/wm8904.c  ****     break;
 900:Src/wm8904.c  ****   case 4:
 901:Src/wm8904.c  ****     *AudioFreq = WM8904_FREQUENCY_32K;
 902:Src/wm8904.c  ****     break;
 903:Src/wm8904.c  ****   case 5:
 904:Src/wm8904.c  ****     /* 44.1k or 48k */
 905:Src/wm8904.c  ****     *AudioFreq = WM8904_FREQUENCY_44K;
 906:Src/wm8904.c  ****     break;
 907:Src/wm8904.c  ****   default:
 908:Src/wm8904.c  ****     ret = WM8904_ERROR;
 909:Src/wm8904.c  ****     break;
 910:Src/wm8904.c  ****   }
 911:Src/wm8904.c  **** 
 912:Src/wm8904.c  ****   return ret;
 913:Src/wm8904.c  **** }
ARM GAS  C:\Users\Antonio\AppData\Local\Temp\ccSzblGd.s 			page 18


 914:Src/wm8904.c  **** 
 915:Src/wm8904.c  **** /**
 916:Src/wm8904.c  ****   * @brief Resets wm8904 registers.
 917:Src/wm8904.c  ****   * @param pObj pointer to component object
 918:Src/wm8904.c  ****   * @retval Component status if correct communication, else wrong communication
 919:Src/wm8904.c  ****   */
 920:Src/wm8904.c  **** int32_t WM8904_Reset(WM8904_Object_t *pObj)
 921:Src/wm8904.c  **** {
 922:Src/wm8904.c  ****   uint16_t tmp;
 923:Src/wm8904.c  ****   int32_t  ret;
 924:Src/wm8904.c  **** 
 925:Src/wm8904.c  ****   /* Reset Codec by writing in 0x0000 address register */
 926:Src/wm8904.c  ****   tmp = 0x0U; /* Reset registers */
 927:Src/wm8904.c  ****   ret = wm8904_write_reg(&pObj->Ctx, WM8904_SW_RESET, &tmp, 2U);
 928:Src/wm8904.c  **** 
 929:Src/wm8904.c  ****   return ret;
 930:Src/wm8904.c  **** }
 931:Src/wm8904.c  **** 
 932:Src/wm8904.c  **** /**
 933:Src/wm8904.c  ****   * @brief  Function
 934:Src/wm8904.c  ****   * @param  Component object pointer
 935:Src/wm8904.c  ****   * @retval error status
 936:Src/wm8904.c  ****   */
 937:Src/wm8904.c  **** int32_t WM8904_RegisterBusIO(WM8904_Object_t *pObj, const WM8904_IO_t *pIO)
 938:Src/wm8904.c  **** {
 939:Src/wm8904.c  ****   int32_t ret;
 940:Src/wm8904.c  **** 
 941:Src/wm8904.c  ****   if (pObj == NULL)
 942:Src/wm8904.c  ****   {
 943:Src/wm8904.c  ****     ret = WM8904_ERROR;
 944:Src/wm8904.c  ****   }
 945:Src/wm8904.c  ****   else
 946:Src/wm8904.c  ****   {
 947:Src/wm8904.c  ****     pObj->IO.Init      = pIO->Init;
 948:Src/wm8904.c  ****     pObj->IO.DeInit    = pIO->DeInit;
 949:Src/wm8904.c  ****     pObj->IO.Address   = pIO->Address;
 950:Src/wm8904.c  ****     pObj->IO.WriteReg  = pIO->WriteReg;
 951:Src/wm8904.c  ****     pObj->IO.ReadReg   = pIO->ReadReg;
 952:Src/wm8904.c  ****     pObj->IO.GetTick   = pIO->GetTick;
 953:Src/wm8904.c  **** 
 954:Src/wm8904.c  ****     pObj->Ctx.ReadReg  = WM8904_ReadRegWrap;
 955:Src/wm8904.c  ****     pObj->Ctx.WriteReg = WM8904_WriteRegWrap;
 956:Src/wm8904.c  ****     pObj->Ctx.handle   = pObj;
 957:Src/wm8904.c  **** 
 958:Src/wm8904.c  ****     if(pObj->IO.Init != NULL)
 959:Src/wm8904.c  ****     {
 960:Src/wm8904.c  ****       ret = pObj->IO.Init();
 961:Src/wm8904.c  ****     }
 962:Src/wm8904.c  ****     else
 963:Src/wm8904.c  ****     {
 964:Src/wm8904.c  ****       ret = WM8904_ERROR;
 965:Src/wm8904.c  ****     }
 966:Src/wm8904.c  ****   }
 967:Src/wm8904.c  **** 
 968:Src/wm8904.c  ****   return ret;
 969:Src/wm8904.c  **** }
 970:Src/wm8904.c  **** /**
ARM GAS  C:\Users\Antonio\AppData\Local\Temp\ccSzblGd.s 			page 19


 971:Src/wm8904.c  ****   * @}
 972:Src/wm8904.c  ****   */
 973:Src/wm8904.c  **** 
 974:Src/wm8904.c  **** /******************** Static functions ****************************************/
 975:Src/wm8904.c  **** /** @addtogroup WM8904_Private_Functions
 976:Src/wm8904.c  ****   * @{
 977:Src/wm8904.c  ****   */
 978:Src/wm8904.c  **** /**
 979:Src/wm8904.c  ****   * @brief This function provides accurate delay (in milliseconds)
 980:Src/wm8904.c  ****   * @param pObj pointer to component object
 981:Src/wm8904.c  ****   * @param Delay: specifies the delay time length, in milliseconds
 982:Src/wm8904.c  ****   */
 983:Src/wm8904.c  **** static void WM8904_Delay(const WM8904_Object_t *pObj, uint32_t Delay)
 984:Src/wm8904.c  **** {
  60              		.loc 1 984 1 is_stmt 1 view -0
  61              		.cfi_startproc
  62              		@ args = 0, pretend = 0, frame = 0
  63              		@ frame_needed = 0, uses_anonymous_args = 0
 985:Src/wm8904.c  ****   uint32_t tickstart;
  64              		.loc 1 985 3 view .LVU7
 986:Src/wm8904.c  **** 
 987:Src/wm8904.c  ****   tickstart = pObj->IO.GetTick();
  65              		.loc 1 987 3 view .LVU8
 984:Src/wm8904.c  ****   uint32_t tickstart;
  66              		.loc 1 984 1 is_stmt 0 view .LVU9
  67 0000 70B5     		push	{r4, r5, r6, lr}
  68              		.cfi_def_cfa_offset 16
  69              		.cfi_offset 4, -16
  70              		.cfi_offset 5, -12
  71              		.cfi_offset 6, -8
  72              		.cfi_offset 14, -4
  73              		.loc 1 987 15 view .LVU10
  74 0002 4369     		ldr	r3, [r0, #20]
 984:Src/wm8904.c  ****   uint32_t tickstart;
  75              		.loc 1 984 1 view .LVU11
  76 0004 0446     		mov	r4, r0
  77 0006 0D46     		mov	r5, r1
  78              		.loc 1 987 15 view .LVU12
  79 0008 9847     		blx	r3
  80              	.LVL3:
  81              		.loc 1 987 15 view .LVU13
  82 000a 0646     		mov	r6, r0
  83              	.LVL4:
 988:Src/wm8904.c  ****   while((pObj->IO.GetTick() - tickstart) < Delay)
  84              		.loc 1 988 3 is_stmt 1 view .LVU14
  85              	.L3:
 989:Src/wm8904.c  ****   {
 990:Src/wm8904.c  ****   }
  86              		.loc 1 990 3 view .LVU15
 988:Src/wm8904.c  ****   while((pObj->IO.GetTick() - tickstart) < Delay)
  87              		.loc 1 988 42 discriminator 1 view .LVU16
 988:Src/wm8904.c  ****   while((pObj->IO.GetTick() - tickstart) < Delay)
  88              		.loc 1 988 10 is_stmt 0 discriminator 1 view .LVU17
  89 000c 6369     		ldr	r3, [r4, #20]
  90 000e 9847     		blx	r3
  91              	.LVL5:
 988:Src/wm8904.c  ****   while((pObj->IO.GetTick() - tickstart) < Delay)
ARM GAS  C:\Users\Antonio\AppData\Local\Temp\ccSzblGd.s 			page 20


  92              		.loc 1 988 29 discriminator 1 view .LVU18
  93 0010 831B     		subs	r3, r0, r6
 988:Src/wm8904.c  ****   while((pObj->IO.GetTick() - tickstart) < Delay)
  94              		.loc 1 988 42 discriminator 1 view .LVU19
  95 0012 AB42     		cmp	r3, r5
  96 0014 FAD3     		bcc	.L3
 991:Src/wm8904.c  **** }
  97              		.loc 1 991 1 view .LVU20
  98 0016 70BD     		pop	{r4, r5, r6, pc}
  99              		.loc 1 991 1 view .LVU21
 100              		.cfi_endproc
 101              	.LFE19:
 103              		.section	.text.WM8904_ReadRegWrap,"ax",%progbits
 104              		.align	1
 105              		.syntax unified
 106              		.thumb
 107              		.thumb_func
 109              	WM8904_ReadRegWrap:
 110              	.LVL6:
 111              	.LFB20:
 992:Src/wm8904.c  **** 
 993:Src/wm8904.c  **** /**
 994:Src/wm8904.c  ****   * @brief  Function
 995:Src/wm8904.c  ****   * @param  handle  Component object handle
 996:Src/wm8904.c  ****   * @param  Reg     The target register address to write
 997:Src/wm8904.c  ****   * @param  pData   The target register value to be written
 998:Src/wm8904.c  ****   * @param  Length  buffer size to be written
 999:Src/wm8904.c  ****   * @retval error status
1000:Src/wm8904.c  ****   */
1001:Src/wm8904.c  **** static int32_t WM8904_ReadRegWrap(void *handle, uint16_t Reg, uint8_t* pData, uint16_t Length)
1002:Src/wm8904.c  **** {
 112              		.loc 1 1002 1 is_stmt 1 view -0
 113              		.cfi_startproc
 114              		@ args = 0, pretend = 0, frame = 0
 115              		@ frame_needed = 0, uses_anonymous_args = 0
 116              		@ link register save eliminated.
1003:Src/wm8904.c  ****   const WM8904_Object_t *pObj = (WM8904_Object_t *)handle;
 117              		.loc 1 1003 3 view .LVU23
1004:Src/wm8904.c  **** 
1005:Src/wm8904.c  ****   return pObj->IO.ReadReg(pObj->IO.Address, Reg, pData, Length);
 118              		.loc 1 1005 3 view .LVU24
1002:Src/wm8904.c  ****   const WM8904_Object_t *pObj = (WM8904_Object_t *)handle;
 119              		.loc 1 1002 1 is_stmt 0 view .LVU25
 120 0000 10B4     		push	{r4}
 121              		.cfi_def_cfa_offset 4
 122              		.cfi_offset 4, -4
 123              		.loc 1 1005 10 view .LVU26
 124 0002 0469     		ldr	r4, [r0, #16]
 125 0004 0089     		ldrh	r0, [r0, #8]
 126              	.LVL7:
 127              		.loc 1 1005 10 view .LVU27
 128 0006 A446     		mov	ip, r4
1006:Src/wm8904.c  **** }
 129              		.loc 1 1006 1 view .LVU28
 130 0008 5DF8044B 		ldr	r4, [sp], #4
 131              		.cfi_restore 4
 132              		.cfi_def_cfa_offset 0
ARM GAS  C:\Users\Antonio\AppData\Local\Temp\ccSzblGd.s 			page 21


1005:Src/wm8904.c  **** }
 133              		.loc 1 1005 10 view .LVU29
 134 000c 6047     		bx	ip
 135              	.LVL8:
1005:Src/wm8904.c  **** }
 136              		.loc 1 1005 10 view .LVU30
 137              		.cfi_endproc
 138              	.LFE20:
 140              		.section	.text.WM8904_WriteRegWrap,"ax",%progbits
 141              		.align	1
 142              		.syntax unified
 143              		.thumb
 144              		.thumb_func
 146              	WM8904_WriteRegWrap:
 147              	.LVL9:
 148              	.LFB21:
1007:Src/wm8904.c  **** 
1008:Src/wm8904.c  **** /**
1009:Src/wm8904.c  ****   * @brief  Function
1010:Src/wm8904.c  ****   * @param  handle Component object handle
1011:Src/wm8904.c  ****   * @param  Reg    The target register address to write
1012:Src/wm8904.c  ****   * @param  pData  The target register value to be written
1013:Src/wm8904.c  ****   * @param  Length buffer size to be written
1014:Src/wm8904.c  ****   * @retval error status
1015:Src/wm8904.c  ****   */
1016:Src/wm8904.c  **** static int32_t WM8904_WriteRegWrap(void *handle, uint16_t Reg, uint8_t* pData, uint16_t Length)
1017:Src/wm8904.c  **** {
 149              		.loc 1 1017 1 is_stmt 1 view -0
 150              		.cfi_startproc
 151              		@ args = 0, pretend = 0, frame = 0
 152              		@ frame_needed = 0, uses_anonymous_args = 0
 153              		@ link register save eliminated.
1018:Src/wm8904.c  ****   const WM8904_Object_t *pObj = (WM8904_Object_t *)handle;
 154              		.loc 1 1018 3 view .LVU32
1019:Src/wm8904.c  **** 
1020:Src/wm8904.c  ****   return pObj->IO.WriteReg(pObj->IO.Address, Reg, pData, Length);
 155              		.loc 1 1020 3 view .LVU33
1017:Src/wm8904.c  ****   const WM8904_Object_t *pObj = (WM8904_Object_t *)handle;
 156              		.loc 1 1017 1 is_stmt 0 view .LVU34
 157 0000 10B4     		push	{r4}
 158              		.cfi_def_cfa_offset 4
 159              		.cfi_offset 4, -4
 160              		.loc 1 1020 10 view .LVU35
 161 0002 C468     		ldr	r4, [r0, #12]
 162 0004 0089     		ldrh	r0, [r0, #8]
 163              	.LVL10:
 164              		.loc 1 1020 10 view .LVU36
 165 0006 A446     		mov	ip, r4
1021:Src/wm8904.c  **** }
 166              		.loc 1 1021 1 view .LVU37
 167 0008 5DF8044B 		ldr	r4, [sp], #4
 168              		.cfi_restore 4
 169              		.cfi_def_cfa_offset 0
1020:Src/wm8904.c  **** }
 170              		.loc 1 1020 10 view .LVU38
 171 000c 6047     		bx	ip
 172              	.LVL11:
ARM GAS  C:\Users\Antonio\AppData\Local\Temp\ccSzblGd.s 			page 22


1020:Src/wm8904.c  **** }
 173              		.loc 1 1020 10 view .LVU39
 174              		.cfi_endproc
 175              	.LFE21:
 177              		.section	.text.WM8904_DeInit,"ax",%progbits
 178              		.align	1
 179              		.global	WM8904_DeInit
 180              		.syntax unified
 181              		.thumb
 182              		.thumb_func
 184              	WM8904_DeInit:
 185              	.LVL12:
 186              	.LFB1:
 364:Src/wm8904.c  ****   int32_t ret;
 187              		.loc 1 364 1 is_stmt 1 view -0
 188              		.cfi_startproc
 189              		@ args = 0, pretend = 0, frame = 8
 190              		@ frame_needed = 0, uses_anonymous_args = 0
 365:Src/wm8904.c  ****   uint16_t tmp;
 191              		.loc 1 365 3 view .LVU41
 366:Src/wm8904.c  **** 
 192              		.loc 1 366 3 view .LVU42
 372:Src/wm8904.c  ****   ret = wm8904_write_reg(&pObj->Ctx, WM8904_ANALOG_HP0, &tmp, 2U);
 193              		.loc 1 372 3 view .LVU43
 372:Src/wm8904.c  ****   ret = wm8904_write_reg(&pObj->Ctx, WM8904_ANALOG_HP0, &tmp, 2U);
 194              		.loc 1 372 7 is_stmt 0 view .LVU44
 195 0000 7723     		movs	r3, #119
 364:Src/wm8904.c  ****   int32_t ret;
 196              		.loc 1 364 1 view .LVU45
 197 0002 2DE9F347 		push	{r0, r1, r4, r5, r6, r7, r8, r9, r10, lr}
 198              		.cfi_def_cfa_offset 40
 199              		.cfi_offset 4, -32
 200              		.cfi_offset 5, -28
 201              		.cfi_offset 6, -24
 202              		.cfi_offset 7, -20
 203              		.cfi_offset 8, -16
 204              		.cfi_offset 9, -12
 205              		.cfi_offset 10, -8
 206              		.cfi_offset 14, -4
 373:Src/wm8904.c  **** 
 207              		.loc 1 373 26 view .LVU46
 208 0006 00F11805 		add	r5, r0, #24
 364:Src/wm8904.c  ****   int32_t ret;
 209              		.loc 1 364 1 view .LVU47
 210 000a 0746     		mov	r7, r0
 372:Src/wm8904.c  ****   ret = wm8904_write_reg(&pObj->Ctx, WM8904_ANALOG_HP0, &tmp, 2U);
 211              		.loc 1 372 7 view .LVU48
 212 000c ADF80630 		strh	r3, [sp, #6]	@ movhi
 373:Src/wm8904.c  **** 
 213              		.loc 1 373 3 is_stmt 1 view .LVU49
 373:Src/wm8904.c  **** 
 214              		.loc 1 373 9 is_stmt 0 view .LVU50
 215 0010 0DF10602 		add	r2, sp, #6
 216 0014 0223     		movs	r3, #2
 217 0016 5A21     		movs	r1, #90
 218 0018 2846     		mov	r0, r5
 219              	.LVL13:
ARM GAS  C:\Users\Antonio\AppData\Local\Temp\ccSzblGd.s 			page 23


 373:Src/wm8904.c  **** 
 220              		.loc 1 373 9 view .LVU51
 221 001a FFF7FEFF 		bl	wm8904_write_reg
 222              	.LVL14:
 375:Src/wm8904.c  ****   ret += wm8904_write_reg(&pObj->Ctx, WM8904_ANALOG_HP0, &tmp, 2U);
 223              		.loc 1 375 7 view .LVU52
 224 001e 0026     		movs	r6, #0
 376:Src/wm8904.c  **** 
 225              		.loc 1 376 10 view .LVU53
 226 0020 0DF10602 		add	r2, sp, #6
 373:Src/wm8904.c  **** 
 227              		.loc 1 373 9 view .LVU54
 228 0024 0446     		mov	r4, r0
 229              	.LVL15:
 375:Src/wm8904.c  ****   ret += wm8904_write_reg(&pObj->Ctx, WM8904_ANALOG_HP0, &tmp, 2U);
 230              		.loc 1 375 3 is_stmt 1 view .LVU55
 376:Src/wm8904.c  **** 
 231              		.loc 1 376 10 is_stmt 0 view .LVU56
 232 0026 0223     		movs	r3, #2
 233 0028 5A21     		movs	r1, #90
 234 002a 2846     		mov	r0, r5
 235              	.LVL16:
 375:Src/wm8904.c  ****   ret += wm8904_write_reg(&pObj->Ctx, WM8904_ANALOG_HP0, &tmp, 2U);
 236              		.loc 1 375 7 view .LVU57
 237 002c ADF80660 		strh	r6, [sp, #6]	@ movhi
 376:Src/wm8904.c  **** 
 238              		.loc 1 376 3 is_stmt 1 view .LVU58
 376:Src/wm8904.c  **** 
 239              		.loc 1 376 10 is_stmt 0 view .LVU59
 240 0030 FFF7FEFF 		bl	wm8904_write_reg
 241              	.LVL17:
 383:Src/wm8904.c  **** 
 242              		.loc 1 383 10 view .LVU60
 243 0034 0DF10602 		add	r2, sp, #6
 244 0038 0223     		movs	r3, #2
 245 003a 4321     		movs	r1, #67
 376:Src/wm8904.c  **** 
 246              		.loc 1 376 7 discriminator 1 view .LVU61
 247 003c 0444     		add	r4, r4, r0
 248              	.LVL18:
 382:Src/wm8904.c  ****   ret += wm8904_write_reg(&pObj->Ctx, WM8904_DC_SERVO0, &tmp, 2U);
 249              		.loc 1 382 3 is_stmt 1 view .LVU62
 383:Src/wm8904.c  **** 
 250              		.loc 1 383 10 is_stmt 0 view .LVU63
 251 003e 2846     		mov	r0, r5
 382:Src/wm8904.c  ****   ret += wm8904_write_reg(&pObj->Ctx, WM8904_DC_SERVO0, &tmp, 2U);
 252              		.loc 1 382 7 view .LVU64
 253 0040 ADF80660 		strh	r6, [sp, #6]	@ movhi
 383:Src/wm8904.c  **** 
 254              		.loc 1 383 3 is_stmt 1 view .LVU65
 383:Src/wm8904.c  **** 
 255              		.loc 1 383 10 is_stmt 0 view .LVU66
 256 0044 FFF7FEFF 		bl	wm8904_write_reg
 257              	.LVL19:
 390:Src/wm8904.c  **** 
 258              		.loc 1 390 10 view .LVU67
 259 0048 0DF10602 		add	r2, sp, #6
ARM GAS  C:\Users\Antonio\AppData\Local\Temp\ccSzblGd.s 			page 24


 260 004c 0223     		movs	r3, #2
 261 004e 6221     		movs	r1, #98
 383:Src/wm8904.c  **** 
 262              		.loc 1 383 7 discriminator 1 view .LVU68
 263 0050 0444     		add	r4, r4, r0
 264              	.LVL20:
 389:Src/wm8904.c  ****   ret += wm8904_write_reg(&pObj->Ctx, WM8904_CHARGE_PUMP0, &tmp, 2U);
 265              		.loc 1 389 3 is_stmt 1 view .LVU69
 390:Src/wm8904.c  **** 
 266              		.loc 1 390 10 is_stmt 0 view .LVU70
 267 0052 2846     		mov	r0, r5
 389:Src/wm8904.c  ****   ret += wm8904_write_reg(&pObj->Ctx, WM8904_CHARGE_PUMP0, &tmp, 2U);
 268              		.loc 1 389 7 view .LVU71
 269 0054 ADF80660 		strh	r6, [sp, #6]	@ movhi
 390:Src/wm8904.c  **** 
 270              		.loc 1 390 3 is_stmt 1 view .LVU72
 390:Src/wm8904.c  **** 
 271              		.loc 1 390 10 is_stmt 0 view .LVU73
 272 0058 FFF7FEFF 		bl	wm8904_write_reg
 273              	.LVL21:
 397:Src/wm8904.c  **** 
 274              		.loc 1 397 10 view .LVU74
 275 005c 0DF10602 		add	r2, sp, #6
 276 0060 0223     		movs	r3, #2
 277 0062 1221     		movs	r1, #18
 390:Src/wm8904.c  **** 
 278              		.loc 1 390 7 discriminator 1 view .LVU75
 279 0064 0444     		add	r4, r4, r0
 280              	.LVL22:
 396:Src/wm8904.c  ****   ret += wm8904_write_reg(&pObj->Ctx, WM8904_PWR_MANAGEMENT6, &tmp, 2U);
 281              		.loc 1 396 3 is_stmt 1 view .LVU76
 397:Src/wm8904.c  **** 
 282              		.loc 1 397 10 is_stmt 0 view .LVU77
 283 0066 2846     		mov	r0, r5
 396:Src/wm8904.c  ****   ret += wm8904_write_reg(&pObj->Ctx, WM8904_PWR_MANAGEMENT6, &tmp, 2U);
 284              		.loc 1 396 7 view .LVU78
 285 0068 ADF80660 		strh	r6, [sp, #6]	@ movhi
 397:Src/wm8904.c  **** 
 286              		.loc 1 397 3 is_stmt 1 view .LVU79
 397:Src/wm8904.c  **** 
 287              		.loc 1 397 10 is_stmt 0 view .LVU80
 288 006c FFF7FEFF 		bl	wm8904_write_reg
 289              	.LVL23:
 403:Src/wm8904.c  ****   ret += wm8904_write_reg(&pObj->Ctx, WM8904_CLOCK_RATES2, &tmp, 2U);
 290              		.loc 1 403 7 view .LVU81
 291 0070 4FF00408 		mov	r8, #4
 404:Src/wm8904.c  **** 
 292              		.loc 1 404 10 view .LVU82
 293 0074 0DF10602 		add	r2, sp, #6
 294 0078 0223     		movs	r3, #2
 295 007a 1621     		movs	r1, #22
 397:Src/wm8904.c  **** 
 296              		.loc 1 397 7 discriminator 1 view .LVU83
 297 007c 0444     		add	r4, r4, r0
 298              	.LVL24:
 403:Src/wm8904.c  ****   ret += wm8904_write_reg(&pObj->Ctx, WM8904_CLOCK_RATES2, &tmp, 2U);
 299              		.loc 1 403 3 is_stmt 1 view .LVU84
ARM GAS  C:\Users\Antonio\AppData\Local\Temp\ccSzblGd.s 			page 25


 404:Src/wm8904.c  **** 
 300              		.loc 1 404 10 is_stmt 0 view .LVU85
 301 007e 2846     		mov	r0, r5
 403:Src/wm8904.c  ****   ret += wm8904_write_reg(&pObj->Ctx, WM8904_CLOCK_RATES2, &tmp, 2U);
 302              		.loc 1 403 7 view .LVU86
 303 0080 ADF80680 		strh	r8, [sp, #6]	@ movhi
 404:Src/wm8904.c  **** 
 304              		.loc 1 404 3 is_stmt 1 view .LVU87
 404:Src/wm8904.c  **** 
 305              		.loc 1 404 10 is_stmt 0 view .LVU88
 306 0084 FFF7FEFF 		bl	wm8904_write_reg
 307              	.LVL25:
 411:Src/wm8904.c  **** 
 308              		.loc 1 411 10 view .LVU89
 309 0088 0DF10602 		add	r2, sp, #6
 310 008c 0223     		movs	r3, #2
 311 008e 0E21     		movs	r1, #14
 404:Src/wm8904.c  **** 
 312              		.loc 1 404 7 discriminator 1 view .LVU90
 313 0090 0444     		add	r4, r4, r0
 314              	.LVL26:
 410:Src/wm8904.c  ****   ret += wm8904_write_reg(&pObj->Ctx, WM8904_PWR_MANAGEMENT2, &tmp, 2U);
 315              		.loc 1 410 3 is_stmt 1 view .LVU91
 411:Src/wm8904.c  **** 
 316              		.loc 1 411 10 is_stmt 0 view .LVU92
 317 0092 2846     		mov	r0, r5
 410:Src/wm8904.c  ****   ret += wm8904_write_reg(&pObj->Ctx, WM8904_PWR_MANAGEMENT2, &tmp, 2U);
 318              		.loc 1 410 7 view .LVU93
 319 0094 ADF80660 		strh	r6, [sp, #6]	@ movhi
 411:Src/wm8904.c  **** 
 320              		.loc 1 411 3 is_stmt 1 view .LVU94
 411:Src/wm8904.c  **** 
 321              		.loc 1 411 10 is_stmt 0 view .LVU95
 322 0098 FFF7FEFF 		bl	wm8904_write_reg
 323              	.LVL27:
 414:Src/wm8904.c  **** 
 324              		.loc 1 414 10 view .LVU96
 325 009c 0DF10602 		add	r2, sp, #6
 326 00a0 0223     		movs	r3, #2
 327 00a2 0C21     		movs	r1, #12
 411:Src/wm8904.c  **** 
 328              		.loc 1 411 7 discriminator 1 view .LVU97
 329 00a4 0444     		add	r4, r4, r0
 330              	.LVL28:
 413:Src/wm8904.c  ****   ret += wm8904_write_reg(&pObj->Ctx, WM8904_PWR_MANAGEMENT0, &tmp, 2U);
 331              		.loc 1 413 3 is_stmt 1 view .LVU98
 414:Src/wm8904.c  **** 
 332              		.loc 1 414 10 is_stmt 0 view .LVU99
 333 00a6 2846     		mov	r0, r5
 413:Src/wm8904.c  ****   ret += wm8904_write_reg(&pObj->Ctx, WM8904_PWR_MANAGEMENT0, &tmp, 2U);
 334              		.loc 1 413 7 view .LVU100
 335 00a8 ADF80660 		strh	r6, [sp, #6]	@ movhi
 414:Src/wm8904.c  **** 
 336              		.loc 1 414 3 is_stmt 1 view .LVU101
 414:Src/wm8904.c  **** 
 337              		.loc 1 414 10 is_stmt 0 view .LVU102
 338 00ac FFF7FEFF 		bl	wm8904_write_reg
ARM GAS  C:\Users\Antonio\AppData\Local\Temp\ccSzblGd.s 			page 26


 339              	.LVL29:
 421:Src/wm8904.c  **** 
 340              		.loc 1 421 10 view .LVU103
 341 00b0 0DF10602 		add	r2, sp, #6
 342 00b4 0223     		movs	r3, #2
 343 00b6 0621     		movs	r1, #6
 414:Src/wm8904.c  **** 
 344              		.loc 1 414 7 discriminator 1 view .LVU104
 345 00b8 0444     		add	r4, r4, r0
 346              	.LVL30:
 420:Src/wm8904.c  ****   ret += wm8904_write_reg(&pObj->Ctx, WM8904_MIC_BIAS_CONTROL0, &tmp, 2U);
 347              		.loc 1 420 3 is_stmt 1 view .LVU105
 421:Src/wm8904.c  **** 
 348              		.loc 1 421 10 is_stmt 0 view .LVU106
 349 00ba 2846     		mov	r0, r5
 420:Src/wm8904.c  ****   ret += wm8904_write_reg(&pObj->Ctx, WM8904_MIC_BIAS_CONTROL0, &tmp, 2U);
 350              		.loc 1 420 7 view .LVU107
 351 00bc ADF80660 		strh	r6, [sp, #6]	@ movhi
 421:Src/wm8904.c  **** 
 352              		.loc 1 421 3 is_stmt 1 view .LVU108
 421:Src/wm8904.c  **** 
 353              		.loc 1 421 10 is_stmt 0 view .LVU109
 354 00c0 FFF7FEFF 		bl	wm8904_write_reg
 355              	.LVL31:
 427:Src/wm8904.c  ****   ret += wm8904_write_reg(&pObj->Ctx, WM8904_BIAS_CONTROL0, &tmp, 2U);
 356              		.loc 1 427 7 view .LVU110
 357 00c4 4FF01809 		mov	r9, #24
 428:Src/wm8904.c  **** 
 358              		.loc 1 428 10 view .LVU111
 359 00c8 4146     		mov	r1, r8
 360 00ca 0DF10602 		add	r2, sp, #6
 361 00ce 0223     		movs	r3, #2
 421:Src/wm8904.c  **** 
 362              		.loc 1 421 7 discriminator 1 view .LVU112
 363 00d0 0444     		add	r4, r4, r0
 364              	.LVL32:
 427:Src/wm8904.c  ****   ret += wm8904_write_reg(&pObj->Ctx, WM8904_BIAS_CONTROL0, &tmp, 2U);
 365              		.loc 1 427 3 is_stmt 1 view .LVU113
 428:Src/wm8904.c  **** 
 366              		.loc 1 428 10 is_stmt 0 view .LVU114
 367 00d2 2846     		mov	r0, r5
 427:Src/wm8904.c  ****   ret += wm8904_write_reg(&pObj->Ctx, WM8904_BIAS_CONTROL0, &tmp, 2U);
 368              		.loc 1 427 7 view .LVU115
 369 00d4 ADF80690 		strh	r9, [sp, #6]	@ movhi
 428:Src/wm8904.c  **** 
 370              		.loc 1 428 3 is_stmt 1 view .LVU116
 428:Src/wm8904.c  **** 
 371              		.loc 1 428 10 is_stmt 0 view .LVU117
 372 00d8 FFF7FEFF 		bl	wm8904_write_reg
 373              	.LVL33:
 430:Src/wm8904.c  ****   ret += wm8904_write_reg(&pObj->Ctx, WM8904_VMID_CONTROL0, &tmp, 2U);
 374              		.loc 1 430 7 view .LVU118
 375 00dc 4FF0420A 		mov	r10, #66
 431:Src/wm8904.c  ****   WM8904_Delay(pObj, 300U);
 376              		.loc 1 431 10 view .LVU119
 377 00e0 0DF10602 		add	r2, sp, #6
 378 00e4 0223     		movs	r3, #2
ARM GAS  C:\Users\Antonio\AppData\Local\Temp\ccSzblGd.s 			page 27


 379 00e6 0521     		movs	r1, #5
 428:Src/wm8904.c  **** 
 380              		.loc 1 428 7 discriminator 1 view .LVU120
 381 00e8 0444     		add	r4, r4, r0
 382              	.LVL34:
 430:Src/wm8904.c  ****   ret += wm8904_write_reg(&pObj->Ctx, WM8904_VMID_CONTROL0, &tmp, 2U);
 383              		.loc 1 430 3 is_stmt 1 view .LVU121
 431:Src/wm8904.c  ****   WM8904_Delay(pObj, 300U);
 384              		.loc 1 431 10 is_stmt 0 view .LVU122
 385 00ea 2846     		mov	r0, r5
 430:Src/wm8904.c  ****   ret += wm8904_write_reg(&pObj->Ctx, WM8904_VMID_CONTROL0, &tmp, 2U);
 386              		.loc 1 430 7 view .LVU123
 387 00ec ADF806A0 		strh	r10, [sp, #6]	@ movhi
 431:Src/wm8904.c  ****   WM8904_Delay(pObj, 300U);
 388              		.loc 1 431 3 is_stmt 1 view .LVU124
 431:Src/wm8904.c  ****   WM8904_Delay(pObj, 300U);
 389              		.loc 1 431 10 is_stmt 0 view .LVU125
 390 00f0 FFF7FEFF 		bl	wm8904_write_reg
 391              	.LVL35:
 432:Src/wm8904.c  **** 
 392              		.loc 1 432 3 view .LVU126
 393 00f4 4FF49671 		mov	r1, #300
 431:Src/wm8904.c  ****   WM8904_Delay(pObj, 300U);
 394              		.loc 1 431 7 discriminator 1 view .LVU127
 395 00f8 0444     		add	r4, r4, r0
 396              	.LVL36:
 432:Src/wm8904.c  **** 
 397              		.loc 1 432 3 is_stmt 1 view .LVU128
 398 00fa 3846     		mov	r0, r7
 399 00fc FFF7FEFF 		bl	WM8904_Delay
 400              	.LVL37:
 434:Src/wm8904.c  ****   ret += wm8904_write_reg(&pObj->Ctx, WM8904_VMID_CONTROL0, &tmp, 2U);
 401              		.loc 1 434 3 view .LVU129
 435:Src/wm8904.c  **** 
 402              		.loc 1 435 10 is_stmt 0 view .LVU130
 403 0100 0DF10602 		add	r2, sp, #6
 404 0104 0223     		movs	r3, #2
 405 0106 0521     		movs	r1, #5
 406 0108 2846     		mov	r0, r5
 434:Src/wm8904.c  ****   ret += wm8904_write_reg(&pObj->Ctx, WM8904_VMID_CONTROL0, &tmp, 2U);
 407              		.loc 1 434 7 view .LVU131
 408 010a ADF806A0 		strh	r10, [sp, #6]	@ movhi
 435:Src/wm8904.c  **** 
 409              		.loc 1 435 3 is_stmt 1 view .LVU132
 435:Src/wm8904.c  **** 
 410              		.loc 1 435 10 is_stmt 0 view .LVU133
 411 010e FFF7FEFF 		bl	wm8904_write_reg
 412              	.LVL38:
 438:Src/wm8904.c  **** 
 413              		.loc 1 438 10 view .LVU134
 414 0112 0DF10602 		add	r2, sp, #6
 415 0116 0223     		movs	r3, #2
 416 0118 0521     		movs	r1, #5
 435:Src/wm8904.c  **** 
 417              		.loc 1 435 7 discriminator 1 view .LVU135
 418 011a 0444     		add	r4, r4, r0
 419              	.LVL39:
ARM GAS  C:\Users\Antonio\AppData\Local\Temp\ccSzblGd.s 			page 28


 437:Src/wm8904.c  ****   ret += wm8904_write_reg(&pObj->Ctx, WM8904_VMID_CONTROL0, &tmp, 2U);
 420              		.loc 1 437 3 is_stmt 1 view .LVU136
 438:Src/wm8904.c  **** 
 421              		.loc 1 438 10 is_stmt 0 view .LVU137
 422 011c 2846     		mov	r0, r5
 437:Src/wm8904.c  ****   ret += wm8904_write_reg(&pObj->Ctx, WM8904_VMID_CONTROL0, &tmp, 2U);
 423              		.loc 1 437 7 view .LVU138
 424 011e ADF80660 		strh	r6, [sp, #6]	@ movhi
 438:Src/wm8904.c  **** 
 425              		.loc 1 438 3 is_stmt 1 view .LVU139
 438:Src/wm8904.c  **** 
 426              		.loc 1 438 10 is_stmt 0 view .LVU140
 427 0122 FFF7FEFF 		bl	wm8904_write_reg
 428              	.LVL40:
 441:Src/wm8904.c  **** 
 429              		.loc 1 441 10 view .LVU141
 430 0126 4146     		mov	r1, r8
 431 0128 0DF10602 		add	r2, sp, #6
 432 012c 0223     		movs	r3, #2
 438:Src/wm8904.c  **** 
 433              		.loc 1 438 7 discriminator 1 view .LVU142
 434 012e 0444     		add	r4, r4, r0
 435              	.LVL41:
 440:Src/wm8904.c  ****   ret += wm8904_write_reg(&pObj->Ctx, WM8904_BIAS_CONTROL0, &tmp, 2U);
 436              		.loc 1 440 3 is_stmt 1 view .LVU143
 441:Src/wm8904.c  **** 
 437              		.loc 1 441 10 is_stmt 0 view .LVU144
 438 0130 2846     		mov	r0, r5
 440:Src/wm8904.c  ****   ret += wm8904_write_reg(&pObj->Ctx, WM8904_BIAS_CONTROL0, &tmp, 2U);
 439              		.loc 1 440 7 view .LVU145
 440 0132 ADF80690 		strh	r9, [sp, #6]	@ movhi
 441:Src/wm8904.c  **** 
 441              		.loc 1 441 3 is_stmt 1 view .LVU146
 441:Src/wm8904.c  **** 
 442              		.loc 1 441 10 is_stmt 0 view .LVU147
 443 0136 FFF7FEFF 		bl	wm8904_write_reg
 444              	.LVL42:
 448:Src/wm8904.c  **** 
 445              		.loc 1 448 10 view .LVU148
 446 013a 0223     		movs	r3, #2
 441:Src/wm8904.c  **** 
 447              		.loc 1 441 7 discriminator 1 view .LVU149
 448 013c 0444     		add	r4, r4, r0
 449              	.LVL43:
 447:Src/wm8904.c  ****   ret += wm8904_write_reg(&pObj->Ctx, WM8904_CLOCK_RATES2, &tmp, 2U);
 450              		.loc 1 447 3 is_stmt 1 view .LVU150
 448:Src/wm8904.c  **** 
 451              		.loc 1 448 10 is_stmt 0 view .LVU151
 452 013e 1621     		movs	r1, #22
 453 0140 2846     		mov	r0, r5
 454 0142 0DF10602 		add	r2, sp, #6
 447:Src/wm8904.c  ****   ret += wm8904_write_reg(&pObj->Ctx, WM8904_CLOCK_RATES2, &tmp, 2U);
 455              		.loc 1 447 7 view .LVU152
 456 0146 ADF80660 		strh	r6, [sp, #6]	@ movhi
 448:Src/wm8904.c  **** 
 457              		.loc 1 448 3 is_stmt 1 view .LVU153
 448:Src/wm8904.c  **** 
ARM GAS  C:\Users\Antonio\AppData\Local\Temp\ccSzblGd.s 			page 29


 458              		.loc 1 448 10 is_stmt 0 view .LVU154
 459 014a FFF7FEFF 		bl	wm8904_write_reg
 460              	.LVL44:
 450:Src/wm8904.c  ****   {
 461              		.loc 1 450 6 view .LVU155
 462 014e 97F82430 		ldrb	r3, [r7, #36]	@ zero_extendqisi2
 448:Src/wm8904.c  **** 
 463              		.loc 1 448 7 discriminator 1 view .LVU156
 464 0152 2044     		add	r0, r0, r4
 465              	.LVL45:
 450:Src/wm8904.c  ****   {
 466              		.loc 1 450 3 is_stmt 1 view .LVU157
 450:Src/wm8904.c  ****   {
 467              		.loc 1 450 6 is_stmt 0 view .LVU158
 468 0154 012B     		cmp	r3, #1
 452:Src/wm8904.c  ****   }
 469              		.loc 1 452 5 is_stmt 1 view .LVU159
 452:Src/wm8904.c  ****   }
 470              		.loc 1 452 25 is_stmt 0 view .LVU160
 471 0156 08BF     		it	eq
 472 0158 87F82460 		strbeq	r6, [r7, #36]
 455:Src/wm8904.c  **** }
 473              		.loc 1 455 3 is_stmt 1 view .LVU161
 456:Src/wm8904.c  **** 
 474              		.loc 1 456 1 is_stmt 0 view .LVU162
 475 015c 02B0     		add	sp, sp, #8
 476              		.cfi_def_cfa_offset 32
 477              		@ sp needed
 478 015e BDE8F087 		pop	{r4, r5, r6, r7, r8, r9, r10, pc}
 456:Src/wm8904.c  **** 
 479              		.loc 1 456 1 view .LVU163
 480              		.cfi_endproc
 481              	.LFE1:
 483              		.section	.text.WM8904_Play,"ax",%progbits
 484              		.align	1
 485              		.global	WM8904_Play
 486              		.syntax unified
 487              		.thumb
 488              		.thumb_func
 490              	WM8904_Play:
 491              	.LVL46:
 492              	.LFB3:
 487:Src/wm8904.c  ****   int32_t ret = WM8904_OK;
 493              		.loc 1 487 1 is_stmt 1 view -0
 494              		.cfi_startproc
 495              		@ args = 0, pretend = 0, frame = 8
 496              		@ frame_needed = 0, uses_anonymous_args = 0
 488:Src/wm8904.c  ****   uint16_t tmp;
 497              		.loc 1 488 3 view .LVU165
 489:Src/wm8904.c  **** 
 498              		.loc 1 489 3 view .LVU166
 491:Src/wm8904.c  ****   {
 499              		.loc 1 491 3 view .LVU167
 487:Src/wm8904.c  ****   int32_t ret = WM8904_OK;
 500              		.loc 1 487 1 is_stmt 0 view .LVU168
 501 0000 2DE9F342 		push	{r0, r1, r4, r5, r6, r7, r9, lr}
 502              		.cfi_def_cfa_offset 32
ARM GAS  C:\Users\Antonio\AppData\Local\Temp\ccSzblGd.s 			page 30


 503              		.cfi_offset 4, -24
 504              		.cfi_offset 5, -20
 505              		.cfi_offset 6, -16
 506              		.cfi_offset 7, -12
 507              		.cfi_offset 9, -8
 508              		.cfi_offset 14, -4
 491:Src/wm8904.c  ****   {
 509              		.loc 1 491 30 view .LVU169
 510 0004 274F     		ldr	r7, .L24
 487:Src/wm8904.c  ****   int32_t ret = WM8904_OK;
 511              		.loc 1 487 1 view .LVU170
 512 0006 0646     		mov	r6, r0
 491:Src/wm8904.c  ****   {
 513              		.loc 1 491 30 view .LVU171
 514 0008 3C68     		ldr	r4, [r7]
 491:Src/wm8904.c  ****   {
 515              		.loc 1 491 6 view .LVU172
 516 000a 14F00104 		ands	r4, r4, #1
 517 000e 0BD0     		beq	.L10
 493:Src/wm8904.c  ****     ret += wm8904_write_reg(&pObj->Ctx, WM8904_DAC_DIGITAL1, &tmp, 2U);
 518              		.loc 1 493 5 is_stmt 1 view .LVU173
 493:Src/wm8904.c  ****     ret += wm8904_write_reg(&pObj->Ctx, WM8904_DAC_DIGITAL1, &tmp, 2U);
 519              		.loc 1 493 9 is_stmt 0 view .LVU174
 520 0010 4FF4C863 		mov	r3, #1600
 494:Src/wm8904.c  ****   }
 521              		.loc 1 494 12 view .LVU175
 522 0014 2121     		movs	r1, #33
 493:Src/wm8904.c  ****     ret += wm8904_write_reg(&pObj->Ctx, WM8904_DAC_DIGITAL1, &tmp, 2U);
 523              		.loc 1 493 9 view .LVU176
 524 0016 ADF80630 		strh	r3, [sp, #6]	@ movhi
 494:Src/wm8904.c  ****   }
 525              		.loc 1 494 5 is_stmt 1 view .LVU177
 494:Src/wm8904.c  ****   }
 526              		.loc 1 494 12 is_stmt 0 view .LVU178
 527 001a 0DF10602 		add	r2, sp, #6
 528 001e 0223     		movs	r3, #2
 529 0020 1830     		adds	r0, r0, #24
 530              	.LVL47:
 494:Src/wm8904.c  ****   }
 531              		.loc 1 494 12 view .LVU179
 532 0022 FFF7FEFF 		bl	wm8904_write_reg
 533              	.LVL48:
 534 0026 0446     		mov	r4, r0
 535              	.LVL49:
 536              	.L10:
 498:Src/wm8904.c  ****   {
 537              		.loc 1 498 3 is_stmt 1 view .LVU180
 498:Src/wm8904.c  ****   {
 538              		.loc 1 498 30 is_stmt 0 view .LVU181
 539 0028 3B68     		ldr	r3, [r7]
 498:Src/wm8904.c  ****   {
 540              		.loc 1 498 6 view .LVU182
 541 002a D905     		lsls	r1, r3, #23
 542 002c 0BD5     		bpl	.L11
 500:Src/wm8904.c  ****     ret += wm8904_write_reg(&pObj->Ctx, WM8904_ANALOG_LEFT_INPUT0, &tmp, 2U);
 543              		.loc 1 500 5 is_stmt 1 view .LVU183
 500:Src/wm8904.c  ****     ret += wm8904_write_reg(&pObj->Ctx, WM8904_ANALOG_LEFT_INPUT0, &tmp, 2U);
ARM GAS  C:\Users\Antonio\AppData\Local\Temp\ccSzblGd.s 			page 31


 544              		.loc 1 500 9 is_stmt 0 view .LVU184
 545 002e 1A23     		movs	r3, #26
 501:Src/wm8904.c  ****   }
 546              		.loc 1 501 12 view .LVU185
 547 0030 2C21     		movs	r1, #44
 500:Src/wm8904.c  ****     ret += wm8904_write_reg(&pObj->Ctx, WM8904_ANALOG_LEFT_INPUT0, &tmp, 2U);
 548              		.loc 1 500 9 view .LVU186
 549 0032 ADF80630 		strh	r3, [sp, #6]	@ movhi
 501:Src/wm8904.c  ****   }
 550              		.loc 1 501 5 is_stmt 1 view .LVU187
 501:Src/wm8904.c  ****   }
 551              		.loc 1 501 12 is_stmt 0 view .LVU188
 552 0036 0DF10602 		add	r2, sp, #6
 553 003a 0223     		movs	r3, #2
 554 003c 06F11800 		add	r0, r6, #24
 555 0040 FFF7FEFF 		bl	wm8904_write_reg
 556              	.LVL50:
 501:Src/wm8904.c  ****   }
 557              		.loc 1 501 9 discriminator 1 view .LVU189
 558 0044 0444     		add	r4, r4, r0
 559              	.LVL51:
 560              	.L11:
 504:Src/wm8904.c  ****   {
 561              		.loc 1 504 3 is_stmt 1 view .LVU190
 504:Src/wm8904.c  ****   {
 562              		.loc 1 504 30 is_stmt 0 view .LVU191
 563 0046 3B68     		ldr	r3, [r7]
 504:Src/wm8904.c  ****   {
 564              		.loc 1 504 6 view .LVU192
 565 0048 1A05     		lsls	r2, r3, #20
 566 004a 17D5     		bpl	.L12
 506:Src/wm8904.c  ****     ret += wm8904_write_reg(&pObj->Ctx, WM8904_ANALOG_LEFT_INPUT0, &tmp, 2U);
 567              		.loc 1 506 5 is_stmt 1 view .LVU193
 506:Src/wm8904.c  ****     ret += wm8904_write_reg(&pObj->Ctx, WM8904_ANALOG_LEFT_INPUT0, &tmp, 2U);
 568              		.loc 1 506 9 is_stmt 0 view .LVU194
 569 004c 4FF00009 		mov	r9, #0
 507:Src/wm8904.c  **** 
 570              		.loc 1 507 29 view .LVU195
 571 0050 06F11805 		add	r5, r6, #24
 507:Src/wm8904.c  **** 
 572              		.loc 1 507 12 view .LVU196
 573 0054 0223     		movs	r3, #2
 574 0056 2C21     		movs	r1, #44
 575 0058 0DF10602 		add	r2, sp, #6
 576 005c 2846     		mov	r0, r5
 506:Src/wm8904.c  ****     ret += wm8904_write_reg(&pObj->Ctx, WM8904_ANALOG_LEFT_INPUT0, &tmp, 2U);
 577              		.loc 1 506 9 view .LVU197
 578 005e ADF80690 		strh	r9, [sp, #6]	@ movhi
 507:Src/wm8904.c  **** 
 579              		.loc 1 507 5 is_stmt 1 view .LVU198
 507:Src/wm8904.c  **** 
 580              		.loc 1 507 12 is_stmt 0 view .LVU199
 581 0062 FFF7FEFF 		bl	wm8904_write_reg
 582              	.LVL52:
 510:Src/wm8904.c  ****   }
 583              		.loc 1 510 12 view .LVU200
 584 0066 0223     		movs	r3, #2
ARM GAS  C:\Users\Antonio\AppData\Local\Temp\ccSzblGd.s 			page 32


 507:Src/wm8904.c  **** 
 585              		.loc 1 507 9 discriminator 1 view .LVU201
 586 0068 0444     		add	r4, r4, r0
 587              	.LVL53:
 509:Src/wm8904.c  ****     ret += wm8904_write_reg(&pObj->Ctx, WM8904_ANALOG_RIGHT_INPUT0, &tmp, 2U);
 588              		.loc 1 509 5 is_stmt 1 view .LVU202
 510:Src/wm8904.c  ****   }
 589              		.loc 1 510 12 is_stmt 0 view .LVU203
 590 006a 2D21     		movs	r1, #45
 591 006c 2846     		mov	r0, r5
 592 006e 0DF10602 		add	r2, sp, #6
 509:Src/wm8904.c  ****     ret += wm8904_write_reg(&pObj->Ctx, WM8904_ANALOG_RIGHT_INPUT0, &tmp, 2U);
 593              		.loc 1 509 9 view .LVU204
 594 0072 ADF80690 		strh	r9, [sp, #6]	@ movhi
 510:Src/wm8904.c  ****   }
 595              		.loc 1 510 5 is_stmt 1 view .LVU205
 510:Src/wm8904.c  ****   }
 596              		.loc 1 510 12 is_stmt 0 view .LVU206
 597 0076 FFF7FEFF 		bl	wm8904_write_reg
 598              	.LVL54:
 510:Src/wm8904.c  ****   }
 599              		.loc 1 510 9 discriminator 1 view .LVU207
 600 007a 0444     		add	r4, r4, r0
 601              	.LVL55:
 602              	.L12:
 513:Src/wm8904.c  ****   {
 603              		.loc 1 513 3 is_stmt 1 view .LVU208
 513:Src/wm8904.c  ****   {
 604              		.loc 1 513 30 is_stmt 0 view .LVU209
 605 007c 3B68     		ldr	r3, [r7]
 513:Src/wm8904.c  ****   {
 606              		.loc 1 513 6 view .LVU210
 607 007e 9B04     		lsls	r3, r3, #18
 608 0080 0CD5     		bpl	.L9
 515:Src/wm8904.c  ****     ret +=  wm8904_write_reg(&pObj->Ctx, WM8904_ADC_DIGITAL_VOL_LEFT, &tmp, 2U);
 609              		.loc 1 515 5 is_stmt 1 view .LVU211
 515:Src/wm8904.c  ****     ret +=  wm8904_write_reg(&pObj->Ctx, WM8904_ADC_DIGITAL_VOL_LEFT, &tmp, 2U);
 610              		.loc 1 515 9 is_stmt 0 view .LVU212
 611 0082 4FF4F873 		mov	r3, #496
 516:Src/wm8904.c  ****   }
 612              		.loc 1 516 13 view .LVU213
 613 0086 2421     		movs	r1, #36
 515:Src/wm8904.c  ****     ret +=  wm8904_write_reg(&pObj->Ctx, WM8904_ADC_DIGITAL_VOL_LEFT, &tmp, 2U);
 614              		.loc 1 515 9 view .LVU214
 615 0088 ADF80630 		strh	r3, [sp, #6]	@ movhi
 516:Src/wm8904.c  ****   }
 616              		.loc 1 516 5 is_stmt 1 view .LVU215
 516:Src/wm8904.c  ****   }
 617              		.loc 1 516 13 is_stmt 0 view .LVU216
 618 008c 0DF10602 		add	r2, sp, #6
 619 0090 0223     		movs	r3, #2
 620 0092 06F11800 		add	r0, r6, #24
 621 0096 FFF7FEFF 		bl	wm8904_write_reg
 622              	.LVL56:
 516:Src/wm8904.c  ****   }
 623              		.loc 1 516 9 discriminator 1 view .LVU217
 624 009a 0444     		add	r4, r4, r0
ARM GAS  C:\Users\Antonio\AppData\Local\Temp\ccSzblGd.s 			page 33


 625              	.LVL57:
 519:Src/wm8904.c  **** }
 626              		.loc 1 519 3 is_stmt 1 view .LVU218
 627              	.L9:
 520:Src/wm8904.c  **** 
 628              		.loc 1 520 1 is_stmt 0 view .LVU219
 629 009c 2046     		mov	r0, r4
 630 009e 02B0     		add	sp, sp, #8
 631              		.cfi_def_cfa_offset 24
 632              		@ sp needed
 633 00a0 BDE8F082 		pop	{r4, r5, r6, r7, r9, pc}
 634              	.LVL58:
 635              	.L25:
 520:Src/wm8904.c  **** 
 636              		.loc 1 520 1 view .LVU220
 637              		.align	2
 638              	.L24:
 639 00a4 00000000 		.word	WM8904_CurrentDevices
 640              		.cfi_endproc
 641              	.LFE3:
 643              		.section	.text.WM8904_SetVolume,"ax",%progbits
 644              		.align	1
 645              		.global	WM8904_SetVolume
 646              		.syntax unified
 647              		.thumb
 648              		.thumb_func
 650              	WM8904_SetVolume:
 651              	.LVL59:
 652              	.LFB7:
 581:Src/wm8904.c  ****   uint8_t  convertedvol;
 653              		.loc 1 581 1 is_stmt 1 view -0
 654              		.cfi_startproc
 655              		@ args = 0, pretend = 0, frame = 8
 656              		@ frame_needed = 0, uses_anonymous_args = 0
 582:Src/wm8904.c  ****   int32_t  ret;
 657              		.loc 1 582 3 view .LVU222
 583:Src/wm8904.c  ****   uint16_t tmp;
 658              		.loc 1 583 3 view .LVU223
 584:Src/wm8904.c  **** 
 659              		.loc 1 584 3 view .LVU224
 587:Src/wm8904.c  ****   {
 660              		.loc 1 587 3 view .LVU225
 587:Src/wm8904.c  ****   {
 661              		.loc 1 587 6 is_stmt 0 view .LVU226
 662 0000 0129     		cmp	r1, #1
 581:Src/wm8904.c  ****   uint8_t  convertedvol;
 663              		.loc 1 581 1 view .LVU227
 664 0002 37B5     		push	{r0, r1, r2, r4, r5, lr}
 665              		.cfi_def_cfa_offset 24
 666              		.cfi_offset 4, -12
 667              		.cfi_offset 5, -8
 668              		.cfi_offset 14, -4
 587:Src/wm8904.c  ****   {
 669              		.loc 1 587 6 view .LVU228
 670 0004 22D1     		bne	.L29
 589:Src/wm8904.c  **** 
 671              		.loc 1 589 5 is_stmt 1 view .LVU229
ARM GAS  C:\Users\Antonio\AppData\Local\Temp\ccSzblGd.s 			page 34


 589:Src/wm8904.c  **** 
 672              		.loc 1 589 18 is_stmt 0 discriminator 1 view .LVU230
 673 0006 642A     		cmp	r2, #100
 674 0008 4FEA5203 		lsr	r3, r2, #1
 675 000c 03F10D03 		add	r3, r3, #13
 676 0010 28BF     		it	cs
 677 0012 3F23     		movcs	r3, #63
 678              	.LVL60:
 591:Src/wm8904.c  **** 
 679              		.loc 1 591 5 is_stmt 1 view .LVU231
 594:Src/wm8904.c  ****     /* Right Headphone Volume */
 680              		.loc 1 594 28 is_stmt 0 view .LVU232
 681 0014 00F11805 		add	r5, r0, #24
 594:Src/wm8904.c  ****     /* Right Headphone Volume */
 682              		.loc 1 594 11 view .LVU233
 683 0018 3921     		movs	r1, #57
 684              	.LVL61:
 591:Src/wm8904.c  **** 
 685              		.loc 1 591 11 view .LVU234
 686 001a ADF80630 		strh	r3, [sp, #6]	@ movhi
 594:Src/wm8904.c  ****     /* Right Headphone Volume */
 687              		.loc 1 594 5 is_stmt 1 view .LVU235
 594:Src/wm8904.c  ****     /* Right Headphone Volume */
 688              		.loc 1 594 11 is_stmt 0 view .LVU236
 689 001e 0DF10602 		add	r2, sp, #6
 690              	.LVL62:
 594:Src/wm8904.c  ****     /* Right Headphone Volume */
 691              		.loc 1 594 11 view .LVU237
 692 0022 0223     		movs	r3, #2
 693              	.LVL63:
 594:Src/wm8904.c  ****     /* Right Headphone Volume */
 694              		.loc 1 594 11 view .LVU238
 695 0024 2846     		mov	r0, r5
 696              	.LVL64:
 594:Src/wm8904.c  ****     /* Right Headphone Volume */
 697              		.loc 1 594 11 view .LVU239
 698 0026 FFF7FEFF 		bl	wm8904_write_reg
 699              	.LVL65:
 596:Src/wm8904.c  ****     ret += wm8904_write_reg(&pObj->Ctx, WM8904_ANALOG_OUTPUT1_RIGHT, &tmp, 2U);
 700              		.loc 1 596 9 view .LVU240
 701 002a BDF80630 		ldrh	r3, [sp, #6]
 594:Src/wm8904.c  ****     /* Right Headphone Volume */
 702              		.loc 1 594 11 view .LVU241
 703 002e 0446     		mov	r4, r0
 704              	.LVL66:
 596:Src/wm8904.c  ****     ret += wm8904_write_reg(&pObj->Ctx, WM8904_ANALOG_OUTPUT1_RIGHT, &tmp, 2U);
 705              		.loc 1 596 5 is_stmt 1 view .LVU242
 596:Src/wm8904.c  ****     ret += wm8904_write_reg(&pObj->Ctx, WM8904_ANALOG_OUTPUT1_RIGHT, &tmp, 2U);
 706              		.loc 1 596 9 is_stmt 0 view .LVU243
 707 0030 43F08003 		orr	r3, r3, #128
 708 0034 ADF80630 		strh	r3, [sp, #6]	@ movhi
 597:Src/wm8904.c  ****   }
 709              		.loc 1 597 5 is_stmt 1 view .LVU244
 597:Src/wm8904.c  ****   }
 710              		.loc 1 597 12 is_stmt 0 view .LVU245
 711 0038 3A21     		movs	r1, #58
 712 003a 0223     		movs	r3, #2
ARM GAS  C:\Users\Antonio\AppData\Local\Temp\ccSzblGd.s 			page 35


 713 003c 2846     		mov	r0, r5
 714              	.LVL67:
 597:Src/wm8904.c  ****   }
 715              		.loc 1 597 12 view .LVU246
 716 003e 0DF10602 		add	r2, sp, #6
 717 0042 FFF7FEFF 		bl	wm8904_write_reg
 718              	.LVL68:
 597:Src/wm8904.c  ****   }
 719              		.loc 1 597 9 discriminator 1 view .LVU247
 720 0046 2044     		add	r0, r0, r4
 721              	.LVL69:
 722              	.L26:
 605:Src/wm8904.c  **** 
 723              		.loc 1 605 1 view .LVU248
 724 0048 03B0     		add	sp, sp, #12
 725              		.cfi_remember_state
 726              		.cfi_def_cfa_offset 12
 727              		@ sp needed
 728 004a 30BD     		pop	{r4, r5, pc}
 729              	.LVL70:
 730              	.L29:
 731              		.cfi_restore_state
 601:Src/wm8904.c  ****   }
 732              		.loc 1 601 9 view .LVU249
 733 004c 4FF0FF30 		mov	r0, #-1
 734              	.LVL71:
 604:Src/wm8904.c  **** }
 735              		.loc 1 604 3 is_stmt 1 view .LVU250
 604:Src/wm8904.c  **** }
 736              		.loc 1 604 10 is_stmt 0 view .LVU251
 737 0050 FAE7     		b	.L26
 738              		.cfi_endproc
 739              	.LFE7:
 741              		.section	.text.WM8904_SetFrequency,"ax",%progbits
 742              		.align	1
 743              		.global	WM8904_SetFrequency
 744              		.syntax unified
 745              		.thumb
 746              		.thumb_func
 748              	WM8904_SetFrequency:
 749              	.LVL72:
 750              	.LFB15:
 819:Src/wm8904.c  ****   int32_t ret;
 751              		.loc 1 819 1 is_stmt 1 view -0
 752              		.cfi_startproc
 753              		@ args = 0, pretend = 0, frame = 8
 754              		@ frame_needed = 0, uses_anonymous_args = 0
 820:Src/wm8904.c  ****   uint16_t tmp;
 755              		.loc 1 820 3 view .LVU253
 821:Src/wm8904.c  **** 
 756              		.loc 1 821 3 view .LVU254
 823:Src/wm8904.c  ****   {
 757              		.loc 1 823 3 view .LVU255
 758 0000 45F22263 		movw	r3, #22050
 759 0004 9942     		cmp	r1, r3
 819:Src/wm8904.c  ****   int32_t ret;
 760              		.loc 1 819 1 is_stmt 0 view .LVU256
ARM GAS  C:\Users\Antonio\AppData\Local\Temp\ccSzblGd.s 			page 36


 761 0006 07B5     		push	{r0, r1, r2, lr}
 762              		.cfi_def_cfa_offset 16
 763              		.cfi_offset 14, -4
 823:Src/wm8904.c  ****   {
 764              		.loc 1 823 3 view .LVU257
 765 0008 17D0     		beq	.L32
 766 000a 0ED8     		bhi	.L33
 767 000c 42F61133 		movw	r3, #11025
 768 0010 9942     		cmp	r1, r3
 769 0012 2CD0     		beq	.L34
 770 0014 B1F57A5F 		cmp	r1, #16000
 771 0018 2CD0     		beq	.L35
 772 001a B1F5FA5F 		cmp	r1, #8000
 773 001e 1AD0     		beq	.L36
 774              	.L42:
 775 0020 4FF0FF30 		mov	r0, #-1
 776              	.LVL73:
 777              	.L31:
 869:Src/wm8904.c  **** 
 778              		.loc 1 869 1 view .LVU258
 779 0024 03B0     		add	sp, sp, #12
 780              		.cfi_remember_state
 781              		.cfi_def_cfa_offset 4
 782              		@ sp needed
 783 0026 5DF804FB 		ldr	pc, [sp], #4
 784              	.LVL74:
 785              	.L33:
 786              		.cfi_restore_state
 823:Src/wm8904.c  ****   {
 787              		.loc 1 823 3 view .LVU259
 788 002a B1F5FA4F 		cmp	r1, #32000
 789 002e 24D0     		beq	.L38
 790 0030 06D8     		bhi	.L39
 791 0032 45F6C053 		movw	r3, #24000
 792 0036 9942     		cmp	r1, r3
 793 0038 F2D1     		bne	.L42
 794              	.L32:
 846:Src/wm8904.c  ****     ret = wm8904_write_reg(&pObj->Ctx, WM8904_CLOCK_RATES1, &tmp, 2U);
 795              		.loc 1 846 5 is_stmt 1 view .LVU260
 846:Src/wm8904.c  ****     ret = wm8904_write_reg(&pObj->Ctx, WM8904_CLOCK_RATES1, &tmp, 2U);
 796              		.loc 1 846 9 is_stmt 0 view .LVU261
 797 003a 40F60343 		movw	r3, #3075
 798 003e 0CE0     		b	.L41
 799              	.L39:
 823:Src/wm8904.c  ****   {
 800              		.loc 1 823 3 view .LVU262
 801 0040 4AF64443 		movw	r3, #44100
 802 0044 9942     		cmp	r1, r3
 803 0046 03D0     		beq	.L40
 804 0048 4BF68033 		movw	r3, #48000
 805 004c 9942     		cmp	r1, r3
 806 004e E7D1     		bne	.L42
 807              	.L40:
 859:Src/wm8904.c  ****     ret = wm8904_write_reg(&pObj->Ctx, WM8904_CLOCK_RATES1, &tmp, 2U);
 808              		.loc 1 859 5 is_stmt 1 view .LVU263
 859:Src/wm8904.c  ****     ret = wm8904_write_reg(&pObj->Ctx, WM8904_CLOCK_RATES1, &tmp, 2U);
 809              		.loc 1 859 9 is_stmt 0 view .LVU264
ARM GAS  C:\Users\Antonio\AppData\Local\Temp\ccSzblGd.s 			page 37


 810 0050 40F60543 		movw	r3, #3077
 811 0054 01E0     		b	.L41
 812              	.L36:
 827:Src/wm8904.c  ****     ret = wm8904_write_reg(&pObj->Ctx, WM8904_CLOCK_RATES1, &tmp, 2U);
 813              		.loc 1 827 5 is_stmt 1 view .LVU265
 827:Src/wm8904.c  ****     ret = wm8904_write_reg(&pObj->Ctx, WM8904_CLOCK_RATES1, &tmp, 2U);
 814              		.loc 1 827 9 is_stmt 0 view .LVU266
 815 0056 4FF44063 		mov	r3, #3072
 816              	.L41:
 859:Src/wm8904.c  ****     ret = wm8904_write_reg(&pObj->Ctx, WM8904_CLOCK_RATES1, &tmp, 2U);
 817              		.loc 1 859 9 view .LVU267
 818 005a ADF80630 		strh	r3, [sp, #6]	@ movhi
 860:Src/wm8904.c  ****     break;
 819              		.loc 1 860 5 is_stmt 1 view .LVU268
 860:Src/wm8904.c  ****     break;
 820              		.loc 1 860 11 is_stmt 0 view .LVU269
 821 005e 1521     		movs	r1, #21
 822              	.LVL75:
 860:Src/wm8904.c  ****     break;
 823              		.loc 1 860 11 view .LVU270
 824 0060 0223     		movs	r3, #2
 825 0062 0DF10602 		add	r2, sp, #6
 826 0066 1830     		adds	r0, r0, #24
 827              	.LVL76:
 860:Src/wm8904.c  ****     break;
 828              		.loc 1 860 11 view .LVU271
 829 0068 FFF7FEFF 		bl	wm8904_write_reg
 830              	.LVL77:
 861:Src/wm8904.c  **** 
 831              		.loc 1 861 5 is_stmt 1 view .LVU272
 868:Src/wm8904.c  **** }
 832              		.loc 1 868 3 view .LVU273
 868:Src/wm8904.c  **** }
 833              		.loc 1 868 10 is_stmt 0 view .LVU274
 834 006c DAE7     		b	.L31
 835              	.LVL78:
 836              	.L34:
 833:Src/wm8904.c  ****     ret = wm8904_write_reg(&pObj->Ctx, WM8904_CLOCK_RATES1, &tmp, 2U);
 837              		.loc 1 833 5 is_stmt 1 view .LVU275
 833:Src/wm8904.c  ****     ret = wm8904_write_reg(&pObj->Ctx, WM8904_CLOCK_RATES1, &tmp, 2U);
 838              		.loc 1 833 9 is_stmt 0 view .LVU276
 839 006e 40F60143 		movw	r3, #3073
 840 0072 F2E7     		b	.L41
 841              	.L35:
 839:Src/wm8904.c  ****     ret = wm8904_write_reg(&pObj->Ctx, WM8904_CLOCK_RATES1, &tmp, 2U);
 842              		.loc 1 839 5 is_stmt 1 view .LVU277
 839:Src/wm8904.c  ****     ret = wm8904_write_reg(&pObj->Ctx, WM8904_CLOCK_RATES1, &tmp, 2U);
 843              		.loc 1 839 9 is_stmt 0 view .LVU278
 844 0074 40F60243 		movw	r3, #3074
 845 0078 EFE7     		b	.L41
 846              	.L38:
 852:Src/wm8904.c  ****     ret = wm8904_write_reg(&pObj->Ctx, WM8904_CLOCK_RATES1, &tmp, 2U);
 847              		.loc 1 852 5 is_stmt 1 view .LVU279
 852:Src/wm8904.c  ****     ret = wm8904_write_reg(&pObj->Ctx, WM8904_CLOCK_RATES1, &tmp, 2U);
 848              		.loc 1 852 9 is_stmt 0 view .LVU280
 849 007a 40F60443 		movw	r3, #3076
 850 007e ECE7     		b	.L41
ARM GAS  C:\Users\Antonio\AppData\Local\Temp\ccSzblGd.s 			page 38


 851              		.cfi_endproc
 852              	.LFE15:
 854              		.section	.text.WM8904_Init,"ax",%progbits
 855              		.align	1
 856              		.global	WM8904_Init
 857              		.syntax unified
 858              		.thumb
 859              		.thumb_func
 861              	WM8904_Init:
 862              	.LVL79:
 863              	.LFB0:
 102:Src/wm8904.c  ****   int32_t ret = WM8904_OK;
 864              		.loc 1 102 1 is_stmt 1 view -0
 865              		.cfi_startproc
 866              		@ args = 0, pretend = 0, frame = 8
 867              		@ frame_needed = 0, uses_anonymous_args = 0
 103:Src/wm8904.c  ****   uint16_t tmp;
 868              		.loc 1 103 3 view .LVU282
 104:Src/wm8904.c  **** 
 869              		.loc 1 104 3 view .LVU283
 106:Src/wm8904.c  ****   {
 870              		.loc 1 106 3 view .LVU284
 102:Src/wm8904.c  ****   int32_t ret = WM8904_OK;
 871              		.loc 1 102 1 is_stmt 0 view .LVU285
 872 0000 2DE9F743 		push	{r0, r1, r2, r4, r5, r6, r7, r8, r9, lr}
 873              		.cfi_def_cfa_offset 40
 874              		.cfi_offset 4, -28
 875              		.cfi_offset 5, -24
 876              		.cfi_offset 6, -20
 877              		.cfi_offset 7, -16
 878              		.cfi_offset 8, -12
 879              		.cfi_offset 9, -8
 880              		.cfi_offset 14, -4
 106:Src/wm8904.c  ****   {
 881              		.loc 1 106 6 view .LVU286
 882 0004 90F82430 		ldrb	r3, [r0, #36]	@ zero_extendqisi2
 102:Src/wm8904.c  ****   int32_t ret = WM8904_OK;
 883              		.loc 1 102 1 view .LVU287
 884 0008 0746     		mov	r7, r0
 106:Src/wm8904.c  ****   {
 885              		.loc 1 106 6 view .LVU288
 886 000a 012B     		cmp	r3, #1
 102:Src/wm8904.c  ****   int32_t ret = WM8904_OK;
 887              		.loc 1 102 1 view .LVU289
 888 000c 0E46     		mov	r6, r1
 889 000e 4FF00005 		mov	r5, #0
 106:Src/wm8904.c  ****   {
 890              		.loc 1 106 6 view .LVU290
 891 0012 40F0C581 		bne	.L54
 108:Src/wm8904.c  ****   }
 892              		.loc 1 108 5 is_stmt 1 view .LVU291
 108:Src/wm8904.c  ****   }
 893              		.loc 1 108 12 is_stmt 0 view .LVU292
 894 0016 FFF7FEFF 		bl	WM8904_DeInit
 895              	.LVL80:
 108:Src/wm8904.c  ****   }
 896              		.loc 1 108 12 view .LVU293
ARM GAS  C:\Users\Antonio\AppData\Local\Temp\ccSzblGd.s 			page 39


 897 001a 0446     		mov	r4, r0
 898              	.LVL81:
 899              	.L44:
 115:Src/wm8904.c  ****   ret += wm8904_write_reg(&pObj->Ctx, WM8904_SW_RESET, &tmp, 2U);
 900              		.loc 1 115 3 is_stmt 1 view .LVU294
 115:Src/wm8904.c  ****   ret += wm8904_write_reg(&pObj->Ctx, WM8904_SW_RESET, &tmp, 2U);
 901              		.loc 1 115 7 is_stmt 0 view .LVU295
 902 001c ADF80650 		strh	r5, [sp, #6]	@ movhi
 116:Src/wm8904.c  **** 
 903              		.loc 1 116 3 is_stmt 1 view .LVU296
 116:Src/wm8904.c  **** 
 904              		.loc 1 116 27 is_stmt 0 view .LVU297
 905 0020 07F11805 		add	r5, r7, #24
 116:Src/wm8904.c  **** 
 906              		.loc 1 116 10 view .LVU298
 907 0024 0223     		movs	r3, #2
 908 0026 0021     		movs	r1, #0
 909 0028 0DF10602 		add	r2, sp, #6
 910 002c 2846     		mov	r0, r5
 911 002e FFF7FEFF 		bl	wm8904_write_reg
 912              	.LVL82:
 122:Src/wm8904.c  ****   ret += wm8904_write_reg(&pObj->Ctx, WM8904_CLOCK_RATES2, &tmp, 2U);
 913              		.loc 1 122 7 view .LVU299
 914 0032 4FF00408 		mov	r8, #4
 123:Src/wm8904.c  **** 
 915              		.loc 1 123 10 view .LVU300
 916 0036 0223     		movs	r3, #2
 917 0038 1621     		movs	r1, #22
 116:Src/wm8904.c  **** 
 918              		.loc 1 116 7 discriminator 1 view .LVU301
 919 003a 0444     		add	r4, r4, r0
 920              	.LVL83:
 122:Src/wm8904.c  ****   ret += wm8904_write_reg(&pObj->Ctx, WM8904_CLOCK_RATES2, &tmp, 2U);
 921              		.loc 1 122 3 is_stmt 1 view .LVU302
 123:Src/wm8904.c  **** 
 922              		.loc 1 123 10 is_stmt 0 view .LVU303
 923 003c 0DF10602 		add	r2, sp, #6
 924 0040 2846     		mov	r0, r5
 122:Src/wm8904.c  ****   ret += wm8904_write_reg(&pObj->Ctx, WM8904_CLOCK_RATES2, &tmp, 2U);
 925              		.loc 1 122 7 view .LVU304
 926 0042 ADF80680 		strh	r8, [sp, #6]	@ movhi
 123:Src/wm8904.c  **** 
 927              		.loc 1 123 3 is_stmt 1 view .LVU305
 123:Src/wm8904.c  **** 
 928              		.loc 1 123 10 is_stmt 0 view .LVU306
 929 0046 FFF7FEFF 		bl	wm8904_write_reg
 930              	.LVL84:
 129:Src/wm8904.c  ****   ret += wm8904_write_reg(&pObj->Ctx, WM8904_BIAS_CONTROL0, &tmp, 2U);
 931              		.loc 1 129 7 view .LVU307
 932 004a 1823     		movs	r3, #24
 130:Src/wm8904.c  **** 
 933              		.loc 1 130 10 view .LVU308
 934 004c 4146     		mov	r1, r8
 123:Src/wm8904.c  **** 
 935              		.loc 1 123 7 discriminator 1 view .LVU309
 936 004e 0444     		add	r4, r4, r0
 937              	.LVL85:
ARM GAS  C:\Users\Antonio\AppData\Local\Temp\ccSzblGd.s 			page 40


 129:Src/wm8904.c  ****   ret += wm8904_write_reg(&pObj->Ctx, WM8904_BIAS_CONTROL0, &tmp, 2U);
 938              		.loc 1 129 3 is_stmt 1 view .LVU310
 129:Src/wm8904.c  ****   ret += wm8904_write_reg(&pObj->Ctx, WM8904_BIAS_CONTROL0, &tmp, 2U);
 939              		.loc 1 129 7 is_stmt 0 view .LVU311
 940 0050 ADF80630 		strh	r3, [sp, #6]	@ movhi
 130:Src/wm8904.c  **** 
 941              		.loc 1 130 3 is_stmt 1 view .LVU312
 130:Src/wm8904.c  **** 
 942              		.loc 1 130 10 is_stmt 0 view .LVU313
 943 0054 0DF10602 		add	r2, sp, #6
 944 0058 0223     		movs	r3, #2
 945 005a 2846     		mov	r0, r5
 946 005c FFF7FEFF 		bl	wm8904_write_reg
 947              	.LVL86:
 132:Src/wm8904.c  ****   ret += wm8904_write_reg(&pObj->Ctx, WM8904_VMID_CONTROL0, &tmp, 2U);
 948              		.loc 1 132 7 view .LVU314
 949 0060 4723     		movs	r3, #71
 133:Src/wm8904.c  ****   WM8904_Delay(pObj, 100U);
 950              		.loc 1 133 10 view .LVU315
 951 0062 0DF10602 		add	r2, sp, #6
 952 0066 0521     		movs	r1, #5
 130:Src/wm8904.c  **** 
 953              		.loc 1 130 7 discriminator 1 view .LVU316
 954 0068 0444     		add	r4, r4, r0
 955              	.LVL87:
 132:Src/wm8904.c  ****   ret += wm8904_write_reg(&pObj->Ctx, WM8904_VMID_CONTROL0, &tmp, 2U);
 956              		.loc 1 132 3 is_stmt 1 view .LVU317
 132:Src/wm8904.c  ****   ret += wm8904_write_reg(&pObj->Ctx, WM8904_VMID_CONTROL0, &tmp, 2U);
 957              		.loc 1 132 7 is_stmt 0 view .LVU318
 958 006a ADF80630 		strh	r3, [sp, #6]	@ movhi
 133:Src/wm8904.c  ****   WM8904_Delay(pObj, 100U);
 959              		.loc 1 133 3 is_stmt 1 view .LVU319
 133:Src/wm8904.c  ****   WM8904_Delay(pObj, 100U);
 960              		.loc 1 133 10 is_stmt 0 view .LVU320
 961 006e 2846     		mov	r0, r5
 962 0070 0223     		movs	r3, #2
 963 0072 FFF7FEFF 		bl	wm8904_write_reg
 964              	.LVL88:
 134:Src/wm8904.c  **** 
 965              		.loc 1 134 3 view .LVU321
 966 0076 6421     		movs	r1, #100
 133:Src/wm8904.c  ****   WM8904_Delay(pObj, 100U);
 967              		.loc 1 133 7 discriminator 1 view .LVU322
 968 0078 0444     		add	r4, r4, r0
 969              	.LVL89:
 134:Src/wm8904.c  **** 
 970              		.loc 1 134 3 is_stmt 1 view .LVU323
 971 007a 3846     		mov	r0, r7
 972 007c FFF7FEFF 		bl	WM8904_Delay
 973              	.LVL90:
 136:Src/wm8904.c  ****   ret += wm8904_write_reg(&pObj->Ctx, WM8904_VMID_CONTROL0, &tmp, 2U);
 974              		.loc 1 136 3 view .LVU324
 136:Src/wm8904.c  ****   ret += wm8904_write_reg(&pObj->Ctx, WM8904_VMID_CONTROL0, &tmp, 2U);
 975              		.loc 1 136 7 is_stmt 0 view .LVU325
 976 0080 4323     		movs	r3, #67
 137:Src/wm8904.c  **** 
 977              		.loc 1 137 10 view .LVU326
ARM GAS  C:\Users\Antonio\AppData\Local\Temp\ccSzblGd.s 			page 41


 978 0082 0521     		movs	r1, #5
 136:Src/wm8904.c  ****   ret += wm8904_write_reg(&pObj->Ctx, WM8904_VMID_CONTROL0, &tmp, 2U);
 979              		.loc 1 136 7 view .LVU327
 980 0084 ADF80630 		strh	r3, [sp, #6]	@ movhi
 137:Src/wm8904.c  **** 
 981              		.loc 1 137 3 is_stmt 1 view .LVU328
 137:Src/wm8904.c  **** 
 982              		.loc 1 137 10 is_stmt 0 view .LVU329
 983 0088 0DF10602 		add	r2, sp, #6
 984 008c 0223     		movs	r3, #2
 985 008e 2846     		mov	r0, r5
 986 0090 FFF7FEFF 		bl	wm8904_write_reg
 987              	.LVL91:
 139:Src/wm8904.c  ****   ret += wm8904_write_reg(&pObj->Ctx, WM8904_BIAS_CONTROL0, &tmp, 2U);
 988              		.loc 1 139 7 view .LVU330
 989 0094 1923     		movs	r3, #25
 140:Src/wm8904.c  **** 
 990              		.loc 1 140 10 view .LVU331
 991 0096 4146     		mov	r1, r8
 137:Src/wm8904.c  **** 
 992              		.loc 1 137 7 discriminator 1 view .LVU332
 993 0098 0444     		add	r4, r4, r0
 994              	.LVL92:
 139:Src/wm8904.c  ****   ret += wm8904_write_reg(&pObj->Ctx, WM8904_BIAS_CONTROL0, &tmp, 2U);
 995              		.loc 1 139 3 is_stmt 1 view .LVU333
 139:Src/wm8904.c  ****   ret += wm8904_write_reg(&pObj->Ctx, WM8904_BIAS_CONTROL0, &tmp, 2U);
 996              		.loc 1 139 7 is_stmt 0 view .LVU334
 997 009a ADF80630 		strh	r3, [sp, #6]	@ movhi
 140:Src/wm8904.c  **** 
 998              		.loc 1 140 3 is_stmt 1 view .LVU335
 140:Src/wm8904.c  **** 
 999              		.loc 1 140 10 is_stmt 0 view .LVU336
 1000 009e 0DF10602 		add	r2, sp, #6
 1001 00a2 0223     		movs	r3, #2
 1002 00a4 2846     		mov	r0, r5
 1003 00a6 FFF7FEFF 		bl	wm8904_write_reg
 1004              	.LVL93:
 146:Src/wm8904.c  ****   ret += wm8904_write_reg(&pObj->Ctx, WM8904_MIC_BIAS_CONTROL0, &tmp, 2U);
 1005              		.loc 1 146 7 view .LVU337
 1006 00aa 0123     		movs	r3, #1
 147:Src/wm8904.c  **** 
 1007              		.loc 1 147 10 view .LVU338
 1008 00ac 0621     		movs	r1, #6
 140:Src/wm8904.c  **** 
 1009              		.loc 1 140 7 discriminator 1 view .LVU339
 1010 00ae 0444     		add	r4, r4, r0
 1011              	.LVL94:
 146:Src/wm8904.c  ****   ret += wm8904_write_reg(&pObj->Ctx, WM8904_MIC_BIAS_CONTROL0, &tmp, 2U);
 1012              		.loc 1 146 3 is_stmt 1 view .LVU340
 146:Src/wm8904.c  ****   ret += wm8904_write_reg(&pObj->Ctx, WM8904_MIC_BIAS_CONTROL0, &tmp, 2U);
 1013              		.loc 1 146 7 is_stmt 0 view .LVU341
 1014 00b0 ADF80630 		strh	r3, [sp, #6]	@ movhi
 147:Src/wm8904.c  **** 
 1015              		.loc 1 147 3 is_stmt 1 view .LVU342
 147:Src/wm8904.c  **** 
 1016              		.loc 1 147 10 is_stmt 0 view .LVU343
 1017 00b4 0DF10602 		add	r2, sp, #6
ARM GAS  C:\Users\Antonio\AppData\Local\Temp\ccSzblGd.s 			page 42


 1018 00b8 0223     		movs	r3, #2
 1019 00ba 2846     		mov	r0, r5
 1020 00bc FFF7FEFF 		bl	wm8904_write_reg
 1021              	.LVL95:
 153:Src/wm8904.c  ****   {
 1022              		.loc 1 153 12 view .LVU344
 1023 00c0 3268     		ldr	r2, [r6]
 147:Src/wm8904.c  **** 
 1024              		.loc 1 147 7 discriminator 1 view .LVU345
 1025 00c2 0444     		add	r4, r4, r0
 1026              	.LVL96:
 153:Src/wm8904.c  ****   {
 1027              		.loc 1 153 3 is_stmt 1 view .LVU346
 157:Src/wm8904.c  ****   {
 1028              		.loc 1 157 11 is_stmt 0 view .LVU347
 1029 00c4 A2F58071 		sub	r1, r2, #256
 1030 00c8 4B42     		rsbs	r3, r1, #0
 1031 00ca 4B41     		adcs	r3, r3, r1
 1032 00cc B2F5006F 		cmp	r2, #2048
 1033 00d0 4FEA4303 		lsl	r3, r3, #1
 1034 00d4 08BF     		it	eq
 1035 00d6 0323     		moveq	r3, #3
 165:Src/wm8904.c  **** 
 1036              		.loc 1 165 10 view .LVU348
 1037 00d8 0C21     		movs	r1, #12
 155:Src/wm8904.c  ****   }
 1038              		.loc 1 155 9 view .LVU349
 1039 00da ADF80630 		strh	r3, [sp, #6]	@ movhi
 165:Src/wm8904.c  **** 
 1040              		.loc 1 165 3 is_stmt 1 view .LVU350
 165:Src/wm8904.c  **** 
 1041              		.loc 1 165 10 is_stmt 0 view .LVU351
 1042 00de 0DF10602 		add	r2, sp, #6
 1043 00e2 0223     		movs	r3, #2
 1044 00e4 2846     		mov	r0, r5
 1045 00e6 FFF7FEFF 		bl	wm8904_write_reg
 1046              	.LVL97:
 167:Src/wm8904.c  ****   ret += wm8904_write_reg(&pObj->Ctx, WM8904_PWR_MANAGEMENT2, &tmp, 2U);
 1047              		.loc 1 167 7 view .LVU352
 1048 00ea 0323     		movs	r3, #3
 168:Src/wm8904.c  **** 
 1049              		.loc 1 168 10 view .LVU353
 1050 00ec 0E21     		movs	r1, #14
 165:Src/wm8904.c  **** 
 1051              		.loc 1 165 7 discriminator 1 view .LVU354
 1052 00ee 0444     		add	r4, r4, r0
 1053              	.LVL98:
 167:Src/wm8904.c  ****   ret += wm8904_write_reg(&pObj->Ctx, WM8904_PWR_MANAGEMENT2, &tmp, 2U);
 1054              		.loc 1 167 3 is_stmt 1 view .LVU355
 167:Src/wm8904.c  ****   ret += wm8904_write_reg(&pObj->Ctx, WM8904_PWR_MANAGEMENT2, &tmp, 2U);
 1055              		.loc 1 167 7 is_stmt 0 view .LVU356
 1056 00f0 ADF80630 		strh	r3, [sp, #6]	@ movhi
 168:Src/wm8904.c  **** 
 1057              		.loc 1 168 3 is_stmt 1 view .LVU357
 168:Src/wm8904.c  **** 
 1058              		.loc 1 168 10 is_stmt 0 view .LVU358
 1059 00f4 0DF10602 		add	r2, sp, #6
ARM GAS  C:\Users\Antonio\AppData\Local\Temp\ccSzblGd.s 			page 43


 1060 00f8 0223     		movs	r3, #2
 1061 00fa 2846     		mov	r0, r5
 1062 00fc FFF7FEFF 		bl	wm8904_write_reg
 1063              	.LVL99:
 174:Src/wm8904.c  ****   ret += wm8904_write_reg(&pObj->Ctx, WM8904_CLOCK_RATES2, &tmp, 2U);
 1064              		.loc 1 174 7 view .LVU359
 1065 0100 0623     		movs	r3, #6
 175:Src/wm8904.c  **** 
 1066              		.loc 1 175 10 view .LVU360
 1067 0102 1621     		movs	r1, #22
 168:Src/wm8904.c  **** 
 1068              		.loc 1 168 7 discriminator 1 view .LVU361
 1069 0104 0444     		add	r4, r4, r0
 1070              	.LVL100:
 174:Src/wm8904.c  ****   ret += wm8904_write_reg(&pObj->Ctx, WM8904_CLOCK_RATES2, &tmp, 2U);
 1071              		.loc 1 174 3 is_stmt 1 view .LVU362
 174:Src/wm8904.c  ****   ret += wm8904_write_reg(&pObj->Ctx, WM8904_CLOCK_RATES2, &tmp, 2U);
 1072              		.loc 1 174 7 is_stmt 0 view .LVU363
 1073 0106 ADF80630 		strh	r3, [sp, #6]	@ movhi
 175:Src/wm8904.c  **** 
 1074              		.loc 1 175 3 is_stmt 1 view .LVU364
 175:Src/wm8904.c  **** 
 1075              		.loc 1 175 10 is_stmt 0 view .LVU365
 1076 010a 0DF10602 		add	r2, sp, #6
 1077 010e 0223     		movs	r3, #2
 1078 0110 2846     		mov	r0, r5
 1079 0112 FFF7FEFF 		bl	wm8904_write_reg
 1080              	.LVL101:
 181:Src/wm8904.c  ****   {
 1081              		.loc 1 181 6 view .LVU366
 1082 0116 3368     		ldr	r3, [r6]
 175:Src/wm8904.c  **** 
 1083              		.loc 1 175 7 discriminator 1 view .LVU367
 1084 0118 0444     		add	r4, r4, r0
 1085              	.LVL102:
 181:Src/wm8904.c  ****   {
 1086              		.loc 1 181 3 is_stmt 1 view .LVU368
 181:Src/wm8904.c  ****   {
 1087              		.loc 1 181 6 is_stmt 0 view .LVU369
 1088 011a B3F5006F 		cmp	r3, #2048
 1089 011e 0CBF     		ite	eq
 1090 0120 0F23     		moveq	r3, #15
 1091 0122 0E23     		movne	r3, #14
 193:Src/wm8904.c  **** 
 1092              		.loc 1 193 10 view .LVU370
 1093 0124 1221     		movs	r1, #18
 183:Src/wm8904.c  ****   }
 1094              		.loc 1 183 9 view .LVU371
 1095 0126 ADF80630 		strh	r3, [sp, #6]	@ movhi
 193:Src/wm8904.c  **** 
 1096              		.loc 1 193 3 is_stmt 1 view .LVU372
 193:Src/wm8904.c  **** 
 1097              		.loc 1 193 10 is_stmt 0 view .LVU373
 1098 012a 2846     		mov	r0, r5
 1099 012c 0223     		movs	r3, #2
 1100 012e 0DF10602 		add	r2, sp, #6
 1101 0132 FFF7FEFF 		bl	wm8904_write_reg
ARM GAS  C:\Users\Antonio\AppData\Local\Temp\ccSzblGd.s 			page 44


 1102              	.LVL103:
 195:Src/wm8904.c  ****   {
 1103              		.loc 1 195 6 view .LVU374
 1104 0136 3368     		ldr	r3, [r6]
 193:Src/wm8904.c  **** 
 1105              		.loc 1 193 7 discriminator 1 view .LVU375
 1106 0138 0444     		add	r4, r4, r0
 1107              	.LVL104:
 195:Src/wm8904.c  ****   {
 1108              		.loc 1 195 3 is_stmt 1 view .LVU376
 195:Src/wm8904.c  ****   {
 1109              		.loc 1 195 6 is_stmt 0 view .LVU377
 1110 013a B3F5005F 		cmp	r3, #8192
 1111 013e 40F03181 		bne	.L47
 197:Src/wm8904.c  ****     ret += wm8904_write_reg(&pObj->Ctx, WM8904_DIGITAL_MICROPHONE0, &tmp, 2U);
 1112              		.loc 1 197 5 is_stmt 1 view .LVU378
 197:Src/wm8904.c  ****     ret += wm8904_write_reg(&pObj->Ctx, WM8904_DIGITAL_MICROPHONE0, &tmp, 2U);
 1113              		.loc 1 197 9 is_stmt 0 view .LVU379
 1114 0142 4FF4C053 		mov	r3, #6144
 198:Src/wm8904.c  **** 
 1115              		.loc 1 198 12 view .LVU380
 1116 0146 2721     		movs	r1, #39
 197:Src/wm8904.c  ****     ret += wm8904_write_reg(&pObj->Ctx, WM8904_DIGITAL_MICROPHONE0, &tmp, 2U);
 1117              		.loc 1 197 9 view .LVU381
 1118 0148 ADF80630 		strh	r3, [sp, #6]	@ movhi
 198:Src/wm8904.c  **** 
 1119              		.loc 1 198 5 is_stmt 1 view .LVU382
 198:Src/wm8904.c  **** 
 1120              		.loc 1 198 12 is_stmt 0 view .LVU383
 1121 014c 0DF10602 		add	r2, sp, #6
 1122 0150 0223     		movs	r3, #2
 1123 0152 2846     		mov	r0, r5
 1124 0154 FFF7FEFF 		bl	wm8904_write_reg
 1125              	.LVL105:
 200:Src/wm8904.c  ****     ret += wm8904_write_reg(&pObj->Ctx, WM8904_GPIO_CONTROL1, &tmp, 2U);
 1126              		.loc 1 200 9 view .LVU384
 1127 0158 0823     		movs	r3, #8
 201:Src/wm8904.c  **** 
 1128              		.loc 1 201 12 view .LVU385
 1129 015a 7921     		movs	r1, #121
 198:Src/wm8904.c  **** 
 1130              		.loc 1 198 9 discriminator 1 view .LVU386
 1131 015c 0444     		add	r4, r4, r0
 1132              	.LVL106:
 200:Src/wm8904.c  ****     ret += wm8904_write_reg(&pObj->Ctx, WM8904_GPIO_CONTROL1, &tmp, 2U);
 1133              		.loc 1 200 5 is_stmt 1 view .LVU387
 200:Src/wm8904.c  ****     ret += wm8904_write_reg(&pObj->Ctx, WM8904_GPIO_CONTROL1, &tmp, 2U);
 1134              		.loc 1 200 9 is_stmt 0 view .LVU388
 1135 015e ADF80630 		strh	r3, [sp, #6]	@ movhi
 201:Src/wm8904.c  **** 
 1136              		.loc 1 201 5 is_stmt 1 view .LVU389
 201:Src/wm8904.c  **** 
 1137              		.loc 1 201 12 is_stmt 0 view .LVU390
 1138 0162 0DF10602 		add	r2, sp, #6
 1139 0166 0223     		movs	r3, #2
 1140 0168 2846     		mov	r0, r5
 1141 016a FFF7FEFF 		bl	wm8904_write_reg
ARM GAS  C:\Users\Antonio\AppData\Local\Temp\ccSzblGd.s 			page 45


 1142              	.LVL107:
 203:Src/wm8904.c  ****     ret += wm8904_write_reg(&pObj->Ctx, WM8904_DRC0, &tmp, 2U);
 1143              		.loc 1 203 9 view .LVU391
 1144 016e 48F2AF13 		movw	r3, #33199
 204:Src/wm8904.c  **** 
 1145              		.loc 1 204 12 view .LVU392
 1146 0172 2821     		movs	r1, #40
 201:Src/wm8904.c  **** 
 1147              		.loc 1 201 9 discriminator 1 view .LVU393
 1148 0174 0444     		add	r4, r4, r0
 1149              	.LVL108:
 203:Src/wm8904.c  ****     ret += wm8904_write_reg(&pObj->Ctx, WM8904_DRC0, &tmp, 2U);
 1150              		.loc 1 203 5 is_stmt 1 view .LVU394
 203:Src/wm8904.c  ****     ret += wm8904_write_reg(&pObj->Ctx, WM8904_DRC0, &tmp, 2U);
 1151              		.loc 1 203 9 is_stmt 0 view .LVU395
 1152 0176 ADF80630 		strh	r3, [sp, #6]	@ movhi
 204:Src/wm8904.c  **** 
 1153              		.loc 1 204 5 is_stmt 1 view .LVU396
 204:Src/wm8904.c  **** 
 1154              		.loc 1 204 12 is_stmt 0 view .LVU397
 1155 017a 0DF10602 		add	r2, sp, #6
 1156 017e 0223     		movs	r3, #2
 1157 0180 2846     		mov	r0, r5
 1158 0182 FFF7FEFF 		bl	wm8904_write_reg
 1159              	.LVL109:
 206:Src/wm8904.c  ****     ret += wm8904_write_reg(&pObj->Ctx, WM8904_DRC1, &tmp, 2U);
 1160              		.loc 1 206 9 view .LVU398
 1161 0186 43F2C123 		movw	r3, #12993
 207:Src/wm8904.c  **** 
 1162              		.loc 1 207 12 view .LVU399
 1163 018a 2921     		movs	r1, #41
 204:Src/wm8904.c  **** 
 1164              		.loc 1 204 9 discriminator 1 view .LVU400
 1165 018c 0444     		add	r4, r4, r0
 1166              	.LVL110:
 206:Src/wm8904.c  ****     ret += wm8904_write_reg(&pObj->Ctx, WM8904_DRC1, &tmp, 2U);
 1167              		.loc 1 206 5 is_stmt 1 view .LVU401
 206:Src/wm8904.c  ****     ret += wm8904_write_reg(&pObj->Ctx, WM8904_DRC1, &tmp, 2U);
 1168              		.loc 1 206 9 is_stmt 0 view .LVU402
 1169 018e ADF80630 		strh	r3, [sp, #6]	@ movhi
 207:Src/wm8904.c  **** 
 1170              		.loc 1 207 5 is_stmt 1 view .LVU403
 207:Src/wm8904.c  **** 
 1171              		.loc 1 207 12 is_stmt 0 view .LVU404
 1172 0192 0DF10602 		add	r2, sp, #6
 1173 0196 0223     		movs	r3, #2
 1174 0198 2846     		mov	r0, r5
 1175 019a FFF7FEFF 		bl	wm8904_write_reg
 1176              	.LVL111:
 209:Src/wm8904.c  ****     ret += wm8904_write_reg(&pObj->Ctx, WM8904_DRC2, &tmp, 2U);
 1177              		.loc 1 209 9 view .LVU405
 1178 019e 2C23     		movs	r3, #44
 207:Src/wm8904.c  **** 
 1179              		.loc 1 207 9 discriminator 1 view .LVU406
 1180 01a0 0444     		add	r4, r4, r0
 1181              	.LVL112:
 209:Src/wm8904.c  ****     ret += wm8904_write_reg(&pObj->Ctx, WM8904_DRC2, &tmp, 2U);
ARM GAS  C:\Users\Antonio\AppData\Local\Temp\ccSzblGd.s 			page 46


 1182              		.loc 1 209 5 is_stmt 1 view .LVU407
 209:Src/wm8904.c  ****     ret += wm8904_write_reg(&pObj->Ctx, WM8904_DRC2, &tmp, 2U);
 1183              		.loc 1 209 9 is_stmt 0 view .LVU408
 1184 01a2 ADF80630 		strh	r3, [sp, #6]	@ movhi
 210:Src/wm8904.c  **** 
 1185              		.loc 1 210 5 is_stmt 1 view .LVU409
 210:Src/wm8904.c  **** 
 1186              		.loc 1 210 12 is_stmt 0 view .LVU410
 1187 01a6 2A21     		movs	r1, #42
 1188 01a8 0223     		movs	r3, #2
 1189 01aa 2846     		mov	r0, r5
 1190 01ac 0DF10602 		add	r2, sp, #6
 1191 01b0 FFF7FEFF 		bl	wm8904_write_reg
 1192              	.LVL113:
 212:Src/wm8904.c  ****     {
 1193              		.loc 1 212 8 view .LVU411
 1194 01b4 B368     		ldr	r3, [r6, #8]
 210:Src/wm8904.c  **** 
 1195              		.loc 1 210 9 discriminator 1 view .LVU412
 1196 01b6 0444     		add	r4, r4, r0
 1197              	.LVL114:
 212:Src/wm8904.c  ****     {
 1198              		.loc 1 212 5 is_stmt 1 view .LVU413
 212:Src/wm8904.c  ****     {
 1199              		.loc 1 212 8 is_stmt 0 view .LVU414
 1200 01b8 B3F5FA4F 		cmp	r3, #32000
 1201 01bc 2CBF     		ite	cs
 1202 01be 0023     		movcs	r3, #0
 1203 01c0 0123     		movcc	r3, #1
 1204              	.L61:
 234:Src/wm8904.c  ****   }
 1205              		.loc 1 234 12 view .LVU415
 1206 01c2 0A21     		movs	r1, #10
 233:Src/wm8904.c  ****     ret += wm8904_write_reg(&pObj->Ctx, WM8904_ANALOG_ADC0, &tmp, 2U);
 1207              		.loc 1 233 9 view .LVU416
 1208 01c4 ADF80630 		strh	r3, [sp, #6]	@ movhi
 234:Src/wm8904.c  ****   }
 1209              		.loc 1 234 5 is_stmt 1 view .LVU417
 234:Src/wm8904.c  ****   }
 1210              		.loc 1 234 12 is_stmt 0 view .LVU418
 1211 01c8 0DF10602 		add	r2, sp, #6
 1212 01cc 0223     		movs	r3, #2
 1213 01ce 2846     		mov	r0, r5
 1214 01d0 FFF7FEFF 		bl	wm8904_write_reg
 1215              	.LVL115:
 237:Src/wm8904.c  ****   ret += wm8904_write_reg(&pObj->Ctx, WM8904_DAC_DIGITAL1, &tmp, 2U);
 1216              		.loc 1 237 7 view .LVU419
 1217 01d4 4FF4C963 		mov	r3, #1608
 238:Src/wm8904.c  **** 
 1218              		.loc 1 238 10 view .LVU420
 1219 01d8 2121     		movs	r1, #33
 234:Src/wm8904.c  ****   }
 1220              		.loc 1 234 9 discriminator 1 view .LVU421
 1221 01da 0444     		add	r4, r4, r0
 1222              	.LVL116:
 237:Src/wm8904.c  ****   ret += wm8904_write_reg(&pObj->Ctx, WM8904_DAC_DIGITAL1, &tmp, 2U);
 1223              		.loc 1 237 3 is_stmt 1 view .LVU422
ARM GAS  C:\Users\Antonio\AppData\Local\Temp\ccSzblGd.s 			page 47


 237:Src/wm8904.c  ****   ret += wm8904_write_reg(&pObj->Ctx, WM8904_DAC_DIGITAL1, &tmp, 2U);
 1224              		.loc 1 237 7 is_stmt 0 view .LVU423
 1225 01dc ADF80630 		strh	r3, [sp, #6]	@ movhi
 238:Src/wm8904.c  **** 
 1226              		.loc 1 238 3 is_stmt 1 view .LVU424
 238:Src/wm8904.c  **** 
 1227              		.loc 1 238 10 is_stmt 0 view .LVU425
 1228 01e0 0DF10602 		add	r2, sp, #6
 1229 01e4 0223     		movs	r3, #2
 1230 01e6 2846     		mov	r0, r5
 1231 01e8 FFF7FEFF 		bl	wm8904_write_reg
 1232              	.LVL117:
 240:Src/wm8904.c  ****   {
 1233              		.loc 1 240 6 view .LVU426
 1234 01ec 3368     		ldr	r3, [r6]
 252:Src/wm8904.c  **** 
 1235              		.loc 1 252 10 view .LVU427
 1236 01ee 1821     		movs	r1, #24
 240:Src/wm8904.c  ****   {
 1237              		.loc 1 240 6 view .LVU428
 1238 01f0 B3F5006F 		cmp	r3, #2048
 1239 01f4 0CBF     		ite	eq
 1240 01f6 5023     		moveq	r3, #80
 1241 01f8 1023     		movne	r3, #16
 238:Src/wm8904.c  **** 
 1242              		.loc 1 238 7 discriminator 1 view .LVU429
 1243 01fa 0444     		add	r4, r4, r0
 1244              	.LVL118:
 240:Src/wm8904.c  ****   {
 1245              		.loc 1 240 3 is_stmt 1 view .LVU430
 242:Src/wm8904.c  ****   }
 1246              		.loc 1 242 9 is_stmt 0 view .LVU431
 1247 01fc ADF80630 		strh	r3, [sp, #6]	@ movhi
 252:Src/wm8904.c  **** 
 1248              		.loc 1 252 3 is_stmt 1 view .LVU432
 252:Src/wm8904.c  **** 
 1249              		.loc 1 252 10 is_stmt 0 view .LVU433
 1250 0200 0DF10602 		add	r2, sp, #6
 1251 0204 0223     		movs	r3, #2
 1252 0206 2846     		mov	r0, r5
 1253 0208 FFF7FEFF 		bl	wm8904_write_reg
 1254              	.LVL119:
 258:Src/wm8904.c  ****   ret +=  wm8904_write_reg(&pObj->Ctx, WM8904_AUDIO_INTERFACE1, &tmp, 2U);
 1255              		.loc 1 258 7 view .LVU434
 1256 020c 0223     		movs	r3, #2
 259:Src/wm8904.c  **** 
 1257              		.loc 1 259 11 view .LVU435
 1258 020e 1921     		movs	r1, #25
 252:Src/wm8904.c  **** 
 1259              		.loc 1 252 7 discriminator 1 view .LVU436
 1260 0210 0444     		add	r4, r4, r0
 1261              	.LVL120:
 258:Src/wm8904.c  ****   ret +=  wm8904_write_reg(&pObj->Ctx, WM8904_AUDIO_INTERFACE1, &tmp, 2U);
 1262              		.loc 1 258 3 is_stmt 1 view .LVU437
 259:Src/wm8904.c  **** 
 1263              		.loc 1 259 11 is_stmt 0 view .LVU438
 1264 0212 0DF10602 		add	r2, sp, #6
ARM GAS  C:\Users\Antonio\AppData\Local\Temp\ccSzblGd.s 			page 48


 1265 0216 2846     		mov	r0, r5
 258:Src/wm8904.c  ****   ret +=  wm8904_write_reg(&pObj->Ctx, WM8904_AUDIO_INTERFACE1, &tmp, 2U);
 1266              		.loc 1 258 7 view .LVU439
 1267 0218 ADF80630 		strh	r3, [sp, #6]	@ movhi
 259:Src/wm8904.c  **** 
 1268              		.loc 1 259 3 is_stmt 1 view .LVU440
 259:Src/wm8904.c  **** 
 1269              		.loc 1 259 11 is_stmt 0 view .LVU441
 1270 021c FFF7FEFF 		bl	wm8904_write_reg
 1271              	.LVL121:
 261:Src/wm8904.c  **** 
 1272              		.loc 1 261 10 view .LVU442
 1273 0220 B168     		ldr	r1, [r6, #8]
 259:Src/wm8904.c  **** 
 1274              		.loc 1 259 7 discriminator 1 view .LVU443
 1275 0222 0444     		add	r4, r4, r0
 1276              	.LVL122:
 261:Src/wm8904.c  **** 
 1277              		.loc 1 261 3 is_stmt 1 view .LVU444
 261:Src/wm8904.c  **** 
 1278              		.loc 1 261 10 is_stmt 0 view .LVU445
 1279 0224 3846     		mov	r0, r7
 1280 0226 FFF7FEFF 		bl	WM8904_SetFrequency
 1281              	.LVL123:
 263:Src/wm8904.c  ****   {
 1282              		.loc 1 263 30 view .LVU446
 1283 022a DFF81882 		ldr	r8, .L63
 261:Src/wm8904.c  **** 
 1284              		.loc 1 261 7 discriminator 1 view .LVU447
 1285 022e 0444     		add	r4, r4, r0
 1286              	.LVL124:
 263:Src/wm8904.c  ****   {
 1287              		.loc 1 263 3 is_stmt 1 view .LVU448
 263:Src/wm8904.c  ****   {
 1288              		.loc 1 263 30 is_stmt 0 view .LVU449
 1289 0230 D8F80030 		ldr	r3, [r8]
 263:Src/wm8904.c  ****   {
 1290              		.loc 1 263 6 view .LVU450
 1291 0234 DB07     		lsls	r3, r3, #31
 1292 0236 05D5     		bpl	.L50
 265:Src/wm8904.c  ****   }
 1293              		.loc 1 265 5 is_stmt 1 view .LVU451
 265:Src/wm8904.c  ****   }
 1294              		.loc 1 265 12 is_stmt 0 view .LVU452
 1295 0238 0121     		movs	r1, #1
 1296 023a 3846     		mov	r0, r7
 1297 023c 327C     		ldrb	r2, [r6, #16]	@ zero_extendqisi2
 1298 023e FFF7FEFF 		bl	WM8904_SetVolume
 1299              	.LVL125:
 265:Src/wm8904.c  ****   }
 1300              		.loc 1 265 9 discriminator 1 view .LVU453
 1301 0242 0444     		add	r4, r4, r0
 1302              	.LVL126:
 1303              	.L50:
 268:Src/wm8904.c  ****   {
 1304              		.loc 1 268 3 is_stmt 1 view .LVU454
 268:Src/wm8904.c  ****   {
ARM GAS  C:\Users\Antonio\AppData\Local\Temp\ccSzblGd.s 			page 49


 1305              		.loc 1 268 12 is_stmt 0 view .LVU455
 1306 0244 3368     		ldr	r3, [r6]
 268:Src/wm8904.c  ****   {
 1307              		.loc 1 268 6 view .LVU456
 1308 0246 B3F5006F 		cmp	r3, #2048
 1309 024a 40F0CF80 		bne	.L51
 270:Src/wm8904.c  ****     ret +=  wm8904_write_reg(&pObj->Ctx, WM8904_ADC_DIGITAL_VOL_LEFT, &tmp, 2U);
 1310              		.loc 1 270 5 is_stmt 1 view .LVU457
 270:Src/wm8904.c  ****     ret +=  wm8904_write_reg(&pObj->Ctx, WM8904_ADC_DIGITAL_VOL_LEFT, &tmp, 2U);
 1311              		.loc 1 270 9 is_stmt 0 view .LVU458
 1312 024e 4FF4E079 		mov	r9, #448
 271:Src/wm8904.c  **** 
 1313              		.loc 1 271 13 view .LVU459
 1314 0252 0223     		movs	r3, #2
 1315 0254 2421     		movs	r1, #36
 1316 0256 0DF10602 		add	r2, sp, #6
 1317 025a 2846     		mov	r0, r5
 270:Src/wm8904.c  ****     ret +=  wm8904_write_reg(&pObj->Ctx, WM8904_ADC_DIGITAL_VOL_LEFT, &tmp, 2U);
 1318              		.loc 1 270 9 view .LVU460
 1319 025c ADF80690 		strh	r9, [sp, #6]	@ movhi
 271:Src/wm8904.c  **** 
 1320              		.loc 1 271 5 is_stmt 1 view .LVU461
 271:Src/wm8904.c  **** 
 1321              		.loc 1 271 13 is_stmt 0 view .LVU462
 1322 0260 FFF7FEFF 		bl	wm8904_write_reg
 1323              	.LVL127:
 274:Src/wm8904.c  **** 
 1324              		.loc 1 274 13 view .LVU463
 1325 0264 0223     		movs	r3, #2
 1326 0266 2521     		movs	r1, #37
 271:Src/wm8904.c  **** 
 1327              		.loc 1 271 9 discriminator 1 view .LVU464
 1328 0268 0444     		add	r4, r4, r0
 1329              	.LVL128:
 273:Src/wm8904.c  ****     ret +=  wm8904_write_reg(&pObj->Ctx, WM8904_ADC_DIGITAL_VOL_RIGHT, &tmp, 2U);
 1330              		.loc 1 273 5 is_stmt 1 view .LVU465
 274:Src/wm8904.c  **** 
 1331              		.loc 1 274 13 is_stmt 0 view .LVU466
 1332 026a 0DF10602 		add	r2, sp, #6
 1333 026e 2846     		mov	r0, r5
 273:Src/wm8904.c  ****     ret +=  wm8904_write_reg(&pObj->Ctx, WM8904_ADC_DIGITAL_VOL_RIGHT, &tmp, 2U);
 1334              		.loc 1 273 9 view .LVU467
 1335 0270 ADF80690 		strh	r9, [sp, #6]	@ movhi
 274:Src/wm8904.c  **** 
 1336              		.loc 1 274 5 is_stmt 1 view .LVU468
 274:Src/wm8904.c  **** 
 1337              		.loc 1 274 13 is_stmt 0 view .LVU469
 1338 0274 FFF7FEFF 		bl	wm8904_write_reg
 1339              	.LVL129:
 276:Src/wm8904.c  ****     ret +=  wm8904_write_reg(&pObj->Ctx, WM8904_ANALOG_LEFT_INPUT0, &tmp, 2U);
 1340              		.loc 1 276 9 view .LVU470
 1341 0278 4FF08009 		mov	r9, #128
 277:Src/wm8904.c  **** 
 1342              		.loc 1 277 13 view .LVU471
 1343 027c 0223     		movs	r3, #2
 1344 027e 2C21     		movs	r1, #44
 274:Src/wm8904.c  **** 
ARM GAS  C:\Users\Antonio\AppData\Local\Temp\ccSzblGd.s 			page 50


 1345              		.loc 1 274 9 discriminator 1 view .LVU472
 1346 0280 0444     		add	r4, r4, r0
 1347              	.LVL130:
 276:Src/wm8904.c  ****     ret +=  wm8904_write_reg(&pObj->Ctx, WM8904_ANALOG_LEFT_INPUT0, &tmp, 2U);
 1348              		.loc 1 276 5 is_stmt 1 view .LVU473
 277:Src/wm8904.c  **** 
 1349              		.loc 1 277 13 is_stmt 0 view .LVU474
 1350 0282 0DF10602 		add	r2, sp, #6
 1351 0286 2846     		mov	r0, r5
 276:Src/wm8904.c  ****     ret +=  wm8904_write_reg(&pObj->Ctx, WM8904_ANALOG_LEFT_INPUT0, &tmp, 2U);
 1352              		.loc 1 276 9 view .LVU475
 1353 0288 ADF80690 		strh	r9, [sp, #6]	@ movhi
 277:Src/wm8904.c  **** 
 1354              		.loc 1 277 5 is_stmt 1 view .LVU476
 277:Src/wm8904.c  **** 
 1355              		.loc 1 277 13 is_stmt 0 view .LVU477
 1356 028c FFF7FEFF 		bl	wm8904_write_reg
 1357              	.LVL131:
 280:Src/wm8904.c  **** 
 1358              		.loc 1 280 13 view .LVU478
 1359 0290 0223     		movs	r3, #2
 1360 0292 2D21     		movs	r1, #45
 277:Src/wm8904.c  **** 
 1361              		.loc 1 277 9 discriminator 1 view .LVU479
 1362 0294 0444     		add	r4, r4, r0
 1363              	.LVL132:
 279:Src/wm8904.c  ****     ret +=  wm8904_write_reg(&pObj->Ctx, WM8904_ANALOG_RIGHT_INPUT0, &tmp, 2U);
 1364              		.loc 1 279 5 is_stmt 1 view .LVU480
 280:Src/wm8904.c  **** 
 1365              		.loc 1 280 13 is_stmt 0 view .LVU481
 1366 0296 0DF10602 		add	r2, sp, #6
 1367 029a 2846     		mov	r0, r5
 279:Src/wm8904.c  ****     ret +=  wm8904_write_reg(&pObj->Ctx, WM8904_ANALOG_RIGHT_INPUT0, &tmp, 2U);
 1368              		.loc 1 279 9 view .LVU482
 1369 029c ADF80690 		strh	r9, [sp, #6]	@ movhi
 280:Src/wm8904.c  **** 
 1370              		.loc 1 280 5 is_stmt 1 view .LVU483
 280:Src/wm8904.c  **** 
 1371              		.loc 1 280 13 is_stmt 0 view .LVU484
 1372 02a0 FFF7FEFF 		bl	wm8904_write_reg
 1373              	.LVL133:
 282:Src/wm8904.c  ****     ret +=  wm8904_write_reg(&pObj->Ctx, WM8904_ANALOG_LEFT_INPUT1, &tmp, 2U);
 1374              		.loc 1 282 9 view .LVU485
 1375 02a4 4FF01409 		mov	r9, #20
 283:Src/wm8904.c  **** 
 1376              		.loc 1 283 13 view .LVU486
 1377 02a8 0223     		movs	r3, #2
 1378 02aa 2E21     		movs	r1, #46
 280:Src/wm8904.c  **** 
 1379              		.loc 1 280 9 discriminator 1 view .LVU487
 1380 02ac 0444     		add	r4, r4, r0
 1381              	.LVL134:
 282:Src/wm8904.c  ****     ret +=  wm8904_write_reg(&pObj->Ctx, WM8904_ANALOG_LEFT_INPUT1, &tmp, 2U);
 1382              		.loc 1 282 5 is_stmt 1 view .LVU488
 283:Src/wm8904.c  **** 
 1383              		.loc 1 283 13 is_stmt 0 view .LVU489
 1384 02ae 0DF10602 		add	r2, sp, #6
ARM GAS  C:\Users\Antonio\AppData\Local\Temp\ccSzblGd.s 			page 51


 1385 02b2 2846     		mov	r0, r5
 282:Src/wm8904.c  ****     ret +=  wm8904_write_reg(&pObj->Ctx, WM8904_ANALOG_LEFT_INPUT1, &tmp, 2U);
 1386              		.loc 1 282 9 view .LVU490
 1387 02b4 ADF80690 		strh	r9, [sp, #6]	@ movhi
 283:Src/wm8904.c  **** 
 1388              		.loc 1 283 5 is_stmt 1 view .LVU491
 283:Src/wm8904.c  **** 
 1389              		.loc 1 283 13 is_stmt 0 view .LVU492
 1390 02b8 FFF7FEFF 		bl	wm8904_write_reg
 1391              	.LVL135:
 286:Src/wm8904.c  ****   }
 1392              		.loc 1 286 13 view .LVU493
 1393 02bc 0223     		movs	r3, #2
 1394 02be 2F21     		movs	r1, #47
 283:Src/wm8904.c  **** 
 1395              		.loc 1 283 9 discriminator 1 view .LVU494
 1396 02c0 0444     		add	r4, r4, r0
 1397              	.LVL136:
 285:Src/wm8904.c  ****     ret +=  wm8904_write_reg(&pObj->Ctx, WM8904_ANALOG_RIGHT_INPUT1, &tmp, 2U);
 1398              		.loc 1 285 5 is_stmt 1 view .LVU495
 285:Src/wm8904.c  ****     ret +=  wm8904_write_reg(&pObj->Ctx, WM8904_ANALOG_RIGHT_INPUT1, &tmp, 2U);
 1399              		.loc 1 285 9 is_stmt 0 view .LVU496
 1400 02c2 ADF80690 		strh	r9, [sp, #6]	@ movhi
 286:Src/wm8904.c  ****   }
 1401              		.loc 1 286 5 is_stmt 1 view .LVU497
 286:Src/wm8904.c  ****   }
 1402              		.loc 1 286 13 is_stmt 0 view .LVU498
 1403 02c6 0DF10602 		add	r2, sp, #6
 1404              	.L62:
 302:Src/wm8904.c  ****   }
 1405              		.loc 1 302 13 view .LVU499
 1406 02ca 2846     		mov	r0, r5
 1407 02cc FFF7FEFF 		bl	wm8904_write_reg
 1408              	.LVL137:
 309:Src/wm8904.c  ****   ret += wm8904_write_reg(&pObj->Ctx, WM8904_CHARGE_PUMP0, &tmp, 2U);
 1409              		.loc 1 309 7 view .LVU500
 1410 02d0 4FF00109 		mov	r9, #1
 310:Src/wm8904.c  **** 
 1411              		.loc 1 310 10 view .LVU501
 1412 02d4 0DF10602 		add	r2, sp, #6
 1413 02d8 0223     		movs	r3, #2
 1414 02da 6221     		movs	r1, #98
 302:Src/wm8904.c  ****   }
 1415              		.loc 1 302 9 discriminator 1 view .LVU502
 1416 02dc 0444     		add	r4, r4, r0
 1417              	.LVL138:
 309:Src/wm8904.c  ****   ret += wm8904_write_reg(&pObj->Ctx, WM8904_CHARGE_PUMP0, &tmp, 2U);
 1418              		.loc 1 309 3 is_stmt 1 view .LVU503
 310:Src/wm8904.c  **** 
 1419              		.loc 1 310 10 is_stmt 0 view .LVU504
 1420 02de 2846     		mov	r0, r5
 309:Src/wm8904.c  ****   ret += wm8904_write_reg(&pObj->Ctx, WM8904_CHARGE_PUMP0, &tmp, 2U);
 1421              		.loc 1 309 7 view .LVU505
 1422 02e0 ADF80690 		strh	r9, [sp, #6]	@ movhi
 310:Src/wm8904.c  **** 
 1423              		.loc 1 310 3 is_stmt 1 view .LVU506
 310:Src/wm8904.c  **** 
ARM GAS  C:\Users\Antonio\AppData\Local\Temp\ccSzblGd.s 			page 52


 1424              		.loc 1 310 10 is_stmt 0 view .LVU507
 1425 02e4 FFF7FEFF 		bl	wm8904_write_reg
 1426              	.LVL139:
 316:Src/wm8904.c  ****   ret += wm8904_write_reg(&pObj->Ctx, WM8904_ANALOG_HP0, &tmp, 2U);
 1427              		.loc 1 316 7 view .LVU508
 1428 02e8 1123     		movs	r3, #17
 317:Src/wm8904.c  **** 
 1429              		.loc 1 317 10 view .LVU509
 1430 02ea 0DF10602 		add	r2, sp, #6
 316:Src/wm8904.c  ****   ret += wm8904_write_reg(&pObj->Ctx, WM8904_ANALOG_HP0, &tmp, 2U);
 1431              		.loc 1 316 7 view .LVU510
 1432 02ee ADF80630 		strh	r3, [sp, #6]	@ movhi
 317:Src/wm8904.c  **** 
 1433              		.loc 1 317 10 view .LVU511
 1434 02f2 5A21     		movs	r1, #90
 1435 02f4 0223     		movs	r3, #2
 310:Src/wm8904.c  **** 
 1436              		.loc 1 310 7 discriminator 1 view .LVU512
 1437 02f6 0444     		add	r4, r4, r0
 1438              	.LVL140:
 316:Src/wm8904.c  ****   ret += wm8904_write_reg(&pObj->Ctx, WM8904_ANALOG_HP0, &tmp, 2U);
 1439              		.loc 1 316 3 is_stmt 1 view .LVU513
 317:Src/wm8904.c  **** 
 1440              		.loc 1 317 3 view .LVU514
 317:Src/wm8904.c  **** 
 1441              		.loc 1 317 10 is_stmt 0 view .LVU515
 1442 02f8 2846     		mov	r0, r5
 1443 02fa FFF7FEFF 		bl	wm8904_write_reg
 1444              	.LVL141:
 319:Src/wm8904.c  ****   ret += wm8904_write_reg(&pObj->Ctx, WM8904_ANALOG_HP0, &tmp, 2U);
 1445              		.loc 1 319 7 view .LVU516
 1446 02fe 3323     		movs	r3, #51
 320:Src/wm8904.c  **** 
 1447              		.loc 1 320 10 view .LVU517
 1448 0300 0DF10602 		add	r2, sp, #6
 319:Src/wm8904.c  ****   ret += wm8904_write_reg(&pObj->Ctx, WM8904_ANALOG_HP0, &tmp, 2U);
 1449              		.loc 1 319 7 view .LVU518
 1450 0304 ADF80630 		strh	r3, [sp, #6]	@ movhi
 320:Src/wm8904.c  **** 
 1451              		.loc 1 320 10 view .LVU519
 1452 0308 5A21     		movs	r1, #90
 1453 030a 0223     		movs	r3, #2
 317:Src/wm8904.c  **** 
 1454              		.loc 1 317 7 discriminator 1 view .LVU520
 1455 030c 0444     		add	r4, r4, r0
 1456              	.LVL142:
 319:Src/wm8904.c  ****   ret += wm8904_write_reg(&pObj->Ctx, WM8904_ANALOG_HP0, &tmp, 2U);
 1457              		.loc 1 319 3 is_stmt 1 view .LVU521
 320:Src/wm8904.c  **** 
 1458              		.loc 1 320 3 view .LVU522
 320:Src/wm8904.c  **** 
 1459              		.loc 1 320 10 is_stmt 0 view .LVU523
 1460 030e 2846     		mov	r0, r5
 1461 0310 FFF7FEFF 		bl	wm8904_write_reg
 1462              	.LVL143:
 326:Src/wm8904.c  ****   ret += wm8904_write_reg(&pObj->Ctx, WM8904_DC_SERVO0, &tmp, 2U);
 1463              		.loc 1 326 7 view .LVU524
ARM GAS  C:\Users\Antonio\AppData\Local\Temp\ccSzblGd.s 			page 53


 1464 0314 0323     		movs	r3, #3
 327:Src/wm8904.c  **** 
 1465              		.loc 1 327 10 view .LVU525
 1466 0316 0DF10602 		add	r2, sp, #6
 326:Src/wm8904.c  ****   ret += wm8904_write_reg(&pObj->Ctx, WM8904_DC_SERVO0, &tmp, 2U);
 1467              		.loc 1 326 7 view .LVU526
 1468 031a ADF80630 		strh	r3, [sp, #6]	@ movhi
 327:Src/wm8904.c  **** 
 1469              		.loc 1 327 10 view .LVU527
 1470 031e 4321     		movs	r1, #67
 1471 0320 0223     		movs	r3, #2
 320:Src/wm8904.c  **** 
 1472              		.loc 1 320 7 discriminator 1 view .LVU528
 1473 0322 0444     		add	r4, r4, r0
 1474              	.LVL144:
 326:Src/wm8904.c  ****   ret += wm8904_write_reg(&pObj->Ctx, WM8904_DC_SERVO0, &tmp, 2U);
 1475              		.loc 1 326 3 is_stmt 1 view .LVU529
 327:Src/wm8904.c  **** 
 1476              		.loc 1 327 3 view .LVU530
 327:Src/wm8904.c  **** 
 1477              		.loc 1 327 10 is_stmt 0 view .LVU531
 1478 0324 2846     		mov	r0, r5
 1479 0326 FFF7FEFF 		bl	wm8904_write_reg
 1480              	.LVL145:
 329:Src/wm8904.c  ****   ret += wm8904_write_reg(&pObj->Ctx, WM8904_DC_SERVO1, &tmp, 2U);
 1481              		.loc 1 329 7 view .LVU532
 1482 032a 3023     		movs	r3, #48
 330:Src/wm8904.c  ****   WM8904_Delay(pObj, 300U);
 1483              		.loc 1 330 10 view .LVU533
 1484 032c 0DF10602 		add	r2, sp, #6
 329:Src/wm8904.c  ****   ret += wm8904_write_reg(&pObj->Ctx, WM8904_DC_SERVO1, &tmp, 2U);
 1485              		.loc 1 329 7 view .LVU534
 1486 0330 ADF80630 		strh	r3, [sp, #6]	@ movhi
 330:Src/wm8904.c  ****   WM8904_Delay(pObj, 300U);
 1487              		.loc 1 330 10 view .LVU535
 1488 0334 4421     		movs	r1, #68
 1489 0336 0223     		movs	r3, #2
 327:Src/wm8904.c  **** 
 1490              		.loc 1 327 7 discriminator 1 view .LVU536
 1491 0338 0444     		add	r4, r4, r0
 1492              	.LVL146:
 329:Src/wm8904.c  ****   ret += wm8904_write_reg(&pObj->Ctx, WM8904_DC_SERVO1, &tmp, 2U);
 1493              		.loc 1 329 3 is_stmt 1 view .LVU537
 330:Src/wm8904.c  ****   WM8904_Delay(pObj, 300U);
 1494              		.loc 1 330 3 view .LVU538
 330:Src/wm8904.c  ****   WM8904_Delay(pObj, 300U);
 1495              		.loc 1 330 10 is_stmt 0 view .LVU539
 1496 033a 2846     		mov	r0, r5
 1497 033c FFF7FEFF 		bl	wm8904_write_reg
 1498              	.LVL147:
 331:Src/wm8904.c  **** 
 1499              		.loc 1 331 3 view .LVU540
 1500 0340 4FF49671 		mov	r1, #300
 330:Src/wm8904.c  ****   WM8904_Delay(pObj, 300U);
 1501              		.loc 1 330 7 discriminator 1 view .LVU541
 1502 0344 0444     		add	r4, r4, r0
 1503              	.LVL148:
ARM GAS  C:\Users\Antonio\AppData\Local\Temp\ccSzblGd.s 			page 54


 331:Src/wm8904.c  **** 
 1504              		.loc 1 331 3 is_stmt 1 view .LVU542
 1505 0346 3846     		mov	r0, r7
 1506 0348 FFF7FEFF 		bl	WM8904_Delay
 1507              	.LVL149:
 337:Src/wm8904.c  ****   ret += wm8904_write_reg(&pObj->Ctx, WM8904_ANALOG_HP0, &tmp, 2U);
 1508              		.loc 1 337 3 view .LVU543
 337:Src/wm8904.c  ****   ret += wm8904_write_reg(&pObj->Ctx, WM8904_ANALOG_HP0, &tmp, 2U);
 1509              		.loc 1 337 7 is_stmt 0 view .LVU544
 1510 034c 7723     		movs	r3, #119
 338:Src/wm8904.c  **** 
 1511              		.loc 1 338 10 view .LVU545
 1512 034e 0DF10602 		add	r2, sp, #6
 337:Src/wm8904.c  ****   ret += wm8904_write_reg(&pObj->Ctx, WM8904_ANALOG_HP0, &tmp, 2U);
 1513              		.loc 1 337 7 view .LVU546
 1514 0352 ADF80630 		strh	r3, [sp, #6]	@ movhi
 338:Src/wm8904.c  **** 
 1515              		.loc 1 338 3 is_stmt 1 view .LVU547
 338:Src/wm8904.c  **** 
 1516              		.loc 1 338 10 is_stmt 0 view .LVU548
 1517 0356 5A21     		movs	r1, #90
 1518 0358 0223     		movs	r3, #2
 1519 035a 2846     		mov	r0, r5
 1520 035c FFF7FEFF 		bl	wm8904_write_reg
 1521              	.LVL150:
 340:Src/wm8904.c  ****   ret += wm8904_write_reg(&pObj->Ctx, WM8904_ANALOG_HP0, &tmp, 2U);
 1522              		.loc 1 340 7 view .LVU549
 1523 0360 FF23     		movs	r3, #255
 341:Src/wm8904.c  **** 
 1524              		.loc 1 341 10 view .LVU550
 1525 0362 0DF10602 		add	r2, sp, #6
 340:Src/wm8904.c  ****   ret += wm8904_write_reg(&pObj->Ctx, WM8904_ANALOG_HP0, &tmp, 2U);
 1526              		.loc 1 340 7 view .LVU551
 1527 0366 ADF80630 		strh	r3, [sp, #6]	@ movhi
 341:Src/wm8904.c  **** 
 1528              		.loc 1 341 10 view .LVU552
 1529 036a 5A21     		movs	r1, #90
 1530 036c 0223     		movs	r3, #2
 338:Src/wm8904.c  **** 
 1531              		.loc 1 338 7 discriminator 1 view .LVU553
 1532 036e 0444     		add	r4, r4, r0
 1533              	.LVL151:
 340:Src/wm8904.c  ****   ret += wm8904_write_reg(&pObj->Ctx, WM8904_ANALOG_HP0, &tmp, 2U);
 1534              		.loc 1 340 3 is_stmt 1 view .LVU554
 341:Src/wm8904.c  **** 
 1535              		.loc 1 341 3 view .LVU555
 341:Src/wm8904.c  **** 
 1536              		.loc 1 341 10 is_stmt 0 view .LVU556
 1537 0370 2846     		mov	r0, r5
 1538 0372 FFF7FEFF 		bl	wm8904_write_reg
 1539              	.LVL152:
 348:Src/wm8904.c  **** 
 1540              		.loc 1 348 10 view .LVU557
 1541 0376 0DF10602 		add	r2, sp, #6
 341:Src/wm8904.c  **** 
 1542              		.loc 1 341 7 discriminator 1 view .LVU558
 1543 037a 0444     		add	r4, r4, r0
ARM GAS  C:\Users\Antonio\AppData\Local\Temp\ccSzblGd.s 			page 55


 1544              	.LVL153:
 347:Src/wm8904.c  ****   ret += wm8904_write_reg(&pObj->Ctx, WM8904_CLASS_W0, &tmp, 2U);
 1545              		.loc 1 347 3 is_stmt 1 view .LVU559
 348:Src/wm8904.c  **** 
 1546              		.loc 1 348 10 is_stmt 0 view .LVU560
 1547 037c 0223     		movs	r3, #2
 1548 037e 6821     		movs	r1, #104
 1549 0380 2846     		mov	r0, r5
 347:Src/wm8904.c  ****   ret += wm8904_write_reg(&pObj->Ctx, WM8904_CLASS_W0, &tmp, 2U);
 1550              		.loc 1 347 7 view .LVU561
 1551 0382 ADF80690 		strh	r9, [sp, #6]	@ movhi
 348:Src/wm8904.c  **** 
 1552              		.loc 1 348 3 is_stmt 1 view .LVU562
 348:Src/wm8904.c  **** 
 1553              		.loc 1 348 10 is_stmt 0 view .LVU563
 1554 0386 FFF7FEFF 		bl	wm8904_write_reg
 1555              	.LVL154:
 351:Src/wm8904.c  **** 
 1556              		.loc 1 351 3 is_stmt 1 view .LVU564
 351:Src/wm8904.c  **** 
 1557              		.loc 1 351 48 is_stmt 0 view .LVU565
 1558 038a D6E90023 		ldrd	r2, r3, [r6]
 356:Src/wm8904.c  **** 
 1559              		.loc 1 356 1 view .LVU566
 1560 038e 2044     		add	r0, r0, r4
 1561              	.LVL155:
 351:Src/wm8904.c  **** 
 1562              		.loc 1 351 48 view .LVU567
 1563 0390 1343     		orrs	r3, r3, r2
 351:Src/wm8904.c  **** 
 1564              		.loc 1 351 25 view .LVU568
 1565 0392 C8F80030 		str	r3, [r8]
 353:Src/wm8904.c  **** 
 1566              		.loc 1 353 3 is_stmt 1 view .LVU569
 353:Src/wm8904.c  **** 
 1567              		.loc 1 353 23 is_stmt 0 view .LVU570
 1568 0396 87F82490 		strb	r9, [r7, #36]
 355:Src/wm8904.c  **** }
 1569              		.loc 1 355 3 is_stmt 1 view .LVU571
 356:Src/wm8904.c  **** 
 1570              		.loc 1 356 1 is_stmt 0 view .LVU572
 1571 039a 03B0     		add	sp, sp, #12
 1572              		.cfi_remember_state
 1573              		.cfi_def_cfa_offset 28
 1574              		@ sp needed
 1575 039c BDE8F083 		pop	{r4, r5, r6, r7, r8, r9, pc}
 1576              	.LVL156:
 1577              	.L54:
 1578              		.cfi_restore_state
 103:Src/wm8904.c  ****   uint16_t tmp;
 1579              		.loc 1 103 11 view .LVU573
 1580 03a0 2C46     		mov	r4, r5
 1581 03a2 3BE6     		b	.L44
 1582              	.LVL157:
 1583              	.L47:
 224:Src/wm8904.c  ****     ret += wm8904_write_reg(&pObj->Ctx, WM8904_DIGITAL_MICROPHONE0, &tmp, 2U);
 1584              		.loc 1 224 5 is_stmt 1 view .LVU574
ARM GAS  C:\Users\Antonio\AppData\Local\Temp\ccSzblGd.s 			page 56


 224:Src/wm8904.c  ****     ret += wm8904_write_reg(&pObj->Ctx, WM8904_DIGITAL_MICROPHONE0, &tmp, 2U);
 1585              		.loc 1 224 9 is_stmt 0 view .LVU575
 1586 03a4 0023     		movs	r3, #0
 225:Src/wm8904.c  **** 
 1587              		.loc 1 225 12 view .LVU576
 1588 03a6 2721     		movs	r1, #39
 224:Src/wm8904.c  ****     ret += wm8904_write_reg(&pObj->Ctx, WM8904_DIGITAL_MICROPHONE0, &tmp, 2U);
 1589              		.loc 1 224 9 view .LVU577
 1590 03a8 ADF80630 		strh	r3, [sp, #6]	@ movhi
 225:Src/wm8904.c  **** 
 1591              		.loc 1 225 5 is_stmt 1 view .LVU578
 225:Src/wm8904.c  **** 
 1592              		.loc 1 225 12 is_stmt 0 view .LVU579
 1593 03ac 0DF10602 		add	r2, sp, #6
 1594 03b0 0223     		movs	r3, #2
 1595 03b2 2846     		mov	r0, r5
 1596 03b4 FFF7FEFF 		bl	wm8904_write_reg
 1597              	.LVL158:
 227:Src/wm8904.c  ****     ret += wm8904_write_reg(&pObj->Ctx, WM8904_GPIO_CONTROL1, &tmp, 2U);
 1598              		.loc 1 227 9 view .LVU580
 1599 03b8 1423     		movs	r3, #20
 228:Src/wm8904.c  **** 
 1600              		.loc 1 228 12 view .LVU581
 1601 03ba 7921     		movs	r1, #121
 225:Src/wm8904.c  **** 
 1602              		.loc 1 225 9 discriminator 1 view .LVU582
 1603 03bc 0444     		add	r4, r4, r0
 1604              	.LVL159:
 227:Src/wm8904.c  ****     ret += wm8904_write_reg(&pObj->Ctx, WM8904_GPIO_CONTROL1, &tmp, 2U);
 1605              		.loc 1 227 5 is_stmt 1 view .LVU583
 227:Src/wm8904.c  ****     ret += wm8904_write_reg(&pObj->Ctx, WM8904_GPIO_CONTROL1, &tmp, 2U);
 1606              		.loc 1 227 9 is_stmt 0 view .LVU584
 1607 03be ADF80630 		strh	r3, [sp, #6]	@ movhi
 228:Src/wm8904.c  **** 
 1608              		.loc 1 228 5 is_stmt 1 view .LVU585
 228:Src/wm8904.c  **** 
 1609              		.loc 1 228 12 is_stmt 0 view .LVU586
 1610 03c2 0DF10602 		add	r2, sp, #6
 1611 03c6 0223     		movs	r3, #2
 1612 03c8 2846     		mov	r0, r5
 1613 03ca FFF7FEFF 		bl	wm8904_write_reg
 1614              	.LVL160:
 230:Src/wm8904.c  ****     ret += wm8904_write_reg(&pObj->Ctx, WM8904_DRC0, &tmp, 2U);
 1615              		.loc 1 230 9 view .LVU587
 1616 03ce 40F2AF13 		movw	r3, #431
 228:Src/wm8904.c  **** 
 1617              		.loc 1 228 9 discriminator 1 view .LVU588
 1618 03d2 0444     		add	r4, r4, r0
 1619              	.LVL161:
 230:Src/wm8904.c  ****     ret += wm8904_write_reg(&pObj->Ctx, WM8904_DRC0, &tmp, 2U);
 1620              		.loc 1 230 5 is_stmt 1 view .LVU589
 230:Src/wm8904.c  ****     ret += wm8904_write_reg(&pObj->Ctx, WM8904_DRC0, &tmp, 2U);
 1621              		.loc 1 230 9 is_stmt 0 view .LVU590
 1622 03d4 ADF80630 		strh	r3, [sp, #6]	@ movhi
 231:Src/wm8904.c  **** 
 1623              		.loc 1 231 5 is_stmt 1 view .LVU591
 231:Src/wm8904.c  **** 
ARM GAS  C:\Users\Antonio\AppData\Local\Temp\ccSzblGd.s 			page 57


 1624              		.loc 1 231 12 is_stmt 0 view .LVU592
 1625 03d8 2821     		movs	r1, #40
 1626 03da 0223     		movs	r3, #2
 1627 03dc 2846     		mov	r0, r5
 1628 03de 0DF10602 		add	r2, sp, #6
 1629 03e2 FFF7FEFF 		bl	wm8904_write_reg
 1630              	.LVL162:
 233:Src/wm8904.c  ****     ret += wm8904_write_reg(&pObj->Ctx, WM8904_ANALOG_ADC0, &tmp, 2U);
 1631              		.loc 1 233 9 view .LVU593
 1632 03e6 0123     		movs	r3, #1
 231:Src/wm8904.c  **** 
 1633              		.loc 1 231 9 discriminator 1 view .LVU594
 1634 03e8 0444     		add	r4, r4, r0
 1635              	.LVL163:
 233:Src/wm8904.c  ****     ret += wm8904_write_reg(&pObj->Ctx, WM8904_ANALOG_ADC0, &tmp, 2U);
 1636              		.loc 1 233 5 is_stmt 1 view .LVU595
 1637 03ea EAE6     		b	.L61
 1638              	.L51:
 288:Src/wm8904.c  ****   {
 1639              		.loc 1 288 8 view .LVU596
 288:Src/wm8904.c  ****   {
 1640              		.loc 1 288 11 is_stmt 0 view .LVU597
 1641 03ec B3F5807F 		cmp	r3, #256
 1642 03f0 1ED1     		bne	.L53
 290:Src/wm8904.c  ****     ret +=  wm8904_write_reg(&pObj->Ctx, WM8904_ADC_DIGITAL_VOL_LEFT, &tmp, 2U);
 1643              		.loc 1 290 5 is_stmt 1 view .LVU598
 290:Src/wm8904.c  ****     ret +=  wm8904_write_reg(&pObj->Ctx, WM8904_ADC_DIGITAL_VOL_LEFT, &tmp, 2U);
 1644              		.loc 1 290 9 is_stmt 0 view .LVU599
 1645 03f2 40F2FF13 		movw	r3, #511
 291:Src/wm8904.c  **** 
 1646              		.loc 1 291 13 view .LVU600
 1647 03f6 2421     		movs	r1, #36
 290:Src/wm8904.c  ****     ret +=  wm8904_write_reg(&pObj->Ctx, WM8904_ADC_DIGITAL_VOL_LEFT, &tmp, 2U);
 1648              		.loc 1 290 9 view .LVU601
 1649 03f8 ADF80630 		strh	r3, [sp, #6]	@ movhi
 291:Src/wm8904.c  **** 
 1650              		.loc 1 291 5 is_stmt 1 view .LVU602
 291:Src/wm8904.c  **** 
 1651              		.loc 1 291 13 is_stmt 0 view .LVU603
 1652 03fc 0DF10602 		add	r2, sp, #6
 1653 0400 0223     		movs	r3, #2
 1654 0402 2846     		mov	r0, r5
 1655 0404 FFF7FEFF 		bl	wm8904_write_reg
 1656              	.LVL164:
 293:Src/wm8904.c  ****     ret +=  wm8904_write_reg(&pObj->Ctx, WM8904_ANALOG_LEFT_INPUT0, &tmp, 2U);
 1657              		.loc 1 293 9 view .LVU604
 1658 0408 9A23     		movs	r3, #154
 294:Src/wm8904.c  **** 
 1659              		.loc 1 294 13 view .LVU605
 1660 040a 2C21     		movs	r1, #44
 291:Src/wm8904.c  **** 
 1661              		.loc 1 291 9 discriminator 1 view .LVU606
 1662 040c 0444     		add	r4, r4, r0
 1663              	.LVL165:
 293:Src/wm8904.c  ****     ret +=  wm8904_write_reg(&pObj->Ctx, WM8904_ANALOG_LEFT_INPUT0, &tmp, 2U);
 1664              		.loc 1 293 5 is_stmt 1 view .LVU607
 293:Src/wm8904.c  ****     ret +=  wm8904_write_reg(&pObj->Ctx, WM8904_ANALOG_LEFT_INPUT0, &tmp, 2U);
ARM GAS  C:\Users\Antonio\AppData\Local\Temp\ccSzblGd.s 			page 58


 1665              		.loc 1 293 9 is_stmt 0 view .LVU608
 1666 040e ADF80630 		strh	r3, [sp, #6]	@ movhi
 294:Src/wm8904.c  **** 
 1667              		.loc 1 294 5 is_stmt 1 view .LVU609
 294:Src/wm8904.c  **** 
 1668              		.loc 1 294 13 is_stmt 0 view .LVU610
 1669 0412 0DF10602 		add	r2, sp, #6
 1670 0416 0223     		movs	r3, #2
 1671 0418 2846     		mov	r0, r5
 1672 041a FFF7FEFF 		bl	wm8904_write_reg
 1673              	.LVL166:
 296:Src/wm8904.c  ****     ret +=  wm8904_write_reg(&pObj->Ctx, WM8904_ANALOG_LEFT_INPUT1, &tmp, 2U);
 1674              		.loc 1 296 9 view .LVU611
 1675 041e 4423     		movs	r3, #68
 297:Src/wm8904.c  ****   }
 1676              		.loc 1 297 13 view .LVU612
 1677 0420 2E21     		movs	r1, #46
 296:Src/wm8904.c  ****     ret +=  wm8904_write_reg(&pObj->Ctx, WM8904_ANALOG_LEFT_INPUT1, &tmp, 2U);
 1678              		.loc 1 296 9 view .LVU613
 1679 0422 ADF80630 		strh	r3, [sp, #6]	@ movhi
 294:Src/wm8904.c  **** 
 1680              		.loc 1 294 9 discriminator 1 view .LVU614
 1681 0426 0444     		add	r4, r4, r0
 1682              	.LVL167:
 296:Src/wm8904.c  ****     ret +=  wm8904_write_reg(&pObj->Ctx, WM8904_ANALOG_LEFT_INPUT1, &tmp, 2U);
 1683              		.loc 1 296 5 is_stmt 1 view .LVU615
 297:Src/wm8904.c  ****   }
 1684              		.loc 1 297 5 view .LVU616
 297:Src/wm8904.c  ****   }
 1685              		.loc 1 297 13 is_stmt 0 view .LVU617
 1686 0428 0223     		movs	r3, #2
 1687 042a 0DF10602 		add	r2, sp, #6
 1688 042e 4CE7     		b	.L62
 1689              	.L53:
 301:Src/wm8904.c  ****     ret +=  wm8904_write_reg(&pObj->Ctx, WM8904_ADC_DIGITAL_VOL_LEFT, &tmp, 2U);
 1690              		.loc 1 301 5 is_stmt 1 view .LVU618
 301:Src/wm8904.c  ****     ret +=  wm8904_write_reg(&pObj->Ctx, WM8904_ADC_DIGITAL_VOL_LEFT, &tmp, 2U);
 1691              		.loc 1 301 9 is_stmt 0 view .LVU619
 1692 0430 4FF48073 		mov	r3, #256
 302:Src/wm8904.c  ****   }
 1693              		.loc 1 302 13 view .LVU620
 1694 0434 2421     		movs	r1, #36
 301:Src/wm8904.c  ****     ret +=  wm8904_write_reg(&pObj->Ctx, WM8904_ADC_DIGITAL_VOL_LEFT, &tmp, 2U);
 1695              		.loc 1 301 9 view .LVU621
 1696 0436 ADF80630 		strh	r3, [sp, #6]	@ movhi
 302:Src/wm8904.c  ****   }
 1697              		.loc 1 302 5 is_stmt 1 view .LVU622
 302:Src/wm8904.c  ****   }
 1698              		.loc 1 302 13 is_stmt 0 view .LVU623
 1699 043a 0DF10602 		add	r2, sp, #6
 1700 043e 0223     		movs	r3, #2
 1701 0440 43E7     		b	.L62
 1702              	.L64:
 1703 0442 00BF     		.align	2
 1704              	.L63:
 1705 0444 00000000 		.word	WM8904_CurrentDevices
 1706              		.cfi_endproc
ARM GAS  C:\Users\Antonio\AppData\Local\Temp\ccSzblGd.s 			page 59


 1707              	.LFE0:
 1709              		.section	.text.WM8904_Reset,"ax",%progbits
 1710              		.align	1
 1711              		.global	WM8904_Reset
 1712              		.syntax unified
 1713              		.thumb
 1714              		.thumb_func
 1716              	WM8904_Reset:
 1717              	.LVL168:
 1718              	.LFB17:
 921:Src/wm8904.c  ****   uint16_t tmp;
 1719              		.loc 1 921 1 is_stmt 1 view -0
 1720              		.cfi_startproc
 1721              		@ args = 0, pretend = 0, frame = 8
 1722              		@ frame_needed = 0, uses_anonymous_args = 0
 922:Src/wm8904.c  ****   int32_t  ret;
 1723              		.loc 1 922 3 view .LVU625
 923:Src/wm8904.c  **** 
 1724              		.loc 1 923 3 view .LVU626
 926:Src/wm8904.c  ****   ret = wm8904_write_reg(&pObj->Ctx, WM8904_SW_RESET, &tmp, 2U);
 1725              		.loc 1 926 3 view .LVU627
 921:Src/wm8904.c  ****   uint16_t tmp;
 1726              		.loc 1 921 1 is_stmt 0 view .LVU628
 1727 0000 07B5     		push	{r0, r1, r2, lr}
 1728              		.cfi_def_cfa_offset 16
 1729              		.cfi_offset 14, -4
 926:Src/wm8904.c  ****   ret = wm8904_write_reg(&pObj->Ctx, WM8904_SW_RESET, &tmp, 2U);
 1730              		.loc 1 926 7 view .LVU629
 1731 0002 0021     		movs	r1, #0
 927:Src/wm8904.c  **** 
 1732              		.loc 1 927 9 view .LVU630
 1733 0004 0223     		movs	r3, #2
 1734 0006 0DF10602 		add	r2, sp, #6
 1735 000a 1830     		adds	r0, r0, #24
 1736              	.LVL169:
 926:Src/wm8904.c  ****   ret = wm8904_write_reg(&pObj->Ctx, WM8904_SW_RESET, &tmp, 2U);
 1737              		.loc 1 926 7 view .LVU631
 1738 000c ADF80610 		strh	r1, [sp, #6]	@ movhi
 927:Src/wm8904.c  **** 
 1739              		.loc 1 927 3 is_stmt 1 view .LVU632
 927:Src/wm8904.c  **** 
 1740              		.loc 1 927 9 is_stmt 0 view .LVU633
 1741 0010 FFF7FEFF 		bl	wm8904_write_reg
 1742              	.LVL170:
 929:Src/wm8904.c  **** }
 1743              		.loc 1 929 3 is_stmt 1 view .LVU634
 930:Src/wm8904.c  **** 
 1744              		.loc 1 930 1 is_stmt 0 view .LVU635
 1745 0014 03B0     		add	sp, sp, #12
 1746              		.cfi_def_cfa_offset 4
 1747              		@ sp needed
 1748 0016 5DF804FB 		ldr	pc, [sp], #4
 1749              		.cfi_endproc
 1750              	.LFE17:
 1752              		.section	.text.WM8904_ReadID,"ax",%progbits
 1753              		.align	1
 1754              		.global	WM8904_ReadID
ARM GAS  C:\Users\Antonio\AppData\Local\Temp\ccSzblGd.s 			page 60


 1755              		.syntax unified
 1756              		.thumb
 1757              		.thumb_func
 1759              	WM8904_ReadID:
 1760              	.LVL171:
 1761              	.LFB2:
 465:Src/wm8904.c  ****   int32_t ret;
 1762              		.loc 1 465 1 is_stmt 1 view -0
 1763              		.cfi_startproc
 1764              		@ args = 0, pretend = 0, frame = 8
 1765              		@ frame_needed = 0, uses_anonymous_args = 0
 466:Src/wm8904.c  ****   uint16_t wm8904_id;
 1766              		.loc 1 466 3 view .LVU637
 467:Src/wm8904.c  **** 
 1767              		.loc 1 467 3 view .LVU638
 470:Src/wm8904.c  **** 
 1768              		.loc 1 470 3 view .LVU639
 465:Src/wm8904.c  ****   int32_t ret;
 1769              		.loc 1 465 1 is_stmt 0 view .LVU640
 1770 0000 37B5     		push	{r0, r1, r2, r4, r5, lr}
 1771              		.cfi_def_cfa_offset 24
 1772              		.cfi_offset 4, -12
 1773              		.cfi_offset 5, -8
 1774              		.cfi_offset 14, -4
 470:Src/wm8904.c  **** 
 1775              		.loc 1 470 3 view .LVU641
 1776 0002 0446     		mov	r4, r0
 1777 0004 54F8183B 		ldr	r3, [r4], #24
 465:Src/wm8904.c  ****   int32_t ret;
 1778              		.loc 1 465 1 view .LVU642
 1779 0008 0D46     		mov	r5, r1
 470:Src/wm8904.c  **** 
 1780              		.loc 1 470 3 view .LVU643
 1781 000a 9847     		blx	r3
 1782              	.LVL172:
 473:Src/wm8904.c  **** 
 1783              		.loc 1 473 3 is_stmt 1 view .LVU644
 473:Src/wm8904.c  **** 
 1784              		.loc 1 473 9 is_stmt 0 view .LVU645
 1785 000c 0223     		movs	r3, #2
 1786 000e 0021     		movs	r1, #0
 1787 0010 2046     		mov	r0, r4
 1788 0012 0DF10602 		add	r2, sp, #6
 1789 0016 FFF7FEFF 		bl	wm8904_read_reg
 1790              	.LVL173:
 475:Src/wm8904.c  **** 
 1791              		.loc 1 475 3 is_stmt 1 view .LVU646
 475:Src/wm8904.c  **** 
 1792              		.loc 1 475 7 is_stmt 0 view .LVU647
 1793 001a BDF80630 		ldrh	r3, [sp, #6]
 1794 001e 2B60     		str	r3, [r5]
 477:Src/wm8904.c  **** }
 1795              		.loc 1 477 3 is_stmt 1 view .LVU648
 478:Src/wm8904.c  **** 
 1796              		.loc 1 478 1 is_stmt 0 view .LVU649
 1797 0020 03B0     		add	sp, sp, #12
 1798              		.cfi_def_cfa_offset 12
ARM GAS  C:\Users\Antonio\AppData\Local\Temp\ccSzblGd.s 			page 61


 1799              		@ sp needed
 1800 0022 30BD     		pop	{r4, r5, pc}
 478:Src/wm8904.c  **** 
 1801              		.loc 1 478 1 view .LVU650
 1802              		.cfi_endproc
 1803              	.LFE2:
 1805              		.section	.text.WM8904_GetVolume,"ax",%progbits
 1806              		.align	1
 1807              		.global	WM8904_GetVolume
 1808              		.syntax unified
 1809              		.thumb
 1810              		.thumb_func
 1812              	WM8904_GetVolume:
 1813              	.LVL174:
 1814              	.LFB8:
 615:Src/wm8904.c  ****   int32_t  ret;
 1815              		.loc 1 615 1 is_stmt 1 view -0
 1816              		.cfi_startproc
 1817              		@ args = 0, pretend = 0, frame = 8
 1818              		@ frame_needed = 0, uses_anonymous_args = 0
 616:Src/wm8904.c  ****   uint16_t tmp;
 1819              		.loc 1 616 3 view .LVU652
 617:Src/wm8904.c  **** 
 1820              		.loc 1 617 3 view .LVU653
 620:Src/wm8904.c  ****   {
 1821              		.loc 1 620 3 view .LVU654
 620:Src/wm8904.c  ****   {
 1822              		.loc 1 620 6 is_stmt 0 view .LVU655
 1823 0000 0129     		cmp	r1, #1
 615:Src/wm8904.c  ****   int32_t  ret;
 1824              		.loc 1 615 1 view .LVU656
 1825 0002 13B5     		push	{r0, r1, r4, lr}
 1826              		.cfi_def_cfa_offset 16
 1827              		.cfi_offset 4, -8
 1828              		.cfi_offset 14, -4
 615:Src/wm8904.c  ****   int32_t  ret;
 1829              		.loc 1 615 1 view .LVU657
 1830 0004 1446     		mov	r4, r2
 620:Src/wm8904.c  ****   {
 1831              		.loc 1 620 6 view .LVU658
 1832 0006 10D1     		bne	.L70
 623:Src/wm8904.c  ****     tmp &= 0x3FU;
 1833              		.loc 1 623 5 is_stmt 1 view .LVU659
 623:Src/wm8904.c  ****     tmp &= 0x3FU;
 1834              		.loc 1 623 11 is_stmt 0 view .LVU660
 1835 0008 0223     		movs	r3, #2
 1836 000a 3921     		movs	r1, #57
 1837              	.LVL175:
 623:Src/wm8904.c  ****     tmp &= 0x3FU;
 1838              		.loc 1 623 11 view .LVU661
 1839 000c 0DF10602 		add	r2, sp, #6
 1840              	.LVL176:
 623:Src/wm8904.c  ****     tmp &= 0x3FU;
 1841              		.loc 1 623 11 view .LVU662
 1842 0010 1830     		adds	r0, r0, #24
 1843              	.LVL177:
 623:Src/wm8904.c  ****     tmp &= 0x3FU;
ARM GAS  C:\Users\Antonio\AppData\Local\Temp\ccSzblGd.s 			page 62


 1844              		.loc 1 623 11 view .LVU663
 1845 0012 FFF7FEFF 		bl	wm8904_read_reg
 1846              	.LVL178:
 624:Src/wm8904.c  **** 
 1847              		.loc 1 624 5 is_stmt 1 view .LVU664
 626:Src/wm8904.c  ****     {
 1848              		.loc 1 626 5 view .LVU665
 626:Src/wm8904.c  ****     {
 1849              		.loc 1 626 8 is_stmt 0 view .LVU666
 1850 0016 30B9     		cbnz	r0, .L67
 628:Src/wm8904.c  ****     }
 1851              		.loc 1 628 7 is_stmt 1 view .LVU667
 624:Src/wm8904.c  **** 
 1852              		.loc 1 624 9 is_stmt 0 view .LVU668
 1853 0018 BDF80630 		ldrh	r3, [sp, #6]
 628:Src/wm8904.c  ****     }
 1854              		.loc 1 628 27 view .LVU669
 1855 001c 03F03F03 		and	r3, r3, #63
 1856 0020 0D3B     		subs	r3, r3, #13
 628:Src/wm8904.c  ****     }
 1857              		.loc 1 628 17 view .LVU670
 1858 0022 5B00     		lsls	r3, r3, #1
 628:Src/wm8904.c  ****     }
 1859              		.loc 1 628 15 view .LVU671
 1860 0024 2370     		strb	r3, [r4]
 1861              	.LVL179:
 1862              	.L67:
 637:Src/wm8904.c  **** 
 1863              		.loc 1 637 1 view .LVU672
 1864 0026 02B0     		add	sp, sp, #8
 1865              		.cfi_remember_state
 1866              		.cfi_def_cfa_offset 8
 1867              		@ sp needed
 1868 0028 10BD     		pop	{r4, pc}
 1869              	.LVL180:
 1870              	.L70:
 1871              		.cfi_restore_state
 633:Src/wm8904.c  ****   }
 1872              		.loc 1 633 9 view .LVU673
 1873 002a 4FF0FF30 		mov	r0, #-1
 1874              	.LVL181:
 636:Src/wm8904.c  **** }
 1875              		.loc 1 636 3 is_stmt 1 view .LVU674
 636:Src/wm8904.c  **** }
 1876              		.loc 1 636 10 is_stmt 0 view .LVU675
 1877 002e FAE7     		b	.L67
 1878              		.cfi_endproc
 1879              	.LFE8:
 1881              		.section	.text.WM8904_SetMute,"ax",%progbits
 1882              		.align	1
 1883              		.global	WM8904_SetMute
 1884              		.syntax unified
 1885              		.thumb
 1886              		.thumb_func
 1888              	WM8904_SetMute:
 1889              	.LVL182:
 1890              	.LFB9:
ARM GAS  C:\Users\Antonio\AppData\Local\Temp\ccSzblGd.s 			page 63


 647:Src/wm8904.c  ****   int32_t ret = WM8904_OK;
 1891              		.loc 1 647 1 is_stmt 1 view -0
 1892              		.cfi_startproc
 1893              		@ args = 0, pretend = 0, frame = 8
 1894              		@ frame_needed = 0, uses_anonymous_args = 0
 648:Src/wm8904.c  ****   uint16_t tmp;
 1895              		.loc 1 648 3 view .LVU677
 649:Src/wm8904.c  **** 
 1896              		.loc 1 649 3 view .LVU678
 651:Src/wm8904.c  ****   {
 1897              		.loc 1 651 3 view .LVU679
 647:Src/wm8904.c  ****   int32_t ret = WM8904_OK;
 1898              		.loc 1 647 1 is_stmt 0 view .LVU680
 1899 0000 2DE9F341 		push	{r0, r1, r4, r5, r6, r7, r8, lr}
 1900              		.cfi_def_cfa_offset 32
 1901              		.cfi_offset 4, -24
 1902              		.cfi_offset 5, -20
 1903              		.cfi_offset 6, -16
 1904              		.cfi_offset 7, -12
 1905              		.cfi_offset 8, -8
 1906              		.cfi_offset 14, -4
 651:Src/wm8904.c  ****   {
 1907              		.loc 1 651 30 view .LVU681
 1908 0004 354F     		ldr	r7, .L92
 647:Src/wm8904.c  ****   int32_t ret = WM8904_OK;
 1909              		.loc 1 647 1 view .LVU682
 1910 0006 0546     		mov	r5, r0
 651:Src/wm8904.c  ****   {
 1911              		.loc 1 651 30 view .LVU683
 1912 0008 3C68     		ldr	r4, [r7]
 647:Src/wm8904.c  ****   int32_t ret = WM8904_OK;
 1913              		.loc 1 647 1 view .LVU684
 1914 000a 0E46     		mov	r6, r1
 651:Src/wm8904.c  ****   {
 1915              		.loc 1 651 6 view .LVU685
 1916 000c 14F00104 		ands	r4, r4, #1
 1917 0010 1FD0     		beq	.L72
 654:Src/wm8904.c  **** 
 1918              		.loc 1 654 5 is_stmt 1 view .LVU686
 654:Src/wm8904.c  **** 
 1919              		.loc 1 654 28 is_stmt 0 view .LVU687
 1920 0012 00F11804 		add	r4, r0, #24
 654:Src/wm8904.c  **** 
 1921              		.loc 1 654 12 view .LVU688
 1922 0016 0223     		movs	r3, #2
 1923 0018 2121     		movs	r1, #33
 1924              	.LVL183:
 654:Src/wm8904.c  **** 
 1925              		.loc 1 654 12 view .LVU689
 1926 001a 2046     		mov	r0, r4
 1927              	.LVL184:
 654:Src/wm8904.c  **** 
 1928              		.loc 1 654 12 view .LVU690
 1929 001c 0DF10602 		add	r2, sp, #6
 1930 0020 FFF7FEFF 		bl	wm8904_read_reg
 1931              	.LVL185:
 1932 0024 BDF80630 		ldrh	r3, [sp, #6]
ARM GAS  C:\Users\Antonio\AppData\Local\Temp\ccSzblGd.s 			page 64


 659:Src/wm8904.c  ****     }
 1933              		.loc 1 659 11 view .LVU691
 1934 0028 012E     		cmp	r6, #1
 1935 002a 43F00802 		orr	r2, r3, #8
 1936 002e 92B2     		uxth	r2, r2
 1937 0030 23F00803 		bic	r3, r3, #8
 1938 0034 9BB2     		uxth	r3, r3
 1939 0036 08BF     		it	eq
 1940 0038 1346     		moveq	r3, r2
 654:Src/wm8904.c  **** 
 1941              		.loc 1 654 12 view .LVU692
 1942 003a 8046     		mov	r8, r0
 1943              	.LVL186:
 656:Src/wm8904.c  ****     {
 1944              		.loc 1 656 5 is_stmt 1 view .LVU693
 1945 003c ADF80630 		strh	r3, [sp, #6]	@ movhi
 666:Src/wm8904.c  ****   }
 1946              		.loc 1 666 5 view .LVU694
 666:Src/wm8904.c  ****   }
 1947              		.loc 1 666 12 is_stmt 0 view .LVU695
 1948 0040 2046     		mov	r0, r4
 1949              	.LVL187:
 666:Src/wm8904.c  ****   }
 1950              		.loc 1 666 12 view .LVU696
 1951 0042 0223     		movs	r3, #2
 1952 0044 2121     		movs	r1, #33
 1953 0046 0DF10602 		add	r2, sp, #6
 1954 004a FFF7FEFF 		bl	wm8904_write_reg
 1955              	.LVL188:
 666:Src/wm8904.c  ****   }
 1956              		.loc 1 666 9 discriminator 1 view .LVU697
 1957 004e 08EB0004 		add	r4, r8, r0
 1958              	.LVL189:
 1959              	.L72:
 669:Src/wm8904.c  ****   {
 1960              		.loc 1 669 3 is_stmt 1 view .LVU698
 669:Src/wm8904.c  ****   {
 1961              		.loc 1 669 30 is_stmt 0 view .LVU699
 1962 0052 3B68     		ldr	r3, [r7]
 669:Src/wm8904.c  ****   {
 1963              		.loc 1 669 6 view .LVU700
 1964 0054 DA05     		lsls	r2, r3, #23
 1965 0056 0ED5     		bpl	.L75
 671:Src/wm8904.c  ****     {
 1966              		.loc 1 671 5 is_stmt 1 view .LVU701
 673:Src/wm8904.c  ****     }
 1967              		.loc 1 673 11 is_stmt 0 view .LVU702
 1968 0058 012E     		cmp	r6, #1
 1969 005a 14BF     		ite	ne
 1970 005c 1A23     		movne	r3, #26
 1971 005e 9A23     		moveq	r3, #154
 679:Src/wm8904.c  ****   }
 1972              		.loc 1 679 13 view .LVU703
 1973 0060 2C21     		movs	r1, #44
 1974 0062 ADF80630 		strh	r3, [sp, #6]	@ movhi
 679:Src/wm8904.c  ****   }
 1975              		.loc 1 679 5 is_stmt 1 view .LVU704
ARM GAS  C:\Users\Antonio\AppData\Local\Temp\ccSzblGd.s 			page 65


 679:Src/wm8904.c  ****   }
 1976              		.loc 1 679 13 is_stmt 0 view .LVU705
 1977 0066 0DF10602 		add	r2, sp, #6
 1978 006a 0223     		movs	r3, #2
 1979 006c 05F11800 		add	r0, r5, #24
 1980 0070 FFF7FEFF 		bl	wm8904_write_reg
 1981              	.LVL190:
 679:Src/wm8904.c  ****   }
 1982              		.loc 1 679 9 discriminator 1 view .LVU706
 1983 0074 0444     		add	r4, r4, r0
 1984              	.LVL191:
 1985              	.L75:
 682:Src/wm8904.c  ****   {
 1986              		.loc 1 682 3 is_stmt 1 view .LVU707
 682:Src/wm8904.c  ****   {
 1987              		.loc 1 682 30 is_stmt 0 view .LVU708
 1988 0076 3B68     		ldr	r3, [r7]
 682:Src/wm8904.c  ****   {
 1989              		.loc 1 682 6 view .LVU709
 1990 0078 1805     		lsls	r0, r3, #20
 1991 007a 17D5     		bpl	.L77
 684:Src/wm8904.c  ****     {
 1992              		.loc 1 684 5 is_stmt 1 view .LVU710
 684:Src/wm8904.c  ****     {
 1993              		.loc 1 684 7 is_stmt 0 view .LVU711
 1994 007c 711E     		subs	r1, r6, #1
 1995 007e 4B42     		rsbs	r3, r1, #0
 1996 0080 4B41     		adcs	r3, r3, r1
 1997 0082 DB01     		lsls	r3, r3, #7
 692:Src/wm8904.c  ****     ret +=  wm8904_write_reg(&pObj->Ctx, WM8904_ANALOG_RIGHT_INPUT0, &tmp, 2U);
 1998              		.loc 1 692 30 view .LVU712
 1999 0084 05F11808 		add	r8, r5, #24
 692:Src/wm8904.c  ****     ret +=  wm8904_write_reg(&pObj->Ctx, WM8904_ANALOG_RIGHT_INPUT0, &tmp, 2U);
 2000              		.loc 1 692 13 view .LVU713
 2001 0088 2C21     		movs	r1, #44
 2002 008a ADF80630 		strh	r3, [sp, #6]	@ movhi
 692:Src/wm8904.c  ****     ret +=  wm8904_write_reg(&pObj->Ctx, WM8904_ANALOG_RIGHT_INPUT0, &tmp, 2U);
 2003              		.loc 1 692 5 is_stmt 1 view .LVU714
 692:Src/wm8904.c  ****     ret +=  wm8904_write_reg(&pObj->Ctx, WM8904_ANALOG_RIGHT_INPUT0, &tmp, 2U);
 2004              		.loc 1 692 13 is_stmt 0 view .LVU715
 2005 008e 0DF10602 		add	r2, sp, #6
 2006 0092 0223     		movs	r3, #2
 2007 0094 4046     		mov	r0, r8
 2008 0096 FFF7FEFF 		bl	wm8904_write_reg
 2009              	.LVL192:
 693:Src/wm8904.c  ****   }
 2010              		.loc 1 693 13 view .LVU716
 2011 009a 0223     		movs	r3, #2
 692:Src/wm8904.c  ****     ret +=  wm8904_write_reg(&pObj->Ctx, WM8904_ANALOG_RIGHT_INPUT0, &tmp, 2U);
 2012              		.loc 1 692 9 discriminator 1 view .LVU717
 2013 009c 0444     		add	r4, r4, r0
 2014              	.LVL193:
 693:Src/wm8904.c  ****   }
 2015              		.loc 1 693 5 is_stmt 1 view .LVU718
 693:Src/wm8904.c  ****   }
 2016              		.loc 1 693 13 is_stmt 0 view .LVU719
 2017 009e 2D21     		movs	r1, #45
ARM GAS  C:\Users\Antonio\AppData\Local\Temp\ccSzblGd.s 			page 66


 2018 00a0 4046     		mov	r0, r8
 2019 00a2 0DF10602 		add	r2, sp, #6
 2020 00a6 FFF7FEFF 		bl	wm8904_write_reg
 2021              	.LVL194:
 693:Src/wm8904.c  ****   }
 2022              		.loc 1 693 9 discriminator 1 view .LVU720
 2023 00aa 0444     		add	r4, r4, r0
 2024              	.LVL195:
 2025              	.L77:
 696:Src/wm8904.c  ****   {
 2026              		.loc 1 696 3 is_stmt 1 view .LVU721
 696:Src/wm8904.c  ****   {
 2027              		.loc 1 696 30 is_stmt 0 view .LVU722
 2028 00ac 3B68     		ldr	r3, [r7]
 696:Src/wm8904.c  ****   {
 2029              		.loc 1 696 6 view .LVU723
 2030 00ae 9A04     		lsls	r2, r3, #18
 2031 00b0 10D5     		bpl	.L71
 698:Src/wm8904.c  ****     {
 2032              		.loc 1 698 5 is_stmt 1 view .LVU724
 700:Src/wm8904.c  ****     }
 2033              		.loc 1 700 11 is_stmt 0 view .LVU725
 2034 00b2 012E     		cmp	r6, #1
 2035 00b4 14BF     		ite	ne
 2036 00b6 4FF4F873 		movne	r3, #496
 2037 00ba 4FF48073 		moveq	r3, #256
 706:Src/wm8904.c  ****   }
 2038              		.loc 1 706 13 view .LVU726
 2039 00be 2521     		movs	r1, #37
 2040 00c0 ADF80630 		strh	r3, [sp, #6]	@ movhi
 706:Src/wm8904.c  ****   }
 2041              		.loc 1 706 5 is_stmt 1 view .LVU727
 706:Src/wm8904.c  ****   }
 2042              		.loc 1 706 13 is_stmt 0 view .LVU728
 2043 00c4 0DF10602 		add	r2, sp, #6
 2044 00c8 0223     		movs	r3, #2
 2045 00ca 05F11800 		add	r0, r5, #24
 2046 00ce FFF7FEFF 		bl	wm8904_write_reg
 2047              	.LVL196:
 706:Src/wm8904.c  ****   }
 2048              		.loc 1 706 9 discriminator 1 view .LVU729
 2049 00d2 0444     		add	r4, r4, r0
 2050              	.LVL197:
 709:Src/wm8904.c  **** }
 2051              		.loc 1 709 3 is_stmt 1 view .LVU730
 2052              	.L71:
 710:Src/wm8904.c  **** 
 2053              		.loc 1 710 1 is_stmt 0 view .LVU731
 2054 00d4 2046     		mov	r0, r4
 2055 00d6 02B0     		add	sp, sp, #8
 2056              		.cfi_def_cfa_offset 24
 2057              		@ sp needed
 2058 00d8 BDE8F081 		pop	{r4, r5, r6, r7, r8, pc}
 2059              	.LVL198:
 2060              	.L93:
 710:Src/wm8904.c  **** 
 2061              		.loc 1 710 1 view .LVU732
ARM GAS  C:\Users\Antonio\AppData\Local\Temp\ccSzblGd.s 			page 67


 2062              		.align	2
 2063              	.L92:
 2064 00dc 00000000 		.word	WM8904_CurrentDevices
 2065              		.cfi_endproc
 2066              	.LFE9:
 2068              		.section	.text.WM8904_Pause,"ax",%progbits
 2069              		.align	1
 2070              		.global	WM8904_Pause
 2071              		.syntax unified
 2072              		.thumb
 2073              		.thumb_func
 2075              	WM8904_Pause:
 2076              	.LVL199:
 2077              	.LFB4:
 528:Src/wm8904.c  ****   /* Pause the audio file playing */
 2078              		.loc 1 528 1 is_stmt 1 view -0
 2079              		.cfi_startproc
 2080              		@ args = 0, pretend = 0, frame = 0
 2081              		@ frame_needed = 0, uses_anonymous_args = 0
 2082              		@ link register save eliminated.
 530:Src/wm8904.c  **** }
 2083              		.loc 1 530 3 view .LVU734
 530:Src/wm8904.c  **** }
 2084              		.loc 1 530 10 is_stmt 0 view .LVU735
 2085 0000 0121     		movs	r1, #1
 2086 0002 FFF7FEBF 		b	WM8904_SetMute
 2087              	.LVL200:
 530:Src/wm8904.c  **** }
 2088              		.loc 1 530 10 view .LVU736
 2089              		.cfi_endproc
 2090              	.LFE4:
 2092              		.section	.text.WM8904_Resume,"ax",%progbits
 2093              		.align	1
 2094              		.global	WM8904_Resume
 2095              		.syntax unified
 2096              		.thumb
 2097              		.thumb_func
 2099              	WM8904_Resume:
 2100              	.LVL201:
 2101              	.LFB5:
 539:Src/wm8904.c  ****   /* Resumes the audio file playing */
 2102              		.loc 1 539 1 is_stmt 1 view -0
 2103              		.cfi_startproc
 2104              		@ args = 0, pretend = 0, frame = 0
 2105              		@ frame_needed = 0, uses_anonymous_args = 0
 2106              		@ link register save eliminated.
 541:Src/wm8904.c  **** }
 2107              		.loc 1 541 3 view .LVU738
 541:Src/wm8904.c  **** }
 2108              		.loc 1 541 10 is_stmt 0 view .LVU739
 2109 0000 0021     		movs	r1, #0
 2110 0002 FFF7FEBF 		b	WM8904_SetMute
 2111              	.LVL202:
 541:Src/wm8904.c  **** }
 2112              		.loc 1 541 10 view .LVU740
 2113              		.cfi_endproc
 2114              	.LFE5:
ARM GAS  C:\Users\Antonio\AppData\Local\Temp\ccSzblGd.s 			page 68


 2116              		.section	.text.WM8904_Stop,"ax",%progbits
 2117              		.align	1
 2118              		.global	WM8904_Stop
 2119              		.syntax unified
 2120              		.thumb
 2121              		.thumb_func
 2123              	WM8904_Stop:
 2124              	.LVL203:
 2125              	.LFB6:
 558:Src/wm8904.c  ****   int32_t ret;
 2126              		.loc 1 558 1 is_stmt 1 view -0
 2127              		.cfi_startproc
 2128              		@ args = 0, pretend = 0, frame = 0
 2129              		@ frame_needed = 0, uses_anonymous_args = 0
 559:Src/wm8904.c  **** 
 2130              		.loc 1 559 3 view .LVU742
 562:Src/wm8904.c  **** 
 2131              		.loc 1 562 3 view .LVU743
 558:Src/wm8904.c  ****   int32_t ret;
 2132              		.loc 1 558 1 is_stmt 0 view .LVU744
 2133 0000 70B5     		push	{r4, r5, r6, lr}
 2134              		.cfi_def_cfa_offset 16
 2135              		.cfi_offset 4, -16
 2136              		.cfi_offset 5, -12
 2137              		.cfi_offset 6, -8
 2138              		.cfi_offset 14, -4
 558:Src/wm8904.c  ****   int32_t ret;
 2139              		.loc 1 558 1 view .LVU745
 2140 0002 0E46     		mov	r6, r1
 562:Src/wm8904.c  **** 
 2141              		.loc 1 562 9 view .LVU746
 2142 0004 0121     		movs	r1, #1
 2143              	.LVL204:
 558:Src/wm8904.c  ****   int32_t ret;
 2144              		.loc 1 558 1 view .LVU747
 2145 0006 0546     		mov	r5, r0
 562:Src/wm8904.c  **** 
 2146              		.loc 1 562 9 view .LVU748
 2147 0008 FFF7FEFF 		bl	WM8904_SetMute
 2148              	.LVL205:
 562:Src/wm8904.c  **** 
 2149              		.loc 1 562 9 view .LVU749
 2150 000c 0446     		mov	r4, r0
 2151              	.LVL206:
 564:Src/wm8904.c  ****   {
 2152              		.loc 1 564 3 is_stmt 1 view .LVU750
 564:Src/wm8904.c  ****   {
 2153              		.loc 1 564 6 is_stmt 0 view .LVU751
 2154 000e 1EB9     		cbnz	r6, .L96
 566:Src/wm8904.c  ****   }
 2155              		.loc 1 566 5 is_stmt 1 view .LVU752
 566:Src/wm8904.c  ****   }
 2156              		.loc 1 566 12 is_stmt 0 view .LVU753
 2157 0010 2846     		mov	r0, r5
 2158              	.LVL207:
 566:Src/wm8904.c  ****   }
 2159              		.loc 1 566 12 view .LVU754
ARM GAS  C:\Users\Antonio\AppData\Local\Temp\ccSzblGd.s 			page 69


 2160 0012 FFF7FEFF 		bl	WM8904_DeInit
 2161              	.LVL208:
 566:Src/wm8904.c  ****   }
 2162              		.loc 1 566 9 discriminator 1 view .LVU755
 2163 0016 0444     		add	r4, r4, r0
 2164              	.LVL209:
 569:Src/wm8904.c  **** }
 2165              		.loc 1 569 3 is_stmt 1 view .LVU756
 2166              	.L96:
 570:Src/wm8904.c  **** 
 2167              		.loc 1 570 1 is_stmt 0 view .LVU757
 2168 0018 2046     		mov	r0, r4
 2169 001a 70BD     		pop	{r4, r5, r6, pc}
 570:Src/wm8904.c  **** 
 2170              		.loc 1 570 1 view .LVU758
 2171              		.cfi_endproc
 2172              	.LFE6:
 2174              		.section	.text.WM8904_GetResolution,"ax",%progbits
 2175              		.align	1
 2176              		.global	WM8904_GetResolution
 2177              		.syntax unified
 2178              		.thumb
 2179              		.thumb_func
 2181              	WM8904_GetResolution:
 2182              	.LVL210:
 2183              	.LFB12:
 752:Src/wm8904.c  ****   int32_t  ret;
 2184              		.loc 1 752 1 is_stmt 1 view -0
 2185              		.cfi_startproc
 2186              		@ args = 0, pretend = 0, frame = 8
 2187              		@ frame_needed = 0, uses_anonymous_args = 0
 753:Src/wm8904.c  ****   uint16_t tmp;
 2188              		.loc 1 753 3 view .LVU760
 754:Src/wm8904.c  **** 
 2189              		.loc 1 754 3 view .LVU761
 756:Src/wm8904.c  **** 
 2190              		.loc 1 756 3 view .LVU762
 752:Src/wm8904.c  ****   int32_t  ret;
 2191              		.loc 1 752 1 is_stmt 0 view .LVU763
 2192 0000 13B5     		push	{r0, r1, r4, lr}
 2193              		.cfi_def_cfa_offset 16
 2194              		.cfi_offset 4, -8
 2195              		.cfi_offset 14, -4
 756:Src/wm8904.c  **** 
 2196              		.loc 1 756 9 view .LVU764
 2197 0002 0223     		movs	r3, #2
 2198 0004 0DF10602 		add	r2, sp, #6
 752:Src/wm8904.c  ****   int32_t  ret;
 2199              		.loc 1 752 1 view .LVU765
 2200 0008 0C46     		mov	r4, r1
 756:Src/wm8904.c  **** 
 2201              		.loc 1 756 9 view .LVU766
 2202 000a 1830     		adds	r0, r0, #24
 2203              	.LVL211:
 756:Src/wm8904.c  **** 
 2204              		.loc 1 756 9 view .LVU767
 2205 000c 1921     		movs	r1, #25
ARM GAS  C:\Users\Antonio\AppData\Local\Temp\ccSzblGd.s 			page 70


 2206              	.LVL212:
 756:Src/wm8904.c  **** 
 2207              		.loc 1 756 9 view .LVU768
 2208 000e FFF7FEFF 		bl	wm8904_read_reg
 2209              	.LVL213:
 758:Src/wm8904.c  ****   {
 2210              		.loc 1 758 3 is_stmt 1 view .LVU769
 758:Src/wm8904.c  ****   {
 2211              		.loc 1 758 22 is_stmt 0 view .LVU770
 2212 0012 BDF80630 		ldrh	r3, [sp, #6]
 2213 0016 C3F38103 		ubfx	r3, r3, #2, #2
 758:Src/wm8904.c  ****   {
 2214              		.loc 1 758 3 view .LVU771
 2215 001a 022B     		cmp	r3, #2
 2216 001c 1A46     		mov	r2, r3
 2217 001e 08D0     		beq	.L99
 2218 0020 03F1FF3C 		add	ip, r3, #-1
 2219 0024 DCF10002 		rsbs	r2, ip, #0
 2220 0028 42EB0C02 		adc	r2, r2, ip
 2221 002c 032B     		cmp	r3, #3
 2222 002e 08BF     		it	eq
 2223 0030 1A46     		moveq	r2, r3
 2224              	.L99:
 761:Src/wm8904.c  ****       break;
 2225              		.loc 1 761 19 view .LVU772
 2226 0032 2260     		str	r2, [r4]
 775:Src/wm8904.c  **** }
 2227              		.loc 1 775 3 is_stmt 1 view .LVU773
 776:Src/wm8904.c  **** 
 2228              		.loc 1 776 1 is_stmt 0 view .LVU774
 2229 0034 02B0     		add	sp, sp, #8
 2230              		.cfi_def_cfa_offset 8
 2231              		@ sp needed
 2232 0036 10BD     		pop	{r4, pc}
 776:Src/wm8904.c  **** 
 2233              		.loc 1 776 1 view .LVU775
 2234              		.cfi_endproc
 2235              	.LFE12:
 2237              		.section	.text.WM8904_GetProtocol,"ax",%progbits
 2238              		.align	1
 2239              		.global	WM8904_GetProtocol
 2240              		.syntax unified
 2241              		.thumb
 2242              		.thumb_func
 2244              	WM8904_GetProtocol:
 2245              	.LVL214:
 2246              	.LFB14:
 801:Src/wm8904.c  ****   int32_t  ret;
 2247              		.loc 1 801 1 is_stmt 1 view -0
 2248              		.cfi_startproc
 2249              		@ args = 0, pretend = 0, frame = 8
 2250              		@ frame_needed = 0, uses_anonymous_args = 0
 802:Src/wm8904.c  ****   uint16_t tmp;
 2251              		.loc 1 802 3 view .LVU777
 803:Src/wm8904.c  **** 
 2252              		.loc 1 803 3 view .LVU778
 805:Src/wm8904.c  **** 
ARM GAS  C:\Users\Antonio\AppData\Local\Temp\ccSzblGd.s 			page 71


 2253              		.loc 1 805 3 view .LVU779
 801:Src/wm8904.c  ****   int32_t  ret;
 2254              		.loc 1 801 1 is_stmt 0 view .LVU780
 2255 0000 13B5     		push	{r0, r1, r4, lr}
 2256              		.cfi_def_cfa_offset 16
 2257              		.cfi_offset 4, -8
 2258              		.cfi_offset 14, -4
 805:Src/wm8904.c  **** 
 2259              		.loc 1 805 9 view .LVU781
 2260 0002 0223     		movs	r3, #2
 801:Src/wm8904.c  ****   int32_t  ret;
 2261              		.loc 1 801 1 view .LVU782
 2262 0004 0C46     		mov	r4, r1
 805:Src/wm8904.c  **** 
 2263              		.loc 1 805 9 view .LVU783
 2264 0006 0DF10602 		add	r2, sp, #6
 2265 000a 1921     		movs	r1, #25
 2266              	.LVL215:
 805:Src/wm8904.c  **** 
 2267              		.loc 1 805 9 view .LVU784
 2268 000c 1830     		adds	r0, r0, #24
 2269              	.LVL216:
 805:Src/wm8904.c  **** 
 2270              		.loc 1 805 9 view .LVU785
 2271 000e FFF7FEFF 		bl	wm8904_read_reg
 2272              	.LVL217:
 807:Src/wm8904.c  **** 
 2273              		.loc 1 807 3 is_stmt 1 view .LVU786
 807:Src/wm8904.c  **** 
 2274              		.loc 1 807 33 is_stmt 0 view .LVU787
 2275 0012 BDF80630 		ldrh	r3, [sp, #6]
 2276 0016 03F00303 		and	r3, r3, #3
 2277 001a 2360     		str	r3, [r4]
 809:Src/wm8904.c  **** }
 2278              		.loc 1 809 3 is_stmt 1 view .LVU788
 810:Src/wm8904.c  **** 
 2279              		.loc 1 810 1 is_stmt 0 view .LVU789
 2280 001c 02B0     		add	sp, sp, #8
 2281              		.cfi_def_cfa_offset 8
 2282              		@ sp needed
 2283 001e 10BD     		pop	{r4, pc}
 810:Src/wm8904.c  **** 
 2284              		.loc 1 810 1 view .LVU790
 2285              		.cfi_endproc
 2286              	.LFE14:
 2288              		.section	.text.WM8904_GetFrequency,"ax",%progbits
 2289              		.align	1
 2290              		.global	WM8904_GetFrequency
 2291              		.syntax unified
 2292              		.thumb
 2293              		.thumb_func
 2295              	WM8904_GetFrequency:
 2296              	.LVL218:
 2297              	.LFB16:
 878:Src/wm8904.c  ****   int32_t  ret;
 2298              		.loc 1 878 1 is_stmt 1 view -0
 2299              		.cfi_startproc
ARM GAS  C:\Users\Antonio\AppData\Local\Temp\ccSzblGd.s 			page 72


 2300              		@ args = 0, pretend = 0, frame = 8
 2301              		@ frame_needed = 0, uses_anonymous_args = 0
 879:Src/wm8904.c  ****   uint16_t tmp;
 2302              		.loc 1 879 3 view .LVU792
 880:Src/wm8904.c  **** 
 2303              		.loc 1 880 3 view .LVU793
 882:Src/wm8904.c  **** 
 2304              		.loc 1 882 3 view .LVU794
 878:Src/wm8904.c  ****   int32_t  ret;
 2305              		.loc 1 878 1 is_stmt 0 view .LVU795
 2306 0000 13B5     		push	{r0, r1, r4, lr}
 2307              		.cfi_def_cfa_offset 16
 2308              		.cfi_offset 4, -8
 2309              		.cfi_offset 14, -4
 882:Src/wm8904.c  **** 
 2310              		.loc 1 882 9 view .LVU796
 2311 0002 0223     		movs	r3, #2
 878:Src/wm8904.c  ****   int32_t  ret;
 2312              		.loc 1 878 1 view .LVU797
 2313 0004 0C46     		mov	r4, r1
 882:Src/wm8904.c  **** 
 2314              		.loc 1 882 9 view .LVU798
 2315 0006 0DF10602 		add	r2, sp, #6
 2316 000a 1521     		movs	r1, #21
 2317              	.LVL219:
 882:Src/wm8904.c  **** 
 2318              		.loc 1 882 9 view .LVU799
 2319 000c 1830     		adds	r0, r0, #24
 2320              	.LVL220:
 882:Src/wm8904.c  **** 
 2321              		.loc 1 882 9 view .LVU800
 2322 000e FFF7FEFF 		bl	wm8904_read_reg
 2323              	.LVL221:
 884:Src/wm8904.c  ****   {
 2324              		.loc 1 884 3 is_stmt 1 view .LVU801
 2325 0012 BDF80630 		ldrh	r3, [sp, #6]
 2326 0016 03F00703 		and	r3, r3, #7
 2327 001a 052B     		cmp	r3, #5
 2328 001c 18D8     		bhi	.L113
 2329 001e DFE803F0 		tbb	[pc, r3]
 2330              	.L106:
 2331 0022 03       		.byte	(.L111-.L106)/2
 2332 0023 08       		.byte	(.L110-.L106)/2
 2333 0024 0B       		.byte	(.L109-.L106)/2
 2334 0025 0E       		.byte	(.L108-.L106)/2
 2335 0026 11       		.byte	(.L107-.L106)/2
 2336 0027 14       		.byte	(.L105-.L106)/2
 2337              		.p2align 1
 2338              	.L111:
 887:Src/wm8904.c  ****     break;
 2339              		.loc 1 887 5 view .LVU802
 887:Src/wm8904.c  ****     break;
 2340              		.loc 1 887 16 is_stmt 0 view .LVU803
 2341 0028 4FF4FA53 		mov	r3, #8000
 2342              	.L114:
 905:Src/wm8904.c  ****     break;
 2343              		.loc 1 905 16 view .LVU804
ARM GAS  C:\Users\Antonio\AppData\Local\Temp\ccSzblGd.s 			page 73


 2344 002c 2360     		str	r3, [r4]
 906:Src/wm8904.c  ****   default:
 2345              		.loc 1 906 5 is_stmt 1 view .LVU805
 2346              	.LVL222:
 2347              	.L103:
 913:Src/wm8904.c  **** 
 2348              		.loc 1 913 1 is_stmt 0 view .LVU806
 2349 002e 02B0     		add	sp, sp, #8
 2350              		.cfi_remember_state
 2351              		.cfi_def_cfa_offset 8
 2352              		@ sp needed
 2353 0030 10BD     		pop	{r4, pc}
 2354              	.LVL223:
 2355              	.L110:
 2356              		.cfi_restore_state
 891:Src/wm8904.c  ****     break;
 2357              		.loc 1 891 5 is_stmt 1 view .LVU807
 891:Src/wm8904.c  ****     break;
 2358              		.loc 1 891 16 is_stmt 0 view .LVU808
 2359 0032 42F61133 		movw	r3, #11025
 2360 0036 F9E7     		b	.L114
 2361              	.L109:
 894:Src/wm8904.c  ****     break;
 2362              		.loc 1 894 5 is_stmt 1 view .LVU809
 894:Src/wm8904.c  ****     break;
 2363              		.loc 1 894 16 is_stmt 0 view .LVU810
 2364 0038 4FF47A53 		mov	r3, #16000
 2365 003c F6E7     		b	.L114
 2366              	.L108:
 898:Src/wm8904.c  ****     break;
 2367              		.loc 1 898 5 is_stmt 1 view .LVU811
 898:Src/wm8904.c  ****     break;
 2368              		.loc 1 898 16 is_stmt 0 view .LVU812
 2369 003e 45F22263 		movw	r3, #22050
 2370 0042 F3E7     		b	.L114
 2371              	.L107:
 901:Src/wm8904.c  ****     break;
 2372              		.loc 1 901 5 is_stmt 1 view .LVU813
 901:Src/wm8904.c  ****     break;
 2373              		.loc 1 901 16 is_stmt 0 view .LVU814
 2374 0044 4FF4FA43 		mov	r3, #32000
 2375 0048 F0E7     		b	.L114
 2376              	.L105:
 905:Src/wm8904.c  ****     break;
 2377              		.loc 1 905 5 is_stmt 1 view .LVU815
 905:Src/wm8904.c  ****     break;
 2378              		.loc 1 905 16 is_stmt 0 view .LVU816
 2379 004a 4AF64443 		movw	r3, #44100
 2380 004e EDE7     		b	.L114
 2381              	.L113:
 884:Src/wm8904.c  ****   {
 2382              		.loc 1 884 3 view .LVU817
 2383 0050 4FF0FF30 		mov	r0, #-1
 2384              	.LVL224:
 912:Src/wm8904.c  **** }
 2385              		.loc 1 912 3 is_stmt 1 view .LVU818
 912:Src/wm8904.c  **** }
ARM GAS  C:\Users\Antonio\AppData\Local\Temp\ccSzblGd.s 			page 74


 2386              		.loc 1 912 10 is_stmt 0 view .LVU819
 2387 0054 EBE7     		b	.L103
 2388              		.cfi_endproc
 2389              	.LFE16:
 2391              		.section	.text.WM8904_SetResolution,"ax",%progbits
 2392              		.align	1
 2393              		.global	WM8904_SetResolution
 2394              		.syntax unified
 2395              		.thumb
 2396              		.thumb_func
 2398              	WM8904_SetResolution:
 2399              	.LFB23:
 2400              		.cfi_startproc
 737:Src/wm8904.c  **** {
 2401              		.loc 1 737 9 is_stmt 1 view -0
 2402              		@ args = 0, pretend = 0, frame = 0
 2403              		@ frame_needed = 0, uses_anonymous_args = 0
 2404              		@ link register save eliminated.
 2405 0000 4FF0FF30 		mov	r0, #-1
 2406 0004 7047     		bx	lr
 2407              		.cfi_endproc
 2408              	.LFE23:
 2410              		.section	.text.WM8904_SetProtocol,"ax",%progbits
 2411              		.align	1
 2412              		.global	WM8904_SetProtocol
 2413              		.syntax unified
 2414              		.thumb
 2415              		.thumb_func
 2417              	WM8904_SetProtocol:
 2418              	.LFB25:
 2419              		.cfi_startproc
 786:Src/wm8904.c  **** {
 2420              		.loc 1 786 9 view -0
 2421              		@ args = 0, pretend = 0, frame = 0
 2422              		@ frame_needed = 0, uses_anonymous_args = 0
 2423              		@ link register save eliminated.
 2424 0000 4FF0FF30 		mov	r0, #-1
 2425 0004 7047     		bx	lr
 2426              		.cfi_endproc
 2427              	.LFE25:
 2429              		.section	.text.WM8904_RegisterBusIO,"ax",%progbits
 2430              		.align	1
 2431              		.global	WM8904_RegisterBusIO
 2432              		.syntax unified
 2433              		.thumb
 2434              		.thumb_func
 2436              	WM8904_RegisterBusIO:
 2437              	.LVL225:
 2438              	.LFB18:
 938:Src/wm8904.c  ****   int32_t ret;
 2439              		.loc 1 938 1 view -0
 2440              		.cfi_startproc
 2441              		@ args = 0, pretend = 0, frame = 0
 2442              		@ frame_needed = 0, uses_anonymous_args = 0
 2443              		@ link register save eliminated.
 939:Src/wm8904.c  **** 
 2444              		.loc 1 939 3 view .LVU823
ARM GAS  C:\Users\Antonio\AppData\Local\Temp\ccSzblGd.s 			page 75


 941:Src/wm8904.c  ****   {
 2445              		.loc 1 941 3 view .LVU824
 941:Src/wm8904.c  ****   {
 2446              		.loc 1 941 6 is_stmt 0 view .LVU825
 2447 0000 90B1     		cbz	r0, .L119
 947:Src/wm8904.c  ****     pObj->IO.DeInit    = pIO->DeInit;
 2448              		.loc 1 947 5 is_stmt 1 view .LVU826
 948:Src/wm8904.c  ****     pObj->IO.Address   = pIO->Address;
 2449              		.loc 1 948 29 is_stmt 0 view .LVU827
 2450 0002 4A68     		ldr	r2, [r1, #4]
 947:Src/wm8904.c  ****     pObj->IO.DeInit    = pIO->DeInit;
 2451              		.loc 1 947 29 view .LVU828
 2452 0004 0B68     		ldr	r3, [r1]
 948:Src/wm8904.c  ****     pObj->IO.Address   = pIO->Address;
 2453              		.loc 1 948 24 view .LVU829
 2454 0006 4260     		str	r2, [r0, #4]
 949:Src/wm8904.c  ****     pObj->IO.WriteReg  = pIO->WriteReg;
 2455              		.loc 1 949 29 view .LVU830
 2456 0008 0A89     		ldrh	r2, [r1, #8]
 947:Src/wm8904.c  ****     pObj->IO.DeInit    = pIO->DeInit;
 2457              		.loc 1 947 24 view .LVU831
 2458 000a 0360     		str	r3, [r0]
 948:Src/wm8904.c  ****     pObj->IO.Address   = pIO->Address;
 2459              		.loc 1 948 5 is_stmt 1 view .LVU832
 949:Src/wm8904.c  ****     pObj->IO.WriteReg  = pIO->WriteReg;
 2460              		.loc 1 949 5 view .LVU833
 949:Src/wm8904.c  ****     pObj->IO.WriteReg  = pIO->WriteReg;
 2461              		.loc 1 949 24 is_stmt 0 view .LVU834
 2462 000c 0281     		strh	r2, [r0, #8]	@ movhi
 950:Src/wm8904.c  ****     pObj->IO.ReadReg   = pIO->ReadReg;
 2463              		.loc 1 950 5 is_stmt 1 view .LVU835
 950:Src/wm8904.c  ****     pObj->IO.ReadReg   = pIO->ReadReg;
 2464              		.loc 1 950 29 is_stmt 0 view .LVU836
 2465 000e CA68     		ldr	r2, [r1, #12]
 950:Src/wm8904.c  ****     pObj->IO.ReadReg   = pIO->ReadReg;
 2466              		.loc 1 950 24 view .LVU837
 2467 0010 C260     		str	r2, [r0, #12]
 951:Src/wm8904.c  ****     pObj->IO.GetTick   = pIO->GetTick;
 2468              		.loc 1 951 5 is_stmt 1 view .LVU838
 951:Src/wm8904.c  ****     pObj->IO.GetTick   = pIO->GetTick;
 2469              		.loc 1 951 29 is_stmt 0 view .LVU839
 2470 0012 0A69     		ldr	r2, [r1, #16]
 951:Src/wm8904.c  ****     pObj->IO.GetTick   = pIO->GetTick;
 2471              		.loc 1 951 24 view .LVU840
 2472 0014 0261     		str	r2, [r0, #16]
 952:Src/wm8904.c  **** 
 2473              		.loc 1 952 5 is_stmt 1 view .LVU841
 952:Src/wm8904.c  **** 
 2474              		.loc 1 952 29 is_stmt 0 view .LVU842
 2475 0016 4A69     		ldr	r2, [r1, #20]
 956:Src/wm8904.c  **** 
 2476              		.loc 1 956 24 view .LVU843
 2477 0018 0062     		str	r0, [r0, #32]
 952:Src/wm8904.c  **** 
 2478              		.loc 1 952 24 view .LVU844
 2479 001a 4261     		str	r2, [r0, #20]
 954:Src/wm8904.c  ****     pObj->Ctx.WriteReg = WM8904_WriteRegWrap;
ARM GAS  C:\Users\Antonio\AppData\Local\Temp\ccSzblGd.s 			page 76


 2480              		.loc 1 954 5 is_stmt 1 view .LVU845
 954:Src/wm8904.c  ****     pObj->Ctx.WriteReg = WM8904_WriteRegWrap;
 2481              		.loc 1 954 24 is_stmt 0 view .LVU846
 2482 001c 044A     		ldr	r2, .L124
 2483 001e C261     		str	r2, [r0, #28]
 955:Src/wm8904.c  ****     pObj->Ctx.handle   = pObj;
 2484              		.loc 1 955 5 is_stmt 1 view .LVU847
 955:Src/wm8904.c  ****     pObj->Ctx.handle   = pObj;
 2485              		.loc 1 955 24 is_stmt 0 view .LVU848
 2486 0020 044A     		ldr	r2, .L124+4
 2487 0022 8261     		str	r2, [r0, #24]
 956:Src/wm8904.c  **** 
 2488              		.loc 1 956 5 is_stmt 1 view .LVU849
 958:Src/wm8904.c  ****     {
 2489              		.loc 1 958 5 view .LVU850
 958:Src/wm8904.c  ****     {
 2490              		.loc 1 958 7 is_stmt 0 view .LVU851
 2491 0024 03B1     		cbz	r3, .L119
 960:Src/wm8904.c  ****     }
 2492              		.loc 1 960 7 is_stmt 1 view .LVU852
 960:Src/wm8904.c  ****     }
 2493              		.loc 1 960 13 is_stmt 0 view .LVU853
 2494 0026 1847     		bx	r3
 2495              	.LVL226:
 2496              	.L119:
 968:Src/wm8904.c  **** }
 2497              		.loc 1 968 3 is_stmt 1 view .LVU854
 969:Src/wm8904.c  **** /**
 2498              		.loc 1 969 1 is_stmt 0 view .LVU855
 2499 0028 4FF0FF30 		mov	r0, #-1
 2500              	.LVL227:
 969:Src/wm8904.c  **** /**
 2501              		.loc 1 969 1 view .LVU856
 2502 002c 7047     		bx	lr
 2503              	.L125:
 2504 002e 00BF     		.align	2
 2505              	.L124:
 2506 0030 00000000 		.word	WM8904_ReadRegWrap
 2507 0034 00000000 		.word	WM8904_WriteRegWrap
 2508              		.cfi_endproc
 2509              	.LFE18:
 2511              		.section	.bss.WM8904_CurrentDevices,"aw",%nobits
 2512              		.align	2
 2515              	WM8904_CurrentDevices:
 2516 0000 00000000 		.space	4
 2517              		.global	WM8904_Driver
 2518              		.section	.data.WM8904_Driver,"aw"
 2519              		.align	2
 2522              	WM8904_Driver:
 2523 0000 00000000 		.word	WM8904_Init
 2524 0004 00000000 		.word	WM8904_DeInit
 2525 0008 00000000 		.word	WM8904_ReadID
 2526 000c 00000000 		.word	WM8904_Play
 2527 0010 00000000 		.word	WM8904_Pause
 2528 0014 00000000 		.word	WM8904_Resume
 2529 0018 00000000 		.word	WM8904_Stop
 2530 001c 00000000 		.word	WM8904_SetFrequency
ARM GAS  C:\Users\Antonio\AppData\Local\Temp\ccSzblGd.s 			page 77


 2531 0020 00000000 		.word	WM8904_GetFrequency
 2532 0024 00000000 		.word	WM8904_SetVolume
 2533 0028 00000000 		.word	WM8904_GetVolume
 2534 002c 00000000 		.word	WM8904_SetMute
 2535 0030 00000000 		.word	WM8904_SetOutputMode
 2536 0034 00000000 		.word	WM8904_SetResolution
 2537 0038 00000000 		.word	WM8904_GetResolution
 2538 003c 00000000 		.word	WM8904_SetProtocol
 2539 0040 00000000 		.word	WM8904_GetProtocol
 2540 0044 00000000 		.word	WM8904_Reset
 2541              		.text
 2542              	.Letext0:
 2543              		.file 2 "C:\\ST\\STM32CubeIDE_1.19.0\\STM32CubeIDE\\plugins\\com.st.stm32cube.ide.mcu.externaltool
 2544              		.file 3 "C:\\ST\\STM32CubeIDE_1.19.0\\STM32CubeIDE\\plugins\\com.st.stm32cube.ide.mcu.externaltool
 2545              		.file 4 "Inc/wm8904_reg.h"
 2546              		.file 5 "Inc/wm8904.h"
ARM GAS  C:\Users\Antonio\AppData\Local\Temp\ccSzblGd.s 			page 78


DEFINED SYMBOLS
                            *ABS*:00000000 wm8904.c
C:\Users\Antonio\AppData\Local\Temp\ccSzblGd.s:26     .text.WM8904_SetOutputMode:00000000 $t
C:\Users\Antonio\AppData\Local\Temp\ccSzblGd.s:32     .text.WM8904_SetOutputMode:00000000 WM8904_SetOutputMode
C:\Users\Antonio\AppData\Local\Temp\ccSzblGd.s:52     .text.WM8904_Delay:00000000 $t
C:\Users\Antonio\AppData\Local\Temp\ccSzblGd.s:57     .text.WM8904_Delay:00000000 WM8904_Delay
C:\Users\Antonio\AppData\Local\Temp\ccSzblGd.s:104    .text.WM8904_ReadRegWrap:00000000 $t
C:\Users\Antonio\AppData\Local\Temp\ccSzblGd.s:109    .text.WM8904_ReadRegWrap:00000000 WM8904_ReadRegWrap
C:\Users\Antonio\AppData\Local\Temp\ccSzblGd.s:141    .text.WM8904_WriteRegWrap:00000000 $t
C:\Users\Antonio\AppData\Local\Temp\ccSzblGd.s:146    .text.WM8904_WriteRegWrap:00000000 WM8904_WriteRegWrap
C:\Users\Antonio\AppData\Local\Temp\ccSzblGd.s:178    .text.WM8904_DeInit:00000000 $t
C:\Users\Antonio\AppData\Local\Temp\ccSzblGd.s:184    .text.WM8904_DeInit:00000000 WM8904_DeInit
C:\Users\Antonio\AppData\Local\Temp\ccSzblGd.s:484    .text.WM8904_Play:00000000 $t
C:\Users\Antonio\AppData\Local\Temp\ccSzblGd.s:490    .text.WM8904_Play:00000000 WM8904_Play
C:\Users\Antonio\AppData\Local\Temp\ccSzblGd.s:639    .text.WM8904_Play:000000a4 $d
C:\Users\Antonio\AppData\Local\Temp\ccSzblGd.s:2515   .bss.WM8904_CurrentDevices:00000000 WM8904_CurrentDevices
C:\Users\Antonio\AppData\Local\Temp\ccSzblGd.s:644    .text.WM8904_SetVolume:00000000 $t
C:\Users\Antonio\AppData\Local\Temp\ccSzblGd.s:650    .text.WM8904_SetVolume:00000000 WM8904_SetVolume
C:\Users\Antonio\AppData\Local\Temp\ccSzblGd.s:742    .text.WM8904_SetFrequency:00000000 $t
C:\Users\Antonio\AppData\Local\Temp\ccSzblGd.s:748    .text.WM8904_SetFrequency:00000000 WM8904_SetFrequency
C:\Users\Antonio\AppData\Local\Temp\ccSzblGd.s:855    .text.WM8904_Init:00000000 $t
C:\Users\Antonio\AppData\Local\Temp\ccSzblGd.s:861    .text.WM8904_Init:00000000 WM8904_Init
C:\Users\Antonio\AppData\Local\Temp\ccSzblGd.s:1705   .text.WM8904_Init:00000444 $d
C:\Users\Antonio\AppData\Local\Temp\ccSzblGd.s:1710   .text.WM8904_Reset:00000000 $t
C:\Users\Antonio\AppData\Local\Temp\ccSzblGd.s:1716   .text.WM8904_Reset:00000000 WM8904_Reset
C:\Users\Antonio\AppData\Local\Temp\ccSzblGd.s:1753   .text.WM8904_ReadID:00000000 $t
C:\Users\Antonio\AppData\Local\Temp\ccSzblGd.s:1759   .text.WM8904_ReadID:00000000 WM8904_ReadID
C:\Users\Antonio\AppData\Local\Temp\ccSzblGd.s:1806   .text.WM8904_GetVolume:00000000 $t
C:\Users\Antonio\AppData\Local\Temp\ccSzblGd.s:1812   .text.WM8904_GetVolume:00000000 WM8904_GetVolume
C:\Users\Antonio\AppData\Local\Temp\ccSzblGd.s:1882   .text.WM8904_SetMute:00000000 $t
C:\Users\Antonio\AppData\Local\Temp\ccSzblGd.s:1888   .text.WM8904_SetMute:00000000 WM8904_SetMute
C:\Users\Antonio\AppData\Local\Temp\ccSzblGd.s:2064   .text.WM8904_SetMute:000000dc $d
C:\Users\Antonio\AppData\Local\Temp\ccSzblGd.s:2069   .text.WM8904_Pause:00000000 $t
C:\Users\Antonio\AppData\Local\Temp\ccSzblGd.s:2075   .text.WM8904_Pause:00000000 WM8904_Pause
C:\Users\Antonio\AppData\Local\Temp\ccSzblGd.s:2093   .text.WM8904_Resume:00000000 $t
C:\Users\Antonio\AppData\Local\Temp\ccSzblGd.s:2099   .text.WM8904_Resume:00000000 WM8904_Resume
C:\Users\Antonio\AppData\Local\Temp\ccSzblGd.s:2117   .text.WM8904_Stop:00000000 $t
C:\Users\Antonio\AppData\Local\Temp\ccSzblGd.s:2123   .text.WM8904_Stop:00000000 WM8904_Stop
C:\Users\Antonio\AppData\Local\Temp\ccSzblGd.s:2175   .text.WM8904_GetResolution:00000000 $t
C:\Users\Antonio\AppData\Local\Temp\ccSzblGd.s:2181   .text.WM8904_GetResolution:00000000 WM8904_GetResolution
C:\Users\Antonio\AppData\Local\Temp\ccSzblGd.s:2238   .text.WM8904_GetProtocol:00000000 $t
C:\Users\Antonio\AppData\Local\Temp\ccSzblGd.s:2244   .text.WM8904_GetProtocol:00000000 WM8904_GetProtocol
C:\Users\Antonio\AppData\Local\Temp\ccSzblGd.s:2289   .text.WM8904_GetFrequency:00000000 $t
C:\Users\Antonio\AppData\Local\Temp\ccSzblGd.s:2295   .text.WM8904_GetFrequency:00000000 WM8904_GetFrequency
C:\Users\Antonio\AppData\Local\Temp\ccSzblGd.s:2331   .text.WM8904_GetFrequency:00000022 $d
C:\Users\Antonio\AppData\Local\Temp\ccSzblGd.s:2337   .text.WM8904_GetFrequency:00000028 $t
C:\Users\Antonio\AppData\Local\Temp\ccSzblGd.s:2392   .text.WM8904_SetResolution:00000000 $t
C:\Users\Antonio\AppData\Local\Temp\ccSzblGd.s:2398   .text.WM8904_SetResolution:00000000 WM8904_SetResolution
C:\Users\Antonio\AppData\Local\Temp\ccSzblGd.s:2411   .text.WM8904_SetProtocol:00000000 $t
C:\Users\Antonio\AppData\Local\Temp\ccSzblGd.s:2417   .text.WM8904_SetProtocol:00000000 WM8904_SetProtocol
C:\Users\Antonio\AppData\Local\Temp\ccSzblGd.s:2430   .text.WM8904_RegisterBusIO:00000000 $t
C:\Users\Antonio\AppData\Local\Temp\ccSzblGd.s:2436   .text.WM8904_RegisterBusIO:00000000 WM8904_RegisterBusIO
C:\Users\Antonio\AppData\Local\Temp\ccSzblGd.s:2506   .text.WM8904_RegisterBusIO:00000030 $d
C:\Users\Antonio\AppData\Local\Temp\ccSzblGd.s:2512   .bss.WM8904_CurrentDevices:00000000 $d
C:\Users\Antonio\AppData\Local\Temp\ccSzblGd.s:2522   .data.WM8904_Driver:00000000 WM8904_Driver
C:\Users\Antonio\AppData\Local\Temp\ccSzblGd.s:2519   .data.WM8904_Driver:00000000 $d
                           .group:00000000 wm4.0.edffc6ad2f5eb1e671bbefdf8c481eb3
ARM GAS  C:\Users\Antonio\AppData\Local\Temp\ccSzblGd.s 			page 79


                           .group:00000000 wm4._newlib_version.h.4.411db44ea2338a62eca2f0777f81481b
                           .group:00000000 wm4.features.h.33.e0c9f337c65cb9f22ed5f23d082bc78b
                           .group:00000000 wm4._default_types.h.15.247e5cd201eca3442cbf5404108c4935
                           .group:00000000 wm4._intsup.h.10.48bafbb683905c4daa4565a85aeeb264
                           .group:00000000 wm4._stdint.h.10.c24fa3af3bc1706662bb5593a907e841
                           .group:00000000 wm4.stdint.h.23.d53047a68f4a85177f80b422d52785ed
                           .group:00000000 wm4.wm8904_reg.h.50.9a522a911b03fc37113833b2cf2b56fb
                           .group:00000000 wm4.stddef.h.39.0dc9006b34572d4d9cae4c8b422c4971
                           .group:00000000 wm4.wm8904.h.104.3ec26d2fd25a05e7033257bbb4cc40b1

UNDEFINED SYMBOLS
wm8904_write_reg
wm8904_read_reg
